country,year,debt_gdp,d_debt_gdp_3y,int_rev,primary_bal_gdp,r_minus_g_3y,slope,real_ltrate_3y,infl,d_infl_3y,ca_gdp,ca_persist_3y,rer_usd_chg_3y,real_wage_g_3y,credit_gap_5y,credit_gap_7y,credit_gap_10y,int_rev_is_proxy,primary_bal_uses_int_proxy,ca_persist_is_ext_proxy
Australia,1870,0.17256799999999997,,,,,0.0003181700000000065,,,,-0.029445320432991657,,,,,,,False,False,False
Australia,1871,0.191799,,,,,0.0024463300000000035,,-0.015384371124230412,,0.024866581584420486,,,,,,,False,False,False
Australia,1872,0.15492,,,,,0.0013734999999999997,,-0.04687499414062568,,0.03459822339489886,0.010006494848775896,,,,,,False,False,True
Australia,1873,0.14269199999999999,-0.029875999999999986,,,0.015832473922085227,0.002719580000000006,0.06747270175495204,0.0,,-0.041449061304119454,0.006005247891733297,-0.03478929473174186,0.16902723742186132,,,,False,False,True
Australia,1874,0.19432200000000002,0.0025230000000000252,,,-0.004814659296776581,0.0015331700000000073,0.04576472757388379,0.049180321418974327,0.06456469254320474,-0.019347516517143056,-0.008732784808787883,-0.0602610322733943,0.15841584158415833,-0.0026130976450708943,,,False,False,True
Australia,1875,0.233687,0.078767,,,-0.03426714011224117,-0.000926750000000004,0.018263185829086523,0.03124987109376609,0.07812486523439177,-0.026297588614750286,-0.029031388812004264,-0.1887563635096039,0.06643370629370615,0.014010760935608324,,,False,False,True
Australia,1876,0.158506,0.015814000000000022,,,-0.003616665150355053,-0.00034091999999999456,0.013798470374541079,0.015151636363636367,0.015151636363636367,-0.02233538777870591,-0.022660164303533084,-0.1627536681481725,-0.008981628831145838,0.020530862990736032,0.020010876713052517,,False,False,True
Australia,1877,0.17609200000000003,-0.018229999999999996,,,0.0004965095867024705,-0.0011115000000000014,0.018471123080393115,0.02985062330141819,-0.019329698117556138,-0.046626279410827,-0.031753085268094394,-0.08346904599871952,-0.016970024526198335,0.05036415324220389,0.0566464046367568,,False,False,True
Australia,1878,0.172852,-0.060835,,,0.023086042871576496,-0.003571999999999999,0.03425820330005426,-0.014492869565217337,-0.04574274065898343,-0.05037287326549491,-0.03977818015167594,0.008550565996371828,-0.013235178027668049,0.04038776151845436,0.05269713680219318,,False,False,True
Australia,1879,0.208934,0.050428,,,0.032834863583381474,-0.002966500000000004,0.05071813226093896,-0.02941165051901773,-0.044563286882654096,-0.03687559143643105,-0.044624914704250986,0.053618749951211075,0.015151636363636145,0.006968345454918756,0.022188102060455295,0.03148175688320659,False,False,True
Australia,1880,0.222212,0.04611999999999997,,,0.04924383376880237,-0.0029059199999999993,0.06882988972504808,-0.030302909090909158,-0.06015353239232735,0.0022821480018587388,-0.02832210556668907,0.08560323920383262,0.11290308669356564,-0.028598304581908762,-0.015906979587653913,-0.0037100010413883,False,False,True
Australia,1881,0.232202,0.059349999999999986,,,0.05408398317592432,-0.009184999999999999,0.06292822755226216,-0.01562512304685959,-0.0011322534816422536,-0.057463333884570866,-0.030685592439714388,0.11524997955935268,0.14129572833723647,0.009101459570842685,0.020146376310981373,0.035920340700114683,False,False,True
Australia,1882,0.23254999999999998,0.02361599999999997,,,0.060721204831910465,-0.006779083999999998,0.048239212426875316,0.015873142857142808,0.04528479337616054,-0.07928391086001255,-0.04482169891424156,0.05032205225204933,0.11509132402821831,0.056103964167841636,0.06225785654145877,0.08076502183642015,False,False,True
Australia,1883,0.24091,0.01869800000000002,,,-0.018528458017052822,-0.006831830000000004,0.003627251287186231,0.10937473632815808,0.13967764541906724,-0.06509806260616356,-0.06728176911691565,-0.11180859632439466,-0.02816878310352522,0.04766486848133905,0.04925380874482499,0.06895526842939148,False,False,True
Australia,1884,0.293268,0.06106599999999998,,,-0.001774674369645464,-0.009035749999999995,-0.006479916830203429,0.014084621305309408,0.029709744352169,-0.07461769641778562,-0.07299988996132058,-0.16476581851143401,-0.05717054263565935,0.04043604223450736,0.048757079573037876,0.06390647102245073,False,False,True
Australia,1885,0.312289,0.079739,,,-0.03478797494366296,-0.007677499999999997,-0.0008306192111558267,0.0,-0.015873142857142808,-0.10969154839001856,-0.08313576913798924,-0.16032865133240182,-0.0710107443609026,0.040875838763484995,0.06538568337353456,0.07800219997114799,False,False,True
Australia,1886,0.342074,0.10116399999999998,,,0.04623680732908913,-0.006809500000000003,0.03549562623156353,0.0,-0.10937473632815808,-0.09717923073526165,-0.09382949184768861,-0.08147002877925225,-0.006743268115942169,0.02572358018495724,0.05440603785707776,0.06893325191646898,False,False,True
Australia,1887,0.325023,0.03175500000000003,,,0.023191420334891806,-0.010247166999999995,0.045012055222222236,-0.0277776666666667,-0.04186228797197611,-0.06366494031998647,-0.09017857314842222,-0.004697835390483185,0.0359711046248854,0.015516672481787175,0.031806774081359845,0.05757260990257074,False,False,True
Australia,1888,0.328934,0.01664500000000002,,,0.05320950552310412,-0.012503582999999999,0.05704135187528364,-0.04285713795918422,-0.04285713795918422,-0.08687481334234486,-0.08257299479919766,0.05554144707877939,0.08235786496489372,0.03764127402399969,0.050004371905195466,0.08272600813543801,False,False,True
Australia,1889,0.321197,-0.02087699999999998,,,0.02644218758034994,-0.010143415999999995,0.058401518875283644,0.0,0.0,-0.07695459663269497,-0.07583145009834209,0.05475204598005501,0.07462673735800163,0.02609811644632498,0.041245435109269424,0.07061072406766566,False,False,True
Australia,1890,0.34687399999999996,0.021850999999999954,,,0.06004885145198374,-0.007455499999999997,0.04983021265306141,0.0,0.0277776666666667,-0.07813960341583441,-0.08065633779695808,-0.005151585993868335,0.02985074099863194,0.022976742640099523,0.035717249685642716,0.058414256931262176,False,False,True
Australia,1891,0.37338099999999996,0.04444699999999996,,,0.027302054746743736,-0.007225082999999993,0.04075008058505509,-0.01492549075516525,0.027931647204018972,-0.05132480029613178,-0.06880633344822039,-0.028324186931928175,0.0006494701298700445,0.028990098414034216,0.04060566589957254,0.060815123046979946,False,False,True
Australia,1892,0.440705,0.119508,,,0.09810834824797895,-0.006476249999999996,0.04654945903960054,-0.015151636363636367,-0.015151636363636367,-0.02966852047609441,-0.053044308062686875,0.013458394501958848,0.00852265738541158,0.046307323388383226,0.0634820121033301,0.0844968626484508,False,False,True
Australia,1893,0.517097,0.17022300000000007,,,0.11186323850712712,-0.004797500000000003,0.0574845795326923,-0.030769111479275302,-0.030769111479275302,0.008428689399211316,-0.024188210457671624,0.05478186376428562,0.0018404692891649255,0.046638713585622105,0.06353081464929367,0.08548208338521718,False,False,True
Australia,1894,0.548581,0.17520000000000002,,,0.13856347821906706,-0.0032602499999999993,0.07221072943970072,-0.06349219047619048,-0.04856669972102523,-0.00045705882352941256,-0.007232296633470835,0.054685447436971346,0.02137080908786193,0.038861623805781176,0.05521205600164247,0.07967536329339464,False,False,True
Australia,1895,0.600855,0.16015000000000001,,,0.12991794355569133,-0.005320916999999998,0.08469829971041395,-0.06779634817577607,-0.0526447118121397,-0.031319563300658666,-0.00778264424165892,0.09177181881569552,0.09491949207588113,0.00743022498627488,0.02619133924156747,0.049882093081696166,False,False,True
Australia,1896,0.53442,0.017322999999999977,,,0.07398840871678979,-0.0063833330000000015,0.07037951321732218,0.0,0.030769111479275302,-0.0379570380719525,-0.023244553398713525,0.07094264993725652,0.11902081625431471,-0.023335486318248888,-0.007041952488485825,0.014824079772621401,False,False,True
Australia,1897,0.581306,0.032725000000000004,,,0.07818984441899049,-0.005635999999999999,0.04796278272525869,0.0,0.06349219047619048,-0.02922711823839158,-0.03283457320366758,0.0428275046525215,0.09826808960256361,-0.054560592506058325,-0.04985837366653062,-0.032865840557617154,False,False,True
Australia,1898,0.510976,-0.08987900000000004,,,-0.007823362037104955,-0.0035576670000000005,0.03250298666390492,-0.018181960991714763,0.049614387184061304,-0.053942203789321,-0.04037545336655502,0.02118821042171959,0.042769111111111036,-0.08229096604143932,-0.0929970190119499,-0.08212425845437205,False,False,True
Australia,1899,0.514194,-0.020225999999999966,,,-0.0028183047084675214,-0.004501417000000001,0.014040718145386393,0.05555555555555558,0.05555555555555558,0.02204444304857622,-0.02037495965971212,-0.039026391636622804,-0.012294372150849608,-0.08809725063600055,-0.11330632671848101,-0.11555759874922461,False,False,True
Australia,1900,0.509085,-0.07222099999999998,,,-0.04666465283356261,-0.0016796670000000027,0.01101446814538639,0.017544000000000004,0.017544000000000004,-0.0289641046717998,-0.020287288470848194,-0.036258890507465336,-0.03702217933615515,-0.06038669192608398,-0.09443086526543554,-0.11185889399878607,False,False,True
Australia,1901,0.46767899999999996,-0.04329700000000003,,,0.003294802914008514,0.003378082999999997,0.0020645307914171525,0.017241101070192943,0.035423062061907706,-0.03867312468042687,-0.015197595434550152,-0.06905785916560403,-0.0563656584114256,-0.035996483213080965,-0.07242281345790819,-0.10491855384699494,False,False,True
Australia,1902,0.464439,-0.04975500000000005,0.37787350561375704,0.042107539601807985,-0.0016337484329301474,0.004678250000000002,-0.0007157020085616778,0.06779675495549209,0.012241199399936509,-0.036513298170800124,-0.0347168425076756,-0.06860042483214457,-0.05347985347985351,-0.03159990266090901,-0.0655985320642547,-0.10769760322296296,True,True,True
Australia,1903,0.49742800000000004,-0.011656999999999973,0.38669804006,0.047886598683430356,-0.005902648652847273,0.004900000000000002,0.002563000372390725,0.015873142857142808,-0.0016708571428571961,-0.04783216918897943,-0.041006197346735475,-0.04885730008804656,-0.05916029317748239,-0.0032138723719992712,-0.026859517813738243,-0.07237682830927061,True,True,True
Australia,1904,0.47877200000000003,0.011093000000000075,0.4265831605353248,0.047523533500496394,-0.01382813285237211,0.007137919999999999,0.02737295210933026,-0.04687499414062568,-0.06411609521081862,0.0066465856009490535,-0.025899627252943497,0.013540036014980661,-0.01824258900405329,-0.015654910309234993,-0.027746556258530175,-0.07031836635644989,True,True,True
Australia,1905,0.491269,0.02683000000000002,0.4480096356528263,0.04274905918595403,0.009613589394627371,0.005024332999999999,0.04785828342782762,0.0,-0.06779675495549209,0.05579751617850597,0.004870644196825198,0.06192019431570839,0.010004689141140055,-0.013153534832826774,-0.020294729519974186,-0.0542335451229678,True,True,True
Australia,1906,0.47075,-0.026678000000000035,0.391725639437354,0.04056970172063468,0.013547243461486527,0.0021228329999999976,0.044783438320893945,0.016393178177943835,0.0005200353208010267,0.06729274297007733,0.04324561491651078,0.05024578210705366,0.001897787721156563,-0.021692648812804194,-0.029794565621747537,-0.052441540105113316,True,True,True
Australia,1907,0.412483,-0.06628900000000004,0.36331799949211174,0.036190331224022015,0.005458485539927303,0.0034486670000000025,0.029884274274018723,0.0,0.04687499414062568,0.06441499706726762,0.06250175207195031,0.03233207979738362,0.013022963687550515,-0.0285037589974394,-0.035050842622029954,-0.05039851624502234,True,True,True
Australia,1908,0.42359600000000003,-0.06767299999999998,0.3271029673497268,0.04154105447354105,-0.012544967240907035,0.0039909170000000035,0.01967374869301543,0.03225832674300988,0.03225832674300988,0.04023223747404952,0.057313325837131494,-0.002104012157740587,0.039121246989543,-0.0010802326799264628,-0.009054310665274956,-0.020775872002258222,True,True,True
Australia,1909,0.406307,-0.06444300000000003,0.37217206060767855,0.03394321405364493,-0.01434203761891989,0.005870500000000001,0.021209475070027874,0.0156247480469065,-0.0007684301310373343,0.019181884057971017,0.04127637286642939,-0.040570383257970466,0.07668997027792623,-0.01832325492834863,-0.028305857029731762,-0.03866577568769447,True,True,True
Australia,1910,0.387713,-0.024770000000000014,0.34285625046950174,0.02262189759673703,-0.026193641437982647,0.006419250000000001,0.016629978285012913,0.01538474035504489,0.01538474035504489,0.032233344885500254,0.030549155472506934,-0.0477336591070624,0.054283709614127096,-0.024617195365651823,-0.034354042490647885,-0.047112445945559134,True,True,True
Australia,1911,0.25887899999999997,-0.16471700000000006,0.21000502726725204,0.019400970080802715,-0.027166979390404904,0.004924667000000001,0.0018356860175313128,0.07575745454545468,0.043499127802444804,0.019499927156177158,0.023638385366549483,-0.07461527091364928,0.031957506077776365,-0.01354608458526535,-0.022031599254527356,-0.03474758375866449,True,True,True
Australia,1912,0.373647,-0.03265999999999997,0.33299029815949216,0.024873956331966637,-0.02728874955993544,0.008547333000000004,-0.01620241589198069,0.08450705177544249,0.06888230372853599,-0.040765149115264514,0.003656040975470972,-0.09250940162296373,0.01412008862818337,-0.0023081766004166004,-0.006666074544521172,-0.020448931413575677,True,True,True
Australia,1913,0.37071800000000005,-0.016994999999999927,0.3701678511818695,0.02514794824080252,-0.0034277746604740936,0.012491419999999996,-0.003601146592271093,-0.012986806544083906,-0.028371546899128797,-0.04354211103978131,-0.021602444332956217,-0.09372922686562302,0.040991793255924724,-0.023687005899682867,-0.03243641694433008,-0.04453159119952743,True,True,True
Australia,1914,0.38148200000000004,0.12260300000000007,0.39294830368567707,-0.0026049312193208753,0.00787615562202467,0.010560915999999997,0.0021770466292440754,0.052631362880909194,-0.02312609166454549,-0.021605666833262847,-0.03530430899610288,-0.07546582309924688,0.03185239655873362,-0.026527497934753924,-0.03737257572801225,-0.04818958666813458,True,True,True
Australia,1915,0.443556,0.069909,0.4832058740727273,-0.062171933507214214,0.009489268006631357,0.013571399999999997,-0.0032148558622754966,0.1125000112500012,0.02799295947455871,-0.081902846044078,-0.04901687463904072,-0.07389682706647716,-0.06233131688270965,-0.010543642102625428,-0.016457494707425135,-0.028805288649893013,True,True,True
Australia,1916,0.460578,0.08985999999999994,0.44728815552619355,-0.06193279031037981,0.004743772334686938,0.016599999999999997,-0.01093448867950473,0.022472091907603797,0.035458898451687704,-0.11930806938159878,-0.0742721940863132,-0.053662074090273904,-0.10677556186541459,-0.010607247106574513,-0.016521333365188462,-0.02878489634091519,True,True,True
Australia,1917,0.512035,0.13055299999999997,0.4800347702808824,-0.05960643180377022,0.0005574930667614081,0.015728571428571425,-0.015168721098423404,0.06593406013766523,0.013302697256756035,-0.024594458438287153,-0.07526845795465464,0.09390880741564023,-0.08979237804393847,-0.020735312335150885,-0.03233842300437939,-0.044500024941256544,True,True,True
Australia,1918,0.61629,0.172734,0.5399883177105405,-0.07822659594437234,0.01960733900446432,0.014271428571428574,-0.002823643199563075,0.07216477755342021,-0.040335233696580985,-0.04605554947375006,-0.06331935909787867,0.27093948540733037,-0.03395124170758945,0.006680668589127303,-0.0016558685737570467,-0.01119226987997285,True,True,True
Australia,1919,0.6062879999999999,0.14570999999999995,0.5201541458773331,-0.04147468623245965,-0.023668117022091185,0.019571428571428566,-0.03169964140985128,0.1250000865384684,0.1025279946308646,-0.09798501907428092,-0.05621167566210603,0.32563066895962955,-0.04333324923076931,0.02664072856632621,0.027053935835101406,0.017386636351731877,True,True,True
Australia,1920,0.612051,0.100016,0.5471297572906415,-0.014583358116188383,-0.013667358751184695,0.024942857142857155,-0.00861960426994575,0.01709394871794867,-0.04884011141971656,0.03081505242368411,-0.03774183870811562,0.6783767871685109,0.037085411890698694,-0.014279918915260176,-0.014898852842754079,-0.02350835130614387,True,True,True
Australia,1921,0.5908100000000001,-0.025479999999999947,0.5251320692500001,0.027230761411489005,0.024439988733946476,0.031749999999999994,0.05394762617361813,-0.09243691377727148,-0.1646016913306917,-0.1733223170292032,-0.08016409455993333,0.42477508301216926,0.41146615220700133,0.0013926907734400085,0.00011178141512371842,-0.0044657998564140156,True,True,True
Australia,1922,0.633672,0.027384000000000075,0.50686324255125,0.030660778020103654,0.07328817189140803,0.022533333333333336,0.09298713650125573,-0.018518444444444393,-0.14351853098291278,-0.006156201036519224,-0.0495544885473461,0.060828190238332525,0.5075930753588289,-0.010364276167464548,-0.006503905787409947,-0.008146439815453044,True,True,True
Australia,1923,0.592318,-0.019733,0.4712030365524999,0.021070860608423062,0.07186614412731886,0.016416666666666663,0.09298511940723861,0.0,-0.01709394871794867,-0.0749063431481461,-0.08479495373795616,-0.25243199013731965,0.3960521575352962,-0.00625008405419189,-0.0033512397800149474,-0.004421857388418632,True,True,True
Australia,1924,0.588273,-0.0025370000000000115,0.5104271959241539,0.024534527082745845,0.028921926385104085,0.019699999999999995,0.06272821127855853,0.0094338106087688,0.10187072438604028,-0.09011209907907271,-0.057058214421246,-0.1949088362807656,0.10053287990707882,0.0032685805454627237,-0.0033406123771924645,-0.001700159883915059,True,True,True
Australia,1925,0.55302,-0.08065200000000006,0.4494217874823529,0.015972879580246912,0.018592553589439398,0.01288333333333333,0.04704010651119867,0.009345869857635192,0.027864314302079585,-0.01910619212962963,-0.06137487811894946,-0.06388088602526831,0.039903076719576935,-0.015553070764930677,-0.02000780579985495,-0.019148997583561533,True,True,True
Australia,1926,0.604521,0.012202999999999964,0.44167755110400003,0.018938260664010415,0.02427227323288131,0.010783333333333332,0.044940106511198674,0.0,0.0,-0.07566162779056963,-0.06162663966642398,-0.037974531104458475,0.08632824991757349,0.010558243712293164,0.010473312788293249,0.007173659728823001,True,True,True
Australia,1927,0.597108,0.008834999999999926,0.415483459768421,0.017845094084918346,0.0346369602646881,0.010383333333333328,0.041511895232640136,0.018518444444444393,0.009084633835675593,-0.1210039385206532,-0.07192391948028415,-0.07282369377019104,0.039428569309091,0.021326633459104294,0.021819791691739338,0.019206428574123968,True,True,True
Australia,1928,0.623232,0.07021200000000005,0.44710975296,0.021092657548505398,0.04786360784337453,0.010283333333333332,0.04149685769207049,0.009090982479344145,-0.0002548873782910466,-0.0879427943844905,-0.09486945356523778,-0.04772951674345016,0.041299726692985095,0.008965491224627753,0.011308835971727271,0.009376469442226448,True,True,True
Australia,1929,0.638435,0.033914,0.458914228472,0.024659067845750872,0.060942720363474694,0.007300000000000008,0.043096857692070493,0.0,0.0,-0.08789018238261545,-0.09894563842925304,-0.0053088336014467385,-0.0139844938772552,0.03220961533652994,0.03642387257312163,0.040504671067364106,True,True,True
Australia,1930,0.7026819999999999,0.10557399999999995,0.5025121726690908,0.03573383953284547,0.1272056415005198,0.006199999999999997,0.0823966995339123,-0.08108108108108103,-0.09959952552552542,-0.1688369922579277,-0.1148899896750112,0.3257576958341166,0.09284882478766887,0.055431475946272235,0.06854455364274648,0.07573148963458176,True,True,True
Australia,1931,0.898135,0.274903,0.6899993988299999,0.05716861261853143,0.16808457423102588,0.010600000000000005,0.10949894859565448,-0.039215764705882394,-0.04830674718522654,-0.039158859207639694,-0.09862867794939427,0.33954948350128933,0.0345493372249821,0.07113931791162204,0.09057739178337576,0.10378742117543599,True,True,True
Australia,1932,0.9815699999999999,0.34313499999999997,0.5214079390624999,0.052905108596431015,0.15477924244738578,0.010799999999999997,0.1062043374614005,-0.04081616659723808,-0.04081616659723808,0.03339361068194496,-0.05820074692787413,0.5536866197092207,-0.0190814749042445,0.052682900867433935,0.0725112755666989,0.09398125089116655,True,True,True
Australia,1933,0.952927,0.25024500000000005,0.42340246425729733,0.042480334193982394,0.07005143847725276,0.0097,0.0698773104343735,0.0,0.08108108108108103,0.003950924234022997,-0.0006047747638905596,-0.05566535148885743,-0.13535066023737696,0.01393490695011157,0.03877391749060699,0.0641743299812107,True,True,True
Australia,1934,0.9014749999999999,0.0033399999999998986,0.3848893804459459,0.028762633700391955,0.007650928326703048,0.0143,0.052305388865746025,0.0,0.039215764705882394,0.018791550684442347,0.01871202853347012,-0.16752486678064915,-0.10424324057797785,-0.019290961530311124,0.005082235081845521,0.031379351868615735,True,True,True
Australia,1935,0.867318,-0.11425199999999991,0.3253422456701299,0.025575681879610304,-0.01755910678806795,0.014000000000000002,0.029953957748599352,0.010638126754201949,0.05145429335144003,-0.039589729091292505,-0.005615751390942368,-0.29306085966859263,-0.04203805436136754,-0.019409123377163162,-0.005864151402339202,0.020625621695088192,True,True,True
Australia,1936,0.797776,-0.15515099999999993,0.3300813766360976,0.02645000831925715,-0.023020672961644485,0.018299999999999997,0.021727641072699068,0.031578950027700836,0.031578950027700836,-0.023114754462445677,-0.014637644289765259,-0.12716409818914565,-0.009055112511053842,-0.028499774635619257,-0.030496888776811393,-0.00664588995457982,True,True,True
Australia,1937,0.7354689999999999,-0.166006,0.3554303694621686,0.021765061583826656,-0.028992132522868683,0.0213,0.017924865007166297,0.020408328196598324,0.020408328196598324,0.017339336438119565,-0.015121715705206184,0.025175300129667066,0.009163884751838935,-0.03710597417943762,-0.05048213462715656,-0.035256348640971547,True,True,True
Australia,1938,0.686591,-0.18072700000000008,0.33122260728808983,0.018315724933941506,-0.02164486449063248,0.020899999999999995,0.014404267791898153,0.019999918400006367,0.009361791645804418,-0.0438501136273047,-0.01654184388387692,-0.039268517367406774,0.044730304179566804,-0.019106928138508894,-0.03418193902505606,-0.03410615832496422,True,True,True
Australia,1939,0.71193,-0.08584600000000009,0.32091046608,-0.013251922682980276,-0.004625636133394381,0.0216,0.015826662899171024,0.02941176470588225,-0.0021671853218185877,-0.045413610970476394,-0.02397479605322049,0.04611427082001329,0.055982819780219684,0.0027199659744814864,-0.0077924122510877325,-0.01950771206186519,True,True,True
Australia,1940,0.6773229999999999,-0.05814600000000003,0.2379254273196428,-0.09759465873192417,-0.023957978341181872,0.0172,-0.00251818008291526,0.05714285714285716,0.03673452894625884,-0.044031080360708644,-0.044431601652829895,0.13060285207732925,0.08332640363728228,-0.0054697758734842394,-0.015046532840447102,-0.032165566333591133,True,True,True
Australia,1941,0.664942,-0.02164899999999992,0.18492236502600004,-0.18990448722113823,-0.0644654066921741,0.017300000000000003,-0.01456955863426445,0.054054054054053946,0.03405413565404758,-0.057285545747054335,-0.04891007902607977,0.10202165483727921,0.04819911271524169,-0.029337553114412662,-0.039224631196069726,-0.05582059810125006,True,True,True
Australia,1942,0.652303,-0.059626999999999986,0.15130373094514288,-0.3027978026483438,-0.11654025904260618,0.017400000000000006,-0.024608679800679767,0.0598291282051282,0.030417363499245953,-0.04726635544230791,-0.049527660516690275,0.09144380252986117,0.05067159446457614,-0.056528974439341295,-0.06377098716192697,-0.08129945270913352,True,True,True
Australia,1943,0.701784,0.024461000000000066,0.1326749864032653,-0.2248916515559275,-0.08992587583720257,0.0177,-0.008349189611891086,0.008064386576491112,-0.04907847056636605,-0.026783066015806604,-0.043778322401722934,0.03773536897044805,0.11575136674487507,-0.08211629302433521,-0.09357801914368791,-0.1130755245396125,True,True,True
Australia,1944,0.7872979999999999,0.12235599999999991,0.13045859353894737,-0.1465800474585101,-0.024227953377998747,0.019900000000000004,0.007102140235458836,0.00800006451200419,-0.046053989542049756,0.10532428105883027,0.010424953200238599,0.10652394078537775,0.184494773519164,-0.06393254250126262,-0.08750427408409989,-0.10815759188383964,True,True,True
Australia,1945,0.8973260000000001,0.2450230000000001,0.13237105613793107,-0.07251993445301542,0.04577207453771742,,0.019208675033993657,0.023809523809523725,-0.036019604395604476,0.07951677185600747,0.0526859956330104,0.059844155260893706,0.12364171349686748,-0.03774078301111258,-0.06955153594793204,-0.0921244414544706,True,True,True
Australia,1946,0.92494,0.22315600000000002,0.13544641576265987,-0.020394098821186053,0.06545509447206087,,0.014044865908327896,0.023255813953488413,0.015191427376997302,0.028293345405160705,0.0710447994399995,0.07184459226293627,-0.0003124663542641848,,,,True,True,True
Australia,1947,0.886607,0.09930900000000009,0.12254233507767982,0.003094799073265219,0.023992780196537576,,-0.009240991375549554,0.07575763636363653,0.06775757185163234,-0.024212430821626222,0.02786589547984734,0.13058407837077013,-0.07026100624818832,,,,True,True,True
Australia,1948,0.744649,-0.15267700000000006,0.11284137691366947,-0.013924878488644134,-0.033713029995048334,0.008799999990000001,-0.029873495946562037,0.08450703749256117,0.06069751368303744,0.0028810779664021984,0.0023206641833122457,0.11600398421176461,0.025809098496929916,,,,True,True,True
Australia,1949,0.654024,-0.27091599999999993,0.09866281781528538,-0.01204826693031794,-0.08491501208897309,0.01129999999,-0.050904725303200046,0.08604950202340245,0.06279368806991403,0.011906133579137381,-0.003141739758695528,0.38042742410870467,0.09443999326715091,,,,True,True,True
Australia,1950,0.5705830000000001,-0.31602399999999997,0.0949100875551187,-0.08362966614093773,-0.09541054053876194,0.0119,-0.056086738918308336,0.09190367720896142,0.016146040845324894,-0.009153782098169243,0.0018778098157901304,0.2006328748924937,0.11242100387616905,,,,True,True,True
Australia,1951,0.451868,-0.292781,0.08027064597538391,-0.04832461036257765,-0.12076290170429974,0.015200000000000002,-0.0901499753235967,0.19839674670842622,0.11388970921586505,-0.050852306745148325,-0.016033318421393376,0.10186566528284402,0.06054645575582551,,,,True,True,True
Australia,1952,0.44922199999999995,-0.2048020000000001,0.08333550935331527,0.004718133667824984,-0.12677408616357705,0.0185,-0.11078053638536581,0.1722411852087098,0.08619168318530734,-0.044315036015687,-0.03477370828633484,-0.27321923305933615,0.07246361851399197,-0.010687035899387076,,,True,True,True
Australia,1953,0.416291,-0.15429200000000004,0.09162777874962132,0.0033016434687901663,-0.10124401812160283,0.014100000000000005,-0.09301125783629319,0.04279584156174354,-0.04910783564721788,0.034273542235923,-0.020297933508304087,-0.24128935546420927,0.1101386788744918,-0.01451981123971366,,,True,True,True
Australia,1954,0.400177,-0.05169099999999999,0.09318912008408399,0.0017727913153397952,-0.041889009098562795,0.011199999999999995,-0.029358832791374648,0.006839471573670597,-0.19155727513475562,-0.03139023174399851,-0.013810575174587487,-0.15960655482715247,0.1460982292271129,-0.00025424170043400474,-0.002894218132366372,,True,True,True
Australia,1955,0.39043999999999995,-0.058782,0.09369056875436357,-0.0023614266848765754,-0.005667095729249748,0.007300000000000001,0.021861290640916894,0.020380814911835188,-0.1518603702968746,-0.04749949075309145,-0.014872060087055635,-0.056421542248820455,0.13321308327766745,0.01740758864692346,0.01426385863466964,,True,True,True
Australia,1956,0.373724,-0.04256700000000002,0.10056859312312645,-0.011159932477064836,-0.00990333782083238,0.0032000000000000015,0.02036536797557375,0.06258360955777298,0.019787767996029437,-0.01676639375739951,-0.031885372084829805,-0.061970749410606096,0.0805677989868776,0.0025136007620746303,0.00023104649776314878,,True,True,True
Australia,1957,0.35226799999999997,-0.047909000000000035,0.09333084215748237,0.004651962068671068,-0.0004854233462993976,0.004499999999999997,0.01429564552290069,0.02474863893168977,0.017909167358019173,0.006860644132796937,-0.019135080125897985,-0.06529260982873986,0.057350222698390185,-0.01134162874758557,-0.011285373508916119,-0.014902377948228795,True,True,True
Australia,1958,0.34369999999999995,-0.046740000000000004,0.08656393306598982,0.015507807976016709,0.004780979391815619,0.006800000009999994,0.016207235450209474,0.013146045159908804,-0.007234769751926384,-0.03537478603816705,-0.015093511887589854,-0.02301041017301675,0.033668478631464716,-0.002294368308524447,0.0006351352168903479,-0.002304331911086338,True,True,True
Australia,1959,0.324622,-0.04910199999999998,0.08745095280319799,-0.0013812298073764134,0.009476205189305427,0.0092,0.030332800794194547,0.0184069134958178,-0.04417669606195518,-0.02086408364879259,-0.016459408518054216,0.008933527461484791,0.04639280111518662,-0.011434916051032029,-0.009774661096850518,-0.01180833529504599,True,True,True
Australia,1960,0.31474,-0.03752799999999995,0.08599682568111601,-0.004184775974095504,-0.002292727473325852,0.006000000000000005,0.02674036542484091,0.037925945039750664,0.013177306108060893,-0.04766950269457861,-0.0346361241271794,-0.016031386742596743,0.06614431684911071,-0.0045198429708145915,-0.008926158298904974,-0.008085899445217842,True,True,True
Australia,1961,0.303105,-0.04059499999999994,0.08222577829733754,0.012667471495030858,0.009055419957028465,0.002800000000000004,0.025548585952111364,0.025121383578097456,0.011975338418188652,-0.010784999692826563,-0.02643952867873257,-0.04622309249944756,0.06211942918121682,-0.004395275542397381,-0.010320279883628464,-0.009828589196530152,True,True,True
Australia,1962,0.304193,-0.02042900000000003,0.0772924666379572,0.008880074126121212,0.014999096793517061,0.0063,0.02911240604671163,-0.002784546787983011,-0.02119146028380081,-0.018893798354317187,-0.025782766913907438,-0.02272777442144136,0.0750093097243425,-6.799023760348244e-05,-0.001549260759791532,-0.004478416085336057,True,True,True
Australia,1963,0.293188,-0.021552000000000016,0.07282011178208533,-0.008508213026427678,0.01716926778852388,0.0076000000099999965,0.03658586821430211,0.005305558566979229,-0.032620386472771434,-0.009711334331089512,-0.013130044126077734,0.010243810775689921,0.060129846226015804,0.003906817088124959,0.002624360773546719,-0.0023567565127177725,True,True,True
Australia,1964,0.276522,-0.026583000000000023,0.07008341581367089,-0.005712895216218766,-0.00581346962345386,0.006000000009999999,0.03848935140350623,0.023610934010485085,-0.0015104495676123708,-0.020060995602017465,-0.016222042762474704,0.01743732794386621,0.06455720951886046,0.003284245049951201,0.002334138015297249,-0.0012143877086510657,True,True,True
Australia,1965,0.344419,0.040225999999999984,0.09047924630332167,0.008140308327928357,-0.015287347895218975,0.003600000000000006,0.029254485565204418,0.039620050696922426,0.04240459748490544,-0.04332422871977613,-0.024365519550961015,-0.025862787657961794,0.07657998732118276,0.010268770288209744,0.011636451035111323,0.010126499068153078,True,True,True
Australia,1966,0.412316,0.11912800000000001,0.11077826842869164,-0.003919606719963827,-0.010377046465335271,0.003300000009999998,0.0215038781632897,0.029757380802723388,0.02445182223574416,-0.026233736467026328,-0.02987298692960662,-0.03097784948725746,0.06104737949257366,0.014081086252447,0.017334599737328704,0.018434730403323885,True,True,True
Australia,1967,0.39245800000000003,0.11593600000000004,0.11142358824267783,-0.014102314148183623,-0.01159571893869061,0.006999999999999999,0.018727917291201684,0.031938816626749134,0.008327882616264048,-0.030631513373298058,-0.03339649285336682,-0.03274952767171635,0.07281797810057555,0.01128553785736719,0.015738739934155116,0.01784018570602,True,True,True
Australia,1968,0.38211399999999995,0.03769499999999998,0.103541494609192,-0.0032687385823585297,-0.00982122440376973,0.003999999999999997,0.022691443023548422,0.026529473469882214,-0.013090577227040212,-0.041760140501869165,-0.0328751301140645,0.019358489087855757,0.06853556194298416,0.015706547373408597,0.02095398538439361,0.026165568695514563,True,True,True
Australia,1969,0.357269,-0.05504700000000001,0.10686479310839486,-0.0038007941251987087,-0.017762164454769268,0.009241666670000002,0.027920960859837883,0.029193827303855002,-0.0005635534988683855,-0.024504101012944594,-0.03229858496270392,0.03251459762702935,0.14562424525543727,0.006320602755768567,0.012735696277229813,0.019058687173655886,True,True,True
Australia,1970,0.33905,-0.05340800000000001,0.1159855545190876,0.0059823768786916795,-0.012830705082091123,0.012649999999999995,0.03487221768600474,0.03906004616824865,0.007121229541499519,-0.01910493270388549,-0.02845639140623307,0.06585489966803704,0.15309122438653633,-0.002378669095504715,0.003258826020744565,0.010149997651526188,True,True,True
Australia,1971,0.313265,-0.06884899999999994,0.10546392972981712,0.006370604035769207,-0.013762169591994985,0.013016666666666614,0.02416858519018935,0.060640370957328216,0.034110897487446,-0.017161670489758994,-0.020256901402196343,-0.04389348784499725,0.16762675198045174,-0.003140202310871393,-6.481118460574531e-05,0.00697001379042772,True,True,True
Australia,1972,0.297352,-0.059917,0.07862381490441346,0.01893665695592124,-0.013788657035437996,0.015124999999999993,0.005533251928027096,0.058649827090341944,0.02945599978648694,0.008463056121989146,-0.009267849023885097,-0.14342666379103342,0.131003404669358,-0.0027734475440670536,-0.0012282880357410986,0.005049096433343059,True,True,True
Australia,1973,0.26466100000000004,-0.07438899999999998,0.08486262988516002,0.009444948735118324,-0.031442154961120655,0.017208333333333298,-0.0019830487574285516,0.0946589482246154,0.05559890205636675,0.005673757029545281,-0.0010082857794081728,-0.3027280419920141,0.09459959318807787,0.020318532648137155,0.020977289135964333,0.02658348916305389,True,True,True
Australia,1974,0.230131,-0.08313400000000001,0.09118484218039676,-0.011623526005247315,-0.04921953626213632,-0.00032499999999999196,-0.011103421171031094,0.15110148819813607,0.09046111724080785,-0.035045847947384606,-0.006969678265283376,-0.18037818111258197,0.07309427062888418,0.02706873505421173,0.028657012287376077,0.033929381417464044,True,True,True
Australia,1975,0.228612,-0.06874,0.08902117612745762,-0.014239168939684358,-0.06903317121542608,0.022316666666666707,-0.03474338813737257,0.1507197279893664,0.09206990089902445,-0.011301900857137077,-0.013557997258325452,-0.09946719884568334,0.13269066302651167,0.014859023574722269,0.019895763040151865,0.024038306348772603,True,True,True
Australia,1976,0.222987,-0.041674000000000044,0.0865761111089585,0.0007897336819934625,-0.06947889706910516,0.025191666666666404,-0.04537848423861224,0.13523923652833325,0.04058028830371785,-0.02145414476913624,-0.02260063119121929,0.16729810927506805,0.1370107624207786,0.008012950124549861,0.01602610989634337,0.020506304691630423,True,True,True
Australia,1977,0.214885,-0.01524600000000001,0.08467139235521717,0.008808638844821077,-0.05261269195023652,0.017016666666667,-0.034053793737207794,0.12300241669392475,-0.028099071504211315,-0.028096224067557424,-0.02028408989794356,-0.025921970042350084,0.12079837994184839,0.0018006116112208315,0.011827986111502181,0.01779079939530928,True,True,True
Australia,1978,0.223799,-0.004813000000000012,0.0782901332884849,0.00572224353648494,-0.03150405813935604,0.0041333333333334055,-0.021892760295741068,0.0792366276649652,-0.0714831003244012,-0.036939632272760016,-0.02883000036981788,-0.03741419731103712,0.032884209043323676,0.004103625925797383,0.011125887492059339,0.019921760027545254,True,True,True
Australia,1979,0.228866,0.005879000000000023,0.089198211038368,0.004300435395466186,-0.021034897094792643,0.0087249999999999,-0.00022135324654930233,0.09090001538075776,-0.04433922114757549,-0.019718084274217257,-0.028251313538178214,-0.06749136387796328,0.014473726151139399,0.00863147188947977,0.010366320991842648,0.021790803492954647,True,True,True
Australia,1980,0.213488,-0.0013969999999999816,0.09665131776183207,0.011356522447443911,-0.01176344311084393,0.009800000000000003,0.02600754280706205,0.1012657285330909,-0.02173668816083385,-0.025173885318097965,-0.027277200621691727,-0.023026902395734128,0.001946544419657359,0.0015334337932990938,0.002465894797903434,0.011867367297673792,True,True,True
Australia,1981,0.189447,-0.034351999999999994,0.09878496552793578,0.022020173725089163,-0.00173088409557276,0.007074999999999998,0.043222237426690166,0.09691754380607986,0.017680916141114666,-0.04370769019935193,-0.029533219930555705,0.031315638100723575,0.016457677354021705,0.004812244725343973,0.0071487279613616506,0.012812090734713816,True,True,True
Australia,1982,0.173873,-0.054993000000000014,0.09906962068680362,0.01755380340578111,0.030999692011685828,0.007324999999999998,0.050537219155930735,0.11145507019303702,0.02055505481227926,-0.04298241192381061,-0.03728799581375349,0.08356415523558325,0.03898986194362397,-0.0086414020061856,-0.006641640422566181,-0.004516150537082209,True,True,True
Australia,1983,0.188926,-0.024562,0.09543914143334263,-0.0001906839626593243,0.04527918176843783,0.028266666667499996,0.03570559415409365,0.10113560353860218,-0.00013012499448872283,-0.033086166782091066,-0.039925422968417855,0.1798780214993081,0.05395213043096869,0.00023475283493046284,0.0014006349518903005,0.0029800378498068825,True,True,True
Australia,1984,0.20359100000000002,0.014144000000000018,0.10323848948955408,-0.011306184733995535,0.049238471529536046,0.02540000000000002,0.05121915297089184,0.03950186735568528,-0.05741567645039458,-0.043571518619539035,-0.03988003244181356,0.23345288661453534,0.0669833844780563,0.01256819013521121,0.012653228187969101,0.01550671117924593,True,True,True
Australia,1985,0.21995699999999999,0.046083999999999986,0.10852065037516766,0.008384220240763372,0.03930556441404237,-0.014658333333332996,0.07019903162808445,0.06739043422146018,-0.04406463597157684,-0.051543040689781376,-0.042733575363803816,0.324188027810151,0.05519227801123883,0.041445120041611105,0.04462809996923295,0.04918944747427775,True,True,True
Australia,1986,0.234131,0.045204999999999995,0.10899828746691137,0.021806132599727763,0.03400023898299187,-0.019700000000000023,0.06825410484427485,0.09084538389003094,-0.010290219648571242,-0.05266102673665281,-0.049258528681991064,0.22886728673883727,0.014435122736917716,0.045967723664029736,0.05298400968234013,0.05919269449475706,True,True,True
Australia,1987,0.220637,0.017045999999999978,0.0995888914220821,0.033305819386865713,0.02549568128538912,0.00393333333333401,0.05087557699081398,0.08488745091606797,0.04538558356038269,-0.03613537944600393,-0.04677981562414602,-0.012583570234520725,-0.04883037020663106,0.045110197584708855,0.059036949646663894,0.06863429990687969,True,True,True
Australia,1988,0.248187,0.028230000000000005,0.10668891719235225,0.04022954950397826,0.021222808789861658,-0.00037500000000000033,0.03835815259294807,0.07231770741505783,0.004927273193597648,-0.04070018848875551,-0.0431655315571374,-0.3160448831794034,-0.06004262114832848,0.057973014796232625,0.08003155517924615,0.0943927133267482,True,True,True
Australia,1989,0.22769999999999999,-0.00643100000000002,0.12303567557730231,0.00957987628807206,0.01957831907105126,-0.03391666666666701,0.05648354051334299,0.0755942201288442,-0.015251163761186737,-0.06349528713614819,-0.04677695169030253,-0.25026178554623335,-0.039091873434984103,0.11761688661295555,0.14888485373026533,0.17504587679409295,True,True,True
Australia,1990,0.215777,-0.004860000000000003,0.12310087933469668,-0.00053160058158137,0.036350553884157075,-0.009708333333332986,0.05825513812888658,0.07272265806943823,-0.012164792846629746,-0.04961385190614384,-0.051269775843682495,-0.14310074843534415,-0.024039511820330817,0.0999396222851317,0.13504802078749328,0.17211263015278788,True,True,True
Australia,1991,0.229141,-0.01904599999999998,0.11617138715136281,-0.02761728933602645,0.0636741932533859,0.00734999999999969,0.04672704060057218,0.032227000000000006,-0.040090707415057825,-0.03293172988349061,-0.048680289641927534,0.07304294624789875,0.012029247952549005,0.083413227142481,0.12225513016988437,0.16985949733684014,True,True,True
Australia,1992,0.271514,0.04381399999999999,0.11935682688957559,-0.03982876607079372,0.07615104826519498,0.029549999999999993,0.05393035882609739,0.009859265452269561,-0.06573495467657464,-0.033386318966558005,-0.03864396691873081,0.14738545451679586,0.03889052507952728,0.051602778412075834,0.09648274682152852,0.14787221322904104,True,True,True
Australia,1993,0.303218,0.08744099999999999,0.10513938324723215,-0.04310387051303881,0.06445772452544368,0.022791666666666627,0.05273585617076562,0.01813116603543352,-0.05459149203400471,-0.030741902553774056,-0.03235331713460754,0.17180912506358892,0.04734459827651505,0.02921238291712347,0.07559957549678492,0.12963189007564968,True,True,True
Australia,1994,0.314529,0.08538799999999999,0.12614659959575,-0.02094373421630403,0.04181456088040695,0.03347499999999997,0.07477007941814186,0.018949330257871377,-0.013277669742128628,-0.04628439778165681,-0.036804206433996275,0.0014515185659729202,0.031205876208442618,0.04607790469457007,0.07818735331917648,0.13517158129792733,True,True,True
Australia,1995,0.31123,0.03971600000000003,0.12436654821730035,-0.015816286778591697,0.027165692345209547,0.015670874796558903,0.06428817939667875,0.046381823814169554,0.03652255836189999,-0.050947475771735674,-0.042657925369055494,-0.08737424972486973,0.001959212716883929,0.0542276803336984,0.07482821572646015,0.13452571859661167,True,True,True
Australia,1996,0.29317,-0.010048000000000001,0.10077531294145448,-0.002468371944178694,0.027300792271587708,0.01192782387870199,0.051607081977474975,0.026123811720498713,0.007992645685065192,-0.03490957094308367,-0.04404714816549204,-0.1660254421110673,-0.0010635685750999269,0.051125456530056845,0.07096717701871258,0.12116977754874914,True,True,True
Australia,1997,0.25908000000000003,-0.05544899999999997,0.07636115969816032,0.009199643279667116,0.0294762389614703,0.016646776270386104,0.04463157659025893,0.0022471910112360494,-0.016702139246635328,-0.02932064703011574,-0.038392564581645014,0.18787796575260796,0.015561955129004934,0.05408991557402809,0.0764813059999555,0.11707727768497533,True,True,True
Australia,1998,0.23754,-0.07369,0.056023559678479384,0.015062975913159977,0.02393119508678699,0.006561559461070399,0.04260773177614762,0.008594917787742684,-0.03778690602642687,-0.04830337128058807,-0.03751119641792914,0.24368835915774612,0.048183948643603536,0.04999236398065565,0.07754781041293002,0.10981426644753844,True,True,True
Australia,1999,0.22588,-0.06728999999999999,0.057480573659101065,0.022651930572225955,0.020847330833615077,0.012508619849194803,0.05178598695503427,0.014079288625416853,-0.01204452309508186,-0.054450772791994076,-0.04402493036756595,0.2567769209203119,0.058722448444045394,0.06779658121650045,0.0967514457303843,0.131957747454304,True,True,True
Australia,2000,0.19559,-0.06349000000000002,0.04805617956845919,0.0267390356759148,0.0072525338458403615,0.0033848515623224953,0.040729507379786645,0.04457435147972233,0.04232716046848628,-0.04101,-0.04792138135752736,0.18021441857117115,0.008579906370407286,0.0654655900247556,0.09284472725817827,0.13271126971159297,True,True,True
Australia,2001,0.17177,-0.06577,0.04094798840267286,0.01181676745996475,0.00433662259817004,0.008150742512159893,0.02191097870897673,0.044071353620146914,0.03547643583240423,-0.02253,-0.03933025759733135,0.1806202107296282,-0.004763022886977719,0.06096877058660011,0.09003400732534506,0.13278117552409474,True,True,True
Australia,2002,0.15062,-0.07526,0.03888108820077175,0.003962944069889517,-0.0009640614508793846,0.012931243777675502,0.018729088029701135,0.03048576214405374,0.016406473518636888,-0.03814,-0.03389333333333332,0.1097876257467647,-0.004562887147559702,0.08539746502474033,0.11839201772382468,0.16301868220496685,True,True,True
Australia,2003,0.13208,-0.06351000000000001,0.030913565692329885,0.00882510307816572,0.001776849718161777,0.005576088310367502,0.019712652236388253,0.02730819245773719,-0.01726615902198514,-0.053529999999999994,-0.03806666666666665,-0.28597718415744466,0.03342856547035633,0.13034552697652002,0.17064170584011884,0.21986322057662389,True,True,True
Australia,2004,0.11942,-0.05235000000000001,0.029828974201441802,0.01031861436592822,0.0033374048847848656,0.0034077450749733992,0.02883718636804734,0.023417721518987245,-0.02065363210115967,-0.06323000000000001,-0.051633333333333316,-0.35453855194710837,0.04798941250745048,0.1377919668832145,0.18347552587428018,0.2396833809669915,True,True,True
Australia,2005,0.10891,-0.04171,0.02541933317749804,0.009176668302791138,0.005577345731076565,-0.0011752688601443934,0.027626941426319506,0.026592455163883866,-0.003893306980169875,-0.05946,-0.05873999999999999,-0.22357890161847105,0.05346265600423061,0.13915052080729817,0.1919103185000811,0.25750924612674575,True,True,True
Australia,2006,0.09959,-0.032490000000000005,0.02458880443149146,0.021337269104461862,0.0053450684351149386,-0.00217127755814199,0.027361273989334692,0.03554216867469884,0.008233976216961647,-0.058710000000000005,-0.06046666666666666,-0.04500517669489834,0.051525208015814616,0.13035158474543906,0.19521018987198813,0.2677893276731621,True,True,True
Australia,2007,0.09688000000000001,-0.02253999999999999,0.024769735167960574,0.03358429812636303,0.004987348181000155,-0.003930056985056399,0.03138026395303241,0.023560209424083656,0.00014248790509641118,-0.06718,-0.06178333333333332,-0.10863918861978672,0.0503196683276228,0.166534690865491,0.24159556183753406,0.3251552747788429,True,True,True
Australia,2008,0.11753000000000001,0.008620000000000003,0.02650609313094835,0.02612077113341407,0.0031636053029797107,-0.008537227270250802,0.023985893073633337,0.04347826086956519,0.016885805705681323,-0.047380000000000005,-0.05775666666666665,0.055637221449088115,0.030856167185295158,0.17214299135996547,0.24649186203116535,0.3432198355250766,True,True,True
Australia,2009,0.16654,0.06695,0.03537952250093118,-0.011950968305290792,0.01161660238713498,0.017613372388481104,0.022148453304188718,0.017701525054466316,-0.01784064362023252,-0.04662,-0.05372666666666665,-0.13626390108168585,0.037918856348164276,0.1173823801656928,0.18808359008809017,0.29445496030310814,True,True,True
Australia,2010,0.20395,0.10706999999999998,0.048641058806871904,-0.024770408417003044,0.014891448965173873,0.010200000000000008,0.023722957028980023,0.028632592989028538,0.005072383564944882,-0.03653,-0.043509999999999986,-0.16468909304936796,0.04065904146804611,0.06704533718915084,0.13550920958358792,0.24057261673097208,True,True,True
Australia,2011,0.24069,0.12315999999999998,0.05368915801044732,-0.020875228942230435,0.015325827286407676,0.0018687500000000926,0.02216486301082261,0.03355879292403752,-0.009919467945527671,-0.030770000000000002,-0.03797333333333332,-0.3412182399415964,0.05186555323519082,-0.008345861588966441,0.052441006837445014,0.14819376954472352,True,True,True
Australia,2012,0.27536,0.10882,0.041265643234578236,-0.017124641291931753,0.003934663450801214,-0.0031749999999999973,0.007439927742880232,0.01686383085829335,-0.0008376941961729667,-0.042960000000000005,-0.03675333333333331,-0.1462489701663855,0.05248556591474318,-0.03154849419824979,0.006631044291095067,0.08956834737746355,True,True,True
Australia,2013,0.30497,0.10102000000000003,0.04605496151137245,-0.017085786442486643,0.0023770510060534336,0.0095916666666667,0.011908300323381481,0.024752475247524774,-0.0038801177415037635,-0.03383,-0.03585333333333331,0.13787430881515905,0.04992968770568895,0.04415642878004222,0.05668898571562031,0.1315602663379849,True,True,True
Australia,2014,0.34027,0.09958000000000003,0.05202433837403237,-0.010604133931913737,0.001508128394220043,0.011554166666666699,0.014388988947013938,0.024879227053140163,-0.008679565870897354,-0.030699999999999998,-0.03582999999999998,0.221885387659851,0.04496167016279329,0.0885212599341536,0.09322734337430982,0.15245147015797578,True,True,True
Australia,2015,0.37699,0.10163,0.0419549447155234,-0.011482280864538461,0.0036912480763669347,0.0060104166666666015,0.005608854261000731,0.014847984916332768,-0.002015845941960581,-0.046180000000000006,-0.036903333333333316,0.38132842421387503,0.02149950984132376,0.15259708765352298,0.16624200141878065,0.20883514730816022,True,True,True
Australia,2016,0.40508000000000005,0.10011000000000003,0.03736841840460928,-0.008617271532749533,0.0014388889188323324,0.006010416666666702,0.005835387657489571,0.012772875058058464,-0.01197960018946631,-0.03277,-0.03654999999999998,0.2000529407986562,0.0037043287618339082,0.15676988634729128,0.192874765184611,0.22590920241599854,True,True,True
Australia,2017,0.41074,0.07046999999999998,0.04159910174623644,0.008401393026954836,0.0005724309640796135,0.008991666666666703,0.010534862390253068,0.019949552854849673,-0.00492967419829049,-0.025830000000000002,-0.03492666666666665,0.03964996408756316,-0.0025280908379710088,0.062359594736683066,0.1222595706183851,0.15500343867847288,True,True,True
Australia,2018,0.4164,0.03941,0.04195346660453438,0.013477040168023369,-0.002264189942005529,0.011841669999999999,0.009489349904330438,0.019334532374100544,0.0044865474577677755,-0.02092,-0.02650666666666665,0.04197298900711899,0.004079795655026697,0.01848961195015919,0.07902268951464864,0.12523342570666585,True,True,True
Australia,2019,0.46604999999999996,0.06096999999999991,0.027864285205325204,-0.038678111667599595,-0.0038236822672757798,0.003216663333333333,-0.00338118569093227,0.01565946184384659,0.0028865867857881256,0.0070799999999999995,-0.013223333333333316,0.04203741465523403,0.012056972322857629,-0.03261493285487749,0.011781280517835446,0.07329789771511375,True,True,True
Australia,2020,0.57332,0.16258000000000006,,,0.0066092517874275745,0.005966666333333332,-0.005424120374856822,0.008903365906623328,-0.011046186948226344,0.026640000000000004,0.004266666666666686,0.023817035465988345,0.04066509868373647,-0.030916665091106132,-0.011305155382838938,0.05378167030659853,False,False,True
Belgium,1870,0.15114,,0.14375156194222033,0.00032231790485640066,,0.006364383561999996,,,,-0.059241904062933816,,,,,,,True,True,False
Belgium,1871,0.16016,,0.14518141249757,4.239461033222862e-05,,-0.00012294520499999545,,0.01980198019801982,,-0.0941081353055866,,,,,,,True,True,False
Belgium,1872,0.131944,,0.13546239034089555,-0.001816518388447143,,0.0016842465749999994,,0.03883495145631066,,-0.07403920158044404,-0.07579641364965482,,,,,,True,True,True
Belgium,1873,0.161846,0.010705999999999993,0.16496433217506787,-0.01448638744887791,-0.021660274512257327,-0.011932534246999991,-0.005742762264839135,0.07476635514018692,,-0.05232999400723919,-0.07349244363108993,-0.183761667113567,0.06562318840579695,,,,True,True,True
Belgium,1874,0.171812,0.011651999999999996,0.1670599281858298,-0.003178027418681396,-0.00946777813719571,-0.0030904109589999923,0.01742565142435591,-0.0434782608695653,-0.06328024106758512,-0.04411558239003885,-0.056828259325907356,-0.12056210585043636,0.111151515151515,,,,True,True,True
Belgium,1875,0.193276,0.061332,0.16705290571766,-0.000942363701359682,0.03761225779274564,0.0028363013699999953,0.04254184736433821,-0.036363636363636265,-0.07519858781994693,-0.08929845985853332,-0.061914678751937124,-0.12574152369014435,0.07024323709934066,,,,True,True,True
Belgium,1876,0.211281,0.04943500000000001,0.17152018889698425,0.0009337443473445249,0.04219998062873237,0.0138,0.048546041216098644,0.05660377358490565,-0.018162581555281276,-0.08042446556028097,-0.07127950260295104,-0.06531510265092955,-0.04091444270015698,,,,True,True,True
Belgium,1877,0.230161,0.05834900000000001,0.18082915743224676,-0.01600224379765775,0.034136594810224574,0.013340753425,0.033128287592910206,0.0,0.0434782608695653,-0.07370304532900167,-0.08114199024927199,-0.03693710944136708,-0.12821027287319442,,,,True,True,True
Belgium,1878,0.251865,0.058589,0.192239281007071,-0.007805585385592329,0.026912681185882303,0.007247945205000002,0.03571302785265052,-0.044642857142857206,-0.008279220779220942,-0.07706848744828815,-0.07706533277919025,0.0289938060046806,-0.08814783347493627,,,,True,True,True
Belgium,1879,0.262658,0.051377000000000006,0.18123163256389496,-0.0051198571543841255,0.05561939450889006,0.007995205479000001,0.062276746773475805,-0.028037383177570208,-0.08464115676247586,-0.07087304131556711,-0.07388152469761897,0.12103509817046332,0.0009049773755656076,,,,True,True,True
Belgium,1880,0.261937,0.03177599999999997,0.1783770207428863,-0.0071379789310869815,0.05873684477016601,0.003488698630000002,0.07672738779911681,-0.04807692307692302,-0.04807692307692302,-0.08821496464689206,-0.07871883113691576,0.16203258978617097,0.1742743894642631,,,,True,True,True
Belgium,1881,0.267383,0.015517999999999976,0.1769314660039193,-0.009514555620509036,0.048356175446322605,-0.005089726026999995,0.061021435418164405,0.0,0.044642857142857206,-0.06022814662900646,-0.0731053841971552,0.1258607277808934,0.09415139044768672,,,,True,True,True
Belgium,1882,0.292565,0.029907000000000017,0.19266694633287987,-0.011495498807793035,0.034718483824138606,-0.008071232877000005,0.054992644392644396,-0.010101010101010166,0.01793637307656004,-0.0582687391485325,-0.068903950141477,0.10018808019818981,0.07465771118574005,,,,True,True,True
Belgium,1883,0.320903,0.05896600000000002,0.19426545939772716,-0.008024902702123568,0.02625863337468473,-0.002197945205000003,0.03331564282278566,0.010204081632653184,0.0582810047095762,-0.053769726087466024,-0.05742220395500166,-0.02686703689151193,0.012195121951219523,,,,True,True,True
Belgium,1884,0.350141,0.082758,0.20569043368076592,0.0013746639782273341,0.05116935361026689,0.0028739726029999996,0.05913466639180916,-0.0707070707070705,-0.0707070707070705,-0.032894735451499624,-0.048311066895832706,0.014576068842132806,0.06296394485683954,,,,True,True,True
Belgium,1885,0.359739,0.06717399999999996,0.19248416875903598,0.004516574487960071,0.06509834262704525,0.001602739726000002,0.06503722824219708,-0.03260869565217395,-0.02250768555116378,-0.026680327742315293,-0.037781596427093646,0.020728425974448905,0.08735955056179745,,,,True,True,True
Belgium,1886,0.400948,0.08004500000000003,0.18928482619756543,0.005416077833969731,0.09343077654435279,0.003697260274000004,0.09195581725083428,-0.0786516853932584,-0.08885576702591158,-0.029196982195386783,-0.029590681796400564,0.12307495818853131,0.1782250955039668,,,,True,True,True
Belgium,1887,0.383997,0.033856,0.18628144525837748,0.007607532273238536,0.036394772484636045,0.0006270547949999983,0.04793659042977832,0.06097560975609739,0.1316826804631679,-0.03670276640207277,-0.03086002544659161,0.03551390098902041,0.031360862778487375,,,,True,True,True
Belgium,1888,0.378539,0.01880000000000004,0.1817853417725694,0.007293727369313993,0.03266990434056,-0.0016373287670000056,0.04462986046142917,-0.02298850574712652,0.009620189905047427,-0.0538194942863258,-0.039906414294595106,0.0349112575948034,0.08682055100521224,,,,True,True,True
Belgium,1889,0.369869,-0.031079000000000023,0.18323297296956878,0.004998265932615342,-0.0137603482759255,-0.0042948630139999985,0.0105694947421077,0.02352941176470602,0.10218109715796442,-0.01794159148563545,-0.03615461739134467,-0.0669088128910561,-0.045835107137789155,-0.08592696697369673,,,True,True,True
Belgium,1890,0.3628,-0.021196999999999966,0.1766921976823495,-0.002997638931503342,0.0003869690394075892,-0.0020558219180000017,0.01805044512057693,0.034482758620689724,-0.02649285113540767,-0.037553455753735664,-0.03643818050856563,-0.0721865266294881,0.06455696202531636,-0.05746186077954896,,,True,True,True
Belgium,1891,0.37398,-0.004559000000000035,0.16932312419721085,0.0004667171001681361,-0.0053234500942207184,-0.0017249999999999974,0.008937609871534753,0.0,0.02298850574712652,-0.047876193226534094,-0.03445708015530173,-0.09003575973209055,-0.009485094850948506,-0.025921971879908606,-0.046715989147216724,,True,True,True
Belgium,1892,0.400104,0.030235000000000012,0.17463756671645675,0.00029802463179317944,0.02207080353831392,0.0013071917809999965,0.027841858237547902,-0.03333333333333344,-0.05686274509803946,-0.027685986638349903,-0.037705211872873214,0.004663724750351594,0.04878048780487809,0.003071054159930975,-0.020732861552214932,,True,True,True
Belgium,1893,0.409369,0.04656899999999997,0.1673596942657234,0.002974134400058639,0.04787814737967924,-0.0013602739729999987,0.04950536398467439,-0.034482758620689724,-0.06896551724137945,-0.04102615255518796,-0.03886277747335731,0.1286074066987517,0.034482758620689946,0.01557239498971641,-0.007043006908163091,,True,True,True
Belgium,1894,0.427055,0.05307500000000004,0.1570665704920779,0.0032658291870760305,0.050558261328970934,-0.004375,0.05616687192118233,-0.023809523809523836,-0.023809523809523836,-0.05160420698201063,-0.040105448725182825,0.12029509019217044,0.09756097560975596,0.008420746631408516,0.002694480959076234,-0.02185984357474957,True,True,True
Belgium,1895,0.421236,0.021131999999999984,0.15542281885047707,0.003931661811945136,0.047135129431718756,-0.00024109589000000098,0.0533608421108842,-0.024390243902439046,0.008943089430894391,-0.05662266299199934,-0.04975100750973264,0.02486110966617061,0.07485465116279055,-0.0032386470455394167,0.003981856119810001,-0.02120896701649172,True,True,True
Belgium,1896,0.424655,0.015286000000000022,0.15737813128492406,0.002248392679372076,0.04563791929882456,-0.001885958904,0.05509158923732099,-0.03750000000000009,-0.0030172413793103647,-0.06008053961484393,-0.0561024698629513,0.011070991438751232,0.1298701298701297,-0.0014756436636257364,0.0037794782157317963,-0.00795339583250354,True,True,True
Belgium,1897,0.413562,-0.013493000000000033,0.14461999965623823,-0.003083168895458451,0.03148237209527144,-0.0036999999999999984,0.04260107697180868,0.012987012987013102,0.03679653679653694,-0.05474571357311209,-0.057149638726651776,-0.02807542095249016,0.0757304710793083,0.009917892239791115,0.012117384283535954,0.01163941861813278,True,True,True
Belgium,1898,0.452382,0.031146000000000007,0.15555880870280325,-0.032312408313441926,0.024876005282226825,-0.004231164384000001,0.03429599567099566,0.0,0.024390243902439046,-0.056501831667692105,-0.05710936161854937,0.047413510309414875,0.07390648567119129,0.0083147443460031,0.008789847888170055,0.01663876572803455,True,True,True
Belgium,1899,0.436845,0.012189999999999979,0.157873569687099,-0.004425441406867294,0.00832705613177774,-0.011339383561999997,0.019222491397491374,0.012820512820512775,0.050320512820512864,-0.05977786244909548,-0.05700846922996655,-0.033308558758412654,0.04190309908336953,0.008883534309676339,0.009986734191152008,0.015123092847900477,True,True,True
Belgium,1900,0.42803,0.014468000000000036,0.16012648479504013,-0.00014181082667346842,-0.032942989524191,-0.011663013699,-0.017267597100508483,0.12658227848101267,0.11359526549399956,-0.05078407614527666,-0.055687923420688075,-0.10160692333779653,-0.0040858018386111805,0.0284565868258341,0.033653520812020776,0.03793261750852284,True,True,True
Belgium,1901,0.460072,0.007689999999999975,0.16359632730345997,-0.003433552216107451,-0.03574590264957739,-0.0037195205479999965,-0.02488323380462827,0.022471910112359383,0.022471910112359383,-0.0658739502668997,-0.05881196295375727,-0.15867439992676413,-0.0947030497592295,0.05634644224969257,0.06742619080907969,0.07398288835740241,True,True,True
Belgium,1902,0.462389,0.02554400000000001,0.16293128235582477,-0.00461471775918461,-0.02185462946435805,-0.0016250000000000014,-0.013983722205116685,-0.02197802197802201,-0.034798534798534786,-0.07916936712542035,-0.06527579784586557,-0.14034462431219485,-0.08372598767669437,0.03838476536136659,0.05136854411453923,0.06270244578163287,True,True,True
Belgium,1903,0.467365,0.03933499999999995,0.16226529231812406,-0.004749049956664532,0.024592543110593685,-0.004039726027000003,0.02753537062188754,0.0,-0.12658227848101267,-0.09232484405929062,-0.07912272048387022,-0.015728255839680738,-0.029999999999999583,0.002775546791593697,0.016742553806197602,0.03130644860758161,True,True,True
Belgium,1904,0.473951,0.01387900000000003,0.16870142228149335,-0.00977674276111259,0.06826743592720946,-0.0014999999999999979,0.0770245091986665,-0.1235955056179775,-0.14606741573033688,-0.09722013292202056,-0.08957144803557716,0.17353199662555796,0.2039007092198586,-0.005608866233687726,0.010723627870049879,0.02662547287403716,True,True,True
Belgium,1905,0.471549,0.009160000000000001,0.16062363370254792,0.007019836157222466,0.0488332654455126,-0.002976027396999998,0.06140149332565065,0.02564102564102555,0.04761904761904756,-0.1092879933715774,-0.09961099011762953,0.12730844829606047,0.11250000000000027,-0.02594353788403342,-0.014309634530154158,0.0012184585072954057,True,True,True
Belgium,1906,0.454198,-0.013166999999999984,0.1625471130409227,-0.010636494636607052,0.015538171951886514,-0.009260958904000003,0.028468159992317284,0.10000000000000009,0.10000000000000009,-0.09240162504195189,-0.0996365837785166,0.0364262639404227,0.03221649484536071,-0.02778323493854401,-0.03049557481734727,-0.015983821364004835,True,True,True
Belgium,1907,0.446244,-0.027707000000000037,0.16734521307765893,-0.006084997368807141,-0.03016015592044641,-0.019204452054999998,-0.019181099456099446,0.022727272727272707,0.1463227783452502,-0.11619953153907854,-0.1059630499842026,-0.07761605725122667,-0.04398625429553249,-0.021221659138160376,-0.033888519449125964,-0.023560974477690733,True,True,True
Belgium,1908,0.494637,0.023087999999999997,0.18380621931266714,-0.005430808971671383,-0.019023386076123392,-0.004152739726000006,-0.013162794612794626,0.011111111111111072,-0.014529914529914478,-0.1010565443140653,-0.10321923363169856,-0.07941021445954011,-0.0567765567765568,0.014515233652610815,0.0055946869035574665,0.00661822457612915,True,True,True
Belgium,1909,0.509812,0.05561400000000005,0.1797537234199595,-0.0034268408998993846,0.018796976587089582,-2.3287671000002397e-05,0.023483542383542427,-0.010989010989011061,-0.11098901098901115,-0.11609705057757166,-0.11111770881023848,-0.018927152489291,0.027160493827160792,0.024567935536576435,0.019345620057032553,0.012221739703246748,True,True,True
Belgium,1910,0.496438,0.050194000000000016,0.18102060481408302,-0.003043777408472493,0.012884994017229198,-0.008493835616,0.024701892551892538,0.022222222222222365,-0.0005050505050503418,-0.11276479658789795,-0.10997279715984497,-0.013102213918038341,-0.012596505485575116,0.021004865465455713,0.020050360637452913,0.011450187583380955,True,True,True
Belgium,1911,0.492924,-0.00171300000000002,0.18405735695884087,0.001492782744075976,-0.012127341224417727,-0.008239726026999995,0.007016465820813601,0.0652173913043479,0.05410628019323682,-0.11513182210697624,-0.11466455642414862,-0.033328706730224145,-0.026352288488210807,0.025816937751145352,0.03309018414668763,0.02813996823965781,True,True,True
Belgium,1912,0.486986,-0.02282600000000007,0.18982971281412708,0.00027627377649838,-0.0400849079505634,-0.009139383561999996,-0.017931061651713882,0.0714285714285714,0.08241758241758246,-0.10655380723524148,-0.11148347531003855,-0.06555574349784155,-0.06043956043956067,0.024149741447479556,0.0388056362140029,0.04076058652864867,True,True,True
Belgium,1913,0.494715,-0.0017229999999999746,,,,,,-0.04761904761904778,-0.06984126984127015,-0.12642341235856977,-0.11603634723359584,-0.024785304701310795,0.013703703703703995,0.04759571551384567,0.06295531425807371,0.07300112350945465,False,False,True
Belgium,1914,,,,,,,,0.0,-0.0652173913043479,,,0.043293398839582053,-0.13418357278656146,,,,False,False,False
Belgium,1915,,,,,,,,0.3953896103896102,0.3239610389610388,,,-0.09184757539321431,-0.49574031424149734,,,,False,False,False
Belgium,1916,,,,,,,,0.613627090983272,0.6612461386023197,,,-0.38807427949936335,-0.637835027499301,,,,False,False,False
Belgium,1917,,,,,,,,0.9343657817109146,0.9343657817109146,,,-0.5836206085904794,-0.6855625379647503,,,,False,False,False
Belgium,1918,,,,,,,,0.39672131147541,0.0013317010857998302,,,-0.555776971405928,-0.45302584739204466,,,,False,False,False
Belgium,1919,,,,,,,,-0.37676056338028174,-0.9903876543635537,-0.11121087454195609,,0.25676782799079234,0.7447215473933981,,,,False,False,False
Belgium,1920,1.02943,,0.3780858226530428,-0.20176574206413533,,-0.0008000000000000021,-0.024846225077751395,0.2000779271381259,-0.7342878545727887,-0.15453697909576322,,1.7350809483827572,2.672672199595276,,,,True,True,False
Belgium,1921,1.23381,,0.37828718472126793,-0.12050446888977649,,-0.0020999999999999977,0.14971985310635968,-0.1230769230769232,-0.5197982345523332,-0.1031348941494686,-0.12296091592906262,2.0921676609624584,3.9890180265005153,,,,True,True,True
Belgium,1922,1.41229,,0.2913753817209149,-0.002436164527527568,-0.05728578551813022,0.0004999999999999935,0.043653967735655906,-0.06516290726817042,0.3115976561121113,-0.1015698990210006,-0.11974725742207744,0.46664968287690245,0.6327408318217187,,,,True,True,True
Belgium,1923,1.26439,0.23495999999999984,0.3107758753727579,0.015010818977416698,0.017953255082019514,-0.004400000000000001,0.06359558241172465,0.14745308310991967,-0.05262484402820622,-0.10756311114708755,-0.10408930143918556,0.2853011016851479,-0.0038818161748473967,,,,True,True,True
Belgium,1924,1.04019,-0.19362000000000013,0.29446725522731454,0.015496207319205674,-0.08056642251612209,-0.000999999999999994,-0.030283641168433517,0.17056074766355134,0.29363767074047453,-0.1018199646592897,-0.10365099160912594,0.21989512167740677,-0.44093270412816754,-0.04312427791580209,,,True,True,True
Belgium,1925,1.16258,-0.2497100000000001,0.3637307254881554,-0.04637164020319834,-0.08472274567762322,0.0011999999999999927,-0.05921532216733798,0.03393213572854292,0.09909504299671335,-0.07345961493123211,-0.09428089691253645,0.21117944765368302,-0.4164891492477699,0.020627959835937515,,,True,True,True
Belgium,1926,1.16112,-0.10326999999999997,0.45312943608527134,-0.020228931413184895,-0.09437134506764139,-0.004899999999999988,-0.0668143588140957,0.1930501930501929,0.04559710994027322,-0.057474819381770965,-0.07758479965743091,0.14576704731641144,-0.47039786788501803,-0.004780055067426459,-0.004658385266235632,,True,True,True
Belgium,1927,0.887121,-0.1530689999999999,0.28777985854014143,0.06524544475648478,-0.13291174321178884,-0.004200000000000002,-0.1164756629909702,0.27184466019417486,0.10128391253062352,-0.04869002563790348,-0.05987481998363551,0.08219333033049314,-0.44076767967737285,0.010146418163470783,0.003242709250421749,,True,True,True
Belgium,1928,0.757945,-0.40463499999999997,0.22343378812317752,0.055687437121085856,-0.15329547508902933,0.0033999999999999933,-0.12348395023327954,0.04325699745547085,0.009324861726927924,-0.024230402677973554,-0.043465082565882655,0.05432720842348382,-0.3481318111053452,-0.02513311309599514,-0.0327142324008004,,True,True,True
Belgium,1929,0.633886,-0.527234,0.187367291046646,0.04497480708753418,-0.10214131640184765,0.001800000000000003,-0.08209160946045102,0.06707317073170738,-0.1259770223184855,-0.04183957642647972,-0.03825333491411891,-0.19925960239785923,-0.22386185243328105,0.01075761388095281,0.01751771367291577,0.012260332706280352,True,True,True
Belgium,1930,0.598453,-0.28866800000000004,0.19498438172903076,0.005555752410204538,0.0028459195092927214,0.010199999999999997,0.003304229651892962,-0.0011428571428571122,-0.27298751733703197,-0.05205984048356563,-0.03937660652933963,-0.13913588754449147,0.025023990551413355,0.033868502100465436,0.03776060610008525,0.033491362022929294,True,True,True
Belgium,1931,0.64724,-0.11070499999999994,0.1964965993488012,0.009821599210993057,0.0666819813789623,0.014699999999999998,0.04670873605009337,-0.08695652173913038,-0.13021351919460122,-0.013922015836163652,-0.035940477582069655,-0.0866308462044395,0.04875591039454297,0.023371314555540812,0.02336965656919837,0.027938108344954582,True,True,True
Belgium,1932,0.783485,0.14959900000000004,0.2755457500671954,-0.0038759007809026982,0.13117354231858736,0.010099999999999998,0.10664791326141439,-0.09774436090225569,-0.16481753163396307,-0.027238454386226137,-0.031073436901985132,-0.026437674941987788,0.10590277777777768,0.014658869410444031,0.018576745972074094,0.024140294910124094,True,True,True
Belgium,1933,0.718046,0.11959299999999995,0.217456654993189,0.020587335927308277,0.12951472467166764,0.010499999999999995,0.11401140532490645,-0.02083333333333326,-0.019690476190476147,-0.016735124173104507,-0.019298531465164758,-0.24776242330015796,0.029198447745216072,0.007628285567362281,0.020395485648085354,0.027990191775906226,True,True,True
Belgium,1934,0.734802,0.08756199999999992,0.2023987363914076,0.00911163610711151,0.11605825281065607,0.0114,0.09916561439058638,-0.05531914893617018,0.031637372802960195,-0.004935747912266086,-0.01630310882386557,-0.3681877329659209,0.016653016653016772,-0.04305830502243557,-0.03274246616931481,-0.03144382830560544,True,True,True
Belgium,1935,0.840855,0.05737000000000003,0.23652283913868144,-0.018117910779229827,0.05362478350772884,0.0213,0.07398966626200666,-0.016516516516516533,0.08122784438573916,-0.0260559305412487,-0.01590893420887309,-0.16986772073168233,-0.021558594077678017,-0.08333332654888406,-0.09031911588528105,-0.08502624199769701,True,True,True
Belgium,1936,0.795865,0.07781900000000008,0.21776141849510453,-0.012533587761055107,0.033626700641650256,0.0207,0.049378046245043127,0.04580152671755733,0.06663486005089059,-0.03191376547808264,-0.02096848131053247,0.16438779106071966,0.029197080291970767,-0.08172101844915211,-0.10021188238671722,-0.1016343240359793,True,True,True
Belgium,1937,0.718174,-0.016627999999999976,0.21882255339402132,-0.007515728894600723,-0.016993916379120608,0.0195,0.005407429689677355,0.07299270072992714,0.12831184966609732,-0.027846452762330616,-0.028605382927220646,0.3436223064967314,0.04635568513119526,-0.08070863009892945,-0.10818335186017339,-0.12045561230192678,True,True,True
Belgium,1938,0.692671,-0.14818399999999998,0.2272628330502783,-0.010233485290648037,-0.0059053485306390305,0.017799999999999996,-0.007489459035782853,0.035374149659864074,0.051890666176380607,-0.022340029216248537,-0.02736674915222059,-0.03394385420413226,0.0944825684203694,-0.05008019142833747,-0.08892617254473414,-0.11616313019160232,True,True,True
Belgium,1939,0.717181,-0.07868400000000009,0.25348474261582776,-0.019323864436952852,-0.01262900974366235,0.022099999999999998,0.008835535196394594,0.01182654402102501,-0.03397498269653232,0.0171711100824327,-0.011005123965382141,-0.10695836567472272,0.05088971424198663,-0.0393702199500828,-0.07993658311924792,-0.11768951208640374,True,True,True
Belgium,1940,,,,,-0.08615979914223518,0.0278,-0.12821296560890574,0.48173820314582816,0.408745502415901,,,-0.3738466238469962,-0.2716087653391275,-0.03251908082348692,-0.06160785344970038,-0.10899295783484156,False,False,False
Belgium,1941,,,,,-0.3671708292999561,0.021299999999999996,-0.43502438915397434,0.9354084202950699,0.9000342706352058,,,-0.62214635577459,-0.607507662046567,,,,False,False,False
Belgium,1942,,,,,-0.47197341166852147,0.020099999999999996,-0.6019267803400495,0.5089337175792508,0.49710717355822576,,,-0.7158489969176804,,,,,False,False,False
Belgium,1943,,,,,-0.4059168211157565,0.0195,-0.4857308017513333,0.13135026737967914,-0.350387935766149,,,-0.6071663682367803,,,,,False,False,False
Belgium,1944,,,,,-0.12756027934271932,0.018199999999999997,-0.1619858793575038,-0.03972634688641852,-0.9751347671814884,,,0.028269069143902037,,,,,False,False,False
Belgium,1945,,,,,0.06504039442375809,0.0249,0.08789058723914916,-0.2349956822107081,-0.7439293997899589,,,0.8715251998975551,,,,,False,False,False
Belgium,1946,1.18262,,0.22570234053705598,-0.08980524285892137,0.12312725731143537,0.025099999999999997,0.1718011768125364,-0.11528150134048254,-0.24663176872016168,-0.12829499010906378,,2.177487378950529,,,,,True,True,False
Belgium,1947,0.986249,,0.2448923689180515,-0.06898869512022188,0.10600773680700884,0.012800000000000006,0.15527266662590708,0.01795918367346938,0.0576855305598879,-0.050810976638088104,,1.045903626021338,,,,,True,True,False
Belgium,1948,0.742452,,0.1867673170852072,-0.20166913498710162,-0.023164371465748873,0.012499999999999997,0.03075606258507492,0.1475541299117884,0.3825498121224965,-0.04044733938189302,-0.07318443537634829,0.5831553543855621,,,,,True,True,True
Belgium,1949,0.782636,-0.399984,0.17368137385600035,-0.03705653485187143,-0.043742850741928956,0.0116,0.001776950444792938,-0.0328441649196366,0.08243733642084594,-0.005475303795807374,-0.032244539938596155,-0.04577895741151439,,,,,True,True,True
Belgium,1950,0.736889,-0.24936000000000003,0.17361442247739506,-0.01922083465596916,-0.03523808355422148,0.010199999999999994,0.008853518413020678,-0.00867052023121384,-0.026629703904683222,-0.027882168760318387,-0.024601603979339585,0.03859894064120417,0.08934449867967542,,,,True,True,True
Belgium,1951,0.644794,-0.09765800000000002,0.15298454446839618,-0.0029327389534604988,-0.018899963803116905,0.010700000000000001,0.028818597674190167,0.09365889212827994,-0.053895237783508465,0.02989256148415529,-0.0011549703573234815,0.034955872113290765,0.1602119887894402,,,,True,True,True
Belgium,1952,0.662522,-0.12011399999999994,0.1751141787584191,-0.02392983567942572,-0.015805740110036957,0.01859999999999999,0.019560468281340088,0.009330223258913639,0.04217438817855024,-0.0009948027866154036,0.0003385299790738419,0.033832183320026576,0.10025133188346547,,,,True,True,True
Belgium,1953,0.686405,-0.05048399999999997,0.17971022700467856,-0.00976514147546012,-0.007578733472148165,0.019699999999999995,0.01607076807441301,-0.003301419610432621,0.00536910062078122,-0.01987730061349693,0.003006819361347661,-0.013329357497663508,0.050835484806784015,,,,True,True,True
Belgium,1954,0.696069,0.05127500000000007,0.18280797926950948,-0.016088749947607818,0.026328198302419285,0.019400000000000004,0.040584337174035076,0.012918184829413759,-0.08074070729886618,-0.0065991044072590144,-0.009157069269123774,-0.060138381286901854,0.04968292339877145,0.011130512602678166,,,True,True,True
Belgium,1955,0.682519,0.01999699999999993,0.17295396567952231,0.0021912374052094896,0.01101819941635293,0.0176,0.04452946718556306,-0.004905166775670322,-0.014235390034583961,0.024384837064952338,-0.0006971893186011937,-0.01841242657663711,0.049693783018861515,0.017117180648140218,,,True,True,True
Belgium,1956,0.652228,-0.03417700000000001,0.16434959398080268,0.0105451211089241,0.0006882810376941315,0.016399999999999994,0.03470846599435414,0.028261583963194115,0.031563003573626736,0.021684737281067557,0.013156823312920304,-0.024297290830178953,0.10561265771405015,0.010177397499035512,0.018679990350965736,,True,True,True
Belgium,1957,0.626271,-0.06979800000000003,0.19818449533939145,0.013664605968606254,0.007158672882520867,0.020500000000000004,0.041568027124772415,0.03163950143815897,0.01872131660874521,0.02496559858462748,0.023678390976882468,-0.00829745318911057,0.35163571549759176,-0.016767590736534665,-0.012079067418054423,,True,True,True
Belgium,1958,0.663914,-0.018604999999999983,0.1897038071322437,-0.009435924326053037,0.020880713939635608,0.016,0.031195920727430056,0.013011152416356753,0.017916319192027075,0.036466458658346336,0.027705598174680466,0.0006311994534546894,0.15052440333122452,0.010968315270123374,0.013364098725994755,,True,True,True
Belgium,1959,0.695991,0.043762999999999996,0.180814587867877,-0.027312978868405197,0.02630131656845151,0.0172,0.03093897674778125,0.012232415902140525,-0.01602916806105359,0.0033891922425155338,0.021607083161829795,0.007628544428502471,0.10203426640662339,0.027453116174236236,0.032129850799282766,0.04009470314851932,True,True,True
Belgium,1960,0.693148,0.06687699999999996,0.19614062720281256,-0.019809815841134754,0.020610921413516135,0.010700000000000001,0.04537842788174969,0.0030211480362536403,-0.028618353401905328,0.0062056737588652485,0.015353774886575716,0.016691240728731405,-0.08164325644327763,0.030715499960744852,0.03520480174075974,0.04391131991900954,True,True,True
Belgium,1961,0.677759,0.013844999999999996,0.19932121512972129,0.0009124727694101997,0.005492753896365998,0.009899999999999999,0.050602225675153774,0.009939759036144524,-0.0030713933802122284,0.0036654448517160947,0.004420103617698968,0.008451344860964216,0.06761391924934457,0.07039865308436377,0.07835634947814513,0.08896638719688471,True,True,True
Belgium,1962,0.653017,-0.04297400000000007,0.1672978148794255,0.0022700590589077307,-0.0009418503222940258,0.012900000000000002,0.04340726499515357,0.014017297942141127,0.0017848820400006016,0.006379337171308542,0.005416818593963305,0.006610339086968953,0.12637020678198607,0.061777639894274206,0.08221385520634489,0.09661880639252085,True,True,True
Belgium,1963,0.640813,-0.05233500000000002,0.15710179978808447,-0.007200935529286648,-0.003940901845303164,0.011999999999999997,0.03455745159547347,0.021470588235293908,0.018449440199040268,-0.007524236724063088,0.000840181766320525,-0.007641274796283959,0.15741854286638812,0.058571369781249216,0.08677667592047011,0.10541925461850626,True,True,True
Belgium,1964,0.593746,-0.084013,0.18643739477986587,0.007671221004965093,-0.019406266678862846,0.019200000000000002,0.038353821989228126,0.041750647854880585,0.03181088881873606,-0.00012929919834497026,-0.00042473291703316304,-0.040866087138934915,0.1997641833290602,0.03363176095956549,0.06026398694221591,0.08776322541428744,True,True,True
Belgium,1965,0.576017,-0.07699999999999996,0.17998661064935062,0.002182776595511221,-0.017977939364789537,0.018099999999999998,0.029782860496199444,0.04063018242122718,0.026612884479086052,0.009025056406602542,0.0004571734947315037,-0.06094521797526353,0.1880893339262042,0.02024324119924481,0.048136896769121695,0.08159979451881794,True,True,True
Belgium,1966,0.5557688937568456,-0.0850441062431544,0.16588946667862242,-0.0017650053106448918,-0.015462480412380436,0.014099999999999994,0.024839767508672332,0.04169986719787522,0.02022927896258131,-0.005303867403314917,0.0011972966016475606,-0.057127328225903495,0.18216197260914746,0.03017959634609413,0.05251560606616712,0.08967831542698057,True,True,True
Belgium,1967,0.5408139059304704,-0.05293209406952959,0.15759797169293732,0.0036863209105002237,-0.0005323467984631042,0.014800000000000008,0.030037697211786528,0.02855685874553804,-0.013193789109342546,0.01041559245127359,0.004712260484853747,-0.03570082120232865,0.15943081593240582,0.0488288579137911,0.06516809253484285,0.103055213563926,True,True,True
Belgium,1968,0.545236137667304,-0.030780862332695946,0.15445481467857397,-0.008270231295353495,0.0002885120678934455,0.025300000000000003,0.03280905367247317,0.027516113039167234,-0.013114069382059945,0.00163855421686747,0.0022500930882753895,0.012384182487611417,0.12657883775985646,0.05759892076150552,0.07301419173430379,0.10759795617350132,True,True,True
Belgium,1969,0.5158767241379311,-0.03989216961891451,0.15984390036220375,0.012128792512811612,-0.009777566349555955,0.0025000000000000022,0.04076377418193787,0.037635705669481156,-0.004064161528394061,0.003213758360114653,0.005089301676085247,0.02223215437832282,0.10881008840213213,0.027249809655807034,0.044431038021357394,0.07464566329598521,True,True,True
Belgium,1970,0.47491869999999997,-0.06589520593047044,0.15830269953545786,-0.003200808936713505,-0.01850775589923251,-0.0005000000000000004,0.04336249924312972,0.03906068356196246,0.010503824816424423,0.028259172521467604,0.011037161699483253,0.0515201502516911,0.1451478440848044,0.012003145124534376,0.03276199707331029,0.05618784418071254,True,True,True
Belgium,1971,0.457677,-0.08755913766730405,0.14472005105482252,0.0009117923009127199,-0.019888338145874915,0.022599999999999995,0.033464483965441834,0.043410158872230875,0.01589404583306364,0.02959212778094695,0.02035501955417641,-0.07675411227733975,0.20146503436617724,0.007409369332380122,0.026763945018329238,0.0499466670979507,True,True,True
Belgium,1972,0.44843310000000003,-0.06744362413793104,0.13549983346497374,-0.004857469466726168,-0.02097129149041832,0.03180000000000001,0.02475259573445971,0.05447137036242755,0.016835664692946395,0.03264265221549251,0.03016465083930236,-0.11555542187846313,0.24967030193044448,0.0030705778368642633,0.014805965798802556,0.03858442386923833,True,True,True
Belgium,1973,0.4238252,-0.05109349999999996,0.13705115476320015,-0.016320438635459796,-0.032535416694200514,0.012899999999999995,0.018687954765994448,0.06955460646735823,0.030493922905395765,0.02524827470122875,0.02916101823255608,-0.1915387653774182,0.2631999429527554,0.008838523165407342,0.011274746900728716,0.03475757828083159,True,True,True
Belgium,1974,0.3884301,-0.0692469,0.1438507656343791,-0.008210232215499547,-0.05874892015334725,-0.015300000000000008,0.003181275771829639,0.12683019585472532,0.08342003698249445,0.017121813573102492,0.02500424682994126,-0.22632697144150016,0.26081848520302997,-0.01684477392856165,-0.01739101298932666,-0.001008997479402196,True,True,True
Belgium,1975,0.3983973,-0.05003580000000002,0.13539246412806896,-0.02984570461225109,-0.05502844857701086,0.015499999999999986,-0.0225860692181723,0.12757340533243333,0.07310203497000578,0.010808006571267995,0.017726031615199755,-0.15014441365701658,0.24316196477775986,0.0004782740314444034,0.0019246599325325464,0.008816222951551822,True,True,True
Belgium,1976,0.40068539999999997,-0.023139800000000044,0.15082254211905216,-0.04084219494023093,-0.05633791551567015,-0.007199999999999984,-0.024880867162156775,0.0917390002993117,0.022184393831953475,-0.004557885141294439,0.007790645001025359,-0.19545920379440296,0.16440784054731972,0.002036994243001522,0.0021655273921022955,0.003999837442285159,True,True,True
Belgium,1977,0.42937820000000004,0.04094810000000004,0.14380633644235297,-0.03352285385033019,-0.024571742804215146,0.017200000000000007,-0.008773315014100058,0.07100753941055515,-0.05582265644417017,-0.017212308556976252,-0.0036540623756675557,-0.1498648876425629,0.10585207465975133,0.027823876177169082,0.028413889663023273,0.03021291597033393,True,True,True
Belgium,1978,0.45966450000000003,0.06126720000000002,0.14311115923074114,-0.04038838087213502,-0.011256927835697983,0.0179,0.020161439705056072,0.0446691411749649,-0.08290426415746843,-0.010138670852956567,-0.01063628818374241,-0.2769904566406193,0.06219907681720693,0.048440120273412934,0.051142060663002975,0.05599190557402589,True,True,True
Belgium,1979,0.4943217,0.0936363,0.1661831966329766,-0.0351093858450605,0.01860461244482854,-0.010700000000000001,0.04343462930086518,0.0447194315118844,-0.0470195687874273,-0.030630685821055534,-0.019327221743662776,-0.16335009696764002,0.07634539564756926,0.07029014506919862,0.08358436592218643,0.092174620405441,True,True,True
Belgium,1980,,,,,0.01671929353213758,-0.0218,0.06703892110156896,0.06649466400844384,-0.004512875402111316,-0.03935501068531468,-0.026708122453108923,0.0773203656958179,0.08230686905563966,0.08554213709835223,0.1093672085394446,0.12288683580862825,False,False,True
Belgium,1981,,,,,0.03549274571879085,-0.018100000000000005,0.07189061708592236,0.07631405322190465,0.031644912046939755,-0.04028301197361961,-0.0367562361599966,0.48369985153637285,0.08102484040486102,0.0804021342011475,0.11237710589589744,0.1370594861701121,False,False,True
Belgium,1982,0.9680000000000001,0.4736783000000001,0.4612013309924097,0.0023873151060356257,0.036695224689411984,-0.006599999999999995,0.05761386308913459,0.08724969350224776,0.04253026199036336,-0.028508781151687885,-0.036048934603540715,0.7297163995056013,0.023496815600464016,0.0392892901258135,0.07504631627166847,0.10785273458977052,True,True,True
Belgium,1983,1.072,,0.43341546672591885,0.0014894655473849105,0.04901155136757643,0.013999999999999999,0.03931964566063925,0.07667731629392982,0.010182652285485982,-0.00574908187107284,-0.024846958332126773,0.6951826399395509,-0.0318647281920974,-0.0004963543494609368,0.03174270825696712,0.07225274593897224,True,True,True
Belgium,1984,1.114,,0.4494146946173968,0.038849683620376704,0.03583550967685903,0.008200000000000013,0.04660795722800369,0.06344911851981139,-0.012864934702093267,-0.0006618429963553648,-0.011639902006372022,0.5173515536002122,-0.06645843874654345,-0.03441756453946798,-0.012504675911732654,0.02706736341120941,True,True,True
Belgium,1985,1.16,0.19199999999999984,0.40187892245382517,0.048264310992513035,0.04205348274709379,0.01390000000000001,0.04676905735999351,0.048666393106278294,-0.038583300395969466,0.00786320522375968,0.0004840934521105009,0.004196207585995815,-0.0553477582826567,-0.04451906971306985,-0.038999673136800195,-0.0038897181870832798,True,True,True
Belgium,1986,1.211,0.139,0.340741436481387,-0.003310387911822865,0.047305481976089934,0.005258333333333309,0.04455613665262761,0.012991078416027424,-0.0636862378779024,0.025782441448274792,0.010994601225226379,-0.29523670461961216,-0.011234204059821784,-0.03158898446608116,-0.04248855963351028,-0.01876116537901107,True,True,True
Belgium,1987,1.256,0.1419999999999999,0.33800903860004516,0.024398829380473108,0.050847597521548014,0.010941666666666697,0.056113032772333996,0.015528430160692386,-0.047920688359119,0.01895642308178768,0.017534023251274056,-0.4696366428390316,0.006162048531330955,0.006344627253479396,-0.010312851488055497,-0.0003127196062944204,True,True,True
Belgium,1988,1.26,0.10000000000000009,0.33971347333498786,0.026148654787566977,0.04130302900937143,0.012875000000000011,0.06668869493493142,0.011639406618485948,-0.037026986487792346,0.022404010847646195,0.02238095845923623,-0.2229321489213998,0.014863510782659795,0.04779267417885946,0.03680643509353665,0.033436903425933084,True,True,True
Belgium,1989,1.228,0.016999999999999904,0.3897575289977707,0.02080512395994996,0.02949846499333096,-0.0014083333333333031,0.06598328712363982,0.031057301849902297,0.018066223433874873,0.022186628018827998,0.021182353982753966,-0.06547235906734228,0.025004021645279817,0.08554815458386789,0.08806805184074762,0.08031638774654082,True,True,True
Belgium,1990,1.266,0.010000000000000009,0.4627749201529664,0.05904063181919936,0.027617026208705077,0.0033666666666670036,0.07433514769625219,0.034497848442856194,0.018969418282163808,0.01787976087521847,0.02082346658056423,-0.017208580527950712,0.029874995539634908,0.07752817854635008,0.09587706073541402,0.09234468900204995,True,True,True
Belgium,1991,1.28,0.020000000000000018,0.4404721220535747,0.05578687688672343,0.035413997309216086,-0.00024166666666670944,0.060313817170697344,0.03207839819514935,0.0204389915766634,0.02281889763779528,0.02096176217728059,-0.13666799111522543,0.07463800252897479,0.07035764895653596,0.10279544428751963,0.11241355126562402,True,True,True
Belgium,1992,1.296,0.06800000000000006,0.4265408251844168,0.045660116224581215,0.044642753469810316,-0.007066666666666679,0.05623505078821947,0.02431860099733596,-0.006738700852566337,0.02866678823328917,0.023121815582100982,-0.05443245886088055,0.07631923704917587,0.00142399751318123,0.0367013347796753,0.05916121625598936,True,True,True
Belgium,1993,1.3519999999999999,0.08599999999999985,0.35569322140000825,0.04072931918340037,0.05168606744927053,-0.00931666666666671,0.04432572517747428,0.027475825275091736,-0.007022023167764457,0.05061668292891227,0.034034122933332245,0.16840431012873025,0.08738889437381325,-0.01966211743342461,0.008187618333549529,0.04163037116574142,True,True,True
Belgium,1994,1.3319999999999999,0.051999999999999824,0.37346976691632877,0.057836373548687724,0.04468796999563885,0.020708333333333308,0.05230341077477131,0.023820341403258283,-0.008258056791891066,0.05196008954528418,0.04374785356916188,0.013532481587479994,0.06461929700723612,-0.032221836958968963,-0.020595270840814695,0.015984751666048735,True,True,True
Belgium,1995,1.3130000000000002,0.017000000000000126,0.35538533803529276,0.060347728214182175,0.0408339995138427,0.027008333333333308,0.05280702879877654,0.014707746925320286,-0.009610854072015673,0.05245311474708892,0.051676629073761804,-0.10980611101866988,0.03479884695711477,-0.051016229363620824,-0.05556189717952942,-0.025786078217447272,True,True,True
Belgium,1996,1.29,-0.06199999999999983,0.29841866727412397,0.049499815369969405,0.03198361207358919,0.032825,0.04520988104903936,0.020617268524303345,-0.0068585567507883916,0.04859496425371462,0.05100272284869591,-0.10279629320013173,0.01384158288482995,-0.010434532777953143,-0.02728434621388187,-0.01225317131714665,True,True,True
Belgium,1997,1.243,-0.08899999999999975,0.2515731851585575,0.04783934018113856,0.026044133758840675,0.0232333333333333,0.04074832818345873,0.015030000000000099,-0.008790341403258184,0.05470747564714124,0.0519185182159816,0.18489811503331377,0.007663608371590858,0.01849130023562584,0.0034188245030462028,0.004532188933774717,True,True,True
Belgium,1998,1.192,-0.12100000000000022,0.19672496656946736,0.03996488902033615,0.019872794298599304,0.012016666666666696,0.03261091049189891,0.009069999999999911,-0.005637746925320375,0.0512027993672192,0.051501746422691695,0.19527626702297995,0.013123211251063305,-0.00936400903846446,-0.018356500190942482,-0.03241690781466433,True,True,True
Belgium,1999,1.1540000000000001,-0.1359999999999999,0.19260725593125555,0.03924035399027126,0.009903476900061256,0.019691666666666705,0.03567500000000004,0.011349999999999971,-0.009267268524303374,0.05005654007742275,0.05198893836392774,0.2808638836355728,0.06339208996489853,0.021876440902892313,0.017601532864344516,0.002492203951975358,True,True,True
Belgium,2000,1.0959999999999999,-0.14700000000000024,0.2123078029842035,0.05722126590944547,0.00577358216007523,0.013525000000000002,0.04018833333333334,0.02679000000000009,0.011759999999999993,0.04176678004181359,0.04767537316215185,0.19932655940736255,0.04851105994812088,0.005772203256861785,0.0112202503373664,-0.001599025652021191,True,True,True
Belgium,2001,1.082,-0.10999999999999988,0.19321503474096607,0.04470622706634887,0.006034084895796786,0.009808333333333294,0.030478333333333243,0.024350000000000094,0.015280000000000182,0.03528098814004956,0.042368102753095306,0.35163208466600127,0.047717129443988204,-0.018173966544382192,-0.011594861064695317,-0.017801749549679946,True,True,True
Belgium,2002,1.054,-0.10000000000000009,0.19180972880857952,0.05027698327203533,0.0128196149358836,0.0177666666666667,0.02765999999999999,0.015479999999999938,0.004129999999999967,0.045854604673290514,0.04096745761838456,-0.031238457810651377,0.020449813576456588,-0.022858021216536906,-0.026231602251660435,-0.026205050169522237,True,True,True
Belgium,2003,1.0170000000000001,-0.07899999999999974,0.15907345667105258,0.027975385610559685,0.02147320537039175,0.019608333333333294,0.023474999999999982,0.015169999999999906,-0.011620000000000186,0.03546573447462847,0.038867109095989526,-0.2545971979174514,0.028577999205584126,-0.03578103113069875,-0.039827979739409325,-0.03879098393877989,True,True,True
Belgium,2004,0.9720000000000001,-0.10999999999999999,0.1498773103160971,0.03858411793679671,0.011432798062684713,0.021425000000000003,0.025118333333333392,0.018569999999999975,-0.005780000000000118,0.032898726500909636,0.03807302188294288,-0.3425898844924843,0.027632520690915152,-0.015780692371348715,-0.023064935761343386,-0.02616650053573355,True,True,True
Belgium,2005,0.9510000000000001,-0.10299999999999998,0.12023842228430107,0.0050273864979018465,0.0014242821611248208,0.013583333333333305,0.014580000000000048,0.025369999999999893,0.009889999999999954,0.020936210839351432,0.029766890604963184,-0.0895268123345504,0.0006553760377285833,-0.003437139501471731,-0.017265160758851872,-0.022826314402084158,True,True,True
Belgium,2006,0.915,-0.10200000000000009,0.12976927903683694,0.03377639079919787,-0.008990233894350039,0.009149999999999998,0.015743333333333383,0.023279999999999967,0.008110000000000062,0.01928642384615148,0.024373787062137525,-0.016325730147229156,0.005846977293744393,0.018147109317136034,0.008963527409753924,-0.0006748498538116099,True,True,True
Belgium,2007,0.8730000000000001,-0.09899999999999998,0.14315886047915474,0.02909329169996416,-0.007085101283077662,0.004383333333333295,0.02101333333333336,0.018159999999999954,-0.00041000000000002146,0.019565274329999213,0.01992930300516738,-0.04929130057386766,0.011368736588704298,0.0626014585838982,0.06318216510016084,0.055761867015034716,True,True,True
Belgium,2008,0.932,-0.019000000000000017,0.15253235746124977,0.025539472272859104,-0.007883147412973107,0.007475000000000009,0.015400134754408015,0.044884595736776056,0.019514595736776164,-0.010058508793376964,0.009597729794257916,-0.14154852296874354,0.009090784530485285,0.12587468338734764,0.1423032591122707,0.14158677420457377,True,True,True
Belgium,2009,1.002,0.08699999999999997,0.15282219815059903,0.0005009279023185514,0.018361026781639752,0.0324166666666667,0.018020320351125035,-5.5556790151012336e-05,-0.02333555679015098,0.016572719952204065,0.008693161829608777,-0.08550088376841491,0.0037267560253233523,0.0821623162525773,0.11025121722129794,0.12134889955247707,True,True,True
Belgium,2010,1.003,0.12999999999999978,0.13128564702569506,0.004454600615465137,0.015142499647727924,0.030324999999999998,0.011903604254687856,0.02333514828931138,0.0051751482893114265,0.016238916120504487,0.007584375759777203,0.08384296926302559,-0.011372178731269056,0.031171923617764108,0.06643643614630756,0.09047974720248797,True,True,True
Belgium,2011,1.035,0.10299999999999987,0.16189542835409135,0.006698809260362544,0.020281362856242397,0.0322333333333333,0.0233999818302072,0.03352046301021794,-0.011364132726558118,-0.019397927483190056,0.004471236196506172,0.06268449516674868,0.002305349141684898,0.03158242807161615,0.07286009381866021,0.10756197770687814,True,True,True
Belgium,2012,1.048,0.04600000000000004,0.11238507720760434,-0.004112016572797347,-0.0012588400632205926,0.0287,0.002296290945264446,0.026255515864677337,0.02631107265482835,-0.0008131028678707839,-0.0013240380768521104,0.07711487583237386,-0.001380555341689238,0.00020345795818887957,0.03540575666727597,0.07840560784121431,True,True,True
Belgium,2013,1.055,0.052000000000000046,0.08956270618392632,-0.0003653267155365389,0.0071416834130493025,0.0236,1.4789461669023618e-05,0.012479652740097658,-0.010855495549213723,0.009547444512319283,-0.0035545286129138446,-0.03554295670833407,0.015540851949218615,0.0030377441712630127,0.014922339741275659,0.06130082710397167,True,True,True
Belgium,2014,1.07,0.03500000000000014,0.06450494165444332,-0.006904551822479912,0.005367788088869334,0.0166333333333333,0.002586929615445417,0.004904042548888654,-0.028616420461329284,0.0077170449921092595,0.0054837955455192605,0.07562741443937115,0.018330788225555672,-0.023397948249520573,-0.026597458220170234,0.014196350450637607,True,True,True
Belgium,2015,1.052,0.0040000000000000036,0.03357822354708076,-0.0039533953914307595,-8.724657791903123e-05,0.0106,0.0005393538502382507,0.006198243160298933,-0.020057272704378404,0.013830027213692277,0.01036483890604028,0.22377336555215455,0.01182133484476755,-0.003851712750242875,-0.0022577095559799254,0.019610117292868323,True,True,True
Belgium,2016,1.05,-0.004999999999999893,0.020068608899230702,-0.020535214710464253,-0.010669349149213057,0.01055833333333333,-0.004842487570319258,0.01770017700177018,0.005220524261672521,0.005515188858016439,0.009020753687939332,0.3118733702715901,0.0029079338348521055,0.04112415011425752,0.04251091213425684,0.05096985067035098,True,True,True
Belgium,2017,1.02,-0.050000000000000044,0.028942244937218784,-0.005247284630940352,-0.02005677197262341,0.014025000000000001,-0.008156626760845978,0.022246460120468825,0.01734241757158017,0.006983485001685203,0.008776233691131313,0.0023544730785838297,-0.015063924613671675,-0.0033924085833845208,-0.005186295192274093,-0.0032855535985071294,True,True,True
Belgium,2018,0.9990000000000001,-0.052999999999999936,0.030169405648241592,0.005689948429524058,-0.025385181329506668,0.01415,-0.013068229791629854,0.023108052252650557,0.016909809092351624,-0.008210786975693465,0.0014292956280027326,-0.05317066378061297,-0.008223765052963516,0.0144106120809947,0.01510671761742366,0.016754635969641773,True,True,True
Belgium,2019,0.9770000000000001,-0.07299999999999995,0.007660320099160477,-0.01759205392024034,-0.026850044804068322,0.007833333,-0.017346924283518972,0.012486259477437534,-0.005213917524332645,0.0016101842579821684,0.000127627427991309,-0.055983526497820346,0.0038708107359617383,0.026981232948050993,0.03646429212673863,0.040005118846279,True,True,True
Belgium,2020,1.128,0.10799999999999987,-0.0069193735220772715,-0.07394616566615198,0.0033816638999996963,0.004516667,-0.014774032595743435,0.004277787057142213,-0.017968673063326612,0.008511072151284308,0.0006368231445243438,-0.007960259955752558,-0.014325252673185629,0.0807288264999948,0.09945587692864588,0.10609374831428253,True,True,True
Canada,1870,0.2901202300052274,,0.359536058731275,0.00803239090701877,,,,,,-0.06419764058836293,,,,,,,True,True,False
Canada,1871,0.2810758420159922,,0.28704549752012537,0.013550573400348532,,,,0.02963909477645288,,-0.08664246806365944,,,,,,,True,True,False
Canada,1872,0.27721886876816454,,0.28776148649509503,0.00225769558538977,,,,0.09261575715780279,,-0.09901979635732715,-0.0832866350031165,,,,,,True,True,True
Canada,1873,0.2747027470274703,-0.015417482977757135,0.3008278664420529,-0.024530242917682573,-0.018945303481225598,,0.00865011726505556,-0.00801828784157188,,-0.09568688392842499,-0.09378304944980387,-0.17655132030856446,0.11111111111111116,,,,True,True,True
Canada,1874,0.2945417095777549,0.013465867561762657,0.262469045087703,-0.006054863557913513,0.008713635486671124,,0.025077033779350794,-0.026558820654283277,-0.056197915430736156,-0.10767944342725567,-0.10079537457100261,-0.11115543588215426,0.07843137254901955,0.0698494312376684,,,True,True,True
Canada,1875,0.33812154696132596,0.06090267819316142,0.27284094830857514,-0.0033484595599360747,0.05459610483464261,,0.07011611753543365,-0.043891004110445775,-0.13650676126824857,-0.08703685694836137,-0.09680106143468069,-0.05486309754696428,0.0,0.0351022084354658,,,True,True,True
Canada,1876,0.39364477116433494,0.11894202413686467,0.31807881224283713,-0.005183968875206328,0.10400763152697509,,0.06676727492157636,0.0,0.00801828784157188,-0.06825242488201674,-0.08765624175254459,-0.00974644046770301,0.09999999999999987,0.050725833281219934,0.07805320873046045,,True,True,True
Canada,1877,0.3795721187025535,0.08503040912479859,0.3215294952178607,-0.007720371859661738,0.09224583847754765,,0.07002374365495183,-0.03722072685440969,-0.010661906200126414,-0.061224395899663206,-0.07217122591001378,0.06293610748488132,0.11818181818181839,0.016061851670530092,0.037642368358183353,,True,True,True
Canada,1878,0.41015625,0.07203470303867404,0.3220170608788506,-0.002357202679972477,0.08878415841025328,,0.06173279381279764,-0.019329914583983254,0.02456108952646252,-0.06196280230148249,-0.06381320769438747,0.09758077664699472,0.2857142857142856,0.03526427762667739,0.05695403177305325,,True,True,True
Canada,1879,0.4088968771062682,0.01525210594193327,0.34432069965790385,-0.0011442942694909752,0.03906513135941198,,0.06451375943009423,-0.009198376851889734,-0.009198376851889734,-0.03778472211301494,-0.05365730677138688,0.10642184770674401,0.0826446280991735,-0.03602473682242957,-0.024505059864141476,0.0047740393240835455,True,True,True
Canada,1880,0.3858921161825727,0.006319997480019213,0.3232662370685285,-0.0066393319000393365,0.023185598011123635,,0.04029545103993107,0.02917768931607978,0.06639841617048947,-0.03795797939222416,-0.04590183460224053,0.021990015995484447,-0.0325203252032521,-0.002418789394171672,0.0039126369290027885,0.028905490275935364,True,True,True
Canada,1881,0.3340953050817654,-0.07606094491823462,0.237451885702723,0.005056561945123345,-0.059861625140224424,,0.015671679034591206,0.04411764943203633,0.06344756401601959,-0.050408922978992035,-0.04205054149474371,-0.0267071699307031,-0.13333333333333341,0.0030739072065806283,0.004167565449415933,0.01989285524459994,True,True,True
Canada,1882,0.30214897398610435,-0.10674790312016386,0.20850571982405136,0.009160783206878216,-0.07209583412343515,,-0.00833495823453407,0.06338028495548609,0.07257866180737582,-0.0657246499753589,-0.051363850782191696,-0.10458142148151017,-0.11450381679389321,0.02221907716193189,0.0220308863224013,0.034969497120563964,True,True,True
Canada,1883,0.3695829926410466,-0.016309123541526083,0.23146176288831694,0.0019309949675296954,-0.05304193544208891,,-0.0013820512718335023,0.00662246842797809,-0.02255522088810169,-0.07579387336945057,-0.06397581544126717,-0.1218306263190414,0.042016806722688704,0.011356880987490103,0.006752524794137793,0.010680329051788007,True,True,True
Canada,1884,0.42036910457963084,0.08627379949786546,0.27429399269895555,-0.02949424960668582,0.02608756874392966,,0.05386040350623862,-0.12499996390218004,-0.16911761333421638,-0.0699480669951143,-0.07048886344664125,0.021747620791828792,0.10256410256410264,0.00795658543846911,0.011763920492442237,0.015643137772337723,True,True,True
Canada,1885,0.45446348061316505,0.1523145066270607,0.2836700971293118,-0.012736121178116677,0.0828154964535936,,0.07637599815806732,0.0,-0.06338028495548609,-0.06953648952534493,-0.07175947662996993,0.07260977888051579,0.17241379310344818,0.030780684619912402,0.043057506968457226,0.04139786410018664,True,True,True
Canada,1886,0.4476547173176386,0.07807172467659201,0.2736138677986795,-0.034923628114429686,0.08399987719561997,,0.08033695710688027,-0.00751890741846073,-0.01414137584643882,-0.08104570267845838,-0.0735100863996392,0.07699200993728161,0.17741935483870996,0.026585282000448185,0.03635537856980192,0.0445474319498495,True,True,True
Canada,1887,0.42546228113238427,0.005093176552753431,0.25395213476663947,0.005450873215305865,0.03393602087618276,,0.017228927437528792,0.06060612610587435,0.1856060900080544,-0.07818012816736379,-0.07625410679038903,-0.08250083736502667,0.13178294573643412,0.009937499643251857,0.016920293499902372,0.02689773171408516,True,True,True
Canada,1888,0.4156750753609393,-0.038788405252225766,0.23449459356401964,-0.0011666125604571087,0.00358826891511806,,0.028728476216268586,-0.04285714733621937,-0.04285714733621937,-0.08065631822104889,-0.07996071635562368,-0.02468574246295896,0.07352941176470584,0.01581417239386329,0.024533029259735994,0.040729186472025614,True,True,True
Canada,1889,0.393412625800549,-0.05424209151708964,0.22485476363117676,0.006077200602032224,-0.005311798679767679,,0.02042348636142289,0.02238806214607636,0.02990696956453709,-0.09013968525070148,-0.08299204387970471,-0.054890055453015396,0.041095890410958846,0.012440533009434818,0.025254425819684068,0.036725490687428974,True,True,True
Canada,1890,0.37934053107674354,-0.04612175005564073,0.2254736606736795,0.01036076425827382,0.009421040308969512,,0.04870546624927174,-0.021897812557672203,-0.08250393866354655,-0.08651934072443279,-0.08577178139872772,-0.004496576584493206,0.07534246575342474,0.009368109751891396,0.017318264181204135,0.03024350586905239,True,True,True
Canada,1891,0.3724235963041933,-0.04325147905674598,0.23651217747566372,0.009823071406913703,0.011192483469381193,,0.03466258347053195,0.0,0.04285714733621937,-0.07054960519115003,-0.08240287705542809,-0.04523832820404505,0.04794520547945247,-0.009458936881725777,-0.007864908007932103,0.0047003215678697585,True,True,True
Canada,1892,0.37555333428530635,-0.017859291515242626,0.24840144806275916,0.005456610480001488,0.022787627718058798,,0.04217243785255741,0.0,-0.02238806214607636,-0.06508635769722328,-0.07405176787093536,0.0042461507826201395,0.10526315789473739,0.008635726684538603,0.012511577847113708,0.023467217298820675,True,True,True
Canada,1893,0.3927315357561547,0.013391004679411178,0.24368086154080723,0.009694846081719746,0.0434611729853281,,0.03719221026210566,-0.007462632786316981,0.014435179771355222,-0.059421929402937834,-0.06501929743043705,0.0007075249682622076,0.03184713375796222,0.01906482755659855,0.023885529377577652,0.031224607774455848,True,True,True
Canada,1894,0.42370279398219224,0.05127919767799893,0.26051768391193064,0.004364449039304184,0.06375197594489802,,0.06439040341973154,-0.08270682647287764,-0.08270682647287764,-0.05483020704286541,-0.05977949804767551,0.04022668800717066,0.11764705882352922,0.0339539138537554,0.03786601774376436,0.04521107886574782,True,True,True
Canada,1895,0.4436375118408589,0.06808417755555257,0.2680867038078566,0.00033923192136652534,0.08056440334647366,,0.07886568100877347,-0.04918033376712583,-0.04918033376712583,-0.050928454827617785,-0.055060197091140343,0.07227451799147278,0.05357142857142838,0.04306183190399443,0.049522200213251155,0.05880272626721017,True,True,True
Canada,1896,0.4416354556803995,0.04890391992424481,0.23958411567187674,0.0020215439694720033,0.06661456030851447,,0.05772100526158305,0.051724144455254306,0.05918677724157129,-0.04041247345185911,-0.0487237117741141,0.02113384406460872,0.14814814814814747,0.03159344781307177,0.04611333379710131,0.057366826601814025,True,True,True
Canada,1897,0.40027894002789405,-0.02342385395429819,0.2124317666317539,0.004035118269491115,0.012816421938083293,,0.02441978236193107,0.008196842226078305,0.09090366869895594,-0.024939262672553978,-0.03876006365067696,-0.038439705412655734,0.06432748538011701,-0.03526145498410316,-0.021085290580442728,-0.012077030240486897,True,True,True
Canada,1898,0.37561736417988034,-0.06802014766097858,0.2066488920296876,0.004681288113812676,-0.034683378608413334,,-0.004523758076302592,0.04065028754757516,0.08983062131470099,-0.043800658199154636,-0.03638413144118924,-0.10522178393259463,-0.028248587570621653,-0.03197086041100289,-0.024194766009058788,-0.012816067427238953,True,True,True
Canada,1899,0.3486682808716706,-0.0929671748087289,0.1848434031851593,0.0046471069819055645,-0.046074068454776976,,0.024134272214548013,-0.031249946417297503,-0.08297409087255181,-0.06293357482366443,-0.04389116523179101,-0.02888320677293832,-0.0752688172043009,-0.01299778918297917,-0.012130495078749692,-0.0004267246914042566,True,True,True
Canada,1900,0.3217985452942473,-0.07848039473364676,0.17165561257711628,0.0077941889243997396,-0.034909015019752035,,0.016113883816332802,0.03225800742072393,0.02406116519464563,-0.05556688271540309,-0.05410037191274072,-0.025006846555812756,-0.1373626373626371,-0.02833339084809705,-0.03824920341088006,-0.02969090193745666,True,True,True
Canada,1901,0.29978802866659937,-0.07582933551328097,0.1696551668085466,0.0034755857797133614,-0.035099658395897,,0.02705983175280366,0.007812443738162589,-0.03283784380941257,-0.054205113141401265,-0.057568523560156265,0.016994612105484475,-0.06395348837209291,-0.029417651802193634,-0.049378812895505275,-0.05031582089983655,True,True,True
Canada,1902,0.25187566988210075,-0.09679261098956987,0.14087276553735703,0.002018156228797611,-0.0500931589201139,,0.010475204507512426,0.01550393531857619,0.04675388173587369,-0.04787517673738544,-0.052549057531396604,-0.01830573657902901,-0.02868757215717954,-0.03202990402999878,-0.04630827019938566,-0.058057630010113215,True,True,True
Canada,1903,0.2469869292140553,-0.07481161608019199,0.12588133681683514,0.01386168273955454,-0.027923191382463564,,0.01968336271679439,0.007633532792878039,-0.024624474627845894,-0.06257861902134702,-0.054886302966711244,0.017702965619211808,0.08837968335964463,-0.06178611530507938,-0.07235698835543403,-0.09645691689197272,True,True,True
Canada,1904,0.24465085420467736,-0.05513717446192201,0.1335628876507009,0.006521999427140913,-0.0028086214796233765,,0.01923698626496259,0.015151573093658,0.007339129355495411,-0.080329834734321,-0.0635945434976845,0.009879248010257857,0.0713769207435051,0.0444577384808556,0.03115563529621379,0.011027374211916241,True,True,True
Canada,1905,0.22695556371648917,-0.024920106165611577,0.13456708774715573,0.0014404514082672678,-0.0027695629265936453,,0.020917365846673926,0.007462796573442176,-0.008041138745134013,-0.07724618319068881,-0.07338487898211894,-0.0013192507328362302,0.04463329224195833,0.033642424340232124,0.023271044305916033,0.008865226518950498,True,True,True
Canada,1906,0.19398387836686545,-0.05300305084718984,0.1144994144886677,0.003956803951475089,-0.034232578322894384,,0.016054523561515648,0.022222059648352888,0.014588526855474848,-0.08056570449280254,-0.07938057413927078,-0.025473663231913135,0.03702108591698461,0.03971457343163115,0.03961077307505395,0.03023553403557594,True,True,True
Canada,1907,0.18747830112255526,-0.0571725530821221,0.1525575750426869,0.00726705696286694,-0.04688607699286277,,0.012443175298509662,0.02898561788267595,0.013834044789017952,-0.09541334616982354,-0.08440841128443831,-0.0034412844801248177,0.030278228668289442,-0.008295023480782426,-0.0024997421338735504,-0.01107397503143387,True,True,True
Canada,1908,0.2285645180795743,0.001608954363085141,0.1298632174694264,-0.0024490530546469116,0.004725752269840445,,0.008888520272380823,0.021126761651828696,0.01366396507838652,-0.08287796598486026,-0.08628567221582878,-0.0250477512094065,0.023696734114008633,-0.02570727686089913,-0.007463314257431963,-0.01227650423520793,True,True,True
Canada,1909,0.2099766088233694,0.015992730456503956,0.15877042614015394,-0.018950655011172414,0.007341394226159471,,0.011399371870364227,0.020689504854402685,-0.0015325547939502027,-0.08679664241112785,-0.08836265152193722,-0.05923639008281156,0.004813071081815501,-0.0066759866657786215,0.002143575854446522,0.004896413582261672,True,True,True
Canada,1910,0.1923076923076923,0.004829391185137033,0.13413369002530665,-0.00013693609004686736,-0.0076747449117405,,0.01205220075343813,0.027027131233454238,-0.0019584866492217134,-0.11939579100360391,-0.096356799799864,-0.05763567464276054,0.008616719555914365,0.00929440696259165,0.004131750372100784,0.019163727657216245,True,True,True
Canada,1911,0.20732581049614907,-0.021238707583425248,0.1375843925442825,0.004981228447464538,-0.04768562296158399,,0.010322540011901738,0.02631574387643787,0.005188982224609173,-0.15074255596877079,-0.11897832979450085,-0.04554675907089156,-0.03846145169713577,0.02210014807173316,0.015261597941561178,0.025963227464812333,True,True,True
Canada,1912,0.18445005814186616,-0.02552655068150325,0.12166672226078583,0.006225640583232595,-0.042586909254678264,,0.0032617433042391245,0.044871894977390525,0.02418239012298784,-0.18184584959316338,-0.15066139885517937,-0.02485088001795499,-0.04585644197607819,0.019665666271365123,0.01915468036511464,0.025717479550743216,True,True,True
Canada,1913,0.2074297567414671,0.015122064433774812,0.13367582451357068,0.01764408105031441,-0.028045041374873354,,0.007045867636120841,0.030674758237809074,0.0036476270043548364,-0.156002024535805,-0.1628634766992464,-0.05517435884996169,-0.05444961620498445,-0.02039873548523269,-0.013536803725555935,-0.020037949175996828,True,True,True
Canada,1914,0.3062974761087969,0.09897166561264781,0.17925452790780727,0.0025251773140123612,0.02417622509628292,,0.011797569420733293,0.0060606385226005255,-0.020255105353837344,-0.11265962829869895,-0.15016916747588913,-0.026318936445787533,-0.007799095341909701,0.03788345974596208,0.047149687699375276,0.047402989015293495,True,True,True
Canada,1915,0.362270326564011,0.17782026842214482,0.278129937654878,-0.029016578308363114,0.029882253933931846,,0.019730782573172626,0.018072255520072522,-0.026799639457318003,-0.021132352815371985,-0.09659800188329197,-0.017304920407427704,-0.006890201198054724,-0.008375962176628837,-0.003014982994235804,0.0018908252661817837,True,True,True
Canada,1916,0.43482283282449813,0.22739307608303103,0.35219966772048483,-0.032973610644884195,-0.016610685366640787,,0.007342269379540557,0.08284029781870528,0.0521655395808962,-0.012618719705235293,-0.04880356693976875,-0.007273031108236294,-0.017036377459692664,-0.06210897533792065,-0.0648516467026316,-0.05856559813889661,True,True,True
Canada,1917,0.4686991157093113,0.1624016396005144,0.39397441831506635,-0.043544348880722325,-0.11748778977797622,,-0.045961265212410396,0.1839712422984534,0.17791060377585288,0.034679719189392846,0.00030954888959518895,-0.017188725771615676,-0.052701583415015074,-0.09473679715871824,-0.10806100500961696,-0.10961592312756163,True,True,True
Canada,1918,0.619030857679221,0.25676053111520997,0.5462534328911367,-0.04069918838047273,-0.10395295163365736,,-0.07852680883593828,0.1307688863906562,0.11269663087058368,0.001949556515784884,0.00800351866664748,0.04690932191517083,-0.007755179525620659,-0.04782063712604406,-0.06056100079018634,-0.07060104654146693,True,True,True
Canada,1919,0.681870220268352,0.24704738744385385,0.52337750437016,-0.050443544438733466,-0.03544766403513937,,-0.08302006830552949,0.09932007622747885,0.01647977840877357,-0.007020225622632877,0.009869683360848284,0.16164415442932478,0.0753967440340817,0.008628876189453794,-0.01495592589643463,-0.03145327164318873,True,True,True
Canada,1920,0.5838882412219172,0.1151891255126059,0.4875048321380659,-0.04361678126417415,0.004258004609036935,,-0.07180154329101471,0.15841566725490908,-0.025555575043544332,-0.037472885182554996,-0.014181184763134328,0.2537996761451804,0.13854073551542534,0.00757457307461501,-0.0242542741869341,-0.040892195528082764,True,True,True
Canada,1921,0.7408316559477638,0.12180079826854284,0.4067445971385764,0.018498379538280176,0.09940514031644598,,0.012774145075188037,-0.11965817870795203,-0.25042706509860824,-0.05094646922732322,-0.03181319334417036,0.1227294291855785,0.1376452585079695,0.05813885912273081,0.0454833908991405,0.022226673803390717,True,True,True
Canada,1922,0.7555681522945749,0.07369793202622288,0.44687711195314067,0.021155588376861288,0.08590689450020375,,0.0687981359264026,-0.08495189632616484,-0.1842719725536437,-0.019055750606113215,-0.03582503500533047,-0.02887066825951845,0.08379627178690008,0.003425018679934222,0.01336987131273365,-0.011174896568438064,True,True,True
Canada,1923,0.7066493974052203,0.12276115618330308,0.40327616386001824,0.028739752998614056,0.10415386674632476,,0.11781912286533588,0.0026527064381092202,-0.15576296081679986,-0.005656749792438027,-0.025219656541958152,-0.06369457760452857,0.08185416552779645,-0.015065380549531548,0.0003389483751333189,-0.020098027478975655,True,True,True
Canada,1924,0.7246473397756303,-0.01618431617213345,0.39312748096548106,0.043503586160910185,0.028309391355158076,,0.08216496004831442,-0.017195690256887608,0.10246248845106443,0.01569934633263172,-0.0030043846886398384,-0.013689440304259226,0.07646794994749939,-0.0359140196306415,-0.03240219932409011,-0.0340953303672345,True,True,True
Canada,1925,0.6485577596733191,-0.10701039262125578,0.44335326684686266,0.0312647868527707,0.003978816150131716,,0.049807164589957896,0.00942149004890469,0.09437338637506953,0.03577282120715457,0.015271805915782755,0.04189429355087526,0.03470211767362885,-0.05506174445954831,-0.05708078176352965,-0.050495047327790865,True,True,True
Canada,1926,0.6290322580645161,-0.07761713934070413,0.42502357766798177,0.035628686676572034,0.004546019615043438,,0.0474358836011732,0.010666549404463321,0.008013842966354101,0.01814673223187034,0.023206299923885548,0.008160653049180233,0.0060909323179973995,-0.02653678573148588,-0.04078604403323716,-0.03746580290131274,True,True,True
Canada,1927,0.57777378169394,-0.14687355808169034,0.3730892114839694,0.03440032889768028,-0.02170849988101184,,0.045520758805043936,-0.0171503158684998,4.537438838780883e-05,-0.007552598453515556,0.015455651661836453,0.012342465667055658,0.014547477576997814,0.014814829233069204,-0.003928407049474281,-0.006042964077810853,True,True,True
Canada,1928,0.5317355371900827,-0.11682222248323637,0.3354453392546336,0.032248882148760344,-0.012689600558784993,,0.045619024485398285,0.004026693007841642,-0.005394797041063049,-0.011900826446280991,-0.00043556422264206623,-0.018578087349230166,0.044269629654361875,0.022302264184952847,0.010763439737403069,-0.0019352672015398031,True,True,True
Canada,1929,0.5320084704349243,-0.09702378762959185,0.349914770783928,0.03784970320899169,0.006248099807355911,,0.04966370899842053,0.012032495865396564,0.0013659464609332428,-0.05668675680078188,-0.025380060566859475,-0.024225216219844525,0.05345016132787084,0.0390441191332368,0.0361216145357558,0.0232301619072659,True,True,True
Canada,1930,0.6078671328671329,0.030093351173192895,0.36881777932497173,0.03797251818181818,0.045152377435046194,,0.04414862122244692,-0.006605052540578971,0.010545263327920829,-0.06573426573426573,-0.04477394966044287,-0.049153654956707094,0.02644870535686361,0.0047911816348392144,0.013060227061799712,-0.0008067837269948863,True,True,True
Canada,1931,0.7960792669933945,0.2643437298033118,0.48776756556436124,0.019151080758576612,0.15268521851487746,,0.07749226227894677,-0.09840423016165789,-0.10243092316949953,-0.04922224589814618,-0.05721442281106459,0.18319118870798712,0.09167998936751354,0.04372969118296505,0.06097284055400082,0.05883225399421266,True,True,True
Canada,1932,1.0230728893550078,0.49106441892008357,0.5956344011329701,0.022634652595700057,0.2060858558553198,,0.11688502286423347,-0.0914457858904636,-0.10347828175586016,-0.043523859465128475,-0.05282679036584679,0.12638795096597244,0.1098076461973434,0.06420202543969955,0.08149146850806488,0.093044350488166,True,True,True
Canada,1933,1.1786941580756012,0.5708270252084683,0.6019355584719271,-0.009552306701030924,0.22836308908312072,,0.1244759584150936,-0.04707785919315932,-0.04047280665258035,-0.024054982817869417,-0.03893369606038135,-0.009242956984645945,0.09207729615869131,0.05739103020536501,0.07567262166908884,0.09921845952331221,True,True,True
Canada,1934,1.0828924162257496,0.2868131492323551,0.517925052292226,0.006186567397329312,0.10600027136291448,0.014100000000000001,0.0807316876930809,0.013628582004380219,0.11203281216603811,-0.011589821113630638,-0.02638955446554284,-0.1799030695414071,0.013958496533924558,-0.02024282325371457,-0.005221648284501723,0.019214317556358496,True,True,True
Canada,1935,1.0516159032783072,0.028543013923299387,0.42371261132001203,0.008648426412462207,0.018711046901689548,0.0189,0.04280885077051151,0.006722724877244568,0.09816851076770816,0.0013950244129272262,-0.011416593172857606,-0.10084955043077837,0.014293163557334898,-0.06435764629944318,-0.049460661913167225,-0.029761948199977184,True,True,True
Canada,1936,0.9842468709538195,-0.19444728712178172,0.36356187788985256,-0.005293020932239979,-0.04991076291061466,0.0212,0.016238435373089274,0.020033386999107394,0.06711124619226672,0.02416918429003021,0.004658129196442272,0.03226083286589643,0.016146296363568124,-0.09265586977389034,-0.08892396171103106,-0.07901839258628296,True,True,True
Canada,1937,0.8794123258920054,-0.20348009033374426,0.32384813596594153,0.012450603892386957,-0.05515988073115276,0.0245,0.012415790742677266,0.03109651589561624,0.01746793389123602,0.006678114863575654,0.010747441188844369,0.02874158934537241,0.06362435146860435,-0.0859112074281917,-0.1069001361438549,-0.10101249584011429,True,True,True
Canada,1938,0.9083839150227617,-0.1432319882555455,0.2863986388165861,0.024708788315629726,-0.03948348729813979,0.024999999999999998,0.010153009777792502,0.011111067771898853,0.004388342894654285,-0.011570561456752655,0.006425579232284408,-0.03238482324545888,0.06006536135984342,-0.037537386160273245,-0.07756407091518591,-0.0831230018029196,True,True,True
Canada,1939,0.9098025262408824,-0.07444434471293704,0.3218072849292794,0.019695900551503297,-0.030783409395919184,0.024500000000000004,0.020147216870366254,-0.007849234278613837,-0.02788262127772123,-0.010318448674613057,-0.005070298422596682,0.10410804285593955,0.07443544521715784,-0.010389234169962569,-0.04839461879752899,-0.06859297249195095,True,True,True
Canada,1940,0.9100253239982125,0.0306129981062071,0.35648022013364156,0.01067702472813942,-0.04774775862659676,0.025799999999999997,0.01852720264523372,0.03955655857101381,0.008460042675397572,-0.00804409354982869,-0.009977701227064796,0.09484993648136952,0.029859341431053288,-0.03650820051321996,-0.06400909617651523,-0.10578701372550864,True,True,True
Canada,1941,0.9158415841584159,0.007457669135654155,0.2695977799135626,-0.01718145387587539,-0.10323159306315427,0.0252,0.0006437375092502202,0.05936146317984936,0.04825039540795051,0.03465346534653465,0.005430307707364305,0.08221360056601013,0.039264769239221176,-0.05747336914108364,-0.07733852881211428,-0.1260352472546386,True,True,True
Canada,1942,0.9373599610326351,0.027557434791752655,0.1978004780215168,-0.009946080272771569,-0.16251714021400882,0.0252,-0.01817728897232828,0.04741384516612168,0.05526307944473552,0.0893326838772528,0.03864735189131959,-0.0206710875122037,0.06195804632693136,-0.0756798831345093,-0.0906844414646994,-0.13756383902827563,True,True,True
Canada,1943,1.1359811815796614,0.22595585758144898,0.16800899857675103,-0.15920495250158326,-0.12362817430591493,0.0253,-0.011435955660202998,0.01783255863463795,-0.02172399993637586,0.09626345788473717,0.07341653570284154,0.023828721339256287,0.13817921194320792,-0.061864435286151154,-0.08219369473586921,-0.11899780533772741,True,True,True
Canada,1944,1.3170999324780552,0.40125834831963936,0.16874738190872485,-0.17645562896691422,-0.06940526183302469,0.026000000000000002,0.006354418760335382,0.005390339918234233,-0.05397112326161513,0.07663740715732613,0.08741118297310536,0.07271498578929947,0.13711766889879562,-0.03638948826060939,-0.06764294407559529,-0.0977369966413825,True,True,True
Canada,1945,1.5546657675124336,0.6173058064797985,0.20108395135622253,-0.1701000779735312,0.014817442058486221,0.025600000000000005,0.019771598222336144,0.005362306780119397,-0.042051538386002285,0.12222877855517154,0.09837654786574494,0.0733744540269583,0.12453445513291772,-0.0015300217365616653,-0.031406959399539885,-0.06000361228565146,True,True,True
Canada,1946,1.5378207824989483,0.40183960091928683,0.1583141056008032,-0.13849505527976444,0.02912251579974585,0.022199999999999998,0.011404615841298654,0.033333505777750405,0.015500947143112453,,,0.05201787434009297,0.1128350002814118,0.014610010084178116,-0.004213178030139542,-0.03672889874973856,True,True,False
Canada,1947,1.3161137088992796,-0.0009862235787756468,0.1509168439001567,0.061425673643583464,-0.001874783698863569,0.021500000000000002,-0.018696277076753132,0.0941930186723896,0.08880267875415537,,,0.13544797673996167,0.10813008045454575,0.026597592250166807,0.021120223971095753,-0.010599285932413244,True,True,False
Canada,1948,1.12966664517377,-0.42499912233866355,0.18300602150256512,0.07559552631835478,-0.06086212311140732,0.0251666666666667,-0.06129632807470387,0.14416245977397169,0.1388001529938523,0.028287056322831402,,0.022243664460467105,0.06747216097343345,0.00812257785708298,0.012141373692523855,-0.01230091957460902,True,True,False
Canada,1949,1.033095238095238,-0.5047255444037102,0.18580282312744864,0.06401313598527164,-0.0692195918657432,0.023883333333333298,-0.06138508128002227,0.031999765393705415,-0.0013337403840449902,0.009954627716477718,,-0.0050708279426896485,0.019757696237403533,0.0014126071922690997,0.009933473673754523,-0.0008045938092119398,True,True,False
Canada,1950,0.894348486186028,-0.42176522271325156,0.19960612047341264,0.018678881038517392,-0.04952489420185034,0.02309166666666667,-0.04005103308391013,0.029715874084053295,-0.06447714458833631,-0.015505343622497985,0.00757878013893705,-0.16918144791300072,0.02202158603162796,0.008872925406761184,0.016962308157887407,0.017647917838015392,True,True,True
Canada,1951,0.7799024821025813,-0.34976416307118874,0.19360212142958147,0.015726763802188567,-0.04861208376635623,0.024425,-0.022960452035493434,0.1041407166287216,-0.04002174314525009,-0.021615138805301255,-0.009055284903773836,-0.14111854537312896,0.06066537551400075,-0.005799488787855384,-0.001546837944225471,0.006442369197529635,True,True,True
Canada,1952,0.7139947299070062,-0.3191005081882319,0.16086162815599922,0.03529633886774033,-0.057624590800965624,0.024966666666666602,-0.017318802033733552,0.02499981538842566,-0.006999950005279754,0.007617281142945372,-0.009834400428284618,-0.1775886521627198,0.09578481255375548,-0.005626742213993091,-0.006266112977615146,0.0021620735822787396,True,True,True
Canada,1953,0.6848274354146497,-0.20952105077137828,0.15357573083104858,0.026264967753186857,-0.03726698752243639,0.0199583333333333,-0.003040472104327445,-0.008869115704164932,-0.03858498978821823,-0.017258446400515777,-0.010418768020957217,-0.07965779388457028,0.1289501789063352,0.009753419202076452,0.009224465496740913,0.016050791830559158,True,True,True
Canada,1954,0.6958835382148741,-0.08401894388770714,0.13337014707861308,0.023826278481372636,0.019567379905647483,0.017500000000000005,0.024517073411890068,0.0055930800800689795,-0.09854763654865262,-0.01638133989040485,-0.008674168382658413,-0.0379097466433288,0.13337970635736873,0.008936571791224063,0.01117990784230466,0.013577821470457246,True,True,True
Canada,1955,0.6773218524944938,-0.03667287741251235,0.14535043758778735,0.026436767679226886,0.017547830871051794,0.015208333333333397,0.03171711940633349,0.0022246774050955764,-0.022775137983330085,-0.023780960301685677,-0.019140248864202097,0.039394694843281064,0.11086318884196422,0.018848799814698697,0.02020919601460658,0.022403229714003464,True,True,True
Canada,1956,0.5952623229169858,-0.08956511249766397,0.1601505624656194,0.022583699513320815,-0.0026889347863601545,0.006999999999999999,0.028834553435789476,0.014428582207467011,0.023297697911631943,-0.04233585223548204,-0.027499384142524185,-0.021433013003965384,0.08866851996300151,0.007131695680399952,0.009980558534989165,0.01268185397572072,True,True,True
Canada,1957,0.5873900899692311,-0.108493448245643,0.16297956553545437,0.031617703774956804,-0.018536230650609005,0.0035083333333333078,0.024889864048150596,0.03200214824298553,0.02640906816291655,-0.043923809765943365,-0.03668020743437035,0.01636636619421994,0.08164041251285137,-0.0020493919269424232,0.004516280713552284,0.007416312587041979,True,True,True
Canada,1958,0.6430791243888007,-0.034242728105693176,0.188613386302658,0.025600221973923577,0.0015280602776664987,0.018949999999999998,0.017297857362697688,0.026150697461454486,0.02392602005635891,-0.03282243235324078,-0.03969403145155539,-0.03185066150091953,0.06750591921201177,-0.005089409504800663,-0.0005875873265417941,0.003109169224075309,True,True,True
Canada,1959,0.6540767181876646,0.058814395270678776,0.2644326752303691,0.01710766947305238,0.02055126642074342,0.0026500000000000065,0.027778523340596276,0.010761584273771163,-0.003666997933695848,-0.03748265808207264,-0.03807630006708559,-0.005644176744308171,0.06115349207996701,0.005143170950074383,0.007338065670542654,0.012816411261347915,True,True,True
Canada,1960,0.6612025015631332,0.07381241159390206,0.23578205886353984,0.028651784100694553,0.025660557751493,0.019833333333333293,0.035173266000784895,0.013117920262419647,-0.018884227980565882,-0.029974621696133224,-0.03342657071048221,0.012965753044390738,0.030707630501727978,0.0092899718644672,0.009386542680662191,0.015551076983961826,True,True,True
Canada,1961,0.6865386839480004,0.04345955955919978,0.2389761197244857,0.013230257824060579,0.028507183571453504,0.0223416666666666,0.03961190394662764,0.008659783623926165,-0.01749091383752832,-0.027408698903921048,-0.03162199289404229,0.08482827196923948,0.0456114379142154,0.04173651794158423,0.04393908807234101,0.05088456449123838,True,True,True
Canada,1962,0.6792083011840443,0.025131582996379742,0.25461785539406273,0.019852368856943615,0.01694899149057054,0.010608333333333289,0.039945628168080456,0.01178541160941271,0.0010238273356415473,-0.025404857531579148,-0.027596059377211133,0.13484396840469648,0.03612707064065934,0.039272355702836964,0.047067523562150854,0.053059037429249695,True,True,True
Canada,1963,0.6663331853574115,0.005130683794278279,0.23877543025254847,0.03170549547804546,0.007491009095202776,0.015283333333333302,0.03818748356606352,0.017692354068470584,0.004574433806050937,-0.018444232379958302,-0.023752596271819488,0.08162988454856257,0.06669820835680529,0.04338047964699843,0.05764345907763327,0.06647827685512986,True,True,True
Canada,1964,0.6321603705631217,-0.05437831338487875,0.21765506229987147,0.037174111529615556,-0.007411332581224395,0.014349999999999995,0.036040830543856636,0.01792474269054689,0.009264959066620726,-0.009011334221228217,-0.01762014137758855,0.019189565062202707,0.058061593701670855,0.038973235498171166,0.057385283060315845,0.07063010510417295,True,True,True
Canada,1965,0.5942858442668356,-0.08492245691720868,0.20830101512922494,0.04362440703197472,-0.010584525624805531,0.012241666666666602,0.03200763317656172,0.02461000371129729,0.01282459210188458,-0.029872078148768907,-0.0191092149166518,-0.020173623819428443,0.06457554559035361,0.04403469118602976,0.06693962692740424,0.08757844532263265,True,True,True
Canada,1966,0.5816733635313608,-0.0846598218260507,0.22885446034393336,0.04138951033308513,-0.020184557202195023,0.006950000000000005,0.03026364498796184,0.03737431863427032,0.019681964565799737,-0.02560888570020869,-0.021497432690068596,-0.017407135648095484,0.071095395850451,0.018594370748438727,0.038487361130187636,0.0635186805999875,True,True,True
Canada,1967,0.581189577236621,-0.050970793326500674,0.23472092923022808,0.03603291397790025,-0.012421119201468732,0.012958333333333308,0.02679559130309761,0.03572890374513937,0.017804161054592482,-0.019217270637659784,-0.024899411495545785,-0.01706620931048486,0.09265763108967384,0.01693364106807843,0.032901467492530145,0.061684800167843945,True,True,True
Canada,1968,0.5740182975091627,-0.02026754675767295,0.2575527863885679,0.04058217969878331,-0.00908062215572246,0.004808333333333303,0.029497009354696783,0.04085574955649984,0.016245745845202553,-0.013391267111604497,-0.019405807816490983,-0.015280842994337962,0.1037248652853826,0.014502126071062549,0.028539860112577642,0.05499809530276972,True,True,True
Canada,1969,0.5547046206719948,-0.026968742859366013,0.25713799288425626,0.05670251611545167,-0.0028613291616360337,0.003916666666666596,0.035285400798598036,0.045084144302566465,0.007709825668296144,-0.024126142441291933,-0.01891156006351873,-0.007439300400076343,0.11020252867315761,0.014999784441387054,0.026284965063807675,0.050480089128910444,True,True,True
Canada,1970,0.5783426367359605,-0.0028469405006604775,0.2899131635414403,0.032107983180919356,0.004586144783655349,0.0192166666666667,0.03925806117994124,0.03366092260110998,-0.002067981144029396,0.0053547557372246165,-0.010720884605223928,-0.03143498668916023,0.11870666217649228,0.010663495577999116,0.01654325710242338,0.03561344853705345,True,True,True
Canada,1971,0.5900380832017474,0.016019785692584776,0.31260577219756686,-0.00887592215574274,0.007417253718069061,0.03385,0.033771413640084076,0.028365692176071322,-0.012490057380428521,-0.010228119956240045,-0.009666502220102445,-0.021502482494248132,0.14117131411104067,0.02651917037982532,0.033100764797469706,0.050358902468822575,True,True,True
Canada,1972,0.577782652697601,0.02307803202560621,0.2522516988359519,0.019789916160980876,0.00430779604435555,0.0367083333333334,0.03572436227676575,0.04775029839252154,0.002666154089955075,-0.021066926779359365,-0.008646763666124923,-0.050321261598419764,0.14275170961479589,0.04557241797352268,0.05669255454663119,0.07055647975235324,True,True,True
Canada,1973,0.5333536181143088,-0.04498901862165172,0.21379097965343777,0.04357214586159147,-0.028022772636985507,0.020908333333333307,0.024864525166346213,0.07611543393236841,0.04245451133125844,-0.015386720647310628,-0.01556058912763667,-0.02859483636570559,0.1051537615552891,0.05947088685805407,0.07380443638409179,0.08980786106903138,True,True,True
Canada,1974,0.5045328403284655,-0.08550524287328198,0.22089785041624482,0.0495441966861632,-0.043511052858244775,0.010791666666666713,0.011528943609855805,0.10864743684554257,0.08028174466947124,-0.02861548299792062,-0.021689710141530195,-0.03613938587648946,0.07069113185141118,0.051170034878256776,0.0691945974875986,0.08773913915680431,True,True,True
Canada,1975,0.5083494474006666,-0.06943320529693442,0.23564231160699387,0.030388357660689785,-0.04633393986263594,0.016399999999999998,-0.007282008050881458,0.10813315337473339,0.06038285498221185,-0.04679052819537053,-0.030264243946867248,-0.0058390825597226526,0.08134539578152289,0.05059511258238175,0.0751936035513131,0.0992318562673542,True,True,True
Canada,1976,0.4365866299749812,-0.0967669881393276,0.21540300933854237,0.03337622263703456,-0.034275376590363255,0.003083333333333299,-0.005528992114111966,0.07508138612205983,-0.0010340478103085804,-0.037420392858833924,-0.03760880135070835,-0.016628658913124705,0.1307093168926814,0.046321702272121956,0.07478185073931803,0.10264241538870206,True,True,True
Canada,1977,0.45150165239412543,-0.05303118793434003,0.2337905595592654,0.009299845881507656,-0.023315328065031643,0.013683333333333297,-0.0007083007160219174,0.07991036265127249,-0.028737074194270074,-0.033674941656165754,-0.0392952875701234,0.05485345032791278,0.1336360076716343,0.05227066361140975,0.07931052502706182,0.11368297315398262,True,True,True
Canada,1978,0.48022659676102847,-0.028122850639638097,0.26947125556508955,0.009316802380612901,-0.024207025656595174,0.005941666666666692,0.011326617127660907,0.08912839984368492,-0.01900475353104847,-0.03852992393182744,-0.036541752815609035,0.11854357531472548,0.06861911884178484,0.06299571405007909,0.0875796917235957,0.12699636572618,True,True,True
Canada,1979,0.4527896995708154,0.016203069595834174,0.2758007632380402,0.020787126105194013,-0.022899342161590078,-0.014741666666667014,0.015305283810648468,0.09144538607309616,0.016363999951036323,-0.034057985225337456,-0.0354209502711102,0.13119674863990038,0.006245525660452778,0.06787827255421852,0.09429597509478782,0.13630405948459423,True,True,True
Canada,1980,0.4563178663072744,0.004816213913148959,0.3198090342877617,0.03209048914396902,-0.009982008528532316,-0.0030916666666659792,0.03070673322470216,0.10183101440911346,0.02192065175784097,-0.02253571559614085,-0.03170787491776857,0.09210587245908108,-0.020050239404834858,0.06042515920008884,0.08958477051263103,0.13003551064348084,True,True,True
Canada,1981,0.46932890355905743,-0.010897693201971037,0.40805620569298834,0.044630647595214984,0.0020509234005743754,-0.025008333333332994,0.046224888749510376,0.12462393326926025,0.03549553342557532,-0.040346484590332,-0.03231339513727009,-0.0149331881204402,-0.007831533590767492,0.07346598192266895,0.10560510974411086,0.1473164614175454,True,True,True
Canada,1982,0.5266845731086246,0.07389487353780921,0.43924196740929344,0.020106344070018045,0.036903699942355386,0.005983333333333007,0.03106212349014341,0.1080336818511951,0.01658829577809895,0.005689616671463731,-0.01906419450500303,-0.010800932545242392,0.0037518508666780637,0.015073499373366106,0.045531297952640104,0.08654659512182705,True,True,True
Canada,1983,0.5840257224976494,0.127707856190375,0.42219492811630965,0.0026191790602235476,0.04263909388952612,0.024816666666667,0.02097695312804633,0.05816152549540665,-0.04366948891370681,-0.007450885956932609,-0.014035917958600284,-0.04412814724694092,0.015601329267965536,-0.04005727815644544,-0.018469454468690416,0.01996170118528684,True,True,True
Canada,1984,0.6167393648520737,0.14741046129301627,0.48442345402411824,0.00580386804242293,0.051937906012525695,0.016916666666665997,0.05764718973158782,0.0433882234586338,-0.08123570981062644,-0.00392890466886193,-0.0018967246514435933,0.04898857003839896,0.02329380649495505,-0.03728472049780296,-0.027203081909611737,0.005398653105770257,True,True,True
Canada,1985,0.6686944356084424,0.14200986249981784,0.4525084609937408,-0.0019601781977449106,0.03317571161955672,0.016141666666667,0.06342196759133789,0.039509348271946854,-0.06852433357924825,-0.01631889419641525,-0.009232894940736586,0.11266083063541132,0.012805309012484667,-0.022546032267878657,-0.022701372885274518,0.0018054421150308642,True,True,True
Canada,1986,0.7099854407413845,0.12595971824373509,0.39535775803324197,0.012979216962586387,0.03218609443621458,0.0054916666666667,0.05365452419970585,0.04173885567030178,-0.016422669825104874,-0.029756359643948634,-0.016668052836408594,0.0763275349368735,-0.010682323627489443,-0.006396771525695066,-0.021328016886335344,-0.007795927558141069,True,True,True
Canada,1987,0.7144908373457096,0.09775147249363592,0.4134535167940829,0.02559408090560169,0.02972592743805276,0.018041666666666692,0.05786774715804332,0.04364855458362138,0.0002603311249875784,-0.031031461030946554,-0.025702238290436802,-0.052488127182146904,-0.023290713267115404,0.012681926452320358,-0.0056688958471727835,-0.0025845936107278256,True,True,True
Canada,1988,0.7108355166126499,0.04214108100420744,0.4215585204831573,0.030119573992187176,0.02992444408775201,0.007416666666667016,0.060370286399865636,0.04022673054648096,0.0007173822745341063,-0.02908068834089365,-0.029956169671929603,-0.1770491499982495,-0.02263057516421485,0.02949384608168315,0.0263983104593718,0.016981465723021616,True,True,True
Canada,1989,0.7224708709375305,0.012485430196146008,0.41749622236272305,0.029998659117257846,0.03192475349464825,-0.021341666666666995,0.054591551273726543,0.04995006104871802,0.008211205378416242,-0.038300370412245995,-0.032804173261362056,-0.17694222147941374,-0.00711841541824465,0.04719430711779293,0.05618837632096452,0.04458824085202484,True,True,True
Canada,1990,0.7518991176916141,0.03740828034590449,0.46075493327588013,0.033423993066854694,0.04737867186819471,-0.019566666666665997,0.0625754444297445,0.04764687511556853,0.003998320531947153,-0.03379869106296846,-0.03372658327203602,-0.11471827609165963,0.006018339670207817,0.051506878687846314,0.06495078579146751,0.06178944006287035,True,True,True
Canada,1991,0.8233953487693455,0.11255983215669563,0.4374563367891003,0.028194203877000383,0.06410231423680186,0.010375000000000023,0.0463920212785711,0.05615199999999998,0.01592526945351902,-0.03766756025496848,-0.03658887391006097,-0.053384021585569985,0.0021326154007836884,0.057106734046068364,0.07666468877586152,0.08823050715047587,True,True,True
Canada,1992,0.902315555047967,0.17984468411043653,0.4265450268452551,0.028931785825083364,0.07615383309634388,0.0218,0.048030895442115064,0.015058438558086307,-0.03489162249063171,-0.038426542097199735,-0.036630931138378876,0.08944372824881808,0.013917841766608818,0.04752068692403488,0.07275361188766505,0.09489582499440119,True,True,True
Canada,1993,0.9632376399920791,0.21133852230046501,0.4277208107758565,0.021756074473148625,0.06852334794181371,0.03001666666666669,0.04857513714494152,0.018414150007089125,-0.029232725108479407,-0.039617026531075586,-0.03857037629441459,0.13809175354766112,0.009144881133144711,0.02476412091749436,0.0503322846574219,0.0778260324198281,True,True,True
Canada,1994,0.9796179137160075,0.15622256494666198,0.4957144457547664,0.039678241031126014,0.059930859059598204,0.030933333333333306,0.07454150096043705,0.0018529085535132772,-0.0542990914464867,-0.02463313602266359,-0.03422556821697963,0.25726206029885845,0.01243390953954071,-0.0012926745468808676,0.018792731875210245,0.049065480237444614,True,True,True
Canada,1995,1.016010098392697,0.11369454334472995,0.4861770695409583,0.045578077977729566,0.04864244131623763,0.013883333333333303,0.0688253763584629,0.02168181236400879,0.006623373805922483,-0.008308437408359562,-0.024186199987366236,0.10433539116766011,-0.013160520210053206,-0.032233677238015734,-0.02040026294639785,0.008419192538436482,True,True,True
Canada,1996,1.0171927577240745,0.05395511773199535,0.4310542466082337,0.055137878614504574,0.04984466620312799,0.0329666666666666,0.06198680422068912,0.01560486642041048,-0.002809283586678646,0.0038675847137857643,-0.009691329572412451,0.06804541915325535,-0.004443924240790986,-0.019932361814969046,-0.017302951431589886,0.005534956950394299,True,True,True
Canada,1997,0.9631791266441836,-0.01643878707182389,0.3320836993834489,0.06883710902577733,0.038211728442159955,0.03165833333333339,0.04644120593794593,0.016114703401743036,0.014261794848229759,-0.01415898746429952,-0.006199946719624427,0.03782644209080188,0.025572311630370992,-0.012064082521794806,-0.01862978578607133,-0.0038766598223751725,True,True,True
Canada,1998,0.951645567683418,-0.06436453070927894,0.28110570325585715,0.059957051133227614,0.027113966885742705,0.00734166666666667,0.040786195688298575,0.009871843112950751,-0.011809969251058039,-0.014644718426874145,-0.008312040392462623,0.14353011921427616,0.05726519431684829,0.014927183096802632,0.005400841295813974,0.011257582013430967,True,True,True
Canada,1999,0.9136915092102222,-0.10350124851385223,0.2835745935204432,0.06086635093759836,0.0064497052966847115,0.009710833333333335,0.042430626047613496,0.017446575342465742,0.001841708922055263,0.0012104996380956673,-0.009197735417692653,0.06738985473754444,0.05571981519964475,-0.018621041924385073,-0.028071389616873166,-0.031902755188784826,True,True,True
Canada,2000,0.8212687062792537,-0.14191042036492985,0.2621490403384151,0.06671617018717645,-0.002721273284174229,0.003959999999999998,0.040629167631611535,0.027369078649748912,0.011254375248005877,0.025084588189374986,0.0038834564668655154,0.06430788928399611,0.05288472287605828,-0.04627143881799989,-0.05186724602017223,-0.06432394854937795,True,True,True
Canada,2001,0.8265914473019219,-0.1250541203814961,0.27203342695655097,0.05927646774984979,0.0012163312150691996,0.020139166666666694,0.03452716731584099,0.025077844060262366,0.015206000947311615,0.021926577958265626,0.01607388859524544,0.05466190762615608,0.023685798257087498,-0.02774785133261415,-0.032629696598847624,-0.04802736739525337,True,True,True
Canada,2002,0.8055399187270418,-0.10815159048318046,0.2762159589563088,0.05332755666904054,0.007950752279408509,0.03075916666666667,0.031548916328402454,0.02275632830478136,0.005309752962315617,0.016558176650830116,0.021189780932823588,0.09751726658931359,0.005273934355827903,-0.017804943748899738,-0.026277599374026406,-0.03847070597471314,True,True,True
Canada,2003,0.7656183155768953,-0.05565039070235844,0.24961943561425354,0.043914584910692736,0.016869146446001737,0.0240825,0.027698609211652094,0.02742,5.092135025108746e-05,0.01074601862949999,0.01641025774619859,-0.14550944666972498,-0.029149864119739743,-0.008412744517466653,-0.024514035019606473,-0.03501542075308772,True,True,True
Canada,2004,0.7260071608622163,-0.10058428643970563,0.23231361694718838,0.044690431694951446,0.011859683137371492,0.028609166666666675,0.02794778191103334,0.018405325962118635,-0.0066725180981437315,0.02093707905590314,0.01608042477874443,-0.24654511990572803,-0.0027708368876294687,0.007798103259507805,-0.006907955538590138,-0.016666374648743876,True,True,True
Canada,2005,0.7160815084671124,-0.0894584102599294,0.19912253167189725,0.031675558131302135,0.0072364481988001425,0.016597500000000032,0.02114771198253466,0.022306538090277384,-0.0004497902145039756,0.01796656703730749,0.016549888240903556,-0.25158878461594736,0.03184231526307313,0.014746841046862857,0.013049993253488434,-0.0019386237250014204,True,True,True
Canada,2006,0.7025527352704934,-0.06306558030640186,0.19209696375994845,0.03809511201839115,0.003406783052513851,0.002649999999999965,0.02269622987434551,0.02017444632456744,-0.007245553675432559,0.014007728926639306,0.01763712500661666,-0.06939739169884385,0.06579879693444157,0.026684612302165567,0.03130183438810252,0.018678654497048086,True,True,True
Canada,2007,0.6651826078770181,-0.06082455298519818,0.18263568630912483,0.0381678356366965,0.003331937791390481,0.001833333333333298,0.02208772455358554,0.02130584192439855,0.002900515962279915,0.00692119865980493,0.012965164874583922,-0.1539924547373378,0.07048641068752914,0.04784500457074359,0.05534067541636756,0.051927849064143605,True,True,True
Canada,2008,0.7111408254117143,-0.004940683055398076,0.1950920035448893,0.028474211550006616,0.009738225082143143,0.016499999999999997,0.01862348399776504,0.023849259757738883,0.0015427216674614996,0.002348590878993667,0.007759172821812647,0.08681876464083693,0.05517521213739873,0.05274239310406392,0.06705283075689039,0.07505850093419408,True,True,True
Canada,2009,0.8330140583458961,0.1304613230754027,0.22187719012102375,0.01358069176357115,0.03273369766305001,0.035408333333333306,0.022857579244384415,0.002997160584709224,-0.017177285739858217,-0.02715870163646523,-0.005962970699222199,-0.0887184064791875,0.03930468045320534,0.07992474767399826,0.10206923993194661,0.11964943934254868,True,True,True
Canada,2010,0.8395317516594774,0.17434914378245925,0.2193988946351572,0.002735491210922019,0.02813938900460787,0.030600000000000002,0.021728421266366184,0.01769331585845335,-0.0036125260659451985,-0.03494198056949296,-0.019917363775654826,0.01952939551826982,0.014359313926344486,0.058086902803225815,0.08515180849154325,0.10970435631831743,True,True,True
Canada,2011,0.8177793009605633,0.10663847554884898,0.18725077347082755,0.01132308878921814,0.01590296878398202,0.02292500000000003,0.015609010892988905,0.02890749087787081,0.0050582311201319285,-0.028630141968691094,-0.030243608058216413,-0.1705106695827654,0.008182259413041626,0.05180976646247648,0.08290865601950825,0.11466965912331195,True,True,True
Canada,2012,0.8540521814513018,0.02103812310540565,0.14231721066218195,0.008880928398134652,-0.007638174708472167,0.0135916666666667,0.002684684888173465,0.015295138599155544,0.01229797801444632,-0.03517535120252305,-0.03291582458023568,-0.04229523685830883,0.01377029813368047,0.05446345132392938,0.08602550541191911,0.1246386683308165,True,True,True
Canada,2013,0.8612908838862671,0.021759132226789712,0.16800334647327667,0.01727843289190799,-0.00408108822208646,0.01749166666666664,0.009367142821403461,0.009245942058763168,-0.008447373799690183,-0.03250322838473532,-0.03210290718531648,0.07783767371019912,0.03185954277251479,0.039768222698440714,0.07006327929448075,0.11264205349612288,True,True,True
Canada,2014,0.8557941308277416,0.0380148298671783,0.15922396256958957,0.026066153908620857,-0.0018255570119021028,0.016874999999999966,0.01140232164822898,0.01920195439739425,-0.009705536480476562,-0.024346888789387636,-0.030675156125548653,0.1463764363259965,0.042395189786830434,0.030966129238532147,0.05407325719098022,0.09699158696225241,True,True,True
Canada,2015,0.911923036151285,0.05787085469998321,0.12624083548454776,0.022431767683644036,0.001330599272123787,0.015200000000000071,0.007022080824079071,0.011185861071605574,-0.0041092775275499704,-0.038031069370412784,-0.0316270621815119,0.38218019875018716,0.0361476026939902,0.06988065956227507,0.09188637754583773,0.13556483021348853,True,True,True
Canada,2016,0.9173260397870192,0.05603515590075214,0.11316052752094881,0.01530943075944546,0.0009475051640656026,0.013041666666666698,0.0031267102827013237,0.014357053682896304,0.005111111624133136,-0.03132973092478343,-0.031235896361527935,0.24555021347496542,-0.004867295281156592,0.06916733023120292,0.09516011366407906,0.1345866215810626,True,True,True
Canada,2017,0.8884123961000466,0.03261826527230505,0.1314259385107749,0.018052292604720147,0.0007580137377681262,0.014708333329999998,0.007950308840265019,0.016031158714703064,-0.0031707956826911854,-0.02709609861842035,-0.032152299637872174,0.07565989326193656,-0.00836182046078604,0.04824088344709754,0.07304392498915324,0.11086606655394815,True,True,True
Canada,2018,0.8883185847054099,-0.023604451445875085,0.13532166234498477,0.023680072948339164,-0.006049141506802358,0.009233333333333336,0.005560695541609144,0.022679700977573214,0.01149383990596764,-0.025158649814621615,-0.02786149311927512,-0.008851928865914238,-0.003787364356186318,0.043787010210712296,0.06965437991229761,0.10597415113459197,True,True,True
Canada,2019,0.8682055574212624,-0.049120482365756835,0.10059591421852483,0.011142973400253295,-0.009607461652256018,0.0006999999966666691,-0.002142866219005172,0.01949273895473924,0.005135685271842938,-0.02002554696291634,-0.024093431798652754,-0.021865518960149433,0.023924990723916517,0.03274157059400373,0.06362176834494204,0.10031088979179048,True,True,True
Canada,2020,1.17459527734755,0.28618288124750346,0.08276310387962917,-0.09552851687501254,0.017240234756308905,0.006566666663333335,-0.005689151280369561,0.007170013898796235,-0.00886114481590683,-0.017034628872064094,-0.020739608549867335,0.030515024944833602,0.04047646449255571,0.09688094146059179,0.12653112984899761,0.16682236343743018,True,True,True
Denmark,1870,,,,,,,,,,,,,,,,,False,False,False
Denmark,1871,,,,,,,,0.07954551108678576,,,,,,,,,False,False,False
Denmark,1872,,,,,,,,0.043956138017493096,,,,,,,,,False,False,False
Denmark,1873,,,,,-0.025140099866678166,,-0.016685711527103526,0.05555548547703171,,,,-0.22100834229856403,0.03735131216262655,,,,False,False,False
Denmark,1874,,,,,0.00943647952991137,,0.026496150398144305,-0.05000007468895773,-0.1295455857757435,-0.011124845488257106,,-0.09665099524602838,0.2804298829777663,0.04819343128974385,,,False,False,False
Denmark,1875,,,,,0.06686287378979187,-0.010549999999999997,0.07024427969375324,-0.08653824986933367,-0.13049438788682677,-0.011138613861386136,,-0.03411040428413059,0.4410495907459524,0.06472694991002675,,,False,False,False
Denmark,1876,,,,,0.09436451716486494,-0.012249999999999997,0.10592947020881342,-0.050000086068148875,-0.10555557154518058,-0.004807692307692308,-0.009023717219111849,0.11528572443453333,0.38031573336273783,0.06115844227164363,0.08322766432682632,,False,False,True
Denmark,1877,,,,,0.11667251467755521,-0.011200000000000002,0.11031473611958154,-0.05940587242126205,-0.009405797732304322,-0.019404915912031046,-0.011783740693703165,0.20664091864547185,0.2251345976172736,0.06242489082625374,0.09028767729768883,,False,False,True
Denmark,1878,,,,,0.10502155144395336,-0.0063,0.1043445327775391,-0.06862763984320641,0.01791061002612726,0.006596306068601583,-0.005872100717040592,0.24781661203066663,0.11054644208686382,0.044161675985579074,0.07455268959948325,,False,False,True
Denmark,1879,,,,,0.07992161909339257,0.0029999999999999957,0.08213172639541044,0.010638333078237139,0.06063841914638601,0.0,-0.004269536614476488,0.17411038029766912,0.04391352462005926,0.04023888000365339,0.06975327828047212,0.10730561611367839,False,False,True
Denmark,1880,0.24222738095238092,,0.1641687940863851,0.015115374107142851,0.014618632309439251,0.006949999999999998,0.03456462515868024,0.07954543128892855,0.1389513037101906,0.011904761904761906,0.006167022657787829,0.0030388798791955995,-0.01589834100805887,0.01989632495932908,0.04346848442416662,0.08354555421921356,True,True,True
Denmark,1881,0.2409725864123957,,0.15487972327706132,0.013882803337306317,-0.00843131451213669,0.005050000000000006,0.0036712213068127927,0.02105257171239594,0.08968021155560235,-0.017878426698450536,-0.001991221597896211,-0.0678360920420632,-0.0729014105153084,0.049925796216865714,0.07075617764057934,0.1110283515663873,True,True,True
Denmark,1882,0.23629999999999998,,0.1526339185812323,0.01301040147058823,-0.0034430763901181216,-0.0027499999999999955,0.01065368698964628,-0.010309063970263321,-0.02094739704850046,-0.011764705882352941,-0.005912790225347191,-0.06062980879523827,-0.00819685663139691,0.08671297697849412,0.10793120241611104,0.14714971999171256,True,True,True
Denmark,1883,0.2299435483870968,-0.01228383256528412,0.143371623419237,0.016434833525345624,0.037261192567028645,-0.006199999999999997,0.05427995228610126,-0.05208336460043639,-0.13162879588936494,-0.034562211981566816,-0.021401781520790097,0.029705197747653678,0.09366809982113611,0.08462707092248078,0.10947762150545892,0.1477828442053401,True,True,True
Denmark,1884,0.23564839094159715,-0.005324195470798543,0.13879672856190112,0.020245959475566157,0.053520381894328256,-0.005299999999999999,0.0681234617678382,-0.021977956732814885,-0.043030528445210825,-0.041716328963051254,-0.02934774894232367,0.040071841349484716,0.1763863650365165,0.12143687661693925,0.1548831098242991,0.19475897768042927,True,True,True
Denmark,1885,0.23769146341463415,0.0013914634146341698,0.1452686889766714,0.013938146341463422,0.07133389771318985,-0.0034000000000000002,0.07592309551462854,-0.03370796521063435,-0.02339890124037103,-0.036585365853658534,-0.0376213022660922,0.0555778504039357,0.15010578852909684,0.13342483008042583,0.18178185905818212,0.22896004035379147,True,True,True
Denmark,1886,0.238985347985348,0.009041799598251216,0.13758565820704766,0.005145990842490838,0.06842784613911422,-0.0020000000000000018,0.0725658044953129,-0.04651149154248946,0.00557187305794693,0.012210012210012212,-0.022030560868899193,0.03138129017151714,0.1097559797094878,0.11482823082740923,0.17297300341349853,0.228488489914901,True,True,True
Denmark,1887,0.23413663845223698,-0.0015117524893601686,0.12829617359615703,0.0017360532043530774,0.04949564471557157,0.0010000000000000009,0.06273981891770794,0.0,0.021977956732814885,-0.006045949214026603,-0.010140434285890976,0.047155104153657756,0.05344328695628997,0.07960236595565529,0.13453932953809478,0.2026436669148306,True,True,True
Denmark,1888,0.22687752675386444,-0.010813936660769713,0.12121585540443806,0.002962594530321043,0.0440911365829246,0.0020999999999999977,0.059134033237721026,-0.024390608170673622,0.009317357039960728,-0.0356718192627824,-0.009835918755598931,0.05065821547322469,0.07500024763553093,0.06521059227563997,0.12008561157859643,0.1957380409559265,True,True,True
Denmark,1889,0.21145852017937222,-0.02752682780597579,0.11736286462684492,0.0020966376121076226,0.022254630183321612,5.000000000000837e-05,0.03138016145096939,0.03750012381776546,0.08401161536025492,-0.03923766816143498,-0.026985145546081325,-0.028825630039339023,0.017889999358509767,0.01755701237577212,0.0641685415356793,0.13925106535345122,True,True,True
Denmark,1890,0.1938683937823834,-0.04026824466985357,0.11820745577085089,-0.0026694424870466462,0.0091943502666685,-0.0051,0.027614036193804585,0.012048375771494424,0.012048375771494424,-0.015544041450777202,-0.03015117629166486,-0.06700328888716989,0.050144377026181575,-0.008276823232204467,0.019062898744133583,0.08805317061733708,True,True,True
Denmark,1891,0.18412301587301586,-0.042754510880848584,0.12160554225708943,-0.0007759424603174525,-0.03541093219414332,-0.006399999999999996,-0.010762102985566104,0.09523780936743842,0.11962841753811204,-0.01984126984126984,-0.024874326484494006,-0.1670487041905433,-0.05370847694677372,-0.02008771576511781,-0.008905994449696197,0.04693241412455229,True,True,True
Denmark,1892,0.18302786069651744,-0.02843065948285478,0.12405488709043483,-0.0002727878109452693,-0.007818164723319664,-0.005050000000000006,0.02010389592001047,-0.054347872898964256,-0.09184799671672972,-0.01492537313432836,-0.016770228142125133,-0.06650817087593452,0.03820162213892897,0.012889232973511966,0.017978074245734943,0.05845375485089255,True,True,True
Denmark,1893,0.182588,-0.011280393782383408,0.1163281274214378,0.0026787560000000035,0.029323551607846374,-0.003799999999999998,0.04252698874231991,-0.05747090269543387,-0.06951927846692829,-0.02,-0.018255547658532736,0.012902448674596334,0.0965303216458997,0.0415177820852658,0.041328027863308914,0.06530703081897848,True,True,True
Denmark,1894,0.211010101010101,0.026887085137085154,0.12694393214404093,0.004953207070707067,0.06968786152663763,-0.004249999999999997,0.08115312792169058,-0.024390608170673622,-0.11962841753811204,-0.01616161616161616,-0.017028996431981507,0.0817064949446642,0.22770275076955038,0.07776919165178309,0.08125951395762576,0.09759374476415128,True,True,True
Denmark,1895,0.19204427333974972,0.009016412643232274,0.10932223525590691,-0.003957452839268532,0.05036687788246766,-0.004449999999999996,0.0703704811097148,-0.02499993246303689,0.029347940435927367,-0.020211742059672765,-0.01879111940709631,0.031531634465088665,0.19074834594204226,0.05997716939709086,0.07550317974237464,0.0869198180679066,True,True,True
Denmark,1896,0.1859084041548631,0.0033204041548630936,0.10564985741007636,0.005811798866855525,0.03514581844572402,-0.003599999999999992,0.06001049840998042,-0.025640954596230725,0.03182994809920314,-0.0254957507082153,-0.020623036309834742,0.007864324249553079,0.1925210513244926,0.08788219037327749,0.11892868201107099,0.13516620033074478,True,True,True
Denmark,1897,0.19023245214220602,-0.020777648867894988,0.10582648974766151,-0.053252164995442115,0.027117798268550767,-0.011199999999999995,0.05188029568642254,0.0,0.024390608170673622,-0.01276207839562443,-0.019489857054504164,0.02553374159810251,0.15922701705627973,0.08838431657257517,0.12753307387924495,0.1538742256227148,True,True,True
Denmark,1898,0.17812618841832326,-0.01391808492142646,0.10134343036978759,0.0018411581676750317,0.01430946958053711,-0.010799999999999997,0.02600317510508033,0.05263142928098974,0.07763136174402663,-0.052722558340535866,-0.030326795814791866,-0.02468933895742753,0.17246843564571512,0.05036944819925537,0.08898411349436985,0.13035258186654763,True,True,True
Denmark,1899,0.17082251437962198,-0.015085889775241113,0.10787817676730337,0.000343320870994257,-0.0042066951346967155,-0.020200000000000003,0.010622729336517776,0.025000382709456925,0.05064133730568765,-0.04437140509449466,-0.036618680610218314,-0.07805908371511538,0.07026688380563484,0.04407169196240446,0.0774747718344756,0.1273557608977538,True,True,True
Denmark,1900,0.16472465960665658,-0.02550779253554944,0.12191860146082831,-0.0024476804084720078,-0.01568544311206789,-0.02445,0.0037426730345051992,0.024390168906037735,0.024390168906037735,-0.046142208774583963,-0.04774539073653816,-0.08121645139713929,0.039956048076524864,0.00101358653664807,0.03137793013755863,0.0824808136019134,True,True,True
Denmark,1901,0.17993148688046648,0.0018052984621432233,0.13282660843754346,-0.0006681661807580192,-0.018927783542785515,-0.0215,0.0076318280915695265,0.03571396410979677,-0.01691746517119297,-0.024052478134110787,-0.03818869733439647,-0.06833509680448457,-0.003024793068595266,0.011284633995912063,0.03420129393180882,0.07822673252365697,True,True,True
Denmark,1902,0.1756432664756447,0.004820752096022729,0.11497821173779056,0.004891424785100292,-0.005063580790964493,-0.009100000000000004,0.01546528899472183,0.0,-0.025000382709456925,-0.027936962750716336,-0.03271054988647036,-0.03205273128696329,0.0008298662100034715,0.0517459008171135,0.06291480186073328,0.10503435929494431,True,True,True
Denmark,1903,0.16654651162790698,0.001821852021250403,0.10692708614331835,0.006126597127222985,0.005815997170088839,-0.0104,0.03458949823450786,-0.03448245881332035,-0.058872627719358084,-0.010259917920656635,-0.020749786268494583,0.04703196409594734,0.03000000000000025,0.0904884929254759,0.10436030291774157,0.14101170493246995,True,True,True
Denmark,1904,0.16348749154834347,-0.016443995332123013,0.08950416945144211,0.004659045300878966,0.024170725599547277,-0.011899999999999994,0.047494152937773454,0.0,-0.03571396410979677,-0.023664638269100743,-0.02062050631349124,0.08826388993974255,0.055824914869210485,0.1309271176292115,0.15403303780811428,0.1883292310736402,True,True,True
Denmark,1905,0.15407830551989732,-0.021564960955747392,0.09687078843268314,0.007517276636713735,0.018100063626908924,-0.010000000000000002,0.03905766882382021,0.023809452341859716,0.023809452341859716,-0.013478818998716304,-0.01580112506282456,0.041803512706519275,0.06073580247206767,0.09630709426761408,0.1332186344401205,0.16697506563075937,True,True,True
Denmark,1906,0.15519299323909033,-0.011353518388816652,0.08436377209132796,0.0013477807314074943,0.012644395965350292,-0.018749999999999996,0.023937628063136394,0.01162766346873112,0.04611012228205147,-0.05347264904732636,-0.03020536877171447,-0.012561546472648621,0.040509194871081844,0.09881624875293404,0.1513335989612541,0.19093183471672792,True,True,True
Denmark,1907,0.14739275445658423,-0.016094737091759237,0.09432949238578679,0.0078616762507188,-0.011608981217695505,-0.027949999999999996,0.005280522491424848,0.05747131671513461,0.05747131671513461,-0.0592294422081656,-0.04206030341806943,-0.02890306187791658,0.008695915455993353,0.12782399522410004,0.1870532654882966,0.2437359268296908,True,True,True
Denmark,1908,0.14344218838127468,-0.010636117138622642,0.10079318544543107,-0.002948138183869147,-0.014756126262474904,-0.030799999999999994,0.006720519147220022,0.021739462374474217,-0.0020699899673854993,-0.03496897913141568,-0.04922369012896921,-0.04099376165044655,0.025019563536885503,0.17223109691717609,0.23449494343991217,0.30969315333060066,True,True,True
Denmark,1909,0.16528063457330414,0.010087641334213804,0.13557961834382024,-0.02198025834245076,-0.002496538377009791,-0.016649999999999998,0.02098473609541752,-0.0319149873758614,-0.04354265084459252,-0.041028446389496716,-0.04507562257635933,-0.04044528939193781,0.042173752939884235,0.07676450286978653,0.13080956977921843,0.21661428997218124,True,True,True
Denmark,1910,0.17494172736732572,0.027548972910741487,0.1369336553193738,-0.018662015608740902,0.016213117222828404,-0.016499999999999994,0.03672891484848037,0.01098878045594609,-0.04648253625918852,-0.023413111342351717,-0.03313684562108804,0.003932869821322571,0.068965517241379,0.03386230589429817,0.08669137650734293,0.17129025991847002,True,True,True
Denmark,1911,0.17179570941004388,0.028353521028769202,0.13039074580823934,-0.02874064480741102,0.020190680608844082,-0.012400000000000001,0.04809851552951393,-0.010869339668626465,-0.03260880204310068,-0.019502681618722574,-0.027981413116857003,0.061501099180058416,0.10126248064668752,-0.035897677578278,0.013120983554482324,0.0850776758249594,True,True,True
Denmark,1912,0.165187123668365,-9.351090493914249e-05,0.1193835616146282,-0.02718013860583604,0.004336160186995494,-0.01455,0.020895156490060605,0.054945089742498565,0.08686007711835997,-0.0379805465493284,-0.026965446503467563,0.020143821583721744,0.049758918541665365,-0.05082853332756132,-0.02275143740215091,0.039571347655256606,True,True,True
Denmark,1913,0.15561060408518035,-0.019331123282145368,0.12093314248033839,0.00686767492394611,-0.0075374868797480205,-0.017800000000000003,0.013419236109291226,0.041666541598254225,0.030677761142308135,-0.03389830508474576,-0.03046051108426558,-0.04093968909866008,0.016451469637745575,-0.011493667390398254,-0.01819625087990362,0.0339572486973585,True,True,True
Denmark,1914,0.14270462633451958,-0.0290910830755243,0.12500815009209607,-0.013662218268090151,-0.02340276852357242,-0.017199999999999993,0.0002960916693362167,0.03000009365123857,0.040869433319865034,0.051403716884143934,-0.006825044916643412,-0.06533253427557828,-0.13705125642078275,-0.033464820994720146,-0.054110073725297525,-0.018621961298757705,True,True,True
Denmark,1915,0.1359889158295809,-0.0291982078387841,0.1420336035064529,-0.01840381018358157,-0.034096719893037995,-0.007800000000000001,-0.03299997787074664,0.18333329836274714,0.12838820862024858,,,-0.15391748256677018,-0.2334940781693443,-0.11761481776497162,-0.1427397331958884,-0.14454727356180608,True,True,False
Denmark,1916,0.12237855057074597,-0.03323205351443438,0.05251338464793087,0.04121608707194054,-0.0767969127449767,-0.003799999999999998,-0.07844914080353911,0.16901403039663165,0.12734748879837743,,,-0.26990058554656604,-0.2404053189174351,-0.2622661232414252,-0.30197786099490287,-0.33763234625476946,True,True,False
Denmark,1917,0.14716462653010243,0.004460000195582847,0.07633323764642092,-0.006501217836622528,-0.07231017347986422,0.0010500000000000093,-0.1209079236073906,0.15662644206279297,0.1266263484115544,,,-0.29082476455262374,-0.1671200020667778,-0.0725535812486402,-0.11564095241229944,-0.16974539518220233,True,True,False
Denmark,1918,0.12658413764162818,-0.009404778187952711,0.06369422497247472,-0.03423422156945025,-0.08599088230379062,-0.005699999999999997,-0.11857463152842455,0.17708342212584904,-0.0062498762368981,,,-0.19875703601910255,0.03236803208808414,-0.10348251695221156,-0.16659457610808892,-0.22486802404788353,True,True,False
Denmark,1919,0.1340834908091393,0.011704940238393344,0.06707053896402174,0.007049741970273837,-0.12474604387621249,-0.009099999999999997,-0.12118352131237127,0.18584069974847184,0.016826669351840184,,,0.19551877986989252,0.5250963698228102,-0.03219460521496842,-0.10893329919519523,-0.17369976155301603,True,True,False
Denmark,1920,0.12522985397512168,-0.021934772554980747,0.11592174220541081,-0.02686416982152515,-0.17075490776198674,-0.010099999999999998,-0.12016373981549675,0.18656709757216938,0.029940655509376413,,,0.7962044046620502,0.7792537350819526,-0.08168816748583219,-0.1498139113737028,-0.2284110272168819,True,True,False
Denmark,1921,0.1680534918276374,0.04146935418600922,0.127313830690346,-0.02260211738484398,-0.06470472973230794,-0.006749999999999999,-0.0185714786509237,-0.15094336136787012,-0.32802678349371917,-0.0004952947003467063,,0.6862685145415053,1.0411795869599936,0.1408518434851791,0.13527411394537903,0.05497562612342155,True,True,False
Denmark,1922,0.20812060673325936,0.07403711592412004,0.12371615920433737,-0.005329467258601561,0.06620329396475003,-0.007399999999999997,0.08650814115226668,-0.1481481596610993,-0.3339888594095711,-0.027931927487976325,,0.25785286685422526,0.2879084395210276,0.10219202058855137,0.1104268807794564,0.04370353358952883,True,True,False
Denmark,1923,0.18648424543946931,0.061254391464347635,0.1339433542894034,-0.0008782752902155872,0.09036590593307248,-0.011099999999999999,0.1352044491402034,0.04347817360835915,-0.14308892396381023,-0.03316749585406302,-0.020531572680795352,-0.02684010806180026,-0.012480772073480861,0.08628029544925098,0.09755215666816786,0.07873502121980036,True,True,True
Denmark,1924,0.17267742918062748,0.004623937352990076,0.13285651432778467,0.0011794699969539992,0.01046201498910252,-0.010924999999999997,0.06844553002125403,0.05833339598897802,0.20927675735684814,-0.006548888212001218,-0.02254943718468019,0.08066870516341007,-0.21259687845043151,-0.038114143127997435,-0.012469427251952103,-0.01306816604189609,True,True,True
Denmark,1925,0.18352023403217943,-0.024600372701079926,0.12357946058091288,-0.02509908987485779,0.00876401964617688,-0.01117499999999999,0.02931147698372594,-0.03149600054851498,0.11665215911258431,0.0030879245896310746,-0.012209486492144388,-0.034570623689543556,-0.015204265863818622,-0.05488519935418279,-0.0077752189324660215,0.011962526667769424,True,True,True
Denmark,1926,0.20723458129860733,0.02075033585913802,0.1345738255033557,0.0021983179598480743,0.0913822941193831,-0.0008249999999999993,0.09233470319368584,-0.14634150502152055,-0.1898196786298797,0.0027129679869777536,-0.00024933187846412993,-0.17164313015170707,0.1993922202533791,0.07578534159822725,0.10051849067908614,0.12229099488941242,True,True,True
Denmark,1927,0.21500564121850324,0.04232821203787576,0.1450582089552239,-0.01517235802933434,0.1162880012242298,0.001575,0.12297755584627323,-0.03809516196878415,-0.09642855795776217,0.0024445280180518995,0.0027484735315535763,-0.19938800409505497,0.17116611895882228,0.12122070773926885,0.1186018731115277,0.17451028176719685,True,True,True
Denmark,1928,0.214640426705904,0.031120192673724567,0.1265963656387665,-0.04552607136288394,0.08481446744413984,2.4999999999990308e-05,0.11072888899676822,0.0,0.03149600054851498,0.0033106492551039173,0.0028227150867111903,-0.05973417820857885,0.02298377814591368,0.06830345732803211,0.07067280816495525,0.1108342871049699,True,True,True
Denmark,1929,0.23800413650465357,0.03076955520604624,0.17784318181818182,0.0064505170630817,0.033094577920006654,-0.0005250000000000046,0.06699871049962572,-0.009900969530093007,0.13644053549142754,0.005342985177524992,0.00369938748356027,-0.002885402701954143,-0.027029695262832387,0.013799720300923468,0.039113035072372515,0.06793093841831399,True,True,True
Denmark,1930,0.23561787905346188,0.020612237834958635,0.15171189320388354,0.003944837861524973,0.02320299762607908,-0.0008249999999999924,0.0664670248139506,-0.05000010491175877,-0.011904942942974617,-0.008238387379491674,0.00013841568437907882,0.018860148705471147,0.08819497286950795,0.04728916525983129,0.09965960659175632,0.10766268096137699,True,True,True
Denmark,1931,0.2390389271745204,0.024398500468616413,0.14725000000000002,-0.005222294654498047,0.04819966832959751,0.0014749999999999971,0.08501084958935473,-0.0526314743262124,-0.0526314743262124,-0.01713540696591544,-0.00667693638929404,0.0645966723858935,0.1553294005510375,0.1570961438226679,0.20184462896085043,0.2392337881407276,True,True,True
Denmark,1932,0.24475743348982784,0.0067532969851742675,0.16123711340206187,-0.020039123630672936,0.0799389848283164,-0.0025249999999999995,0.08791422234511932,-0.011111087797386787,-0.0012101182672937805,0.00352112676056338,-0.007284222528281245,0.2753639851485059,0.12374575477382344,0.1698532060336877,0.19846978758197897,0.26290334431724305,True,True,True
Denmark,1933,0.2289683981111515,-0.006649480942310382,0.09420991847826088,-0.019614261714493264,0.05877305201863675,-0.004074999999999995,0.051261589492257446,0.033707793646826856,0.08370789855858563,0.0,-0.00453809340178402,0.12813758819526777,0.0013698375047739297,0.040110642514025185,0.07461131001597865,0.14451361083763636,True,True,True
Denmark,1934,0.22352941176470587,-0.015509515409814545,0.08538914100486224,-0.0008907156024803176,0.02152716597640165,0.0007749999999999979,0.021098221810564848,0.032608628718865384,0.08524010304507779,-0.00636835930953578,-0.0009490775163241335,-0.06984785472299104,-0.06371689744007869,-0.05236681009969768,-0.0011131659726004717,0.049844046546775767,True,True,True
Denmark,1935,0.2023354231974922,-0.04242201029233564,0.10863380905511813,-0.0015382484326018717,-0.015296308990494188,0.005925,0.006609466057779206,0.042105179460970144,0.05321626725835693,0.011128526645768024,0.0015867224454107478,-0.22637282552764226,-0.08213588184319376,-0.09328451240418678,-0.04859849239926217,-0.010957825806235277,True,True,True
Denmark,1936,0.1898355754857997,-0.03913282262535178,,,-0.00436141255623268,0.0006250000000000006,0.015478329681237121,0.0101012027764531,-0.023606590870373756,0.0007473841554559044,0.0018358504972293826,-0.15454917978840688,-0.04859012491329551,-0.07614140933429203,-0.07371947789563316,-0.03308600658904237,False,False,True
Denmark,1937,0.17913457498949728,-0.044394836775208585,,,-0.0033951419642579,-0.0003249999999999989,0.014764567230661232,0.039999916070593056,0.007391287351727671,0.015404005041310741,0.00909330528084489,0.0007791941439485583,-0.05389951564824069,-0.08828711535213274,-0.13273887667805817,-0.09607699895148958,False,False,True
Denmark,1938,0.16598349747138674,-0.03635192572610546,,,0.006849391121241909,-0.0027749999999999997,0.0228445053123115,0.009615365216019356,-0.03248981424495079,0.014772424807026882,0.01030793800126451,-0.027002337839166723,0.0265423381575709,-0.08984791933065206,-0.14243027419019483,-0.1384067342895845,False,False,True
Denmark,1939,0.15300849021779253,-0.03682708526800718,,,-0.006350426576139177,-0.00017500000000000154,0.020187782412266434,0.02857137147658828,0.01847016870013518,0.010828103851359664,0.013668177899899096,0.009792983923032406,0.028877156063756404,-0.09978811647186281,-0.14203456150940164,-0.18369619632859013,False,False,True
Denmark,1940,0.14622969837587008,-0.032904876613627204,,,-0.005687365266394462,0.001124999999999994,-0.04372586418762283,0.24074085587026084,0.20074093979966778,0.0345707656612529,0.020057098106546486,-0.1375475869884838,-0.04902393603595223,-0.1353378211442331,-0.17850062683128165,-0.24848954649913346,False,False,True
Denmark,1941,0.12453003677973029,-0.04145346069165645,,,-0.006284115007088614,0.0020000000000000018,-0.09752193715125002,0.14925358410690093,0.13963821889088157,0.0053126277073968125,0.016903832406669796,-0.19864056515558326,-0.16903401543020657,-0.19922582423097146,-0.25833109397160325,-0.33766018932837416,False,False,True
Denmark,1942,0.09899274047186933,-0.0540157497459232,,,9.61905704750382e-05,0.0005000000000000004,-0.10032068225412172,0.03246760678520344,0.003896235308615159,-0.009800362976406534,0.010027676797414396,-0.22385951109748758,-0.15608922476011555,-0.18483433009799854,-0.2553915988977359,-0.33573067723991834,False,False,True
Denmark,1943,0.09887820512820512,-0.04735149324766495,,,-0.016884170997887485,0.003499999999999996,-0.019170162206241487,0.00628929572662007,-0.23445156014364077,0.014743589743589743,0.0034186181581933434,-0.047480743759164,-0.004053985825958728,-0.199837267587059,-0.28029705581938114,-0.3738218460761922,False,False,True
Denmark,1944,0.09031768953068592,-0.03421234724904437,,,-0.04798979679868725,-0.0002500000000000002,0.018497671841951367,0.025000081962322396,-0.12425350214457853,0.0184115523465704,0.007784926371251205,0.03748468272787853,0.13164462004009936,-0.1796182550329707,-0.2732797816184017,-0.38017306220382274,False,False,True
Denmark,1945,0.10597142857142856,0.006978688099559233,,,-0.00907770661018837,-0.0025000000000000022,0.02300517510798996,0.01219509698708765,-0.02027250979811579,0.018285714285714287,0.01714695212529148,0.054353481706876705,0.16808693193076096,-0.08206746058179215,-0.1764254448849336,-0.29255757954382144,False,False,True
Denmark,1946,0.09975675675675676,0.0008785516285516326,,,-0.021394050921191926,0.00029166666666666924,0.02510963508434226,-0.00602408420243683,-0.0123133799290569,-0.06033783783783784,-0.007880190401851048,0.8573099627299421,0.21212113023415924,-0.007865999175263316,-0.07961186965806943,-0.19706452660940077,False,False,True
Denmark,1947,,,,,-0.007388715063430654,0.0014999999999999944,0.025352083950084724,0.027272735365095002,0.0022726534027726064,-0.025644171779141103,-0.022565431777088214,1.0960363187913793,0.19399987988185696,0.014077825591572113,-0.03491852187814515,-0.1477638256111904,False,False,True
Denmark,1948,,,,,-0.045705007334152364,0.005699999989999996,0.024767556190860726,0.026548680234759647,0.014353583247671997,-0.018961497175141243,-0.03498116893070673,1.5591641235101288,0.27839076930831697,0.02053992699187024,-0.004740145789399519,-0.09697017453488255,False,False,True
Denmark,1949,,,,,-0.02761141506079163,0.009199999989999992,0.017167979183993504,0.027274646818164827,0.03329873102060166,-0.014945571428571428,-0.019850413460951257,0.29222863105669683,0.15806922505119192,-0.008817465895461951,-0.005733560834624285,-0.07423752504886283,False,False,True
Denmark,1950,,,,,-0.04521434161150566,0.004466666656666667,0.006874741072698545,0.061452449698979894,0.03417971433388489,-0.03870681565281899,-0.02420462808551055,0.14568986996629518,0.12441907382271333,-0.06201699896817037,-0.054170768416305415,-0.09532203053801647,False,False,True
Denmark,1951,,,,,-0.061968345799006876,0.0013999999899999907,-0.013263410386557033,0.10526313461252634,0.0787144543777667,0.011930397199291178,-0.013907329960699745,-0.1783978847491613,0.0031304602026835937,-0.055560231434286456,-0.06189275218827461,-0.07977364620240113,False,False,True
Denmark,1952,,,,,-0.04343535891517715,0.002899999989999999,-0.015370364991959526,0.03809551063437233,0.010820863816207504,0.006431686659101962,-0.006781577264808616,-0.23157588700569576,0.047200980591215025,-0.05134797160506899,-0.06885660801084259,-0.07419657137529811,False,False,True
Denmark,1953,0.31064528301886796,,,,-0.015996224300149173,0.0020499999999999963,-4.422768254515319e-05,0.009174037800736778,-0.052278411898243116,0.004959473365617434,0.007773852408003527,-0.2621024700660378,0.07658782823689214,-0.03867339606654152,-0.06354118326960179,-0.07280543510230741,False,False,True
Denmark,1954,0.3063913043478261,,0.10480705110076251,0.01533301298941114,0.015429168778353014,0.0023999999899999985,0.03664348384496363,0.0,-0.10526313461252634,-0.018690225591048548,-0.0024330218554430485,-0.16078217572453912,0.13131314160376895,-0.016740608137955526,-0.04507381223019791,-0.06539113356681303,True,True,True
Denmark,1955,0.2912891986062718,,0.09960303387957856,0.03075852838972135,0.010601111527751027,-0.002416666676666672,0.03426007080371408,0.05454574975812099,0.016450239123748656,0.0071629875518672195,-0.0021892548911879623,-0.1360796495458798,0.06778995977960589,-0.008283668720203585,-0.02708132824861076,-0.056560209034520637,True,True,True
Denmark,1956,0.2891503267973856,-0.021494956221482342,0.10225325371140402,0.024334855605895815,0.009837742395788635,-0.0029000000100000006,0.01880313827264405,0.06034483539394686,0.05117079759321008,-0.0029023440783730483,-0.004809860705851457,-0.08304039730648771,0.06137734180294996,-0.009741434374129443,-0.02003568495991148,-0.05234462741009971,True,True,True
Denmark,1957,,,,,-0.018129885844952377,-0.0023000000099999973,0.010256856704178079,0.027438844705397925,0.027438844705397925,0.009663386066321875,0.004641343179938684,-0.15805302276743416,0.03362995303743643,-0.011024872195253721,-0.018540488397319144,-0.0453481014718522,False,False,True
Denmark,1958,,,,,-0.007758194687899657,-0.004058333343333331,0.020700721503648545,0.007314155359709584,-0.0472315943984114,0.026140372743156667,0.010967138243701833,-0.046037326393659206,0.08437355519773959,0.011892071466316878,0.009310810808321301,-0.008756606546580947,False,False,True
Denmark,1959,,,,,-0.015327881529344431,0.0017416666566666753,0.03585722780682241,0.017275316484425263,-0.0430695189095216,0.0028958932885201133,0.012899884032666219,-0.06461348512262477,0.11691607261368997,0.0258032463383846,0.02651893195384747,0.01846340476933095,False,False,True
Denmark,1960,0.2006666666666667,,0.06399957946214448,0.029799953472224684,0.007007530212342905,-0.001983333343333331,0.04521941008838631,0.012552297860706219,-0.014886546844691706,-0.009972787230912567,0.006354492933588074,0.01306082882390358,0.1497757634476391,0.054173312888057046,0.05880181073537449,0.05815810242535602,True,True,True
Denmark,1961,0.1643076923076923,,0.05567969685489752,0.0005908474958611961,-0.013509117965413743,-0.005950000010000005,0.03885201014596016,0.034516355186988035,0.02720219982727845,-0.016505890477025605,-0.007860928139806017,-0.031202992830159926,0.198680099385524,0.04101601564232882,0.051750880284127665,0.05726513244248255,True,True,True
Denmark,1962,0.15255905511811024,,0.0501274480748683,0.006489183972055173,-0.02304904638833557,-0.006800000010000001,0.022917720298823857,0.07377818602583419,0.05650286954140893,-0.03236680483390741,-0.01961516084728186,-0.07809133293767401,0.17607808983030715,0.025501076412368096,0.043897058214793505,0.05391863588143586,True,True,True
Denmark,1963,0.1367102803738318,-0.0639563862928349,0.043226635036355696,0.00852305607305491,-0.029519482285571094,-0.003625000010000004,0.008051702653277447,0.06105035079734544,0.048498052936639224,0.003052507276813677,-0.01527339601137311,-0.120878157205633,0.1291502505326516,0.055330681978573826,0.07821060624690024,0.09512394369055777,True,True,True
Denmark,1964,0.14546644844517184,-0.01884124386252045,0.04497168427556582,0.013186761653970012,-0.03729042975655451,-0.0030166666766666614,0.007147766238353073,0.030928164431761163,-0.003588190755226872,-0.02262669825460523,-0.01731366527056632,-0.11176914956515394,0.10342714453630952,0.04374412404423955,0.06687014950233605,0.09224528948017219,True,True,True
Denmark,1965,0.12915080527086384,-0.023408249847246404,0.04570236359552074,0.006852698963735358,-0.023798436995058167,0.0034999999899999884,0.024673834730975418,0.05449998054796712,-0.019278205477867072,-0.018156728837876616,-0.012576973271889386,-0.09796351889804733,0.1352785314518128,0.04887770319253504,0.06869963103547838,0.10003888869015343,True,True,True
Denmark,1966,0.11240963855421687,-0.024300641819614915,0.04240898217815519,0.009199412528410467,-0.02959441929431536,0.008599999989999996,0.02657409589151749,0.07064956731571925,0.00959921651837381,-0.01760311936535209,-0.01946218215261131,-0.08863794383516821,0.17245464624709372,0.019927941522171144,0.037798778209685135,0.07083645367707858,True,True,True
Denmark,1967,0.10059829059829059,-0.04486815784688125,0.04001349561719386,-0.01063722031117039,-0.019920623966492343,0.011283333333333326,0.012623917580890986,0.08207869939364065,0.05115053496187949,-0.03021709393034999,-0.02199231404452623,-0.051021207629916354,0.12187576920792309,0.019613800632198863,0.04205287357020293,0.07084339791009231,True,True,True
Denmark,1968,0.09358342665173572,-0.03556737861912812,0.031717845670659536,0.020071707717965268,-0.02415240974031746,0.012633333323333329,0.006878566584382864,0.0795360335074915,0.02503605295952438,-0.01596025542047826,-0.021260156238726777,-0.03956539649744517,0.09759198027640537,0.024477923018668468,0.04204682420976935,0.06928018300401917,True,True,True
Denmark,1969,0.08356999999999999,-0.02883963855421688,0.032657806264788765,0.016420477800042722,-0.020788626247667127,0.00839999998999999,0.02790204245177219,0.03487913971355128,-0.035770427602167976,-0.026665727892583944,-0.024281025747804063,0.01235426696564379,0.12861891253162505,0.03416601995574353,0.04640380271094002,0.07460368085415481,True,True,True
Denmark,1970,0.07618749999999999,-0.0244107905982906,0.0279914595437145,0.023459145890156866,-0.002592605583336405,0.01069999999,0.04584542712633446,0.06514854536995385,-0.016930154023686805,-0.03185659136664998,-0.02482752489323739,-0.01845952304199061,0.1640479851989336,0.037094019903570086,0.04774639236369649,0.07403979045299924,True,True,True
Denmark,1971,0.07719642857142858,-0.016386998080307136,0.02869445226214923,0.009471545551348612,0.017513091471438216,0.024825,0.05379123552953231,0.05869860832789797,-0.020837425179593527,-0.022185039732568287,-0.0269024529972674,-0.06127707362473367,0.19665929146853545,0.016549471643976466,0.029408798506325606,0.05221825732228136,True,True,True
Denmark,1972,0.06644961240310077,-0.017120387596899225,0.02363232343545956,0.013010412702082318,0.014308369814852631,0.025991666656666662,0.040543069739449475,0.0656236370537997,0.030744497340248422,-0.0027117287600438977,-0.018917786619754053,-0.13321725757974734,0.15933644615255704,0.029131256127904015,0.04550116160680717,0.06283543031579608,True,True,True
Denmark,1973,0.05851677852348993,-0.01767072147651006,0.022090061095193642,0.03592343776821433,0.0001500688172118847,0.02975833332333333,0.03834800894888056,0.09303372774166063,0.027885182371706785,-0.015229106619173576,-0.013375291703928585,-0.220983522435777,0.20778722449470566,0.05890733908001211,0.07662424293944414,0.09799726369619544,True,True,True
Denmark,1974,0.05082941176470588,-0.026367016806722703,0.023044894100106794,0.026117657082248138,-0.0060165912490527385,0.012133333323333356,0.041696912702407884,0.15275189706731607,0.0940532887394181,-0.02871742445528315,-0.015552753278166872,-0.27411983221272107,0.1804026137207817,0.06815487339202198,0.08707072217947143,0.1123537336282453,True,True,True
Denmark,1975,0.04255026455026455,-0.02389934785283622,0.019358021352085465,-0.01847417215100152,0.013005154164455732,0.06629166665666666,0.01705267401081656,0.09605635312857363,0.030432716074773936,-0.012107099833975444,-0.018684543636144052,-0.15893159824357017,0.22728576181540627,0.058200854732920915,0.07843732921770796,0.10832430215563216,True,True,True
Denmark,1976,0.044940366972477074,-0.013576411551012857,0.019851701770360306,-0.006406524276905669,0.009525527135663348,0.029299999990000006,0.019163908828121204,0.09000002328974666,-0.0030337044519139766,-0.04293589204860498,-0.027920138779287857,-0.1437821113023151,0.1514092185042526,0.004606902076713548,0.028980434982264214,0.05727350247439289,True,True,True
Denmark,1977,0.08779166666666667,0.03696225490196079,0.03871192011935139,-0.003671790151566219,0.009219317421907652,-0.011016666666666675,0.03465080015022949,0.11139122313099126,-0.04136067393632481,-0.03459658453536298,-0.029879858805981135,-0.05340656417005629,0.0938409825615707,-0.011169972048148291,0.013747730661429536,0.04000989944300848,True,True,True
Denmark,1978,0.1409509433962264,0.09840067884596186,0.06494001808892257,0.00844178250443514,0.004958354990365871,-0.008800000000000002,0.04490638000926324,0.10008961355147239,0.0040332604228987545,-0.024885893431882522,-0.03413945667195016,-0.2505813400953434,-0.002000998756142458,-0.02278320090708985,-0.009464241954775132,0.01690416279675444,True,True,True
Denmark,1979,0.19374657534246575,0.14880620836998867,0.09550610738219281,0.009224266929795662,0.02214643389157897,0.03186666665666668,0.05566958786573735,0.09611039969032431,0.006110376400577655,-0.04343300644413998,-0.03430516147046183,-0.13217218837437983,-0.011799588034357322,-0.01880053628933742,-0.020060403570210106,0.004640920391707493,True,True,True
Denmark,1980,0.2712120253164557,0.18342035864978906,0.14605738839667598,0.008987939240206716,0.03947373317638349,0.007325000000000026,0.07018218741075309,0.12305342452594403,0.011662201394952776,-0.03358682182477987,-0.03396857390026745,0.007374484825933836,-0.025496807366388596,-0.010967934212061436,-0.022416356797010595,-0.005481428188225168,True,True,True
Denmark,1981,0.3651768115942029,0.2242258681979765,0.2109704645245658,-0.0018796732180711984,0.055752326951709924,0.040783333330000004,0.07698081100099198,0.11744374277075575,0.017354129219283365,-0.030302661810613096,-0.03577416335984431,0.3939143700192631,-0.03798765729718523,-0.015410707847074878,-0.025896596564328633,-0.022728605461265095,True,True,True
Denmark,1982,0.479272040302267,0.28552546495980125,0.30320662138666815,0.005759851829095622,0.06993189869914707,0.03466666666666668,0.08994823316711811,0.10120813320194588,0.005097733511621572,-0.037391236856778066,-0.03376024016405701,0.45925717887589124,-0.045031821121424676,-0.04779322365688399,-0.05735830913484996,-0.06927581647649617,True,True,True
Denmark,1983,0.5416666666666666,0.2704546413502109,0.23437435543745877,-0.011340159737914371,0.06593464287110326,0.01653333333000001,0.048721878457895426,0.0690824886436121,-0.05397093588233193,-0.0227849604468315,-0.030159619704740886,0.5101008894648276,-0.022676874535880964,-0.016805614879826014,-0.026773651216307037,-0.04262218107850668,True,True,True
Denmark,1984,0.6355734513274336,0.2703966397332307,0.2608732360824825,0.027290636944871355,0.050183294158597125,0.026541666666666644,0.06653387308701912,0.06290775889338462,-0.05453598387737113,-0.029068319389383906,-0.02974817223099782,0.4147833488017112,-0.01923517891776394,0.020866705184261036,0.012917601732204465,-0.0014365353399814484,True,True,True
Denmark,1985,0.6839349593495935,0.20466291904732647,0.21774702504880145,0.04728486680568516,0.03551431502642936,0.012475,0.05620742100678284,0.04678748944265476,-0.05442064375929112,-0.04416059666671813,-0.032004625500977844,0.010317616624948123,-0.02064218682776897,0.09359649607487053,0.09188124123099128,0.0860624713175977,True,True,True
Denmark,1986,0.6621381381381382,0.12047147147147153,0.175084269584137,0.08050545056597377,0.028689513928427668,0.00825833333333334,0.05168263110130928,0.03678185836003278,-0.032300630283579324,-0.05097783223841034,-0.041402249431504126,-0.29341145001816327,-0.01586194255897755,0.15906194621053538,0.17139635576013945,0.17578517266516713,True,True,True
Denmark,1987,0.6058171428571428,-0.02975630847029076,0.18015275431209918,0.07996173841370768,0.04104481638984529,0.011758333333333315,0.07167681028749888,0.0399252213348158,-0.022982537558568827,-0.027432477492675713,-0.04085696879926806,-0.4777503804145514,0.0624242837324962,0.15627063678691844,0.19523185466883342,0.21263120706667804,True,True,True
Denmark,1988,0.5714535519125683,-0.11248140743702517,0.15015221866835105,0.05671740157490048,0.04670970794147387,0.013566666666666671,0.058063519614583885,0.045627361461399785,-0.001160127981254977,-0.011595439594513035,-0.030001916441866366,-0.2586305118366309,0.07933886372744636,0.10509665786589983,0.16524658504009992,0.1964920981050775,True,True,True
Denmark,1989,0.5658396349413299,-0.09629850319680822,0.14914593087970146,0.04462034503323578,0.05331419652607446,0.0011306666666666687,0.05264004082653651,0.04772729472417492,0.010945436364142136,-0.009942751540370916,-0.016323556209186556,-0.11641155810921722,0.06824498444090854,0.0457137607772502,0.11240253371445208,0.16368134797220657,True,True,True
Denmark,1990,0.5768998748435544,-0.028917268013588404,0.1696156646446208,0.038270341503090166,0.05263320226691596,-0.0026383333333333536,0.06636809836718022,0.02641604871288461,-0.013509172621931187,0.009920926965545201,-0.003872421389779583,-0.043913273235131944,0.023217287258687103,0.0102747693196088,0.06839833462050948,0.13613198987234876,True,True,True
Denmark,1991,0.5883949275362319,0.0169413756236636,0.15506359653986043,0.019139526381910903,0.05813119062879052,-0.004378333333333331,0.05991855218764681,0.023951000000000056,-0.02167636146139973,0.014245016836323484,0.004741064087165923,-0.1132693611064779,0.01635217084576923,-0.038938787774238426,-0.00818856471768914,0.0676427577977301,True,True,True
Denmark,1992,0.638421856639248,0.07258222169791806,0.15826690673949748,0.022053776820773315,0.059783052441154526,-0.02048433333333334,0.06609066244491288,0.020960963952376677,-0.02676633077179824,0.027458083038334254,0.017208008946734313,-0.01665902957151444,0.04987059362588386,-0.05814311836332031,-0.05595272307956711,0.008683969082445397,True,True,True
Denmark,1993,0.669946162657503,0.09304628781394852,0.1303667923388152,0.005580365098987516,0.058294162059929364,-0.031029,0.05386142911378973,0.012578748706254084,-0.013837300006630526,0.03374223247109725,0.02514844411525166,0.2061635197599081,0.04351021989218884,-0.045392152880486814,-0.058804182703973584,-0.018756039069588004,True,True,True
Denmark,1994,0.6613409326424871,0.07294600510625515,0.13645623985455613,0.010172269714016476,0.04079246809371346,0.01691433333333333,0.060438301544743334,0.01992038270713925,-0.004030617292860805,0.020423392856409362,0.02720790278861362,0.046468159827305344,0.0034662168973602636,-0.09635858104886252,-0.12020153669123146,-0.11342026026136587,True,True,True
Denmark,1995,0.687221010901883,0.048799154262635036,0.14852825301855996,0.01877664131783619,0.035402202452205156,0.02199866666666666,0.06491347731671265,0.020835436636468696,-0.0001255273159079806,0.010025407567160681,0.021397010964889097,-0.09864577282604081,-0.003113941321807534,-0.06349696369266122,-0.09616847897417213,-0.11509461862860171,True,True,True
Denmark,1996,0.6923421300659756,0.022395967408472606,0.1282694322020056,0.03140699299573645,0.023056019938393263,0.033248666666666656,0.051274452200137974,0.02124582405597808,0.008667075349723996,0.016466534841718384,0.015638445088429476,-0.1139823492701112,0.0016849306878476966,-0.03266773244163046,-0.06563022325684731,-0.09827621383987539,True,True,True
Denmark,1997,,,,,0.02601550628461617,0.025956666666666676,0.04191387358212868,0.019802118561167203,-0.00011826414597204682,0.005308689449103125,0.010600210619327395,0.13367238359589884,0.04814188642642736,0.004940369383952703,-0.020086899602106856,-0.059089848863105754,False,False,True
Denmark,1998,0.7240180609410665,0.03679705003918343,0.09331919052513007,0.035436415468083994,0.02004624352196893,0.007912999999999996,0.031316424631786355,0.013127783487495659,-0.007707653148973037,-0.011345709224808395,0.0034765050220043714,0.16015749051897643,0.04920122615093514,0.06875818490617824,0.05013308831178165,0.015141277211261794,True,True,True
Denmark,1999,0.6705508317442319,-0.021791298321743646,0.08673504758945434,0.036443117106681425,0.012791963912161308,0.01602399999999999,0.03128384010674626,0.020518577631098323,-0.0007272464248797572,0.01712249271709716,0.0036951576471306283,0.2483194179369661,0.044872843721941225,0.0625293595351395,0.06338205608115444,0.03739368002088428,True,True,True
Denmark,2000,0.6039998021583289,,0.09047092741127909,0.0485249989616898,0.006800572555570442,0.007342666666666664,0.036144442472286646,0.02717031146454607,0.007368192903378867,0.013778439632183458,0.006518407708157407,0.18411168842649328,0.029677597081350315,0.08629176867042743,0.1094577152728613,0.09571664118351308,True,True,True
Denmark,2001,0.5838596838003851,-0.14015837714068136,0.08096299335054648,0.0374115291733569,0.008770715439152851,0.004605666666666668,0.02718784341973141,0.023122580645161372,0.009994797157665714,0.029419495895601618,0.020106809414960746,0.3333711361095688,0.01691548169058321,0.11420601222308902,0.15052168411898115,0.15996455938052145,True,True,True
Denmark,2002,0.582495408807368,-0.08805542293686386,0.08055564692663877,0.03461637984877407,0.015398978017858972,0.015710333333333347,0.025911777980280003,0.023646773949452582,0.0031281963183542594,0.01937140409102781,0.020856446539604293,-0.03891232162444758,0.02517384338637929,0.10192492367466088,0.14828284661955338,0.17936829550114575,True,True,True
Denmark,2003,0.5664719291720003,-0.03752787298632865,0.06696362342055087,0.023053142363786576,0.024196955032106154,0.019330723333333334,0.020820064581332166,0.02002045166138955,-0.007149859803156522,0.03192648018873469,0.026905793391788033,-0.2571181607058308,0.042333962232788735,0.11475878623151559,0.1625364503437885,0.21644851088068462,True,True,True
Denmark,2004,0.5359870302506989,-0.04787265354968617,0.06035837663423675,0.04058817657184906,0.02109655045978866,0.02143333333333333,0.0255430873241664,0.00885351241665866,-0.014269068228502713,0.03478149546799709,0.02869312658258653,-0.3414904416537555,0.06138625870151371,0.11365802339967446,0.16653522858112413,0.23358418949976612,True,True,True
Denmark,2005,0.4535869784682926,-0.12890843033907545,0.03879886994877194,0.06804352551492115,0.011196787991672598,0.012046915833333335,0.018829862417962806,0.016761448668063395,-0.006885325281389187,0.04260385209267253,0.0364372759164681,-0.073229469920985,0.06060676213797844,0.17454631765875805,0.23802423674051187,0.314406034233756,True,True,True
Denmark,2006,0.41022394371376386,-0.15624798545823643,0.04064847623000078,0.06929750893766795,-0.0003396159453914402,0.006301768506493506,0.023298295279678097,0.01884015307624365,-0.0011802985851459002,0.03153824282629856,0.036307863462322724,-0.0032207809310230706,0.06405862620445357,0.20523828701676283,0.2727810995431108,0.36164311221227186,True,True,True
Denmark,2007,0.3406389801234498,-0.19534805012724915,0.03564678025650153,0.06472731258272782,-0.0007393122496958046,-0.00041666666666666935,0.025470570294033833,0.016561687373591427,0.007708174956932767,0.01384361909595983,0.029328571338310305,-0.03245085462765529,0.04986954148859413,0.2563822003705547,0.3374622630912172,0.4397114792089676,True,True,True
Denmark,2008,0.4217385360204591,-0.031848442447833525,0.045280329087283806,0.05162946728333296,0.006467041291892114,-0.005991666666666666,0.018889053175808967,0.03638100002273803,0.019619551354674636,0.02663118308759318,0.024004348336617187,-0.14168350966049137,0.03860894013564331,0.2215359948225526,0.31846989102173917,0.43287223811648934,True,True,True
Denmark,2009,0.4178016060537078,0.007577662339943947,0.03799753489039464,-0.006999675423602022,0.03943362033256125,0.017783333333333297,0.014753615525883286,0.010421466026020676,-0.008418687050222973,0.03304688181699899,0.024507228000183998,-0.0835742251165833,0.04504223735300483,0.21330087159298028,0.32627109046665614,0.4535539072264745,True,True,True
Denmark,2010,0.42600000000000005,0.08536101987655026,0.03146641178334969,-0.013719876290643888,0.03389305000828503,0.022256333333333333,0.0063458243119704945,0.02198506101532982,0.005423373641738394,0.06563001449645418,0.041769359800348786,0.08705768204496933,0.04758239862480784,0.060280805098671175,0.16678593169688516,0.3003171628032375,True,True,True
Denmark,2011,0.461,0.039261463979540945,0.031264353463016675,-0.009444076493372281,0.02529347274398568,0.01842849999999997,0.0076509350865850735,0.026558167698894186,-0.009822832323843844,0.06586001390765346,0.054845636740368874,0.0716185217112415,0.03261783131337004,-0.027360473834652455,0.0559174155748039,0.1931298875415417,True,True,True
Denmark,2012,0.449,0.031198393946292202,0.015599037970287314,-0.02922458482014558,-0.006481913866877024,0.013232466666666633,-0.009995303606916958,0.02354268210652677,0.013121216080506093,0.0628199917124109,0.06477000670550617,0.08723930199063257,0.004611957357645746,-0.08025541024925453,-0.03508715826754938,0.08813836084692239,True,True,True
Denmark,2013,0.44,0.013999999999999957,0.01902633951209856,-0.0068575539198995495,-0.0031625508535954097,0.01768934999999997,-0.0009843098386196486,0.0052270797104378985,-0.016757981304891922,0.07758999879373596,0.06875666813793344,-0.024089317371068675,-0.00017617716582107867,-0.08006548637094602,-0.07229191335132379,0.026545330452723892,True,True,True
Denmark,2014,0.443,-0.018000000000000016,0.013838050338372088,0.015301386282604398,-0.0011237382042133398,0.012625508333333367,0.0025033322650181745,0.0035202413879809047,-0.02303792631091328,0.08924000045044203,0.07654999698552963,0.0874294942190792,0.029915767265217053,-0.07179411843787364,-0.10299054031654498,-0.04668608609467961,True,True,True
Denmark,2015,0.39799999999999996,-0.051000000000000045,0.006984792559074029,-0.012924437429044738,-0.0027087600414673965,0.00816008333333333,0.0032325349950898543,0.002255073916311634,-0.021287608190215135,0.08244999109242293,0.0830933301122003,0.2340477026303751,0.051112064989865535,-0.070718478801163,-0.11690180991263643,-0.10143424921578093,True,True,True
Denmark,2016,0.37200000000000005,-0.06799999999999995,0.003099874569128925,-0.0034819728011325907,-0.011934451328225081,0.007610416663333329,0.0012265615619024856,0.00017000000000000348,-0.005057079710437895,0.07774002876789236,0.08314334010358577,0.33651967621782886,0.043938209971670306,-0.06838401646591952,-0.10688766549778106,-0.13795441755072124,True,True,True
Denmark,2017,0.359,-0.08400000000000002,0.004762807387515652,0.017716900488837006,-0.02006926167605028,0.00950566666666667,0.0008155747926594176,0.01057820170571011,0.007057960317729206,0.08009,0.08009333995343842,0.03755630840025148,0.027072584888780726,-0.08204338942959288,-0.11649697377274082,-0.169248629629706,True,True,True
Denmark,2018,0.34,-0.05799999999999994,0.004098059971193678,0.00927550628252338,-0.021357062719534838,0.00947483333666667,-0.0013806479887671147,0.00709374227059123,0.004838668354279596,0.0728199596039837,0.07688332945729202,-0.006107955371068008,0.016234015198840934,-0.055324724719435725,-0.08915629176097317,-0.1501911988198683,True,True,True
Denmark,2019,0.336,-0.03600000000000003,-0.0015274047285302613,0.03793722139515627,-0.023071460484244945,0.003685416663333329,-0.010133831480710911,0.007279550455831396,0.007109550455831393,0.08753000528644467,0.08014665496347612,-0.016313188440056248,0.017725116353930037,-0.03757245396259101,-0.07112934765578549,-0.12251797286066268,True,True,True
Denmark,2020,0.42100000000000004,0.062000000000000055,-0.003820035869178527,-0.005755305483146975,-0.008740418967500536,-0.00210858333,-0.009486268070094363,0.0033355114938604657,-0.007242690211849645,0.08238998585313098,0.08091331691451978,0.012393769051342707,0.02037715766341419,0.0006427567844817794,-0.026329404935486744,-0.07256513429876899,True,True,True
Finland,1870,,,,,,0.010999999999999996,,,,-0.047491279849745105,,,,,,,False,False,False
Finland,1871,,,,,,0.012000000000000004,,0.06156716417910446,,-0.03786531130876747,,,,,,,False,False,False
Finland,1872,,,,,,0.009000000000000001,,0.07381370826010558,,-0.057692307692307696,-0.04768296628360676,,,,,,False,False,True
Finland,1873,,,,,-0.010998521005090134,0.009000000000000001,0.0038730425202633187,0.0,,-0.040390879478827364,-0.04531616615996751,-0.1975662777016023,0.27749590834697213,,,,False,False,True
Finland,1874,,,,,-0.025430561271144958,0.009000000000000001,-0.0023367025351470685,0.08019639934533562,0.01862923516623116,-0.08722554890219562,-0.06176957869111022,-0.19178831074647373,0.2316017316017316,0.01432205305878885,,,False,False,True
Finland,1875,,,,,0.0029973102358524725,0.009000000000000001,0.02226786688488813,0.0,-0.07381370826010558,-0.12972542777556706,-0.08578061871886335,-0.1486683598521562,0.18316334072431628,0.014822409120792746,,,False,False,True
Finland,1876,,,,,0.003850818574684757,0.0040000000000000036,0.02226786688488813,0.0,0.0,-0.05228758169934641,-0.08974618612570302,-0.0757915821478422,0.05687345558590162,0.013090739750146053,0.017234274851534316,,False,False,True
Finland,1877,,,,,0.05819420210966785,-0.0010000000000000009,0.061121212121212125,-0.036363636363636376,-0.116560035708972,-0.07563187343237508,-0.08588162763576285,0.032427183703847895,0.06264150943396185,0.005292554651113168,0.010938669771202267,,False,False,True
Finland,1878,,,,,0.10016095802072622,-0.0010000000000000009,0.0915195349723652,-0.09119496855345921,-0.09119496855345921,-0.0803311702841799,-0.0694168751386338,0.1269795675752483,0.011120209197284625,0.0058724595562687915,0.012654102263457395,,False,False,True
Finland,1879,,,,,0.13802193211044667,-0.0040000000000000036,0.11274098825956239,-0.07266435986159159,-0.07266435986159159,-0.04712778429073858,-0.06769694266909786,0.1799228406694806,0.04154976994725623,0.0005733757741664541,0.005233637843495079,0.011875658060256929,False,False,True
Finland,1880,,,,,0.08022284262468826,-0.010000000000000002,0.06355012439705676,0.10820895522388052,0.1445725915875169,-0.030052910052910053,-0.05250395487594284,0.08647211658934872,0.049794823232323315,-0.004832279943106449,-0.003300413026491103,0.003998513322096886,False,False,True
Finland,1881,,,,,0.034000026364805334,0.0,0.01463328302738516,0.05555555555555558,0.1467505241090148,-0.08995376208490963,-0.05571148547618609,-0.03477239326286885,0.05297530660507044,0.0065563340144563775,0.0071884179945869014,0.013215930409699567,False,False,True
Finland,1882,,,,,0.0037766633181166506,0.0,0.012208746273946629,-0.065390749601276,0.007273610260315588,-0.07201889020070838,-0.06400852077950936,-0.06078788246847988,0.13419795221843,0.008825482991859701,0.010158170938068103,0.01452812114439403,False,False,True
Finland,1883,,,,,0.03829264294557758,0.0,0.05794847765119008,-0.029010238907849817,-0.13721919413173034,-0.0885952982319798,-0.08352265017253262,0.026006804563172503,0.16039182461717294,0.00872114759430763,0.010184053173323271,0.01265045565589723,False,False,True
Finland,1884,,,,,0.050654289223375074,0.0,0.08115358082114388,-0.01405975395430581,-0.06961530950986139,-0.07415463713664228,-0.07825627518977682,0.06493136518917231,0.2062153163152054,0.012274396502590379,0.014616460667655665,0.017541673259685545,False,False,True
Finland,1885,,,,,0.07145909947807574,0.0,0.07896450742464008,-0.05882352941176461,0.006567220189511391,-0.03745469190495369,-0.0667348757578586,0.04978516733773519,0.1337161942000653,0.006758942407521479,0.012043060963203997,0.0150410789644055,False,False,True
Finland,1886,,,,,0.08876003519654654,0.0040000000000000036,0.09922877122303361,-0.09280303030303039,-0.06379279139518057,-0.03849320708110334,-0.050034178707566435,0.1087972004769,0.20066446674299065,0.007798149250314232,0.013265592138108531,0.017457948469051895,False,False,True
Finland,1887,,,,,0.09309804608419084,0.0049999999999999975,0.10737238838092333,-0.035490605427975,-0.021430851473669188,-0.05963681386710689,-0.04519490428438797,0.1736656966735366,0.26098901098901095,0.010650597216576824,0.014843207903146277,0.02108620993736164,False,False,True
Finland,1888,,,,,0.06333151448859682,0.0040000000000000036,0.08099253947166267,0.017316017316017396,0.076139546727782,-0.04257835600236547,-0.046902792316858566,0.10291908025651209,0.23771556550951822,0.012359703504234779,0.01710806346485691,0.024520625873804436,False,False,True
Finland,1889,,,,,0.013543442100483229,0.0049999999999999975,0.027653940718170286,0.07021276595744674,0.16301579626047713,-0.05406366708162902,-0.05209294565036712,-0.06589322279515797,0.22581532084091194,0.015792990544151536,0.020778375186858183,0.02865452098098195,False,False,True
Finland,1890,,,,,-0.023688283856238036,-0.0050000000000000044,0.004558000008911524,0.03379721669980129,0.06928782212777629,-0.07809875713805846,-0.05824692674068432,-0.15048578386524847,0.21452991452991443,0.0288600595019559,0.0356998056708043,0.04418017525174876,False,False,True
Finland,1891,,,,,-0.04377562173593478,-0.008,-0.029977686526774988,0.12692307692307692,0.10960705960705952,-0.07628603280777194,-0.06948281900915314,-0.23315110265183447,0.09579139583922092,0.029736700363998753,0.03928589158485174,0.04905898723128374,False,False,True
Finland,1892,,,,,-0.014102461969976332,-0.010000000000000002,-0.02734476226564657,0.056313993174061494,-0.01389877278338525,-0.09062704114957545,-0.08167061036513529,-0.2022428698605393,-0.09114051366951958,0.0252058012851617,0.03643885671429603,0.048341017919555196,False,False,True
Finland,1893,,,,,0.013701502361485485,-0.005999999999999998,0.0006915743725747631,-0.05331179321486268,-0.08710900991466397,-0.026196636481241913,-0.06436990347952977,-0.12394554806787761,-0.13011314917870187,0.018046277538493083,0.030492127434716687,0.04418107000463395,False,False,True
Finland,1894,,,,,0.06655658691722381,-0.005999999999999998,0.07599130308527277,-0.0989761092150171,-0.225899186138094,-0.021136683889149837,-0.045986787173322406,0.04108289963313183,0.089152009606555,0.011544134561941172,0.024633326535747763,0.040026311282438165,False,False,True
Finland,1895,,,,,0.05490397759652177,0.0029999999999999957,0.10386364424430335,-0.030303030303030276,-0.08661702347709177,-0.027832104708891227,-0.025055141693094325,0.11177470305960413,0.37871863454433496,0.02193854320176289,0.03314921046291647,0.05008340599060751,False,False,True
Finland,1896,,,,,0.029711566345506646,0.0,0.08288471317268245,0.015625,0.06893679321486268,-0.030244173140954494,-0.026404320579665186,0.049479777718127727,0.48085620409741026,0.03601312063833367,0.04559752446132789,0.06440586105264953,False,False,True
Finland,1897,,,,,-0.018271252046657728,-0.000999999999999994,0.03286703574203572,0.04807692307692313,0.14705303229194022,-0.04902576995600252,-0.03570068260194941,-0.057825489338551805,0.36231340844211046,0.045108732680971375,0.0563551576694159,0.07548431995617089,False,False,True
Finland,1898,,,,,-0.025312760243843692,-0.0050000000000000044,0.013980092919313084,0.029357798165137616,0.05966082846816789,-0.07787166019639188,-0.052380534431116295,-0.08823978171613311,0.32857478353603375,0.05791639327237111,0.0737984029479882,0.09362512196228776,False,False,True
Finland,1899,,,,,-0.004259427753350753,-0.013999999999999999,0.005333999633513879,0.04456327985739761,0.02893827985739761,-0.0874903218670501,-0.07146258400648149,-0.11150406066611362,0.23858808788885333,0.03958780847052623,0.060610725479927186,0.08113974138914726,False,False,True
Finland,1900,,,,,0.00635956331405637,-0.015999999999999993,0.014809014948119668,0.013651877133105783,-0.034425045943817345,-0.08099752679307501,-0.08211983628550566,-0.06808250791654835,0.17323289198289182,0.02019547177760833,0.0428518986824761,0.06574647783817819,False,False,True
Finland,1901,,,,,0.03463057017428791,-0.015,0.025084285492503376,-0.013468013468013518,-0.042825811633151134,-0.03274345660697256,-0.06707710175569921,-0.028651046006599623,-0.007152550612207653,0.007677802578142434,0.027208822164109137,0.053191907758460055,False,False,True
Finland,1902,,,,,0.0435183585271111,-0.011000000000000003,0.03893871211163591,0.0,-0.04456327985739761,-0.03691639522258415,-0.0502191262075439,0.02290176118258702,-0.05068493150684916,0.01558358735405857,0.030939282801910606,0.058703812420315415,False,False,True
Finland,1903,,,,,0.03953921066340227,-0.011000000000000003,0.04348933782267117,0.0,-0.013651877133105783,-0.0545472479779049,-0.0414023666024872,0.06341436463784733,-0.00777273321581029,0.006901545423939559,0.014570445926741393,0.0405140241364928,False,False,True
Finland,1904,,,,,0.02007973782241101,-0.009000000000000008,0.040999999999999995,0.0,0.013468013468013518,-0.05075260517174836,-0.047405416124079135,0.04921493804757793,0.1559370529327615,0.10183726599251403,0.11159993151495895,0.1377406041052257,False,False,True
Finland,1905,,,,,0.01118406360902217,-0.0040000000000000036,0.046,0.0,0.0,-0.019784669181926933,-0.0416948407771934,0.029053165306896167,0.2568542568542571,0.08038593547740647,0.09796035832829608,0.12161904849364763,False,False,True
Finland,1906,,,,,0.010279039242649897,0.000999999999999994,0.03677929465301476,0.04266211604095571,0.04266211604095571,-0.029198341395991704,-0.03324520524988899,-0.01662344691297135,0.2399486693568873,0.07291343729409044,0.10035661449313271,0.12477267136632991,False,False,True
Finland,1907,,,,,0.006831305349380874,-0.012000000000000004,0.030050434860325128,0.026186579378068897,0.026186579378068897,-0.09274818500693367,-0.047243731861617434,-0.0001347196549355001,0.18676867686768683,0.10613464630309627,0.14389117751192976,0.1751881581613251,False,False,True
Finland,1908,,,,,-0.005564191433795579,-0.0029999999999999957,0.011506575211202345,0.05263157894736836,0.05263157894736836,-0.0965777029734712,-0.07284140979213218,-0.06812222714522342,0.05607626204641125,0.08260053690409025,0.13342466395840719,0.1763535369648107,False,False,True
Finland,1909,,,,,0.012538393820308483,-0.0010000000000000009,0.026767684598591687,-0.01212121212121231,-0.05478332816216802,-0.08761282290694054,-0.09231290362911514,-0.060946706370437975,0.05450068522099971,0.06228341436083673,0.10514518906756343,0.15777341626435137,False,False,True
Finland,1910,,,,,0.02300568134584291,-0.008,0.033496544391281316,0.0,-0.026186579378068897,-0.07209913631242959,-0.08542988739761377,-0.03988943642730358,0.09006475800954306,0.04926226036196424,0.08310054087199958,0.1469022171353922,False,False,True
Finland,1911,,,,,0.01977292824707295,0.0040000000000000036,0.04025921794633454,0.0383435582822087,-0.014288020665159662,-0.08976355656236727,-0.08315850526057912,0.0009650786241872655,0.1659148069783225,0.0255232318025993,0.06274024287285207,0.12053013922539452,False,False,True
Finland,1912,,,,,0.0035041681689936058,-0.009999999999999995,0.029340921242217946,0.02363367799113747,0.03575489011234978,-0.08682811577082104,-0.08289693621520595,0.010616286505574335,0.15640904138121203,0.01246567468975468,0.038259180819821825,0.09093342718339403,False,False,True
Finland,1913,,,,,-0.005793587471553244,-0.0040000000000000036,0.03034092124221794,0.0,0.0,-0.05862090561783678,-0.0784041926503417,-0.015752602733294485,0.1713945746619865,-0.004958876571368953,0.0065928912918885585,0.04928026341104874,False,False,True
Finland,1914,0.10872395419876416,,0.04826975703422201,-0.006281392619237087,0.029758135784206646,-0.01263157894736841,0.039490528388919095,0.0,-0.0383435582822087,-0.06223802870570303,-0.06922901669812027,0.1613050014038333,0.09202831963122526,0.01385932111731314,0.02195530059914097,0.056676965417975955,True,True,True
Finland,1915,0.10380682903119413,,0.056616545949413954,0.0034623364854682926,0.012057772518468499,0.006224489795918366,-0.0065965780251494854,0.20346320346320357,0.1798295254720661,-0.18661034602476564,-0.10248976011610182,0.19278720598625232,-0.02482693090810384,-0.013246329028908765,-0.010097560378101167,0.011942622869133945,True,True,True
Finland,1916,0.08135339089171555,,0.04060477530177176,0.01991343728291741,-0.08094200965732032,0.012499999999999997,-0.11403409739740678,0.32613908872901676,0.32613908872901676,-0.19149812579808048,-0.1467821668428497,-0.022857212637120594,-0.020748828589411628,-0.08420162512835,-0.09084308854921502,-0.08425899354142768,True,True,True
Finland,1917,0.0638652695087818,-0.04485868468998236,0.044317711066809505,-0.007568368996628455,-0.29589176249159876,0.031081081081081083,-0.41130593976418584,0.9475587703435804,0.9475587703435804,-0.2103991289800037,-0.1961692002676166,-0.5517257065950386,-0.29010991221101534,-0.0727889325196644,-0.08705793425889757,-0.09142578560893094,True,True,True
Finland,1918,0.19403924472417625,0.09023241569298211,0.1486808510638298,-0.1009107737874861,-0.9028543910335699,0.016666666666666663,-1.1626037122318749,2.414113277623027,2.2106500741598234,-0.05831173639392817,-0.15340299705733743,-0.7921903545961069,-0.7435746847309292,-0.02604831013642961,-0.042835658749867056,-0.05459541400481749,True,True,True
Finland,1919,0.2139867621914762,0.13263337129976066,0.13829399319099295,-0.05819493485717463,-0.8106440737471692,0.00826086956521739,-1.0044939233251113,-0.11340766929562152,-0.4395467580246383,-0.1933916083916084,-0.15403415792184674,0.02798972822703072,-0.5108184748515054,-0.024983142676429038,-0.05101465044672843,-0.07017372990585696,True,True,True
Finland,1920,0.14167172785213045,0.07780645834334865,0.11550530962892257,-0.011394164619273103,-0.6320322289550981,0.013448275862068967,-0.6634535935803997,0.0,-0.9475587703435804,-0.053416848991299636,-0.1017067312589454,1.502999669803804,0.31563473645328144,-0.09372860113982673,-0.1313240095130505,-0.15876078349112793,True,True,True
Finland,1921,0.12007652410192533,-0.07396272062225091,0.06268109217263099,-0.017007399490203707,-0.06702868621015463,-0.015999999999999986,0.03036083864046263,0.24432515337423322,-2.169788124248794,-0.015150856582239967,-0.08731977132171599,6.0447844356187845,2.959902553900559,-0.10289956214372725,-0.1320581404265564,-0.17279708299013774,True,True,True
Finland,1922,0.10615872082670277,-0.10782804136477342,0.048548045617239854,0.013486799160655368,-0.06714804553187204,-0.010999999999999996,-0.003977935384574416,-0.025391347220510396,0.08801632207511112,0.026399841714011135,-0.014055954619842813,0.19291523223297724,1.3046958588969129,-0.07683415205712352,-0.09937146096232091,-0.149395666383825,True,True,True
Finland,1923,0.1271772361593654,-0.014494491692765038,0.06308057346275615,-0.01283696334454462,-0.06112899270762033,-0.020000000000000004,0.004239719857616037,0.008347034273428644,0.008347034273428644,-0.012374412873601956,-0.0003751425806102539,-0.13589944558408895,0.4225125657763815,-0.029348055048193045,-0.06394307062572796,-0.11068946090781084,True,True,True
Finland,1924,0.11327151122602472,-0.006805012875900615,0.06207349834056398,0.010138899075176578,0.021430531985202277,-0.0040000000000000036,0.0858283501453689,0.017559262510974616,-0.2267658908632586,0.008398224943225018,0.007474551261211407,-0.29779440144304026,0.3782552083333335,-0.007185974762880021,-0.05118738919897664,-0.09048513131663377,True,True,True
Finland,1925,0.11408721013838138,0.00792848931167861,0.052253112015738366,-0.021235063583963015,0.01268669281460677,-0.0049999999999999906,0.04710761387847216,0.04277086158017984,0.06816220880069024,0.0016592461491662287,-0.0007723139270702277,-0.07589679028653662,0.1503576557380446,-0.012128720755127664,-0.03981730757171453,-0.07973435179754257,True,True,True
Finland,1926,0.12578382925777468,-0.0013934069015907324,0.05570553988035375,-0.020557350334681028,0.03144001315047532,-0.007999999999999993,0.05504598700507599,-0.024468085106382875,-0.03281511937981152,-0.0022975809124047277,0.0025866300599955154,0.034486458673300024,0.12351043273023454,0.021561004646101778,0.01704360251450948,-0.027576840969663396,True,True,True
Finland,1927,0.10640452592341954,-0.006866985302605183,0.04275593600624826,0.0033595441356140134,0.005943287980886856,0.0020000000000000018,0.05020417568406438,0.017084696474009453,-0.00047456603696516275,-0.003908733057221483,-0.0015156892734866517,-0.07888780596194267,0.25780482471171506,0.03276544147054683,0.03756469251956379,0.0036891146656569673,True,True,True
Finland,1928,0.10751815072877234,-0.006569059409609043,0.04728579088471851,-0.01288743073462446,0.008915148686992558,0.0020000000000000018,0.0662806831935565,0.024541339051703526,-0.018229522528476316,-0.06664106362356212,-0.024282459197729436,-0.04569566005633774,0.33821101155021505,0.06621327692012274,0.07455270635645489,0.06256085448892479,True,True,True
Finland,1929,0.1140097878888544,-0.011774041368920282,0.05271263214271902,0.0007077447060944327,0.013698043570508536,0.0049999999999999906,0.0636827943596459,-0.007674418604651123,0.016793666501731752,-0.02356667483644728,-0.031372157172410285,-0.05919651172740592,0.1831127251875566,0.0693933624215135,0.08385078096515175,0.09300039467981008,True,True,True
Finland,1930,0.1273196447327541,0.020915118809334554,0.05077284659791916,-0.010326267774784077,0.0786628374190455,0.010999999999999996,0.09244589098136284,-0.08120459339114139,-0.09828928986515084,0.004081428666622243,-0.028708769931129044,0.022160637037895725,0.011074599498054782,0.07382686822207096,0.10188559190894653,0.12078152987960777,True,True,True
Finland,1931,0.15211034216147565,0.04459219143270331,0.07164609325122043,-0.010551226084618002,0.1470380921114695,0.0030000000000000027,0.13932361233937018,-0.08009182502231849,-0.10463316407402201,0.04405389682286487,0.008189550217679954,0.3853592181070149,-0.17898184815290663,0.08721183474857763,0.1229705457172145,0.15083840613852073,True,True,True
Finland,1932,0.1615615710640104,0.047551783175156,0.10110928677815348,-0.014681313697549605,0.15131377903757498,0.0059999999999999915,0.12781552132798574,-0.009150145570497759,-0.0014757269658466354,0.048814310177946546,0.03231654522247789,0.5531104911980413,-0.2182267618114826,0.03437858405160543,0.06997556978706682,0.10768257362193034,True,True,True
Finland,1933,0.15215021651161892,0.02483057177886483,0.07203424635176739,-0.007375905918720765,0.10519548575777501,0.014000000000000005,0.09872820128850585,-0.029942633272701746,0.05126196011843964,0.057733514934372045,0.050200573978394496,0.18863489461473648,-0.0911399911727856,-0.03714222863920952,-0.010087009989279028,0.030536259240540153,True,True,True
Finland,1934,0.12943519743288265,-0.022675144728593,0.05423744567271355,-0.021065338319923653,0.027182374235252472,0.014000000000000005,0.07020415576325303,-0.009519688446560037,0.07057213657575845,0.053392224254996665,0.0533133497891051,-0.19476988754830826,0.21670949175562515,-0.10318691594599216,-0.0918501101798403,-0.05563551610486667,True,True,True
Finland,1935,0.11514238778254163,-0.04641918328146877,0.04728089025676096,-0.03212667622401325,-0.0010954484134727271,0.012000000000000004,0.0619503792653836,0.009611183923110556,0.018761329493608314,0.03084040092521203,0.04732204670486025,-0.2642543817162675,0.39679324183455145,-0.07528107143927981,-0.08013488214732462,-0.05696342813207578,True,True,True
Finland,1936,0.102975908681841,-0.049174307829777913,0.04270585370078572,-0.03221859900314201,-0.014541693825854018,0.010999999999999996,0.050969501507816345,0.0,0.029942633272701746,0.026080698302443663,0.036771107827550796,-0.08843546284224257,0.42180774748923966,-0.05088926941477512,-0.0789424451834913,-0.06936784991148437,True,True,True
Finland,1937,0.09680983212151631,-0.03262536531136634,0.040796455050973124,-0.03947885325564246,-0.01769499672930249,0.010999999999999996,0.03111277762686055,0.05005048319630734,0.059570171642867376,-0.0006729720408157542,0.018749375728946655,0.0330675820664168,0.4063849943160287,-0.02444888964094777,-0.06557223173330762,-0.07342818968861708,True,True,True
Finland,1938,0.08764463587687271,-0.027497751905668916,0.035363323487259804,-0.010296564234145388,-0.02766265555175696,0.010999999999999996,0.024517970802695972,0.02939560439560429,0.019784420472493736,-0.0070972505303439955,0.006103491910427981,-0.0455147931140103,0.3752457055464731,0.002425642330205091,-0.03070998070209291,-0.05785268263322568,True,True,True
Finland,1939,0.15057236358779136,0.04759645490595035,,,,,,0.017614091273018495,0.017614091273018495,0.003686635944700461,-0.0013611955421530871,-0.1157331624859339,0.13541450817652612,0.034828598004475075,0.024998386625740443,-0.013582684120348187,False,False,True
Finland,1940,0.3897997699964606,0.2929899378749443,,,,,,0.19053238919485982,0.14048190599855248,-0.14675619805787188,-0.05005560421450513,-0.15340167301184526,-0.1389821988390696,0.021862167695182178,0.024537166586963532,-0.012449948438171266,False,False,True
Finland,1941,0.5128441230746056,0.4251994871977329,,,,,,0.18173807688071375,0.15234247248510946,-0.11072195232177155,-0.08459717147831432,-0.23749754165847237,-0.17877514678431727,-0.05746598161685029,-0.056917569669238666,-0.0792959326642051,False,False,True
Finland,1942,0.5567603027912822,0.40618793920349083,,,,,,0.17699692422406565,0.15938283295104716,-0.08718528239525614,-0.11488781092496653,-0.2257528188150818,-0.0761837139429381,-0.08108450180315269,-0.0832407275354079,-0.09585313290913527,False,False,True
Finland,1943,0.6120465825949702,0.22224681259850965,,,,,,0.13066202090592327,-0.05987036828893655,-0.04944091455021217,-0.08244938308907994,-0.23474559136040385,0.16902873705647248,-0.07688698169624597,-0.08648406548841181,-0.0951382512123497,False,False,True
Finland,1944,0.7113549393983741,0.19851081632376855,,,,,,0.06359434094410976,-0.11814373593660399,-0.027261603616283422,-0.054629266853917245,-0.15479743955292313,0.23600727143308786,-0.05401878964385898,-0.08048909916523206,-0.09308791870763294,False,False,True
Finland,1945,0.5864514827660541,0.029691179974771886,,,,,,0.4022125642038721,0.22521563997980643,-0.010973824000438953,-0.02922544738897817,0.82986454059526,0.8594859756831588,-0.0629153676053539,-0.10619835056665697,-0.1259138467061078,False,False,True
Finland,1946,0.4788576852181571,-0.13318889737681316,,,,,,0.5930309007232084,0.46236887981728514,0.032588416075001805,-0.0018823371805735147,2.907302668604062,0.6378381218641138,-0.02667684682714122,-0.06223727966974285,-0.09529672706727188,False,False,True
Finland,1947,0.5255,-0.18585493939837416,,,,,,0.2992453275160665,0.2356509865719567,0.035606644421760196,0.019073745498774358,2.685440980007034,0.6667315695576941,-0.012796090442178887,-0.0334464975547378,-0.07926328002544927,False,False,True
Finland,1948,0.3901,-0.19635148276605408,0.19314438931552586,0.0332450135528491,,0.0475,-0.2929080556288398,0.3464479386472441,-0.05576462555662798,0.02895720427455135,0.03238408825710446,0.9046305336291889,0.20464672551315166,-0.00703899996268087,-0.021995560624477023,-0.06691509384274086,True,True,True
Finland,1949,0.2664,-0.21245768521815706,0.09976976526094687,-0.02361969615506366,,0.0365,-0.125736048670774,0.013514879849011008,-0.5795160208741974,0.044734236279229046,0.03643269499184687,-0.37937443371319,0.27559540302199403,0.04233858538247065,0.03230996869471839,0.0004113456326720888,True,True,True
Finland,1950,0.2548,-0.27069999999999994,0.13729626265600003,0.008859638312337478,-0.1099336130830425,0.0505,-0.040875829983809925,0.14666467145517426,-0.15258065606089222,0.008222802122652412,0.027304747558810946,-0.16025073837670867,0.2309969963942511,0.018029770376475796,0.019601609739582693,0.0020856746247118196,True,True,True
Finland,1951,0.1917,-0.1984,0.08470708662053572,-0.03103045760768457,-0.05765283886994273,0.03550000000000001,-0.014647757344030413,0.16276372072790557,-0.18368421791933853,0.1095371278058436,0.054164722069241694,-0.35606746197154404,0.25538676001638927,-0.008311606761782914,-0.001027386274137232,-0.012639743231999095,True,True,True
Finland,1952,0.1312,-0.13520000000000001,0.07196944125644172,-0.0353532593291102,-0.04352928026027579,0.05050000000000001,0.0015317671814390615,0.009976306272602598,-0.0035385735764084103,-0.026506808487251794,0.03041770714708142,-0.11629500750878718,0.25523624579602067,0.029739309819845933,0.03809555916140614,0.037726810240524655,True,True,True
Finland,1953,0.1831,-0.07170000000000001,0.09263378910413794,-0.03788740962323389,0.003878016271613105,0.05050000000000001,0.0437936585308014,0.019878997407087207,-0.12678567404808705,0.025684220392817057,0.036238179903802965,-0.26623605266081785,0.1927361264954517,0.036682657805763685,0.05048332683439838,0.05837026630598707,True,True,True
Finland,1954,0.1895,-0.0022000000000000075,0.11993371998999999,-0.013727937130075255,0.07302813871392723,0.0685,0.11604823210676991,0.0,-0.16276372072790557,0.021925890401959174,0.007034434102508155,-0.18282828289214137,0.053893687127131606,0.0461264400372392,0.05630951371590942,0.07214657055352292,True,True,True
Finland,1955,0.1704,0.039199999999999985,0.12545790055958547,-0.025768973445190045,0.09238598288793456,0.08449999999999999,0.14509925268028473,-0.02917675544794185,-0.039153061720544446,0.022896316023523884,0.023502142272766712,-0.05275202872020068,0.12396441855666218,0.04281849979254221,0.05244843944783012,0.07231013580511753,True,True,True
Finland,1956,0.1659,-0.01720000000000002,0.11994244107999999,-0.01219950616852588,0.06900740278841978,0.079,0.12706265959749938,0.10998877665544327,0.09010977924835606,-0.018340187011308073,0.008827339804725005,-0.14566467590317056,0.14691078273060465,0.01082480502370109,0.031452738195622165,0.04886778062198993,True,True,True
Finland,1957,0.1689,-0.020600000000000007,0.1317653828789256,-0.022259666892305612,0.052509204118601896,0.08,0.09046388792390463,0.11279631502078424,0.11279631502078424,-0.0034317918238955494,0.0003747790627734297,-0.0632333971329695,0.06952517824905247,-0.019451694389261642,-0.001360472603859797,0.014639349444538208,True,True,True
Finland,1958,0.1606,-0.009800000000000003,0.1322768750875,-0.03960712516818407,0.03875935267345161,0.0825,0.05872921645455029,0.06602725896012118,0.09520401440806303,0.02154455945617744,-7.580645967538459e-05,-0.16774151216243827,-0.05030416147516592,-0.013290138434850995,-0.005730454007363162,0.01218995748121049,True,True,True
Finland,1959,0.1505,-0.015399999999999997,0.11965931777234041,-0.027663351938693122,0.061361269447020556,0.0905,0.09324645270497886,0.015437067904157553,-0.09455170875128571,0.0069059595753314055,0.008339575735871109,-0.12991024087455594,-0.04040421280012707,0.006243484510754405,0.007372265834734548,0.02612972050410367,True,True,True
Finland,1960,0.1279,-0.04099999999999998,0.10821138356687898,-0.03211409689487005,0.07632653572713081,0.09649999999999997,0.1260885247578561,0.032270098862152485,-0.08052621615863176,-0.00875979998765356,0.006563573014618438,-0.18214765299458868,0.036728850639883515,0.02529983228923116,0.021956304568223173,0.03749629366285173,True,True,True
Finland,1961,0.1013,-0.05929999999999999,0.11852279128048779,-0.043636055146498196,0.0860062824804392,0.1415,0.18707424039966494,0.018070112034694663,-0.04795714692542652,-0.013674000653523581,-0.005175947021948569,-0.14201198743319365,0.11485171910163117,0.033472108232823705,0.03205724319879544,0.03964580247823207,True,True,True
Finland,1962,0.1152,-0.0353,0.06559683147540983,-0.054418167783937745,0.06777803189376748,0.03599999999999999,0.07434003383073959,0.04463968761093362,0.029202619706776067,-0.015245358832205888,-0.012559719824461002,-0.12945870377676805,0.09647074860005689,0.030614151227640996,0.03901857385099894,0.04221561430420273,True,True,True
Finland,1963,0.1344,0.006499999999999978,0.07543234559999999,-0.053202828325215445,0.05785332729303799,0.021999999999999992,0.054870414532079,0.04867895675813427,0.016408857895981788,-0.003317721993255901,-0.010745693826328449,-0.09410502155332312,0.12163141824609158,0.01545777365332196,0.030433043020972772,0.03342966706110723,True,True,True
Finland,1964,0.1363,0.035,0.08280884815909091,-0.03885068588215754,0.003539444446008705,0.040999999999999995,0.04538309175600076,0.10353208036292938,0.08546196832823472,-0.02353195199933563,-0.014031677608265796,-0.14109752451202184,0.08692650979486838,-0.0002881952218016792,0.013093722800867014,0.02137402201383365,True,True,True
Finland,1965,0.1423,0.027100000000000013,0.07270647159183674,-0.05796118830066832,-0.01056136583718062,0.023999999999999994,0.027210523475183893,0.04815739245338424,0.0035177048424506197,-0.022728842832469776,-0.016526172275020425,-0.14164028038074106,0.11014578862893987,-0.0035963559557185554,0.0050118438560725065,0.019010110152715642,True,True,True
Finland,1966,0.1518,0.0174,0.0764447688,-0.04481171715346362,-0.0038134432530926854,0.026999999999999982,0.033316424035314623,0.03936125507774202,-0.009317701680392254,-0.022215451425369476,-0.022825415419058286,-0.11829929109632253,0.09898245809369977,0.009908159757834989,0.014476732368212175,0.030846412371511756,True,True,True
Finland,1967,0.1583,0.021999999999999992,0.09534835192307693,-0.031296437294466975,0.02753942898336316,0.05499999999999999,0.07704904022098114,0.05633423180592989,-0.04719784855699949,-0.021857539669870057,-0.022267277975903096,0.2187704652876179,0.10204793124700351,0.004874530501244756,0.005696610746060982,0.018671297206288018,True,True,True
Finland,1968,0.1569,0.014600000000000002,0.05194954924675325,-0.04734288935056255,0.01595131979596097,0.000999999999999987,0.008481448235339667,0.09186016841030864,0.0437027759569244,0.005614347777654005,-0.0128195477725285,0.20069510146324698,0.08050771552810332,-0.011733203777281598,-0.013174788026163287,-0.00597257993777095,True,True,True
Finland,1969,0.1208,-0.030999999999999986,0.0396088704,-0.03326317770946177,-0.013988150468309327,-0.0020000000000000018,0.011240333526113033,0.02208459920542194,-0.01727665587232008,0.0021519543258673693,-0.004697079188782885,0.2500101949955229,0.1033107595966598,-0.008872633201833402,-0.009114991008347395,-0.007344002492288448,True,True,True
Finland,1970,0.11425300000000001,-0.04404699999999999,0.03780709559276596,-0.022836571747108847,-0.04479765028842532,-0.0020000000000000018,0.020910526186700217,0.027323653824168348,-0.029010577981761543,-0.021931224449642565,-0.004721640782040387,0.010281542791339415,0.12898470503810122,0.007418960790132434,0.009153295062503064,0.00866707077380513,True,True,True
Finland,1971,0.103108,-0.053792000000000006,0.03288512672076923,-0.023041460534930457,-0.037708309412196134,-0.019000000000000003,0.02792289629334882,0.06482305809036282,-0.027037110319945823,-0.02815826651013789,-0.015979178877971022,0.028319941608135446,0.1777351139861434,0.024662872833974503,0.02492177792377559,0.025778279854037245,True,True,True
Finland,1972,0.093827,-0.02697300000000001,0.023067065282258065,-0.017295836085287848,-0.05143702974093246,-0.025499999999999995,-0.002526338609471941,0.07143230391388422,0.04934770470846228,-0.008342174840085287,-0.01947722193328857,-0.03223127472203202,0.16304860265491006,0.01602624911727074,0.015428253452147933,0.01858273363389118,True,True,True
Finland,1973,0.076543,-0.03771000000000001,0.02749294791735099,-0.020806800157614484,-0.07187485416010654,-0.0165,-0.006029196620742111,0.10983222785797886,0.08250857403381051,-0.020797180651308783,-0.019099207333843977,-0.1690973830749355,0.14725030871165878,0.019420852848706927,0.025123573291222334,0.028469431791678823,True,True,True
Finland,1974,0.060850999999999995,-0.04225700000000001,0.026066726423783788,-0.025737222376991838,-0.1012373725918704,-0.00449999999999999,-0.027996597014714464,0.16672525927227988,0.10190220118191706,-0.04771206484925879,-0.025617140113550943,-0.24867237496994132,0.11111679639533589,0.010924953513401559,0.02198290751624077,0.02540127260163849,True,True,True
Finland,1975,0.06503199999999999,-0.028795,0.028357173300637566,0.01441942974483326,-0.09925604066882025,0.005500000000000005,-0.05355808265296144,0.17811676082862515,0.10668445691474093,-0.07647522164050813,-0.04832815571369189,-0.22269517352538104,0.10538805856773803,0.004041034991543513,0.013768584125776806,0.020025251037866565,True,True,True
Finland,1976,0.061008,-0.015535,0.028088241662337657,0.04271355238516792,-0.07144734613164082,0.024499999999999994,-0.04575364245165789,0.14341890725406814,0.03358667939608928,-0.03434725769274082,-0.0528448480608359,-0.2011299364429292,0.0734571951771712,-0.005093716309974461,-0.0011129600384524596,0.009043789215402553,True,True,True
Finland,1977,0.07765100000000001,0.016800000000000016,0.02793062090025162,0.0277441396784735,-0.04808905278749913,0.0059999999999999915,-0.0608799633624823,0.1266042220047532,-0.040121037267526694,-0.00313773787453997,-0.03798673906926297,-0.08358430696075758,0.007017388017594994,0.00246743309132863,0.005087374715312731,0.016411377038648756,True,True,True
Finland,1978,0.109656,0.04462400000000001,0.03877653654413189,0.017873817243221235,-0.023684077572923276,-0.035358337000000004,-0.03381731183678481,0.07797880525153267,-0.10013795557709249,0.01776560251966147,-0.006573131015873098,-0.1098901469016228,-0.037498988121737575,-0.0006295583339381849,0.0007235913554505258,0.008137668388389807,True,True,True
Finland,1979,0.11123300000000001,0.05022500000000001,0.0406465903922318,0.006041040737004418,-0.03971367054950549,-0.012341667000000014,-0.012789780045867727,0.07468631288131689,-0.06873259437275125,-0.003630250955798279,0.003665871229774416,-0.05303007361119805,-0.011670569390588637,0.00014937594140657096,-0.0007824139163046806,0.003667684036353591,True,True,True
Finland,1980,0.112101,0.034449999999999995,0.04984124281782189,0.010176966140623791,-0.05185313448415926,-0.025791670000000003,0.008139698263149683,0.11594078707770095,-0.01066343492705224,-0.02613940161036338,-0.004001350015500054,-0.03135141302352251,0.029893727041822693,0.00893106914154046,0.00843012873533644,0.010366395242216775,True,True,True
Finland,1981,0.11498100000000001,0.00532500000000001,0.048700500797022386,0.01987702021562166,-0.05935293407693912,-0.016225003,-0.005176807809885359,0.12007832447063782,0.04209951921910515,-0.009096447316573412,-0.012955366627578348,0.10075998635707228,0.04505042213179955,0.010601443286885948,0.012961638293771782,0.01454269312398826,True,True,True
Finland,1982,0.137934,0.02670099999999999,0.05582278077974779,0.009912879305813914,-0.0478513338543398,-0.02342499699999999,-0.017354922306844225,0.09567065437219346,0.02098434149087658,-0.017391369296544636,-0.0175424060744938,0.3434546877540108,0.019579756993178155,0.023568333792191698,0.02765179967704584,0.029341374692590072,True,True,True
Finland,1983,0.152915,0.04081399999999999,0.06279787547525693,-0.00022250014323311855,-0.026700742691409138,-0.051041663,-0.004160197177744504,0.08365661369040178,-0.032284173387299164,-0.022037523035684372,-0.016175113216267464,0.3766881814974148,0.03590649077610264,0.02569128893161926,0.03154022331715883,0.036512190682560564,True,True,True
Finland,1984,0.151178,0.03619699999999999,0.06515518519920074,0.016625500744706322,-0.011536253812132913,-0.060125,0.021566301834669177,0.07067382643339681,-0.04940449803724101,-0.00039027721661054994,-0.013273056516279842,0.357788422153664,0.0534987907738651,0.023974263075318192,0.0336340949508645,0.04094587132849642,True,True,True
Finland,1985,0.157747,0.019812999999999997,0.06569600212662272,0.018035335135402158,0.0037880837802488493,-0.03050833,0.03309837582527807,0.05867443240036674,-0.036996221971826726,-0.014349848055627093,-0.012259216102640663,-0.06364557881789834,0.06494360555927692,0.04551562811173304,0.05862158093496672,0.07033312250556134,True,True,True
Finland,1986,0.16386199999999998,0.010946999999999985,0.057533193362969345,0.024263169144146876,0.020937940291328255,-0.02819166699999999,0.03805141207279946,0.028997503947837622,-0.05465910974256416,-0.009417054535594084,-0.008052393269277232,-0.22448678987404613,0.08591260632323738,0.04480954373132656,0.06117893115727158,0.0771602168702838,True,True,True
Finland,1987,0.176015,0.024836999999999998,0.06328610826421674,0.007128119679846716,0.021250437218572213,-0.010583333333333389,0.0462455790403943,0.04081632653061229,-0.029857499902784523,-0.018879753234095346,-0.014215551941772165,-0.41980093260641393,0.09251041599265886,0.07526920363382217,0.09578919346039727,0.11808928097501503,True,True,True
Finland,1988,0.16497,0.007223000000000007,0.06460990565241516,0.03614642374129336,0.01863110653007531,-0.019991666666666977,0.06531580813720654,0.05096374510993007,-0.0077106872904366686,-0.024669963896093744,-0.017655590555261048,-0.2543542414540306,0.10748501916091358,0.12116124164008013,0.1494736623695304,0.18062475105919878,True,True,True
Finland,1989,0.14232,-0.021541999999999978,0.06504029726165224,0.044251209021690247,0.004277331528074302,-0.019075000000000314,0.06818671434840234,0.06633478531425019,0.03733728136641257,-0.04869153264020677,-0.030747083256798608,-0.1880117730694406,0.0886484514278314,0.10471510716102872,0.14338539088094748,0.18191608649060742,True,True,True
Finland,1990,0.137941,-0.038074,0.06989086011498352,0.025607415869617536,0.026997604933267014,0.002166666666666317,0.0735153322602135,0.0610304727951787,0.020214146264566413,-0.05052,-0.04129383217876683,-0.12114346296272627,0.0898273800895697,0.08695059815334161,0.13143154474681185,0.17785375010078486,True,True,True
Finland,1991,0.218599,0.05362899999999998,0.09389990807580927,-0.021771209926848792,0.07267071074799271,-0.015750000000000333,0.0605915806301902,0.041160000000000085,-0.009803745109929984,-0.05356,-0.05092384421340224,-0.04478285375275415,0.06938930230484708,0.08009556659805606,0.13040424735674394,0.18577157855040682,True,True,True
Finland,1992,0.39218200000000003,0.24986200000000003,0.1780549335417625,-0.03304793164751638,0.11837808970145458,0.04200000000000004,0.07699682384538117,0.026019055668677238,-0.04031572964557295,-0.04663,-0.05023666666666666,0.2706229812939096,0.03967737309067432,0.015145512918315673,0.06329367858712243,0.12255743845381384,True,True,True
Finland,1993,0.54142,0.40347900000000003,0.18444152763230195,-0.06745980260862464,0.11950731205002453,0.034749999999999996,0.058854875195236744,0.021006318745611985,-0.04002415404956672,-0.01461,-0.03826666666666666,0.5892091299853444,-0.011290026078866977,-0.058238866677263634,-0.03158028999427698,0.026801405259103905,True,True,True
Finland,1994,0.561439,0.34284000000000003,0.16872294612250452,-0.07150594635015396,0.08320967139637742,0.020456912789208574,0.0586602273210121,0.010864681990299774,-0.03029531800970031,0.00821,-0.017676666666666657,0.16248182794857158,-0.01831233111032704,-0.15902162064065284,-0.15946250547544905,-0.11508122203851223,True,True,True
Finland,1995,0.551512,0.15932999999999997,0.17136705336226432,-0.06544169670885727,0.05000454599731539,0.04499578754215836,0.06733879304116594,0.009849982767065057,-0.01616907290161218,0.03829,0.010630000000000007,-0.14542204277792004,0.02137301837661032,-0.14903237277875492,-0.17145059848599264,-0.151509905134653,True,True,True
Finland,1996,0.553057,0.011637000000000008,0.1466801485524379,-0.03539003612767582,0.034330419335477445,0.03942337357506852,0.0629131113929087,0.005766121789114287,-0.015240196956497698,0.03515000000000001,0.027216666666666677,-0.16073617563196274,0.07143125089684732,-0.11264011411406821,-0.16261055424526544,-0.17065874549438526,True,True,True
Finland,1997,0.522151,-0.03928799999999999,0.11768640814712003,-0.003784338403819691,0.019460833752425015,0.026255719010196882,0.052679065236581946,0.012163856764664915,0.0012991747743651416,0.04752,0.040320000000000016,0.1940438767953221,0.06900576792576718,-0.08643114714505695,-0.15536437779595547,-0.19098903892281105,True,True,True
Finland,1998,0.468268,-0.08324399999999998,0.08076313723251895,0.007621936794491312,0.0028342372664646592,0.01757384167080341,0.036735304729495814,0.013490632270143132,0.003640649503078075,0.04706000000000001,0.04324333333333335,0.20464522678817265,0.06529950787201022,-0.028211652532365294,-0.09419545663579248,-0.15399066993086946,True,True,True
Finland,1999,0.44054699999999997,-0.11251000000000005,0.0769671176448683,0.009047948953613485,-0.009608829137801651,0.0024464058118767312,0.033443470464636076,0.013107317006913588,0.007341195217799301,0.04845,0.04767666666666667,0.29683270537997886,0.06281022937569358,0.03753404893857215,0.00030547955203330535,-0.07313827278747992,True,True,True
Finland,2000,0.424547,-0.09760400000000002,0.08186095485970522,0.048699989138380737,-0.015533806801300787,0.011636243447544707,0.035551837633038555,0.029508768166461197,0.01734491140179628,0.07158,0.05569666666666667,0.19347492998447047,0.07360763451010244,0.036384172181593344,0.024910181890520355,-0.04866190740044163,True,True,True
Finland,2001,0.409236,-0.05903200000000003,0.07793770409989384,0.03412472356786947,-0.01011175165957616,0.016138957023708364,0.026233690646022746,0.026657463959681715,0.013166831689538583,0.07674999999999998,0.06559333333333334,0.3426900111107303,0.04887513445076608,0.05809533943357531,0.06015843926190356,0.011726289583581906,True,True,True
Finland,2002,0.40179499999999996,-0.03875200000000001,0.07532812123467518,0.028890192466480134,-0.0043956499610620856,0.02597380039404964,0.023897398192447027,0.020066974478664568,0.00695965747175098,0.07818,0.07550333333333333,-0.04030339031974739,0.025533401676861134,0.060027180604651065,0.07912188188603331,0.059209714713232775,True,True,True
Finland,2003,0.427482,0.0029349999999999654,0.06721861844429977,0.018045575210098325,0.008103772857009514,0.01960877048471267,0.02079477166879676,0.01290755800940091,-0.016601210157060287,0.04314,0.06602333333333334,-0.2579631476805069,0.023489027240250815,0.07181974140909742,0.10425265760719671,0.11099318586902113,True,True,True
Finland,2004,0.42641599999999996,0.017179999999999973,0.0668827991089103,0.01647272801756103,0.007358703360723806,0.018275761574253382,0.028640021418635996,0.0014731879787861502,-0.025184275980895565,0.05603,0.05911666666666667,-0.33288671862779806,0.05281545955037026,0.07537134220290709,0.10578565144397034,0.1321664311699634,True,True,True
Finland,2005,0.39929699999999996,-0.0024980000000000002,0.05111474910241552,0.013496147351728582,0.0021341519446007456,0.0019734428860526676,0.02538965199685163,0.007747376679415607,-0.01231959779924896,0.02877,0.04264666666666667,-0.05568560743468243,0.07689259920693892,0.08895231942980142,0.12205860251556389,0.16460165082011313,True,True,True
Finland,2006,0.381117,-0.04636499999999999,0.05714682860870755,0.012317810869848792,-0.0073312407244231215,-0.005720917967345862,0.0297322601360768,0.012748151031529709,-0.0001594069778712015,0.03930999999999999,0.041370000000000004,0.02854861384763807,0.08334109455138994,0.08939570490445348,0.1288268651783867,0.17812024559524586,True,True,True
Finland,2007,0.339041,-0.08737499999999998,0.05856351426349813,0.02364774552384915,-0.015851563789679314,-0.00396428450110866,0.03026930930153017,0.015830690881137643,0.014357502902351493,0.04027999999999999,0.03611999999999999,-0.020365375271234165,0.06509367021806622,0.07294032175060616,0.1141559982075564,0.16735721576148221,True,True,True
Finland,2008,0.325607,-0.07368999999999998,0.058399520705475744,0.019635772146070474,-0.0137926812169138,0.032259707565429785,0.02196335310889083,0.03916097145694897,0.03141359477753336,0.025429999999999998,0.035006666666666665,-0.12584392559263158,0.0431820454905294,0.08769852703161762,0.12979330645926024,0.18540720739036376,True,True,True
Finland,2009,0.41531399999999996,0.03419699999999998,0.09208862950491334,-0.02406846978348145,0.03340859299856774,0.04331491574695467,0.027647495400349928,0.016339348701727152,0.0035911976701974435,0.019960000000000002,0.028556666666666664,-0.09322273681870097,0.03197547470531137,0.10534374829460835,0.14975950256147152,0.2122977156046978,True,True,True
Finland,2010,0.469047,0.130006,0.11578809502258211,-0.02629554386438953,0.04440236691458757,0.042578935524041954,0.032364712819619355,0.016860347954591237,0.0010296570734535937,0.014890000000000002,0.020093333333333338,0.07905995024349077,0.026450260062570896,0.08600573028640801,0.12997899276317837,0.1938465145274917,True,True,True
Finland,2011,0.48271200000000003,0.15710500000000005,0.18879790716126468,0.013388534635136444,0.05634200270658651,0.0887678536305389,0.07235357178683388,0.03323864887479622,-0.00592232258215275,-0.014400000000000001,0.006816666666666673,0.05248639546998768,0.023181341498538455,0.06257312414608085,0.10326166306554352,0.16792760099608106,True,True,True
Finland,2012,0.5362250000000001,0.1209110000000001,0.13387875043943545,-0.004153416117467015,0.031538072014451475,0.058534937920001986,0.03350350940533604,0.031615288714609946,0.015275940012882794,-0.020550000000000002,-0.006686666666666663,0.07863565940019979,0.009593552622339407,0.05756463793905997,0.09988241464461067,0.16211740737915337,True,True,True
Finland,2013,0.562292,0.09324500000000002,0.08472478668330467,-0.01595790723798227,0.03898113687903344,0.035201882267488,0.008297940889240994,0.022155886545334402,0.005295538590743165,-0.017980000000000003,-0.01764333333333333,-0.049377190558252626,-0.00956950942271817,0.04373121936655078,0.08326729089279472,0.14251424941603286,True,True,True
Finland,2014,0.598259,0.11554699999999996,0.05649206146862592,-0.023426411662715124,0.03233036616789822,0.02120168332729664,0.0013452593148877458,0.012095918511706882,-0.021142730363089335,-0.01332,-0.01728333333333333,0.05237782178209849,-0.009256369578237722,-0.02905111725771148,-0.006120925838931535,0.04714326952111603,True,True,True
Finland,2015,0.636417,0.10019199999999995,0.030110819497188204,-0.0224298210308428,0.020027668485031323,0.011830946890001864,0.0007400978187978302,-0.0015575701905028438,-0.03317285890511279,-0.00937,-0.013556666666666663,0.21292406585468893,0.00709794558614818,-0.015728266165455307,-0.005023271410375618,0.04020609533424935,True,True,True
Finland,2016,0.631764,0.06947199999999998,0.01853133277895656,-0.02168920872957139,0.0030091750615537823,0.009842078250544551,0.0024326288101430733,0.003889999999999949,-0.018265886545334453,-0.01999,-0.014226666666666664,0.3307273545133673,0.021844051294761746,-0.012040588075057257,-0.0065234187789176,0.02556485315422774,True,True,True
Finland,2017,0.611672,0.013413000000000008,0.01967591498331937,-0.013021811600571316,-0.013365594466899089,0.011180511191741148,0.004313423132140851,0.008397334369303344,-0.003698584142403538,-0.00803,-0.012463333333333331,0.0381007558446993,0.017443230802165477,-0.011144770309316265,-0.014656801249815499,0.003057123312663057,True,True,True
Finland,2018,0.597786,-0.03863099999999997,0.022689918229726012,-0.006985735161901173,-0.021226096963896924,0.012579027270116207,0.0013669894358827647,0.011686028133396587,0.01324359832389943,-0.018449999999999998,-0.015489999999999995,-0.01597732904358351,0.01194844988126298,0.0072403042100746,-0.006275620433371265,0.0012314627887520802,True,True,True
Finland,2019,0.595334,-0.03642999999999996,0.0079384101407694,-0.008870246982235128,-0.02083772000731072,0.006844002469718537,-0.007202292240688654,0.011365522628521196,0.007475522628521247,-0.0031231869652952656,-0.00986772898843175,-0.031141746061079334,0.014110210939045409,0.014527100858406583,0.010479476207121752,0.010214087845601183,True,True,True
Finland,2020,0.6951930000000001,0.08352100000000007,-0.0017521279966257006,-0.05550562012036063,-0.002370370741812052,0.0036527777947108413,-0.00956018021115498,0.0038328232556792408,-0.0045645111136241034,0.0075720684888338,-0.0046670394921538155,0.004796882206679731,0.01748664284875323,0.05019990659140561,0.05779104755902076,0.05178282110156329,True,True,True
France,1870,,,,,,-0.0020799999999999985,,,,0.0459535039025001,,,,,,,False,False,False
France,1871,,,,,,-0.0009900000000000048,,0.04395604395604402,,0.02343552064859387,,,,,,,False,False,False
France,1872,,,,,,0.005919999999999995,,-0.010526315789473717,,0.06022841114005209,0.04320581189704869,,,,,,False,False,True
France,1873,,,,,0.03217183698827639,0.0037799999999999986,0.040136757277809895,0.0,,0.06387283236994219,0.04917892138619604,-0.09784984922731843,0.03134066731141183,,,,False,False,True
France,1874,,,,,0.008566976500330496,0.013349999999999994,0.05185877192982457,0.0,-0.04395604395604402,0.0560920247759012,0.060064422761965164,-0.0642853148074215,0.06435054307394728,,,,False,False,True
France,1875,,,,,0.03036138891092018,0.01285,0.052442198581560295,-0.021276595744680882,-0.010750279955207165,0.06056332659983993,0.06017606124856111,-0.11746653110662242,0.0802037673261462,,,,False,False,True
France,1876,,,,,0.02110285315714811,0.017519999999999994,0.03874263336416901,0.032608695652173836,0.032608695652173836,0.03198666883433588,0.04954734007002567,-0.10125793933678118,0.03169122807017555,,,,False,False,True
France,1877,,,,,0.043290346396562374,0.02152,0.03774263336416902,0.0,0.0,0.04031534168520469,0.04428844570646017,-0.02984578081556788,0.03415111483889022,,,,False,False,True
France,1878,,,,,0.056140311733795877,0.009340000000000001,0.03548797864225787,-0.021052631578947434,0.0002239641657334479,0.012337766383592373,0.028213258967710986,0.02732699821468798,0.013468573328899058,,,,False,False,True
France,1879,,,,,0.05747252450191215,0.008060000000000001,0.04382754385964915,0.0,-0.032608695652173836,-0.0037041879112738054,0.01631630671917442,0.06366649218871867,0.05154965211891205,,,,False,False,True
France,1880,0.9555,,0.2898632109222973,0.018024916538628054,0.03931549451528901,0.010139999999999996,0.03877331446896814,0.010752688172043001,0.010752688172043001,-0.01101971742296037,-0.0007953796502139342,0.03891202171588781,0.07998323826002318,,,,True,True,True
France,1881,0.9551,,0.3028067311478261,0.010394509176870223,0.01769483110298391,-0.00102,0.03574186990009913,-0.010638297872340385,0.010414333706607048,0.00018872197478674417,-0.00484506111981581,0.041572886053817815,0.07421383647798763,,,,True,True,True
France,1882,0.9013,,0.3166289583724833,0.008386150662477554,-0.018404995198197827,0.00349,0.03755186990009913,0.0,0.0,0.0025134649910233393,-0.002772510152383429,0.0194150697433757,0.08198757763975162,,,,True,True,True
France,1883,0.9697,0.01419999999999999,0.34620877567894737,0.014039374447160732,0.008412379583283912,0.013140000000000002,0.03621764050941813,0.021505376344086002,0.010752688172043001,-0.0011746136622251587,0.0005091911011949749,-0.02925217159543636,0.02241692221040137,,,,True,True,True
France,1884,1.0508,0.09570000000000001,0.3441289265267326,0.020464471106603658,0.02207165134973956,0.013320000000000002,0.030951541218638,0.0,0.010638297872340385,0.007414236871422535,0.0029176960667402388,-0.06801320162871782,-0.0038580056699124565,,,,True,True,True
France,1885,1.1257,0.22439999999999993,0.3458014285947713,0.02582280364541832,0.050080539689513905,0.012950000000000003,0.03729908507828715,-0.021052631578947434,-0.021052631578947434,0.01047808764940239,0.005572570286199921,-0.05227897799308634,-0.00918484500574035,,,,True,True,True
France,1886,1.1393,0.16959999999999997,0.31841104456231006,0.041527485,0.051614909349398094,0.014450000000000001,0.04346754385964915,0.0,-0.021505376344086002,0.012804249583762787,0.010232191368195904,-0.048688935751505236,0.012101414306395775,,,,True,True,True
France,1887,1.1706,0.11980000000000013,0.3663834847838384,0.03174351534393893,0.04789685136593509,0.012770000000000004,0.04757177325033015,-0.010752688172043001,-0.010752688172043001,0.02080019090041362,0.014694176044526266,0.002226026907166112,0.023102516635813197,,,,True,True,True
France,1888,1.1638,0.03810000000000002,0.34840841511254017,0.03790492800965581,0.027217563987625232,0.008949999999999996,0.03621104098488388,0.010869565217391353,0.031922196796338786,0.01946737268338265,0.017690604389186352,-0.017838742113470252,-0.01274623406720743,,,,True,True,True
France,1889,1.0958,-0.04349999999999987,0.3302009797543409,0.03233884077284328,0.026766104471074012,0.00877,0.03771527037556488,-0.010752688172043001,-0.010752688172043001,0.02982571282724422,0.02336442547034683,-0.008153131482325326,0.009695500681714986,,,,True,True,True
France,1890,1.0404,-0.1302000000000001,0.2949103023157894,0.030854544955752225,0.015597568983460021,0.0054499999999999965,0.03161104098488388,0.0,0.010752688172043001,0.024751106194690266,0.02468139723510571,-0.048435086396190985,0.011614401858304424,,,,True,True,True
France,1891,1.0392,-0.12460000000000004,0.2858479840928571,0.03615455410834952,0.009060407144788053,0.006409999999999999,0.03147104098488388,0.010869565217391353,0.0,0.006307319900446627,0.02029471297412704,-0.044764084784290614,0.01995305164319272,,,,True,True,True
France,1892,1.0667,-0.029100000000000126,0.2822313666356083,0.032793912661579216,0.00748671338802186,0.012969999999999999,0.031031040984883882,-0.010752688172043001,0.0,0.020663460868353193,0.01724062898783003,-0.021566727004263764,0.01279069767441876,,,,True,True,True
France,1893,1.1025,0.062100000000000044,0.28153861043768547,0.030861607657809664,0.012882661181140023,0.008369999999999999,0.034154229390681,-0.010869565217391353,-0.010869565217391353,0.023835742957621402,0.016935507908807074,-0.0008553395188861668,0.010989010989011172,,,,True,True,True
France,1894,1.0935,0.054300000000000015,0.26467372342196527,0.031532352965361866,0.007999859607438476,0.01158,0.03302441413347447,0.01098901098901095,0.00011944577161959735,0.01703745423824275,0.020512219354739115,-0.05091312482930721,0.01784910191624567,,,,True,True,True
France,1895,1.1446,0.07790000000000008,0.271028716174269,0.033752418807185464,0.022995468437964645,0.013510000000000001,0.03339337314859055,-0.010869565217391242,-0.0001168770453482404,0.035264669071633656,0.025379288755832605,-0.06321839746696001,0.021435510528507118,,,,True,True,True
France,1896,1.0513,-0.051200000000000134,0.25733447573023255,0.030782063999999998,0.009421811491645175,0.01218,0.02924018474279343,0.0,0.010869565217391353,0.03249880033382015,0.028266974547898855,-0.06580536015304816,0.014925373134328401,,,,True,True,True
France,1897,0.9895,-0.10399999999999987,0.24822327900849864,0.029133076097961855,0.03801020652603824,0.01091,0.04005919573180438,-0.0219780219780219,-0.03296703296703285,0.033875936883629186,0.033879802096360996,0.005926566060416194,0.04670304975922912,,,,True,True,True
France,1898,0.9388,-0.2058000000000001,0.24346999988950271,0.030450200614420077,0.008010062006544819,0.00953,0.033010688973947364,0.011235955056179803,0.022105520273571044,0.013695416927899686,0.02669005138178301,0.009880755826293663,0.024898989898989754,,,,True,True,True
France,1899,0.9228,-0.12849999999999995,0.24858219237049184,0.030082307085321298,0.005079179962895176,0.0018700000000000036,0.03385068897394737,0.0,0.0,0.03512956310828651,0.027566972306605125,0.0034218027929389105,0.039705882352941035,,,,True,True,True
France,1900,0.9174,-0.07210000000000005,0.23289120242513087,0.029252100020240198,-0.007268632074463304,-0.0008400000000000005,0.022110977944236374,0.011111111111111072,0.03308913308913297,0.030956136072669636,0.02659370536961861,-0.012023986115612506,-0.06392478852975458,,,,True,True,True
France,1901,0.9808,0.04200000000000004,0.2541944894122905,0.02359610421151981,0.017738593935855678,0.005890000000000003,0.02628629629629631,0.0,-0.011235955056179803,0.035595158058051586,0.03389361907966924,-0.0005281743074110334,0.036687527718918034,,,,True,True,True
France,1902,0.9519,0.029100000000000015,0.25557238709497204,0.024935669567126725,0.04207662745708329,0.006249999999999999,0.026446296296296308,0.0,0.0,0.043221110414052695,0.03659080151492464,0.014541916279489753,0.016211511261016387,,,,True,True,True
France,1903,0.8963,-0.021100000000000008,0.2545170235626703,0.029626670103419808,0.039136427134898726,0.00375,0.03441300366300365,-0.01098901098901095,-0.02210012210012202,0.03235519754507096,0.03705715533905841,0.061167307972020524,0.11961477987421398,,,,True,True,True
France,1904,0.9211,-0.059699999999999975,0.25020945605133693,0.03131998928463004,0.031774665768269025,0.009319999999999998,0.03438300366300365,0.0,0.0,0.049763811194097556,0.04178003971774041,0.06179594683211853,0.03165775401069504,0.03502267051744906,,,True,True,True
France,1905,0.9244,-0.02749999999999997,0.24652743910344835,0.029788000765316864,0.020236029741996883,0.009170000000000005,0.033933003663003655,0.0,0.0,0.05835408700888152,0.04682436524935002,0.042047916055813594,0.0500832738520105,0.012837026923781941,,,True,True,True
France,1906,0.8521,-0.04420000000000002,0.24862855614322923,0.026526285430015437,0.013932922006347874,0.004660000000000001,0.02775629629629631,0.011111111111111072,0.02210012210012202,0.04769105713884599,0.051936318447275025,0.01027846037364899,0.05747287855914052,0.023662251844320303,0.034261286758175996,,True,True,True
France,1907,0.7785,-0.14260000000000006,0.23915180362216623,0.026830300208564566,-0.00212024008263708,-0.002020000000000001,0.02411329263329266,0.01098901098901095,0.01098901098901095,0.042212358999509564,0.04941916771574569,0.036837453269226605,0.04901558654634952,-0.014972402516721245,-0.007140757539170289,,True,True,True
France,1908,0.8138,-0.11060000000000003,0.23726867047556674,0.023896389160049294,0.0028286203024840313,0.009609999999999997,0.02002010422749554,0.010869565217391353,0.010869565217391353,0.04363207951561914,0.04451183188465824,0.0134221379935211,0.03159294978383764,0.010297388167644694,0.01883155969681699,,True,True,True
France,1909,0.8195,-0.03259999999999996,0.24139053635144925,0.023674143300541135,-0.0014214787689733922,0.012909999999999998,0.023123807931199232,0.0,-0.011111111111111072,0.04737310790254608,0.044405848805891594,-0.014823920683883718,0.015529280726555905,0.018325633505476557,0.02253042511138756,0.03464818165784636,True,True,True
France,1910,0.7958,0.017299999999999982,0.23561692296955497,0.02336814442684655,0.034459626037491614,0.006999999999999996,0.02369258220352188,0.010752688172043001,-0.00023632281696794877,0.039491787652148405,0.04349899169010454,-0.01218564798624544,-0.06528566377571188,0.0483361786754575,0.05370000415158721,0.06736182414173417,True,True,True
France,1911,0.7257,-0.08809999999999996,0.2219312978705757,0.026189487170108005,-0.011948040775614135,0.00571,0.014041373446198411,0.042553191489361764,0.03168362627197041,0.01582561156823172,0.0342301690409754,-0.02021809177340539,-0.10333359649469076,0.036133782294043015,0.04310827520592292,0.05479008734769461,True,True,True
France,1912,0.6662,-0.1533,0.227411290436214,0.024822100314424635,-0.024715082006360217,0.002409999999999999,0.015841373446198414,0.0,0.0,0.028691389789303082,0.0280029296698944,0.021907668880796427,-0.09746758588272175,0.014958519443146884,0.028822616878689505,0.040975076475280425,True,True,True
France,1913,0.6635,-0.13229999999999997,0.22674315908939088,0.023685676701397988,-0.03836407358015599,-0.0031100000000000017,0.02090560283687941,0.0,-0.010752688172043001,0.030057896754150614,0.024858299370561804,0.0006220277140025487,-0.018235748751906145,0.007562473699255279,0.024950284377340398,0.034876444210476226,True,True,True
France,1914,,,,,0.029860708549371017,0.012909999999999994,0.03480727891156461,0.020408163265306145,-0.02214502822405562,,,0.013277208243625438,0.007082906857727833,-0.012058663870265163,0.0005085167593466833,0.016292254685197433,False,False,False
France,1915,,,,,0.0012735309896310873,,-0.018566250500200096,0.17647058823529416,0.17647058823529416,,,-0.0720301456548974,-0.1543915237134207,-0.042927837973051136,-0.04187131804921454,-0.028090997195315076,False,False,False
France,1916,,,,,-0.07225420054409623,,-0.06644625050020014,0.15000000000000013,0.15000000000000013,,,-0.0943351608543842,-0.21263391304347834,-0.05002129732256508,-0.05977823147345537,-0.048467648872099256,False,False,False
France,1917,,,,,-0.08971753094599894,,-0.11551454390451835,0.17391304347826075,0.1535048802129546,,,-0.08825180823610645,-0.16216615021395908,-0.010035123785263222,-0.021522279771878428,-0.021462773128749085,False,False,False
France,1918,,,,,-0.043055024021399234,,-0.15799644659151904,0.2962962962962963,0.11982570806100212,,,-0.13847594902373028,-0.03663731894348188,0.021967412070724918,0.009392457979251728,0.002996839368544668,False,False,False
France,1919,,,,,-0.12569435832640863,,-0.19203073230580464,0.2571428571428569,0.10714285714285676,-0.2193249286134739,,0.030050911573018757,0.06324747010119602,0.05464198586898983,0.045370327241729985,0.03597665874177347,False,False,False
France,1920,1.6956,,0.6789037912272,-0.010632685548853549,-0.31951711873744915,,-0.2618975966009299,0.38636363636363646,0.2124505928853757,-0.10980150652046233,,0.7043988051899301,0.04924168057327982,-0.063244055773468,-0.06753279036847701,-0.081416450020911,True,True,False
France,1921,2.3703,,0.7518626826430796,0.057302942687883676,-0.24595693149429457,,-0.11594631750762896,-0.13114754098360648,-0.42744383727990276,0.02459451577443935,-0.10151063978649898,0.8696791454273027,0.36903702385190473,-0.024642472044373642,-0.018972341828345063,-0.033804638854443875,True,True,True
France,1922,2.3588,,0.7814046424143992,-0.016912816396720584,-0.13066995436338247,0.007949999999999999,-0.021643415441142073,-0.037735849056603765,-0.29487870619946066,0.018151327456372563,-0.022351887763216807,0.3976495560591482,0.31733489415666805,-0.030222730532280945,-0.02757894963819768,-0.038217772148823215,True,True,True
France,1923,2.1682,0.47260000000000013,0.8803506191025173,0.05828077345519975,0.01409483056882277,0.012440000000000007,0.07341877707222694,0.11764705882352944,-0.268716577540107,0.04031519731584824,0.027687013515553385,0.059222808870116106,0.2543388784560072,-0.021789510916609273,-0.03132166745260537,-0.034310902431592544,True,True,True
France,1924,1.9241,-0.44619999999999993,0.8238590307422964,0.06095767170663822,-0.1314076327935308,0.008140000000000001,-0.01318069565330271,0.14035087719298245,0.27149841817658893,0.05326110967931961,0.03724254481718014,0.10897581193879247,-0.06008138619060133,-0.00981984980527828,-0.035571031519165686,-0.03720056809389363,True,True,True
France,1925,1.9719,-0.3869,0.9212795410721972,0.1129153669114723,-0.10343836149724672,0.0061299999999999966,-0.04348213251832447,0.06153846153846154,0.09927431059506531,0.04952307971525943,0.04769979557014242,0.32459361334669334,-0.0408381413558625,0.0006550838203808196,-0.010681151872916822,-0.018500795804244463,True,True,True
France,1926,1.4466,-0.7216,0.6221697324366589,0.08027066396439404,-0.1597998701177749,-0.0009400000000000033,-0.11308572160613352,0.30434782608695654,0.1867007672634271,0.03351803462994879,0.04543407467484261,0.22938592934944135,-0.11773527298850595,-0.011327908295698824,-0.011806756285464876,-0.03449024881515239,True,True,True
France,1927,1.575,-0.34909999999999997,0.518908175409836,0.07756841909519026,-0.08045272092818129,0.0204,-0.0872769106899542,0.04444444444444451,-0.09590643274853794,0.03668893223778842,0.03991001552766555,-0.06100380732826638,-0.10684756760161906,-0.003550327071553283,-0.00880132582815596,-0.024646991040766508,True,True,True
France,1928,1.4229,-0.5489999999999999,0.4401287106685556,0.07608280825383436,-0.08928850925701576,0.014910000000000003,-0.07115409017713367,0.0,-0.06153846153846154,0.03378040917882731,0.03466245868218817,-0.1279443095368744,-0.07964032305846835,0.08014800044119547,0.08273908459646925,0.07511932265156707,True,True,True
France,1929,1.3861,-0.0605,0.2697142825184378,0.09853341532523542,-0.029253375849173938,0.0013999999999999985,8.58944050424748e-06,0.06382978723404276,-0.24051803885291378,0.04040401124626905,0.0369577842209616,-0.28000079145144485,0.07770257203635667,0.08069033700500777,0.09318862941277042,0.10062117215069546,True,True,True
France,1930,1.4384,-0.13660000000000005,0.33493389539043117,0.042358613119733726,-0.017541093092610795,0.0119,0.010790070921985747,0.010000000000000009,-0.0344444444444445,0.0518493907202701,0.04201127038178881,-0.10695891465212104,0.12838756655035133,0.05251528902337366,0.07066855048215265,0.0807129360627826,True,True,True
France,1931,1.6102,0.18730000000000002,0.38135037684605766,0.04090545732215471,0.03648963328678714,0.022399999999999996,0.026591391053998922,-0.03960396039603953,-0.03960396039603953,0.006188396338504275,0.03281393276834781,-0.13839987007406096,0.11973439485305559,0.008278258687320794,0.03275928416602675,0.0501023530207384,True,True,True
France,1932,1.0371,-0.3490000000000002,0.2995434405283019,-0.02698650160526475,0.131699242927289,0.0261,0.07989582185022623,-0.09278350515463918,-0.15661329238868194,-0.019844195113889056,0.012731197314961772,-0.0922539415224668,0.13636363636363624,-0.014874366508108694,0.016981771300372955,0.037930362038806176,True,True,True
France,1933,1.2201,-0.21829999999999994,0.31157324363344047,0.00870748181957063,0.11397068458076856,0.028399999999999998,0.10019279154719596,-0.03409090909090917,-0.04409090909090918,-0.03573208571198842,-0.016462628162457738,-0.27840588269303945,0.1279529930768586,-0.024478733760359667,-0.009114654398846761,0.01696381567577107,True,True,True
France,1934,1.4088,-0.20140000000000002,0.30136787529583636,0.015510146695073695,0.09526401282531738,0.018,0.09225617729753575,-0.03529411764705892,0.004309842748980608,-0.012526635940693073,-0.02270097225552352,-0.37768698901837694,0.12645497969080832,-0.013366859288779037,-0.019047680080627793,0.010382695831953392,True,True,True
France,1935,1.6702,0.6331,0.3614714527943262,0.018985641529460105,0.08166987821055388,0.009399999999999992,0.09338362679883491,-0.08536585365853666,0.0074176514961025175,-0.0087127957262783,-0.0189905057929866,-0.3018802613146905,0.11762273901808773,-0.015157800995739462,-0.026696521741285062,-0.007461930757439422,True,True,True
France,1936,1.4116,0.1915,0.36046716134643225,-0.012857891827312652,0.05556660973828117,0.0032999999999999974,0.05809776821297631,0.06666666666666665,0.10075757575757582,-0.02375384665351294,-0.01499775944016144,-0.0651358615725185,0.009242738589211541,0.0024207779806539043,-0.005610542528986684,-0.0015983637660362537,True,True,True
France,1937,1.0676,-0.34119999999999995,0.36166591235820905,-0.0361834946981809,-0.06968664054106091,0.004900000000000002,-0.038066937669376646,0.26249999999999996,0.2977941176470589,-0.032993621021790036,-0.021820087800527094,0.41653761548874724,-0.026253022390260283,-0.04393117760388515,-0.051975982140704174,-0.06437288338137917,True,True,True
France,1938,1.0159,-0.6542999999999999,0.2633630693748398,-0.008111430265924549,-0.15284720075753802,0.006600000000000002,-0.12172684268426837,0.13861386138613851,0.22397971504467518,-0.011510991612554113,-0.022752819762619034,0.539466770144587,-0.12147817240921766,-0.045148131786421686,-0.05467207993402806,-0.07056623434538528,True,True,True
France,1939,,,,,-0.1632921355669686,0.0189,-0.11459447553450997,0.0608695652173914,-0.005797101449275255,-0.018248182646017484,-0.020917598426787212,0.5970877484173849,-0.07901106550215864,,,,False,False,True
France,1940,,,,,-0.05539055030360965,0.017300000000000003,-0.09483600558915481,0.18852459016393452,-0.07397540983606543,,,0.3155812094357415,-0.20926092883221292,,,,False,False,False
France,1941,,,,,0.0014954694883121122,0.014600000000000002,-0.10930264949492477,0.1724137931034484,0.03379993171730988,,,-0.05275656065741041,-0.2529953572894271,,,,False,False,False
France,1942,,,,,0.01605301904873994,0.014699999999999994,-0.1580402454028531,0.2058823529411764,0.145012787723785,,,-0.18245845575798003,-0.3161270167139001,,,,False,False,False
France,1943,,,,,-0.047157549885370145,0.014700000000000001,-0.17457351209617575,0.23902439024390243,0.050499800079967905,,,-0.31438201589999615,-0.28016789456277735,,,,False,False,False
France,1944,,,,,-0.07324846887747456,0.013500000000000005,-0.19320539733465883,0.22440944881889768,0.051995655715449285,,,-0.3455388586302688,-0.1835007533225701,,,,False,False,False
France,1945,,,,,-0.23630628751912455,0.016599999999999997,-0.28494965053433097,0.48231511254019277,0.27643275959901636,,,-0.4719745105353964,0.040549829365682744,,,,False,False,False
France,1946,,,,,-0.6009171730705999,0.0204,-0.37705677714138874,0.5249457700650759,0.2859213798211735,,,2.010781327635601,0.018885348103148125,,,,False,False,False
France,1947,,,,,-0.784235348772729,0.029100000000000004,-0.4550124231728325,0.49217638691322896,0.2677669380943313,,,1.4148578423483094,-0.027562458607898743,,,,False,False,False
France,1948,,,,,-0.8079643353414286,0.04745276780794108,-0.46611216473152883,0.5862726406101049,0.1039575280699121,-0.1487220035722415,,2.8296855601397493,-0.15517042306819884,,,,False,False,False
France,1949,0.4434,,0.19132791785712813,0.0582343765663994,-0.4569534861804332,0.045427203154137785,-0.33118384834834913,0.12698412698412698,-0.39796164308094895,-0.0314744608399546,,-0.47669424070452304,0.02262250391149312,,,,True,True,False
France,1950,0.3998,,0.15287801998739536,0.003712476785291817,-0.29593268563401465,0.053749044852779704,-0.19256706078722252,0.09859154929577474,-0.3935848376174542,0.012142068441813625,-0.056018131990127486,-0.28493877957261937,0.05833220323343258,-0.02854675891874875,,,True,True,True
France,1951,0.3387,,0.13515102143776392,-0.004590569043811731,-0.1407490753140991,0.05128845910080041,-0.05245898855805574,0.16666666666666674,-0.4196059739434381,-0.019042319214828272,-0.012791570537656416,-0.3873558084508708,0.20769230761537982,-0.03846484607773171,,,True,True,True
France,1952,0.3287,-0.11470000000000002,0.11396408639516692,-0.02940869605379845,-0.09968504701491009,0.029935989443827186,-0.06167645618002693,0.1208791208791209,-0.006105006105006083,-0.009460930710079437,-0.005453727161031363,-0.18987661459250516,0.12394315517988841,-0.027413570545030463,-0.04616750479699716,,True,True,True
France,1953,0.35,-0.04980000000000001,0.11315799449068173,-0.022372276925870148,-0.05401188613405872,0.024361554087630473,-0.024551094058547135,-0.019607843137254832,-0.11819939243302957,0.002839827729635907,-0.0085544740650906,-0.16557698342578175,0.22754098364324649,0.019551772614108787,0.0018108721922552862,,True,True,True
France,1954,0.3437,0.0050000000000000044,0.10851690204145557,0.0010808383236738939,0.003995672756578736,0.028502432715599407,0.03064534012497739,0.0,-0.16666666666666674,0.01570768252959609,0.0030288598497175204,-0.17365281653989628,0.1708280254943264,0.03851390701788482,0.03342412179410775,,True,True,True
France,1955,0.3327,0.0040000000000000036,0.10635415609201236,-0.0072485476479390056,0.030314666379506056,0.030767411597423404,0.06557002597650835,0.010000000000000009,-0.11087912087912088,0.020885820734584455,0.013144443664605486,-0.03577943446243126,0.2509000900226912,0.06147276790408657,0.06626407558987574,0.051903023308439766,True,True,True
France,1956,0.3299,-0.02009999999999995,0.10678574288284073,-0.01824344312035434,0.006962254750854789,0.03250243270559941,0.05116810927325623,0.029702970297029507,0.04931081343428434,-0.01519693112701324,0.007132190712389102,0.046851423826979044,0.20192307698567302,0.029320741966416375,0.04076345901694062,0.037099819441271775,True,True,True
France,1957,0.326,-0.017699999999999994,0.10180358744346968,-0.006717351189009197,-0.010362361165589695,0.01724691028814814,0.04148694582016392,0.04807692307692313,0.04807692307692313,-0.028843517667358307,-0.007718209353262364,0.22959732683111245,0.18009507376326672,0.026828416381909637,0.04949236882895969,0.0544795406200303,True,True,True
France,1958,0.3202,-0.012500000000000011,0.10635392156415117,0.01155770135383592,-0.04310136107545787,0.0034527678079410845,-0.006503526935272563,0.1467889908256883,0.1367889908256883,-0.003390336402865593,-0.015810261732412383,0.10533622956114064,0.0733180428348923,-0.007124815981727095,0.013374768587874841,0.028570335392946844,True,True,True
France,1959,0.3148,-0.015100000000000002,0.09171933812251767,0.022335481777755625,-0.04750291343425178,0.02250536147549588,-0.023083276502041214,0.06399999999999983,0.03429702970297033,0.012679808846919036,-0.006518015074434954,0.026977902528707798,0.006495405157894263,0.014301222795031099,0.02769590851796766,0.049834853539936164,True,True,True
France,1960,0.285,-0.041000000000000036,0.08705967046514755,0.02396952561175793,-0.05082224205793488,0.020849168853361286,-0.021145156409336785,0.03759398496240607,-0.01048293811451706,0.0092245178459815,0.006171330096678314,-0.14327875762938058,0.007964507154241796,0.036155460509288695,0.042406719625816214,0.06854783081212756,True,True,True
France,1961,0.2631,-0.057099999999999984,0.07844123332414642,0.019723992320953454,-0.023704794755666697,0.024191511871278465,0.01716501445835085,0.02898550724637694,-0.11780348357931136,0.01486770842893663,0.01225734504061239,-0.09098604436360946,0.10421521938466616,0.054889336947352985,0.06331069640963893,0.08815790632428627,True,True,True
France,1962,0.2361,-0.07870000000000002,0.07108809213936135,0.007887032832394732,-0.029244552697841465,0.02399297624122669,0.02146788728900327,0.04929577464788726,-0.014704225352112577,0.010514826323861325,0.011535684199593152,-0.07359680124021051,0.14280075967587869,0.05075465496920162,0.06351087457049193,0.08163811708838203,True,True,True
France,1963,0.2217,-0.06329999999999997,0.06485862295244552,-0.00044336531784266997,-0.02512406670926086,0.019694440643145628,0.01774072474445352,0.046979865771812124,0.009385880809406055,0.005084994303098165,0.01015584301863204,-0.08403860237559768,0.1462872387800207,-0.014034498365642079,0.002800466599744811,0.01811690471615507,True,True,True
France,1964,0.1959,-0.06720000000000001,0.05838491771289107,0.020658456081071988,-0.030015850703379865,0.013411219007259521,0.018035578173599014,0.03205128205128216,0.003065774804905219,-0.001085015821574697,0.004838268268461597,-0.08448499758179107,0.12155474715674797,-0.0049105388863415755,0.013649226052931118,0.027020422597363758,True,True,True
France,1965,0.1759,-0.060200000000000004,0.05464399509224247,0.016460868655030596,-0.020626151651970973,0.02098565435148554,0.026389971526748053,0.031055900621118182,-0.018239874026769076,0.007494786954460932,0.0038315884786614667,-0.06458148592607571,0.1097893470292659,0.010081355734041286,0.022127190271658326,0.041802365340407044,True,True,True
France,1966,0.1531,-0.0686,0.049602289661274925,0.011969175321581697,-0.014531271599409631,0.01684184696362013,0.0337188773403715,0.029661726167345526,-0.017318139604466598,0.001553897818376337,0.002654556317087524,-0.03256650784695014,0.09554321769107244,0.03276073058645429,0.036884191625639495,0.05813270008244875,True,True,True
France,1967,0.1605,-0.03539999999999999,0.05454705167018548,0.0009984389147916963,-0.0050868585451960685,0.01975423217788931,0.03820909960056389,0.027917770943512554,-0.004133511107769605,0.0015129486874266508,0.00352054448675464,-0.014656342651243048,0.09374344150227087,0.05898669028695458,0.05893296519761143,0.08101901121846006,True,True,True
France,1968,0.1583,-0.017600000000000005,0.056605366948582043,-0.0030240807514901377,-0.006694944714745105,0.00864837468006708,0.035811192753046686,0.045432048640203115,0.014376148019084933,-0.008252081649651789,-0.001728411714616267,-0.0027008094097987767,0.12769295069075115,0.05965227691871461,0.07294754814189214,0.08922938452118112,True,True,True
France,1969,0.1439,-0.009200000000000014,0.051933729804615275,0.022642249027128192,-0.01996501172323427,-0.012628319263313495,0.032368531392984866,0.06045962841738928,0.03079790225004375,-0.01257670218860652,-0.006438611716943886,0.11526830738316352,0.1284691695984299,0.028954249638312946,0.0532925240870033,0.06457746254622337,True,True,True
France,1970,0.2102,0.049699999999999994,0.08062220264571887,0.031866398233760675,-0.02771529338814377,-0.005580100399311894,0.028257203086068473,0.05299641245626652,0.025078641512753963,-0.0013741911946077373,-0.007400991677622016,0.12153303066345411,0.1533679287848515,0.02901873586144821,0.05347638777920671,0.07124393520757638,True,True,True
France,1971,0.2006,0.042300000000000004,0.07651466420011266,0.029177333825846957,-0.028713977459870726,0.019495206584571455,0.02208479743018317,0.05397518655950906,0.008543137919305943,0.0009178933771528009,-0.004344333335353819,0.0244437139821152,0.15950141541991836,0.045749686706536896,0.06949165651808831,0.09657788882532126,True,True,True
France,1972,0.1771,0.03320000000000001,0.06340512489556362,0.03157070275489891,-0.020908702567624893,0.024650729096722973,0.018283519090857424,0.06063003097182107,0.0001704025544317922,-0.0004933878532905817,-0.0003165618902485061,-0.10821733285772972,0.19290728455915995,0.0642717263726561,0.0856070270311039,0.12193052388425363,True,True,True
France,1973,0.1583,-0.0519,0.06421724964488755,0.03182385950378766,-0.026605706595160164,-0.005789573740086915,0.020506683536172854,0.07380601063989056,0.020809598183624045,0.005746608574282249,0.002057038032714823,-0.19226056740999053,0.18712964083654593,0.05253883013214644,0.07057397296246759,0.10711802236216117,True,True,True
France,1974,0.1542,-0.0464,0.07622900845720604,0.0447807424725435,-0.04000555189993624,-0.023524205359426606,0.015266055860623462,0.13649317472813816,0.0825179881686291,-0.012482137093676257,-0.002409638790894863,-0.18233222146780315,0.17000394224276194,0.025532585678276543,0.047110476865545925,0.08018996617823093,True,True,True
France,1975,0.1609,-0.01620000000000002,0.07588423444213145,0.012746263992625618,-0.03443422506270759,0.017182514719644368,-0.0126703045774407,0.11685927249322647,0.056229241521405404,0.007944365663317316,0.0004029457146411027,-0.17180227504263268,0.19473067705694214,0.07134090138683924,0.10069213940352595,0.1320294253499983,True,True,True
France,1976,0.151,-0.007300000000000001,0.06661131181512735,0.02363967896181639,-0.0363638077194786,0.00833936909416469,-0.02259643259480812,0.09625495781555382,0.02244894717566326,-0.008418597905275481,-0.004318789778544808,-0.027892517184531007,0.20038887776694625,0.04760838549703417,0.07549551957357192,0.10937070775508884,True,True,True
France,1977,0.1499,-0.004299999999999998,0.07120192369542211,0.018557327670569126,-0.028163020928769378,0.00868817153724484,-0.0032984208153629124,0.09494554671904298,-0.04154762800909517,-0.0009028966358152131,-0.0004590429592577928,-0.029417387562990394,0.19392008948968575,0.023458722399289034,0.04377342338382151,0.0804846708365744,True,True,True
France,1978,0.1724,0.01150000000000001,0.07315696926370334,0.012428738269982219,-0.033248867703243395,0.015919255254308,0.0011505588419614965,0.09250558467244274,-0.02435368782078373,0.013855511754749904,0.0015113390712197365,-0.13865195660554863,0.1587311328337495,0.003003043832580543,0.019137016865409473,0.05533788888255875,True,True,True
France,1979,0.1982,0.04719999999999999,0.08496092259570687,0.01953372346982151,-0.030887404763617857,0.008383681887111277,0.000810857517727831,0.10646734171666461,0.010212383901110789,0.008829036242081981,0.007260550453672225,-0.23327276417212284,0.13618209567689843,-0.010792717211449032,0.00830331548607166,0.03684853910982411,True,True,True
France,1980,0.21024500000000002,0.06034500000000001,0.11695286185354412,0.027701734098443367,-0.025130516715144033,0.01277500001000001,0.019742095042625737,0.13562578848301543,0.04068024176397245,-0.0059499999999999996,0.005578182665610629,-0.08383258365226298,0.11238205059186912,-0.0708363776213522,-0.06781717890683192,-0.049519368777248385,True,True,True
France,1981,0.22240400000000002,0.05000400000000002,0.14708220412060824,0.02534354429893624,-0.011080301289674244,0.005449999999999983,0.03337093804008284,0.13314405568007137,0.04063847100762863,-0.007710000000000001,-0.0016103212526393396,0.28679136549213324,0.07444709396564608,-0.046987549801222994,-0.06088429455900368,-0.0478386985717012,True,True,True
France,1982,0.255791,0.057591,0.16580885702437542,0.02578486522020782,0.006587782726253599,0.00779166667666667,0.026973478771035897,0.11978471952380554,0.013317377807140929,-0.02062,-0.011426666666666667,0.4981562749029429,0.10704200327464242,-0.030248256129269735,-0.047983685969749,-0.04718042602108796,True,True,True
France,1983,0.26921900000000004,0.058974000000000026,0.15150911604270606,0.017728120565632843,0.022467551196928087,0.0105333333366667,0.020025246690863738,0.09459548472353196,-0.041030303759483466,-0.008379999999999999,-0.012236666666666665,0.6104230032429434,0.11645714594962397,-0.004414747563032395,-0.023182130781444155,-0.033398921827305306,True,True,True
France,1984,0.29345,0.07104599999999997,0.15200574538012285,0.013453838464003144,0.02874890319435934,0.0074833333366666754,0.027852256509310197,0.07673802622473191,-0.05640602945533946,-0.0014200000000000003,-0.010139999999999998,0.4562285869700069,0.11438891010958341,0.020752964849228173,0.000889319158084656,-0.01890369394263114,True,True,True
France,1985,0.30958800000000003,0.05379700000000004,0.1410623466012294,0.01123437345465332,0.038089813558909,0.011891666673333343,0.03468516388876157,0.058310997385451424,-0.061473722138354114,-0.00063,-0.003476666666666665,0.012605834056114595,0.04000636253504686,0.029942984792139637,0.024742764860174682,0.005412489268999954,True,True,True
France,1986,0.315277,0.04605799999999993,0.11106148877336304,0.007319478478107273,0.04042434763095963,0.008016666668333353,0.031963572403891964,0.025385259178140718,-0.06921022554539125,0.00304,0.00033000000000000114,-0.27451134750489026,0.02877370273652713,0.01926245571491969,0.02743187320302143,0.008917866105414674,True,True,True
France,1987,0.33842500000000003,0.04497500000000004,0.13168452744721054,0.017855972762882477,0.04116151091254329,0.015025000000000024,0.055921587098797576,0.03288898214001512,-0.04384904408471679,-0.0047599999999999995,-0.000783333333333332,-0.4592929500799271,0.034951147647434455,0.028234372856820178,0.03980945398105895,0.03356037925722455,True,True,True
France,1988,0.33715200000000006,0.027564000000000033,0.13075626987238603,0.012012316901113793,0.034817225778265924,0.015608333333333377,0.06241420197701121,0.027008152750810588,-0.031302844634640836,-0.00457,-0.0020966666666666655,-0.19657978890034955,0.03729082958512375,0.034339949517236734,0.048666553261766166,0.054015062143295656,True,True,True
France,1989,0.34435000000000004,0.02907300000000007,0.13135706840330844,0.017792337090070637,0.028640828188939496,-0.002749999999999933,0.0563399476797001,0.03498302207007398,0.00959776289193326,-0.004520000000000001,-0.004616666666666666,-0.08640096474910075,0.029543663988224722,0.04462616176226486,0.06009819532762617,0.07817515659934826,True,True,True
France,1990,0.355535,0.01710999999999996,0.15634536162744103,0.01712826140382174,0.030628508002998954,0.0008583333333333915,0.06801366379205576,0.031942833802948156,-0.0009461483370669654,-0.007760000000000001,-0.005616666666666666,-0.006362440878284303,-0.0006740334350993082,0.0446270857676353,0.0601807377135829,0.08193404551502492,True,True,True
France,1991,0.363396,0.026243999999999934,0.1436088718800588,0.016284046667612583,0.040641229495379884,-0.004539999999999947,0.05734669029533616,0.032134073240969396,0.0051259204901588085,-0.004859999999999999,-0.0057133333333333315,-0.11973925606557911,0.0013214643949139848,0.019182309451538426,0.03684245762426119,0.06011088756571126,True,True,True
France,1992,0.400874,0.05652399999999996,0.15661364318712484,0.002947128026079278,0.05121658391737353,-0.017641666666667027,0.056636829443048875,0.02363760462693576,-0.011345417443138217,0.0027300000000000002,-0.003296666666666666,-0.027476380738575945,0.0029586824564593606,-0.00696891746070627,0.01000308601133526,0.031149563668956604,True,True,True
France,1993,0.46488500000000005,0.10935000000000006,0.14408506367321525,-0.018817537479377137,0.055294180140014665,-0.019741666666666616,0.04214456480654395,0.02104462771246296,-0.010898206090485196,0.006939999999999999,0.0016033333333333349,0.16027878916445149,0.025174239936415876,-0.014398894206351764,-0.0029392963902449276,0.01739373644872999,True,True,True
France,1994,0.497684,0.13428800000000002,0.1648277295558987,-0.009385430477937697,0.0499334885033008,0.015233333333333328,0.051745871455967096,0.016555153292699964,-0.015578919948269432,0.005849999999999999,0.0051733333333333345,0.04191985083493255,0.015645050870123578,-0.03938636155064523,-0.037857872355889444,-0.02151853696930739,True,True,True
France,1995,0.561059,0.16018499999999997,0.19207173824026538,0.0015148167889401237,0.04595175389440713,0.011808333333333407,0.05682846826175893,0.01796481420956031,-0.005672790417375451,0.00458,0.005790000000000001,-0.09730616036697703,0.009253053175187542,-0.04018902642714961,-0.05006211026453311,-0.039618512283609575,True,True,True
France,1996,0.599984,0.1350989999999999,0.16799156649676214,0.0032978517625469606,0.03867086985283664,0.025825000000000035,0.04499206532958894,0.019828836508972936,-0.0012157912034900242,0.012050000000000002,0.007493333333333335,-0.09656005771478737,0.0025446598143448185,-0.03728490001771445,-0.053531118907084285,-0.05385228476756665,True,True,True
France,1997,0.61425,0.11656599999999995,0.15255195527072304,-0.001119790655242564,0.03489604367111901,0.023408333333333364,0.039205639959589894,0.012039429402697088,-0.004515723890002876,0.03717,0.017933333333333336,0.1451006016903562,0.013173018482933063,-0.03500895782690827,-0.05234902032772737,-0.06435240280272359,True,True,True
France,1998,0.613474,0.05241499999999999,0.12863731482450536,0.0027450198588246273,0.024675320777729808,0.012474999999999993,0.03360682180333341,0.00651126867832974,-0.011453545531230569,0.036879999999999996,0.028700000000000003,0.17409557066348724,0.017783122962506948,-0.02079318512967454,-0.039793254265339195,-0.06012757991318085,True,True,True
France,1999,0.604965,0.004981000000000013,0.12372868439458891,0.005521186078609814,0.016518151120592038,0.01877808333333334,0.0381092951758757,0.005371416391346084,-0.014457420117626851,0.044329999999999994,0.039459999999999995,0.287472124849405,0.030714800554914268,-0.003724155930717954,-0.019520234945789583,-0.042399764438830756,True,True,True
France,2000,0.588824,-0.02542599999999995,0.1472426258097121,0.010012975582741387,0.009504240707304927,0.011536416666666674,0.04439423868607677,0.016759598872093884,0.0047201694693967955,0.01099,0.030733333333333335,0.2245925148233936,0.03393472315824253,0.016636583341553268,0.008024108412109321,-0.014145340584036936,True,True,True
France,2001,0.583439,-0.030034999999999923,0.13183340942967117,0.007655277111258858,0.012711224791946425,0.006812666666666661,0.036565392260533514,0.016347807954959492,0.009836539276629752,0.01575,0.02369,0.38388722270658704,0.03238936079646404,0.03854686253238171,0.03688411707276007,0.0207486753152758,True,True,True
France,2002,0.60258,-0.0023849999999999705,0.13917961683154248,-0.005218957241206745,0.01712893688977108,0.015648666666666665,0.03115282343341348,0.019234122872706205,0.01386270648136012,0.011479999999999999,0.012740000000000001,-0.017610582522950335,0.03690452349371576,0.03130953155222471,0.037378138058511756,0.028192474992962957,True,True,True
France,2003,0.644127,0.05530299999999999,0.131257950998622,-0.01101531353358897,0.021001063357019113,0.018544583333333333,0.022444449085880717,0.02098472191469214,0.0042251230425982556,0.00836,0.011863333333333335,-0.25575831853069453,0.03031616698105344,0.014895164696424268,0.02683515887077048,0.026092772786901364,True,True,True
France,2004,0.659391,0.07595199999999991,0.1268224344024044,-0.000585979630284679,0.014140645150243752,0.020734250000000003,0.020436752916192662,0.021420896464023675,0.005073088509064183,0.0053300000000000005,0.008390000000000002,-0.3505593394881854,0.037055126431597474,0.011276366259708848,0.025635272834977463,0.03235956807114582,True,True,True
France,2005,0.6738299999999999,0.07124999999999992,0.10952556333583012,-0.004334738264111064,0.006969121960419045,0.013389583333333333,0.014145229327745219,0.017458693638048528,-0.0017754292346576772,0.00104,0.004910000000000002,-0.0902194356101853,0.03373494425925716,0.0273516835558123,0.04153491258127262,0.05563735310720064,True,True,True
France,2006,0.646108,0.0019810000000000105,0.12193572972541197,0.000671044765729125,0.0022238201978439995,0.009075166666666669,0.019423054979018455,0.016751244960872436,-0.004233476953819704,0.00253,0.0029666666666666695,-0.0050962981718287725,0.04593025485142266,0.05839880363112615,0.0704131259164994,0.09120795969321893,True,True,True
France,2007,0.645355,-0.014035999999999937,0.13893121701000916,0.0034916023954084073,0.006127694207234205,0.004401166666666678,0.026678360268564544,0.014879980595385423,-0.006540915868638253,-0.0010199999999999999,0.0008500000000000023,-0.0326304649385617,0.03942621571358318,0.08353186384692435,0.09814261234621358,0.12356055342880179,True,True,True
France,2008,0.687783,0.013953000000000104,0.15051375472289824,-0.005460881791807013,0.011660050477231638,0.006152333333333322,0.022421718317420913,0.02812861949147938,0.01066992585343085,-0.006960000000000001,-0.0018166666666666646,-0.11911797358561194,0.023632951905963928,0.10782870945656264,0.1339687743478043,0.16222081877804495,True,True,True
France,2009,0.830389,0.18428100000000003,0.16631728383808406,-0.030359910747288315,0.03494650138254105,0.0300196666666667,0.021863648377186795,0.0008762047815749074,-0.015875040179297528,-0.005500000000000001,-0.004493333333333332,-0.06846104570592693,0.02319728790156117,0.09579008261409794,0.13448948205473843,0.1671985680835869,True,True,True
France,2010,0.852569,0.207214,0.13269929031938135,-0.029332468717865413,0.03271425986496576,0.02740758666666666,0.016398152894951282,0.015311227042091868,0.00043124644670644585,-0.00629,-0.006249999999999999,0.10917852448065712,0.02919230313740906,0.057321649891721616,0.10206642544954558,0.14191769760594208,True,True,True
France,2011,0.878344,0.19056099999999998,0.15287054422973098,-0.015818704324540467,0.02399200516299333,0.026276996666666667,0.020776109552944406,0.021115979517499994,-0.007012639973979384,-0.00859,-0.006793333333333332,0.08308504919834658,0.027385673096429475,0.05133950522408426,0.09534793754033632,0.14551837091311337,True,True,True
France,2012,0.90604,0.07565099999999991,0.11852582518514188,-0.019012955551492836,0.002135605380439668,0.024866586666666666,0.0067035334263517155,0.019541953161352987,0.01866574837977808,-0.009649999999999999,-0.008176666666666664,0.10605095912039086,0.01305491477027898,0.02519512307633076,0.06235389123979673,0.11909164865898625,True,True,True
France,2013,0.9341320000000001,0.08156300000000005,0.10288281026283726,-0.01193224633339952,0.004677315326081594,0.02161283333333333,0.005611804114177908,0.008637154978613282,-0.006674072063478587,-0.0051,-0.007779999999999998,-0.0136554678384595,0.003918195016435089,0.014277599780045835,0.038682052744417494,0.09473964762341269,True,True,True
France,2014,0.948887,0.07054300000000002,0.07954483386699043,-0.01751703802366379,0.008767229740356227,0.016091503333333333,0.0055788545435509155,0.00507758822938098,-0.016038391288119014,-0.009559999999999999,-0.00810333333333333,0.08664731692637706,0.011231087956099506,0.030513734167720297,0.0444928865584312,0.09451541450446088,True,True,True
France,2015,0.955797,0.04975700000000005,0.04096812837482007,-0.026412194153453392,0.007089052301533344,0.010409333,0.0037219539956278233,0.00037514380512226886,-0.01916680935623072,-0.0036799999999999992,-0.006113333333333331,0.23537271667032345,0.022092397795240748,0.022686412256604616,0.03551933108960725,0.07346385025259672,True,True,True
France,2016,0.979568,0.04543599999999992,0.023265280264526234,-0.03218142801274966,0.0013781334331321865,0.0102414996667,0.002250139451416525,0.0018333486112471764,-0.006803806367366105,-0.00486,-0.006033333333333331,0.3401763477706796,0.02769670728047413,0.03608927510769355,0.04797661652407281,0.07499248971675798,True,True,True
France,2017,0.981321,0.03243399999999996,0.039408158244290045,-0.02450421273555859,-0.009018892259435609,0.014455909768545074,0.003921476359056715,0.010322827506460408,0.005245239277079428,-0.0076700000000000015,-0.005403333333333332,0.03624347920402071,0.03659307222785224,0.03976822109227318,0.05211552118291052,0.07403683780625658,True,True,True
France,2018,0.977815,0.022017999999999982,0.03885103048915325,-0.021336732966079422,-0.018367630508081552,0.013984642839129324,-0.002380359316419601,0.018508150831551218,0.01813300702642895,-0.008309999999999998,-0.0069466666666666635,-0.02242853794109767,0.022419799495851267,0.049936936935454534,0.06843524171948023,0.0888085017210829,True,True,True
France,2019,0.9745910000000001,-0.004976999999999898,0.006751319782421426,-0.03488374688325567,-0.025460745104174357,0.006961576740607989,-0.012002509188946398,0.011082549228827565,0.009249200617580389,-0.0029100000000000003,-0.006296666666666665,-0.03919658093712253,0.01351793603768403,0.053056565643035736,0.0733451087930217,0.09662299903109761,True,True,True
France,2020,1.150422,0.16910100000000006,-0.008947966967000596,-0.0695537261269057,0.007918855951589816,0.004263773491593455,-0.012904563195876795,0.004764988527251601,-0.005557838979208807,-0.018990000000000003,-0.010069999999999997,-0.002580279747612768,-0.029411467554718462,0.15977280420010787,0.19021556491163283,0.22300169013351478,True,True,True
Germany,1870,,,,,,-0.02123067,,,,,,,,,,,False,False,False
Germany,1871,0.27,,,,,0.003305749999999996,,0.04504504526029729,,,,,,,,,False,False,False
Germany,1872,0.18,,,,,0.0016019199999999997,,0.06034483366616361,,0.012838032891544433,,,,,,,False,False,False
Germany,1873,0.16,,0.07493942120208985,0.00813630587504054,-0.04090039888685791,-0.0030089199999999983,-0.010859067553234111,0.05691056373324144,,0.028156050465222973,,-0.22191945928226686,0.006369589480669013,,,,True,True,False
Germany,1874,0.15,-0.12000000000000002,0.15131597298222568,-0.007862329542350083,-0.054398459596585694,0.007671832999999996,0.0010225988916584272,0.007692304925619675,-0.037352740334677614,0.008644305752939448,0.01654612970323562,-0.16579790651398796,0.09453135005904967,0.05194315154480372,,,True,True,True
Germany,1875,0.17,-0.009999999999999981,0.19860407653665385,0.004199428579324896,0.0074680936647624485,-0.0050197499999999964,0.0387576628849132,-0.05343510731360068,-0.1137799409797643,0.011134472339329321,0.015978276185830583,-0.11847284576490635,0.15397685326030808,0.04943470316957316,,,True,True,True
Germany,1876,0.2,0.04000000000000001,0.2139490087991229,0.016097480360397765,0.04242000341282052,0.005032420000000003,0.05509184932330027,0.008064514418080204,-0.04884604931516123,0.015555320410651158,0.011778032834306644,-0.02769339011622951,0.14311614370421344,-0.025935848159072517,0.0023529049592843077,,True,True,True
Germany,1877,0.23,0.08000000000000002,0.2904795813003254,0.009683453635646181,0.07729093296582454,0.0023471699999999956,0.06280403366550577,-0.015999998100996837,-0.023692303026616512,0.016229361408487217,0.014306384719489232,0.05566855560833717,0.07916584952307604,-0.010943826446670135,0.005497742199011946,,True,True,True
Germany,1878,0.23,0.06,0.20506950070379507,0.012848191306384838,0.05751966826240371,-0.002251329999999996,0.05623394212453399,-0.03252033269068533,0.020914774622915355,0.02445067694065078,0.018745119586596384,0.08065623527374921,0.04475176681372872,0.004569371599188299,0.008833229244850804,,True,True,True
Germany,1879,0.28,0.08000000000000002,0.32202166705917534,0.010590390201434216,0.07322164892077741,0.006800829999999994,0.06637763429022686,-0.02521008207899844,-0.033274596497078646,0.020036714409954273,0.02023891758636409,0.11974074654828781,0.06369979075096888,0.016018141142567666,0.016499661525499032,0.040375209686061286,True,True,True
Germany,1880,0.31,0.07999999999999999,0.38709767236283577,0.013252103868955681,0.05326513858797339,0.006749999999999999,0.04537565358223844,0.043103454022968446,0.05910345212396528,0.01779449349702672,0.020760628282543922,0.03917650551159779,0.02584267255066086,0.03238140960083141,0.0277963781883398,0.042372724789871696,True,True,True
Germany,1881,0.32,0.09,0.3333872742815533,0.018547339456675964,0.052472733340691996,-0.0016500000000000056,0.039145187022147115,-0.016528933010411362,0.015991399680273966,0.02176273696707526,0.019864648291352083,0.03808169690956276,0.027055252311462663,0.03396897086988493,0.03935137320244181,0.046140669684270996,True,True,True
Germany,1882,0.34,0.06,0.3799645527534121,0.018203359340760245,0.025797234819644264,0.0006499999999999978,0.02774070577021756,0.008403361676790233,0.033613443755788674,0.027228040115146325,0.022261756859749432,-0.010704386166086155,-0.0011464624115676836,0.02684970464495362,0.04294873362295992,0.04514613147545571,True,True,True
Germany,1883,0.37,0.06,0.4319269751191417,0.01878793214788036,0.028885589227666236,0.004199999999999995,0.053019634349042874,-0.0333333317135075,-0.07643678573647594,0.016682340928652138,0.021891039336957907,0.025438741817730426,0.08379188662670134,0.031617306649065646,0.04715976314974557,0.05679243164335629,True,True,True
Germany,1884,0.39,0.07,0.45513188396972626,0.019931244157131794,0.026140452283958428,0.009899999999999999,0.04998355232414037,-0.008620686935703836,0.007908246074707526,0.02895226638549752,0.024287549143098663,-0.012370020075178068,0.06002120387446208,0.029037416265092042,0.04446041794873967,0.060535091062676905,True,True,True
Germany,1885,0.4,0.06,0.44423002728096045,0.01732492850195849,0.03475556057382709,0.009600000000000001,0.060780326008771014,-0.026086959377101704,-0.03449032105389194,0.029434284733531487,0.02502296401589371,0.01027591873336653,0.09733530554818093,0.03569116436844472,0.05138615002352048,0.07511081011021015,True,True,True
Germany,1886,0.4,0.030000000000000027,0.4059746329761142,0.017970928198511364,0.04231569693766048,0.0158,0.05194540591948809,-0.008928571445658728,0.02440476026784877,0.02802521510818405,0.028803922075737686,-0.028506709012638742,0.0735786983732023,0.03980125001940171,0.05528546756448033,0.0792738150080819,True,True,True
Germany,1887,0.42,0.02999999999999997,0.30629412644263787,0.026832974874136946,0.034635041685994246,0.014000000000000005,0.048671843607586814,0.0,0.008620686935703836,0.0240503487617682,0.027169949534494576,-0.0022377529947686936,0.08008519041330908,0.038248357854229864,0.05538086651243157,0.07971559764716118,True,True,True
Germany,1888,0.4,0.0,0.28769725711205757,0.02354118610916488,0.018315399427868233,0.015300000000000005,0.03637318747308443,0.009009009026405446,0.03509596840350715,0.035833255274257104,0.02930293971473645,-0.022424942985103113,0.06576728499156848,0.03127489570633246,0.049200399518865734,0.0733913709498476,True,True,True
Germany,1889,0.41,0.009999999999999953,0.25365358787976144,0.031661222406323505,-0.0034248519642808284,0.009700000000000004,0.021092235021279777,0.03571428590975523,0.044642857355413956,0.028843981161476753,0.029575861732500684,-0.061845331351691235,0.03319395098435152,0.0521072602007121,0.0719155727515578,0.09813475665734672,True,True,True
Germany,1890,0.42,0.0,0.2664185967964694,0.02514042558691735,-0.009469412413562493,-0.0010000000000000009,0.01327154605178173,0.02586206690849413,0.02586206690849413,0.02064652873692705,0.028441255057553638,-0.11088411694392686,0.01494235723480064,0.03348325142061204,0.05343471303495151,0.08047300209153319,True,True,True
Germany,1891,0.46,0.06,0.266640062082376,0.03385575962051947,0.0022177795429225294,0.0069,0.010972305617196067,0.016806730330162445,0.007797721303756999,0.01557206068875355,0.02168752352905245,-0.11504447866889744,-0.0026153420157009055,0.02504299301822832,0.04313499126510112,0.07133822309087356,True,True,True
Germany,1892,0.48,0.07,0.3248181802455397,0.024837421127662514,0.012775422790206294,0.018799999999999997,0.02533189089906083,-0.00826446993583907,-0.0439787558455943,0.009000528391044555,0.015073039272241719,-0.052627777786477425,0.01871795042499591,0.03544286033906008,0.053117696609555565,0.08116956914107809,True,True,True
Germany,1893,0.49,0.07,0.3196999072985556,0.02466057717400093,0.03550169092019808,0.004799999999999999,0.053097023035567834,-0.058333329501026876,-0.084195396409521,0.016938942935002362,0.013837177338266823,0.04485557071698132,0.08467447214914303,0.0383913563295839,0.05803440760070733,0.08595298246697569,True,True,True
Germany,1894,0.5,0.03999999999999998,0.301308946723923,0.02659474967295186,0.03803738215936292,0.0182,0.06369897234503022,-0.017699117598224734,-0.03450584792838718,0.027909375523860205,0.017949615616635706,0.030448946083760253,0.10769801270757151,0.0677221639692287,0.085964446199158,0.11473545500592164,True,True,True
Germany,1895,0.5,0.020000000000000018,0.32679028149042105,0.020695138887952075,0.026688170419168114,0.013500000000000002,0.05293814214479745,0.018018020664859247,0.026282490600698316,0.013935195159483726,0.019594504539448766,-0.01666086057169236,0.08675149741820709,0.06813400179167528,0.08802969353874235,0.11976051083467332,True,True,True
Germany,1896,0.49,0.0,0.32768937787202634,0.020866745051807505,0.008811208670335278,0.003100000000000002,0.030443846363528176,0.008849557842780964,0.06718288734380784,0.023723907354537735,0.021856159345960555,-0.07437303934287687,0.03595597403166617,0.05647635924123573,0.08390111966186697,0.11520964092984443,True,True,True
Germany,1897,0.48,-0.020000000000000018,0.24287970123164543,0.03578188869146316,-0.0038304362137027217,0.002700000000000001,0.018796188200894015,0.017543856889677745,0.03524297448790248,0.025635506988864985,0.021098203167628813,-0.06995427495530682,0.020505281830866418,0.04980303636401051,0.08034107451709205,0.11393367046678204,True,True,True
Germany,1898,0.47,-0.030000000000000027,0.2369473683281167,0.036167302946283564,0.005072314798157517,-0.0014999999999999944,0.02520219508918043,0.0,-0.018018020664859247,0.0295654274887996,0.026308280610734106,-0.027792931267109244,0.060295639313423965,0.04751047806515818,0.07903999247138549,0.1160336967983151,True,True,True
Germany,1899,0.47,-0.020000000000000018,0.23883959590198836,0.03725913864503719,-0.0001035231879219084,-0.009000000000000008,0.021031358733942705,0.02586206690849413,0.017012509065713166,0.01306463114785531,0.02275518854183996,-0.048168134519739225,0.048711411515005576,0.059861790162759276,0.08838749597864015,0.13082808112315902,True,True,True
Germany,1900,0.46,-0.019999999999999962,0.23702021107736188,0.03746510159306898,-0.006634481163383332,-0.007300000000000001,0.019775946822801056,0.025210092623102698,0.007666235733424953,0.013691401062045996,0.01877381989956697,-0.03600000969618322,0.04229418679108554,0.039699487926753374,0.06304047386554112,0.10761506633700513,True,True,True
Germany,1901,0.49,0.020000000000000018,0.21921949611627617,0.043047265212679875,0.015661613413284092,0.0058999999999999955,0.019475946822801054,0.0,0.0,0.014012802017260007,0.013589611409053771,-0.03557733440983368,0.015619957861402245,0.034225309718482366,0.05696417077232574,0.09772591034092482,True,True,True
Germany,1902,0.5,0.030000000000000027,0.24658466453129615,0.03241666514906678,0.025736374950127656,0.013300000000000003,0.024064395569940472,0.008196720667075885,-0.017665346241418245,0.015967505925194785,0.014557236334833594,-0.004063393079669186,0.008099042654362565,0.03865864013312359,0.06192506529346298,0.09881366085350429,True,True,True
Germany,1903,0.5,0.03999999999999998,0.22899129284773737,0.03886499930556593,0.029798461864374667,0.0052,0.03256775977764137,0.0,-0.025210092623102698,0.013602595508329244,0.014527634483594678,0.03978421502123686,0.028651251323255522,0.04114540665893984,0.06349246176023382,0.097272853733402,True,True,True
Germany,1904,0.5,0.010000000000000009,0.2746565886329264,0.025804012256680494,0.008532116748746262,0.004299999999999991,0.03296775977764137,0.0,0.0,0.018910572784833816,0.016160224739452615,0.03887734260723241,0.04663574310001217,0.057616631806399865,0.07646244973953076,0.11073626984064167,True,True,True
Germany,1905,0.49,-0.010000000000000009,0.2594611660996192,0.028649962548922693,0.0008718517594645744,0.007199999999999995,0.024859891972747412,0.03252032408175776,0.02432360341468187,0.03626998425798188,0.02292771751704831,-0.005497987615751598,0.04891696344209273,0.04359880480458678,0.06299417303800647,0.09706118658767049,True,True,True
Germany,1906,0.48,-0.020000000000000018,0.27572550896361037,0.02352901459157048,-0.009403989754493573,-0.0040999999999999995,0.0070871897889446984,0.05511810655140814,0.05511810655140814,0.013028994555180896,0.022736517199332198,-0.06057748046678413,0.014187114386746913,0.04276466221082087,0.06651205392506576,0.09756628953595148,True,True,True
Germany,1907,0.48,-0.020000000000000018,0.2761495087280823,0.018797366007737005,-0.0077175249819918315,-0.013700000000000004,0.010774751405914721,-0.007462684850910062,-0.007462684850910062,0.003184286329599149,0.017494421714253975,-0.017621755327419608,0.040951218213440166,0.037745207535425984,0.06173346138003111,0.09248735696589283,True,True,True
Germany,1908,0.5,0.010000000000000009,0.3122429666458899,0.016920502780984118,0.0052294217016824185,0.002799999999999997,0.022114859433167305,0.0,-0.03252032408175776,0.013343440488685231,0.00985224045782176,0.0029890045217229044,0.04854583090844211,0.024567440183308253,0.046546121654685635,0.0776866533190993,True,True,True
Germany,1909,0.52,0.040000000000000036,0.24508469692106713,0.03524169074380856,0.017107688131902835,0.008400000000000005,0.02946249813845563,0.030075190435543186,-0.025042916115864955,0.008949172838474748,0.008492299885586377,-0.019278850112346424,0.038244391344701034,0.03479462911292919,0.052541027763392534,0.08534163048196874,True,True,True
Germany,1910,0.5,0.020000000000000018,0.2837353067060143,0.024886979936210165,0.004525726127439018,0.0021999999999999936,0.015409487012447553,0.03649634852711414,0.043959033378024204,0.01638802290518124,0.012893545410780407,-0.05533580609753874,-0.01983907638515947,0.03399788602811615,0.05020815555851266,0.08212851283685663,True,True,True
Germany,1911,0.48,-0.020000000000000018,0.2762458263156554,0.026023192994872078,-0.0005877647740270553,0.0025000000000000022,0.01570948701244756,0.0,0.0,0.012599691699670415,0.01264562914777547,-0.037920276945250686,0.011626224897931303,0.02743464412718888,0.04331776924771724,0.07091384948483548,True,True,True
Germany,1912,0.47,-0.050000000000000044,0.3041191745527957,0.019981255820007544,-0.003839546436512936,-0.0030999999999999917,0.022239715477728014,0.014084505039701822,-0.015990685395841364,0.009036893249654895,0.012674869284835516,0.02443383915607722,0.05290904866161883,0.000783591625823532,0.013045604369854136,0.03694103805127691,True,True,True
Germany,1913,0.47,-0.030000000000000027,0.2880362554803936,0.01856640425854277,0.002965505537280179,-0.008900000000000005,0.03389035112672773,0.0069444415801149795,-0.029551906946999162,0.018159900236699993,0.013265495062008434,0.024309594340755414,0.08468530324970147,-0.021040790380164487,-0.01121617163902,0.007247431356724454,True,True,True
Germany,1914,,,,,0.05628047254234857,0.005149999999999995,0.02524494660996417,0.027586213550290672,0.027586213550290672,,,0.024524173813612826,0.016434019803704958,0.031095638880801246,0.03920248806062432,0.056209542267320334,False,False,False
Germany,1915,,,,,0.015698579295426673,0.01935,-0.03827140367880024,0.2550335559059951,0.24094905086629326,,,-0.07565413244090391,-0.12741415360991604,-0.05171563088572817,-0.0534410390453961,-0.04186998312193635,False,False,False
Germany,1916,,,,,-0.07245959948158906,0.019370000000000005,-0.1338059306866174,0.3155080226035665,0.3085635810234515,,,-0.14923625744521352,-0.23352970658019767,-0.1352627566024598,-0.1516972579582696,-0.15224642106788355,False,False,False
Germany,1917,,,,,-0.2821195421825101,0.013399999999999995,-0.29714719378243915,0.5000000028377558,0.47241378928746514,,,-0.20539371526389394,-0.35400151807284697,-0.21287067286519457,-0.24580919763777043,-0.2652261961260145,False,False,False
Germany,1918,,,,,-0.299644009819258,0.013399999999999995,-0.2889201080139792,0.23035229860061524,-0.024681257305379845,,,-0.23848312706316155,-0.2509799432774791,-0.15736353753425347,-0.20207385967709557,-0.24121931161832755,False,False,False
Germany,1919,,,,,-0.2401456925291445,0.017639999999999996,-0.2889087119276502,0.3281938343445796,0.012685811741013131,,,1.3178496579626904,0.1176263993961193,-0.006808144349376044,-0.0728430379920002,-0.12218193692585466,False,False,False
Germany,1920,,,,,-0.6214726335502557,0.02388,-0.611200275356611,1.4543946931246388,0.954394690286883,,,2.733470729155495,-0.1385462597984598,-0.2821162846304338,-0.375208089106711,-0.44688082939583773,False,False,False
Germany,1921,,,,,-0.6889824227763559,0.022109999999999998,-0.6407897771112546,0.3108108038645452,0.08045850526392995,,,3.8268393476156852,-0.02168118025981014,,,,False,False,False
Germany,1922,,,,,,,,10.237113438921778,9.908919604577198,,,1.5634690785853933,-0.6612361098747018,,,,False,False,False
Germany,1923,,,,,,,,1057096703.2433543,1057096701.7889596,,,-0.5342259914489871,,,,,False,False,False
Germany,1924,,,,,,-0.0314,-352365573.5110448,7.291766537270918,6.980955733406374,,,-0.6103382960993918,0.7316267940242802,,,,False,False,False
Germany,1925,,,,,,-0.002899999999999986,-352365570.1305236,0.09374999815190477,-10.143363440769873,-0.031213627664635472,,-0.7579789059287034,3.3134900093527264,,,,False,False,False
Germany,1926,,,,,-2.889485315850917,-0.005499999999999998,-2.4094197979352034,0.007142858382786832,-1057096703.2362114,0.016843806180402914,,-0.10968356706393967,,,,,False,False,False
Germany,1927,0.18,,0.1211305962577776,0.006198864052392308,-0.0629760292966749,-0.012299999999999998,0.010120584599831096,0.04964538966581511,-7.242121147605103,-0.03547021220198115,-0.016613344562071235,-0.12353376866014487,0.21792203423718992,,,,True,True,True
Germany,1928,0.2,,0.14222828923045347,-0.0027362081673347454,-0.021232608023442914,-0.011999999999999997,0.03466157500291764,0.027027026942645138,-0.06672297120925963,-0.015168649297406628,-0.011265018439661621,-0.09973529480457421,0.12085992929048284,0.11286354328107956,,,True,True,True
Germany,1929,0.24,,0.17127743989992641,0.007225621666777503,-0.009782792162250406,-0.017899999999999985,0.034856562738785984,0.013157895175181844,0.006015036792395012,-0.0019598729163321613,-0.017532911471906647,-0.11930142189979209,0.11195424173771484,0.10601645960948275,,,True,True,True
Germany,1930,0.29,0.10999999999999999,0.17810054350572754,0.0036528578504022736,0.059082628077436576,0.005199999999999989,0.06139203906001411,-0.038961039297869315,-0.08860642896368442,0.014358382560689196,-0.0009233798843498667,-0.036197237515696035,0.1435032894736843,0.11807322540707671,0.17363796270909448,,True,True,True
Germany,1931,0.35,0.14999999999999997,0.20498647271489964,0.01171637670285438,0.13246330850813146,-0.023099999999999996,0.09702807505932708,-0.08108108105529377,-0.10810810799793891,0.031976639658493414,0.01479171643428348,0.0018832390609431204,0.07729575458780213,0.12888729127888932,0.18704389594373522,,True,True,True
Germany,1932,0.43,0.19,0.28576083395467744,0.02032651730519803,0.19670097079012788,0.022599999999999995,0.14977874595875867,-0.11029411752311291,-0.12345201269829476,0.006227137809396701,0.017520720009526435,0.023954717640667367,0.07016384797608666,0.15381660625988292,0.2140203047177784,,True,True,True
Germany,1933,0.42,0.13,0.2551607408622309,0.02114254957270192,0.1686369083967173,0.01610000000000001,0.13865619562677745,-0.02479338830192568,0.014167650995943637,0.004245695869112781,0.014149824445667628,-0.37735298401053874,0.030089164058515472,0.10589944281163616,0.166686367099322,0.2537908130095232,True,True,True
Germany,1934,0.39,0.040000000000000036,0.22097246053888445,-0.0004051485114917701,0.07988651684274407,0.017799999999999996,0.09985459238196259,0.02542372867915077,0.10650480973444454,-0.010014263118585541,0.00015285685330797792,-0.4181530726817244,0.005562309008219302,0.031965151244848,0.09003183597838266,0.17545445012087202,True,True,True
Germany,1935,0.37,-0.06,0.1429013940361977,-0.014232560562373296,-0.017569217262061856,0.012299999999999998,0.04128024493047932,0.016528924831336944,0.12682304235444986,-0.0019614691568054774,-0.0025766788020927483,-0.417876475677717,-0.019661163871963816,-0.006218309705189884,0.04266559471284831,0.1205136591336568,True,True,True
Germany,1936,0.35,-0.07,0.11443626000576687,-0.022341653144592542,-0.04349997163262871,0.0133,0.0297057548050265,0.008130082074432776,0.032923470376358455,0.00505803625922179,-0.0023058986720564116,-0.056105680048602946,-0.03130472841140097,-0.06619710877390128,-0.03765005650515835,0.030612401601111727,True,True,True
Germany,1937,0.34,-0.04999999999999999,0.0937514130948758,-0.03261823053641584,-0.03242255518902696,0.0133,0.03409215888667375,0.008064516434209024,-0.017359212244941746,0.0035706580131457406,0.0022224083718540154,0.03739944415956886,-0.005404274169865331,-0.059034698077637726,-0.05998821853257835,-0.006959492047776961,True,True,True
Germany,1938,0.42,0.04999999999999999,0.09569947157093263,-0.09770779935746467,-0.029276041300195503,0.015300000000000005,0.03733513404857611,0.007999999345629893,-0.00852892548570705,-0.003757762950419087,0.0016236437739828122,-0.009590004301668231,0.01682980174436266,-0.04072455998603075,-0.06348136174302332,-0.030060882789204546,True,True,True
Germany,1939,0.49,0.14,,,-0.027451340283835578,0.0204,0.04004516140672036,0.0,-0.008130082074432776,,,-0.012682578924073096,0.050582010945975586,-0.046127218669110626,-0.07290873007561871,-0.06917507958574937,False,False,False
Germany,1940,0.72,0.37999999999999995,,,-0.01772722351274534,0.0219,0.030851322798900065,0.03174603225766992,0.023681515823460897,,,-0.0576885663610367,-0.0023140822236115133,-0.02227176937333125,-0.04909528319140999,-0.06923482829832578,False,False,False
Germany,1941,1.02,0.6000000000000001,,,-0.02073099484393877,0.021699999999999997,0.025225681475394144,0.023076923316147635,0.015076923970517742,,,0.0031607767118952967,-0.013443036359741312,,,,False,False,False
Germany,1942,1.36,0.8700000000000001,,,-0.0055744340008638815,0.022199999999999998,0.01520061868359673,0.030075188375392248,0.030075188375392248,,,0.07661495514522043,-0.04537845854644251,,,,False,False,False
Germany,1943,1.74,1.02,,,-0.007088117924648175,0.0208,0.021949539522316347,0.007299269741511072,-0.02444676251615885,,,0.15855959154961474,0.007185161078661961,,,,False,False,False
Germany,1944,,,,,,,,0.02173913020901508,-0.0013377931071325566,,,0.12934819335462744,-0.0002781252781999255,,,,False,False,False
Germany,1945,,,,,,,,0.02836879428263228,-0.0017063940927599663,,,,0.1928684963186278,,,,False,False,False
Germany,1946,,,,,,,,0.08965517175303428,0.08235590201152321,,,5.920784123535417,0.11840600191039385,,,,False,False,False
Germany,1947,,,,,,,,0.06962025327568333,0.04788112306666825,,,8.979280079875995,0.11824812953082575,,,,False,False,False
Germany,1948,,,,,,,-0.048817859763159756,0.15384615426076165,0.12547735997812937,0.00043148119655227375,,,-0.12716727704231157,,,,False,False,False
Germany,1949,,,,,,,-0.047048481189227866,0.07035203603123863,-0.01930313572179565,-0.001425480308981407,,-0.6809149388843536,-0.11863371753908614,,,,False,False,False
Germany,1950,0.21,,0.0665949922084483,0.06950647577515909,-0.17719717134154117,0.009662999999999998,-0.0012360708244811905,-0.06220097781855671,-0.13182123109424004,-0.003899712529862798,-0.0016312372140973128,-0.833728920603829,-0.06979083678962683,0.0855721600279386,,,True,True,True
Germany,1951,0.19,,0.07096269545850413,0.016922620321638368,-0.11948181845069616,-0.007016000000000001,0.024956776243410254,0.0765306130570873,-0.07731554120367434,0.019384411186814072,0.0046864061159899535,-0.7951973661198558,0.07891921621132192,0.07162999932655184,,,True,True,True
Germany,1952,0.18,,0.06250982150819188,0.01446982883511334,-0.0758414449938355,-0.003600000000000006,0.03561444986377117,0.021327015170155894,-0.049025020861082735,0.01833350462863923,0.011272734428530167,-0.24874771192716993,0.1953909818739894,0.06615159111624755,0.09124015660620619,,True,True,True
Germany,1953,0.23,0.020000000000000018,0.0850754144885886,0.014342569365589298,-0.05880813903969723,0.016721000000000007,0.026088948940254007,-0.018561475048005205,0.04363950277055151,0.025088230612262792,0.02093538214257203,0.030923119922163567,0.23318626276449206,0.06436323566516422,0.10209602143347077,,True,True,True
Germany,1954,0.25,0.06,0.09083457547308411,0.014936960658316397,-0.028301209031481325,0.021336000000000008,0.048526127614703374,0.002364077033739198,-0.0741665360233481,0.02072204889293923,0.021381261377947085,0.029402122724474733,0.19523827199253985,0.06847935846291042,0.10989131257503137,,True,True,True
Germany,1955,0.23,0.05000000000000002,0.08682369784455747,0.028026661502462198,-0.03340043507877168,0.018460999999999998,0.049656995089457624,0.016509412745893126,-0.004817602424262768,0.010363424190100246,0.018724567898434085,0.01227636374586516,0.20502092050209186,0.061280396783188584,0.09279829564760478,0.1416969178367856,True,True,True
Germany,1956,0.21,-0.020000000000000018,0.11481805929745004,0.014052114342719297,-0.03969925719392585,0.021884999990016682,0.05408648262997371,0.025522062300496584,0.04408353734850179,0.02007007566606549,0.017051849583034986,-0.028205378937247727,0.17408764793884157,0.04207734606330277,0.06953989924375964,0.12312631279794617,True,True,True
Germany,1957,0.2,-0.04999999999999999,0.1256537252377903,0.001386391304857763,-0.0318508414953617,0.03527500000000001,0.053825804493727855,0.021116111472426757,0.01875203443868756,0.02453915819176113,0.018324219349308953,-0.016463713280201464,0.1707666830285497,0.023362184804082642,0.05182980747623994,0.0998267251961854,True,True,True
Germany,1958,0.2,-0.03,0.1115114011617818,0.0033072840386777734,-0.004548679421300356,0.037086666656683344,0.045385902785529786,0.020864117840537322,0.004354705094644196,0.02360069364183755,0.022736642499888052,-0.0007994838222654677,0.15142505655200478,0.0157347777624674,0.039710284749928215,0.08037643879995554,True,True,True
Germany,1959,0.19,-0.01999999999999999,0.08449763368657456,0.006237163202280864,-0.002549030642331862,0.03085333332335,0.040654361958708085,0.009766684780961654,-0.01575537751953493,0.014814630657622958,0.020984827497073876,0.01154099681894416,0.14400343179972386,0.029004577972341072,0.04538567326026355,0.08155536762512006,True,True,True
Germany,1960,0.17,-0.03,0.0836862829096276,0.010667962125001953,-0.011650094012634088,0.01825333332335001,0.04872754540084867,0.014866561146005042,-0.006249550326421716,0.014642902199242436,0.017686075499567647,-0.0014347224089922284,0.1764641838768075,0.06343199598395227,0.07673308297815862,0.11232177309221597,True,True,True
Germany,1961,0.17,-0.03,0.07247701260582826,0.009995963418770022,-0.01338684933343711,0.029581666656683346,0.043101458042702406,0.022767379914976127,0.0019032620744388051,0.008583731496549061,0.012680421451138147,-0.05497742118861337,0.2097805759081519,0.06500745363208121,0.08112068397742489,0.11241777843775352,True,True,True
Germany,1962,0.17,-0.01999999999999999,0.075367267344391,0.008217435347243162,-0.009066778727594614,0.03228166665668335,0.036751033854668,0.02881795734506487,0.019051272564103217,-0.005729153144984904,0.005832493516935528,-0.06821211210653666,0.2264866978600102,0.057357091230664126,0.07958104037818625,0.10710190123207208,True,True,True
Germany,1963,0.18,0.009999999999999981,0.0827663048229922,0.005099751408058788,0.0030303416515677015,0.030938333323349998,0.033751308318380094,0.029855737754868716,0.014989176608863675,0.0020961072187481856,0.0016502285234374439,-0.08935379978682245,0.17611931794981506,0.05420873490982425,0.08344696444732203,0.1111171340334689,True,True,True
Germany,1964,0.18,0.009999999999999981,0.08394315943612249,0.009082382212116115,-0.0030460497129509365,0.029016666656683336,0.03452117845228028,0.023452769513275573,0.0006853895982994462,0.0004528677001158641,-0.001060059408706955,-0.04743189416407101,0.1550371803420878,0.0379009475068241,0.0699813453648469,0.10194514275131666,True,True,True
Germany,1965,0.18,0.009999999999999981,0.09628250020142955,0.008774388569382466,-0.0027455246839152014,0.02984166665668333,0.042344072470556035,0.032304275290237605,0.0034863179451727344,-0.013907968011983799,-0.0037863310310399198,-0.04037700753731088,0.1542231375944696,0.03170186340443221,0.05769329054032113,0.09529944671044654,True,True,True
Germany,1966,0.19,0.010000000000000009,0.11801629918885788,0.011186995206148888,0.0010178972334950187,0.027474999990016666,0.050203883078735814,0.03622630593032938,0.006370568175460667,0.0007842224111756069,-0.004223625966897447,-0.03127970244518441,0.16460872660119485,0.02654719138341588,0.045831921188511426,0.08651779308733526,True,True,True
Germany,1967,0.22,0.04000000000000001,0.11733178432505571,-0.002178523777976638,0.02358619081419746,0.036403333333333336,0.04168425741080417,0.016066646547020502,-0.007386122966255071,0.019300481252953885,0.0020589118840485606,-0.005203702938687549,0.11943180556935196,0.036086075584684685,0.05420144671397664,0.09170488495516188,True,True,True
Germany,1968,0.22,0.04000000000000001,0.11173824272652765,0.005455042322484888,0.02425012638330311,0.03896166666666667,0.04204340706589692,0.016251826324959362,-0.016052448965278243,0.02128688066460499,0.013790528109578157,0.029755678049020018,0.10906887419708333,0.03907117619140188,0.0552529211534436,0.08766614864036482,True,True,True
Germany,1969,0.2,0.010000000000000009,0.10125636914308955,0.015481432137587396,0.013521927477789339,0.019816666656683343,0.05087074520084016,0.018729291495549694,-0.01749701443477969,0.011961737314428159,0.01751636641066234,-0.0036331360592720685,0.14779804249623885,0.03942947825552412,0.05522005214059189,0.08324116515738156,True,True,True
Germany,1970,0.18,-0.04000000000000001,0.11869411790080397,0.015505793837233352,-0.0010936799332221109,-0.0036083333333333245,0.059746058177239325,0.034365707647773025,0.018299061100752523,0.004394827372051412,0.012547815117028184,-0.008607197945049383,0.2657766793326721,0.018842847929529283,0.035183791593933256,0.06006695036842491,True,True,True
Germany,1971,0.18,-0.04000000000000001,0.11527527664911143,0.012911899397763871,0.0010329896649048514,0.01823666666666668,0.04471322147687942,0.05236533642603902,0.03611351010107966,0.0004450116781916877,0.0056005254548904156,-0.1424797653961969,0.27618511829777814,0.021285686567988016,0.03854231837529698,0.061973008869782076,True,True,True
Germany,1972,0.18,-0.020000000000000018,0.1135376127106008,0.007330527749319066,-0.0003851456293912925,0.03584833332335001,0.03163916351735153,0.054956465344183414,0.03622717384863372,0.0012744141343439762,0.002038084394862355,-0.13889167897911514,0.23360616681142043,0.04497204602463711,0.061865810143544864,0.08569611982000203,True,True,True
Germany,1973,0.18,0.0,0.13260873748756316,0.013792385817307956,-0.010834900184736734,-0.008984999999999993,0.03375414776117064,0.06995075494626568,0.035585047298492656,0.011888445071633006,0.004535956961389553,-0.28656249950456625,0.149214766797251,0.02915536556368692,0.0432824364255483,0.0685644332069908,True,True,True
Germany,1974,0.19,0.010000000000000009,0.16273553836492954,0.009548759883756882,-0.003792218408219042,0.015166666666666676,0.038978839102577545,0.0696362624018183,0.017270925975779283,0.021277280500939206,0.01148004656897206,-0.2561909703561981,0.1280959829382018,0.010943766508168529,0.022023231726767234,0.04550039902482694,True,True,True
Germany,1975,0.24,0.06,0.1753855972753932,-0.012116219827615148,0.010208114678259161,0.040818333333333345,0.018529475911910717,0.05939955491618387,0.004443089572000458,0.007536946323263551,0.013567557298611916,-0.130258168023069,0.0957119244074085,0.0026220358230031326,0.014839703469304522,0.03509157628014958,True,True,True
Germany,1976,0.25,0.07,0.16465924135620696,-0.004981734873195757,0.01072429739698734,0.03901999999001667,0.02053606756354967,0.04296597996139884,-0.026984774984866844,0.007574479285254382,0.012129568703152375,-0.05223885508683479,0.08444043152488567,-0.00013088398085792097,0.012537250387333998,0.028264827798449188,True,True,True
Germany,1977,0.26,0.07,0.13222058549365406,-0.002114701985415291,-4.119343341177362e-05,0.020506666656683332,0.015471228330234628,0.03691078010176341,-0.0327254823000549,0.006602079337311813,0.007237834981943245,-0.0627570397249001,0.07136697461881303,0.01300760366343523,0.017670227908307523,0.03321492333858378,True,True,True
Germany,1978,0.28,0.040000000000000036,0.1307037491982226,-0.0037475872277708926,-0.008876565152530491,0.024303333323350003,0.022323735326641822,0.026862033926962292,-0.03253752098922158,0.012772222181835755,0.008982926934800647,-0.23912871257601265,0.08877066324883187,0.03122361672505125,0.03226256172082731,0.04812850713179573,True,True,True
Germany,1979,0.29,0.03999999999999998,0.17244582538189124,0.003471222652466927,-0.0049091390847163935,0.015156666656683339,0.038899131456834275,0.0411597915708215,-0.0018061883905773346,-0.00646734066972111,0.00430232028314215,-0.1705619178203277,0.06807463289385329,0.04173483118123078,0.0485394863687465,0.061636383113048976,True,True,True
Germany,1980,0.3,0.03999999999999998,0.20669223338801665,0.007541664412505037,0.0045232620878448565,-0.005751666666666655,0.044116515467444634,0.05420362809988233,0.01729284799811892,-0.019886433906940268,-0.0045271841316085444,0.08194801113462868,0.05218256874744287,0.043034161814647365,0.05611023891199185,0.06687283387740472,True,True,True
Germany,1981,0.34,0.06,0.2819046436531244,0.010864781928587221,0.01595901121837008,-0.011546666666666663,0.04821218959824716,0.06325001153455467,0.03638797760759238,-0.00740575336126311,-0.011253175979308166,0.4082545908814226,0.009304135837556515,0.04139972565441308,0.059521876709605515,0.07196753531104783,True,True,True
Germany,1982,0.37,0.08000000000000002,0.2670984834849728,0.010774785092267657,0.03395881179132958,0.0029899999999999927,0.03294255337299366,0.05266870024658199,0.011508908675760487,0.007785796233185327,-0.006502130345006021,0.5010995686791679,-0.017876132704075842,0.03067323710451475,0.05156753513657286,0.07003492873180617,True,True,True
Germany,1983,0.38,0.08000000000000002,0.24693684161563095,0.012289198143242828,0.035488518960182694,0.02655333333333333,0.030623751080916327,0.03276003497611435,-0.02144359312376798,0.0067391513195788864,0.0023730647305003644,0.4555429822712438,-0.030489943834950517,0.03188577252474256,0.05219218767550815,0.0766859025369615,True,True,True
Germany,1984,0.39,0.04999999999999999,0.25362503261822616,0.015452886252849058,0.03139279360764027,0.02404166666666667,0.0429890845311219,0.02407901118393796,-0.039171000350616714,0.015741328644586074,0.010088758732450092,0.44423372021545426,-0.009483709161776988,0.027528461611069144,0.04506571401231518,0.07292855686298527,True,True,True
Germany,1985,0.39,0.020000000000000018,0.22053872411540879,0.01527088836396928,0.024031771464388355,0.017544999999999998,0.043254216772038556,0.021823303523831994,-0.030845396722749996,0.023003101345680205,0.015161193769948386,0.07658550852569257,0.005645756932215473,0.03080407817197517,0.04647402108729226,0.07501425301689135,True,True,True
Germany,1986,0.39,0.010000000000000009,0.19397879320144987,0.011509421920215797,0.028139422932558056,0.013211666666666663,0.044057599083482724,-0.0012501119582181142,-0.034010146934332464,0.03699088277876679,0.025245104256344353,-0.2526211714127724,0.040501285804694476,0.012957309758019231,0.026042439775556647,0.05183144770854775,True,True,True
Germany,1987,0.41,0.019999999999999962,0.21546683014289264,0.011776243952260497,0.03513579070259504,0.024188333333333326,0.05374396973107776,0.002419899241152823,-0.021659111942785136,0.03356758067106479,0.031187188265170595,-0.4653910617734137,0.06199052502427094,0.007682713753004111,0.019380679511469934,0.041352943685268206,True,True,True
Germany,1988,0.41,0.019999999999999962,0.24135307924896568,0.010222476736565251,0.034989767365016834,0.024801666666666652,0.060256336472761414,0.012736203298781001,-0.009087100225050992,0.04372710019081293,0.038095187880214834,-0.22203237209897753,0.07319554653847637,0.0017331944315525094,0.010824212465585181,0.028769107607217514,True,True,True
Germany,1989,0.39,0.0,0.23157517557620522,0.018357354958647185,0.02746188986158122,0.003093333333333337,0.05467051747367881,0.027782345039029765,0.02903245699724788,0.04124882137597654,0.03951450074595142,-0.06212988832125499,0.03682719115542388,0.001407579234832812,0.00708282841687502,0.02236313279067592,True,True,True
Germany,1990,0.41,0.0,0.3172432833223409,0.026339732716536675,0.045853440858155486,0.007811666666666661,0.0645472530867413,0.026964692401965307,0.024544793160812484,0.027157619453383373,0.03737784700672428,0.0028309145729910057,0.029403341490461532,0.05550782631717732,0.06064211521069518,0.07526645352423644,True,True,True
Germany,1991,0.44,0.030000000000000027,0.3271173700705843,0.020063820326914235,0.038775376671384275,-0.0038166666666666488,0.05421363126665808,0.0363620687590307,0.023625865460249695,-0.012978865076744612,0.018475858584205095,-0.11642108800411621,0.038856934131771936,-0.021005339357404562,-0.017682672850806047,-0.006715618988591521,True,True,True
Germany,1992,0.411883,0.021882999999999986,0.2742734533779314,0.020495660661238327,0.03770828702472069,-0.015684999999999977,0.040506379593949766,0.05057910005715471,0.022796755018124948,-0.012242594925274203,0.0006453864837881838,-0.05242794197427303,0.0927921653554391,-0.01513540109392808,-0.011407609671689523,-0.005669257052905441,True,True,True
Germany,1993,0.44894300000000004,0.03894300000000006,0.25307151214867907,0.009670721502298977,0.016586230611630386,-0.00978166666666666,0.021269662319689533,0.044574844224746,0.017610151822780695,-0.010789904808295812,-0.012003788270104879,0.10633671318162419,0.06904543625154491,0.014436945958491876,0.019735647859432603,0.0248676889183701,True,True,True
Germany,1994,0.47293999999999997,0.03293999999999997,0.27132009530085827,0.01833130177080604,0.022037373452755894,0.01519666666666667,0.02783706738880111,0.02733485355169596,-0.009027215207334738,-0.014474733210119745,-0.012502410981229922,-0.027985335212895812,0.04792667811597173,0.015199512473133892,0.022509775377636876,0.027988154735838044,True,True,True
Germany,1995,0.5490240000000001,0.13714100000000007,0.31720201628443784,0.02397208363096595,0.02910398928060702,0.023470000000000005,0.03839557596638299,0.01840357432440909,-0.032175525732745625,-0.012451104264925959,-0.012571914094447174,-0.12893383056197305,0.01374534385526327,0.03403722343126292,0.0307552525099426,0.03931157557898868,True,True,True
Germany,1996,0.577939,0.12899599999999994,0.32516206498637756,0.01503353270970689,0.030576877623758346,0.029428333333333334,0.04195295623224925,0.014877703427147226,-0.029697140797598776,-0.007040952107218769,-0.011322263194088161,-0.08958171583511787,0.012719290254036286,0.06256660603042874,0.0676052073141592,0.08027894043578998,True,True,True
Germany,1997,0.588666,0.11572600000000005,0.30427096711044455,0.01665364428441513,0.03282172601063359,0.024568333333333324,0.04025239734681807,0.015186530207989435,-0.012148323343706524,-0.0053819975434721,-0.008291351305205613,0.18448200644152446,0.002342934033758848,0.06605991427730029,0.08984074544776,0.09883547505101609,True,True,True
Germany,1998,0.5953470000000001,0.046323,0.2350479076389164,0.012850841970172505,0.028748475186289858,0.011576666666666666,0.03374403594275932,0.005853658536585371,-0.012549915787823718,-0.0066354947090396955,-0.0063528147865768575,0.19714901284290276,-0.009609591104776438,0.07208445266506391,0.09827451568267698,0.11606418728969314,True,True,True
Germany,1999,0.601394,0.023455000000000004,0.22705015328957437,0.01427381570086463,0.02153196356877723,0.017588333333333327,0.03563176217405214,0.00678952473326877,-0.008088178693878456,-0.015173078224153444,-0.00906352349222175,0.28802674998623123,-0.00033498118894992324,0.07625201499244305,0.10610597222416618,0.1339370938676796,True,True,True
Germany,2000,0.590658,0.0019919999999999938,0.22421554791696377,0.043854463180639854,0.015898325942003598,0.011513333333333327,0.04374328059277179,0.014026974951830473,-0.0011595552561589617,-0.017182121740666113,-0.012996898224619755,0.22240353600565954,0.01044552383672781,0.06047783283706598,0.09700433751589832,0.1372544949306448,True,True,True
Germany,2001,0.579365,-0.01598200000000005,0.24649691606636473,0.017235505541920396,0.014511701835326657,0.004244999999999999,0.034702402742346275,0.019001292087861943,0.013147633551276572,-0.0036700113318169207,-0.012008403765545496,0.3847880133468462,0.007433621482459074,0.028773621169533747,0.06229990750041792,0.1056457489040763,True,True,True
Germany,2002,0.597035,-0.004359000000000002,0.2525312536368098,0.013694142021752682,0.020220350473347113,0.01504500000000001,0.03246461671263382,0.013052882822406131,0.006263358089137361,0.01726613990478485,-0.0011953310558993982,-0.011533610363520963,0.0019364997254562866,0.0035459237566517476,0.029324951189374837,0.07347852999491622,True,True,True
Germany,2003,0.633089,0.042430999999999996,0.23593641864701298,0.008058346915768878,0.028568426083138285,0.017528333333333326,0.026379078838873485,0.010933588573111441,-0.003093386378719032,0.012857055633281392,0.00881772806874977,-0.24574175812502164,0.006242504906586399,-0.009711539878904274,0.00842254229112771,0.04927884685645134,True,True,True
Germany,2004,0.649877,0.07051200000000002,0.25381890399217083,0.008660043095448811,0.0268693760359088,0.01988336666666667,0.026536639140854586,0.017503611181918677,-0.001497680905943266,0.04137456107582894,0.023832585537965054,-0.33755975347937617,-0.00843074773124275,-0.033480992834460266,-0.027934969402333976,0.004487532072648515,True,True,True
Germany,2005,0.6734650000000001,0.07643000000000011,0.20667688844216328,0.008844128063780241,0.017388686004544723,0.012633333333333333,0.017624204117843146,0.019290187891440436,0.006237305069034305,0.04930032945635903,0.03451064872182311,-0.07929395528816263,-0.023020037841534724,-0.03067872634600033,-0.03731639534076969,-0.017111881809117713,True,True,True
Germany,2006,0.6670470000000001,0.033958000000000044,0.23516149820524887,0.013257785381648,0.002230503445721767,0.0092667,0.019410945317970253,0.017848364972730124,0.006914776399618683,0.05522982622319709,0.04863490558512835,-0.00413516106607259,-0.036125351863661725,-0.04576641666140824,-0.059291078292853294,-0.05311927454519649,True,True,True
Germany,2007,0.639942,-0.009935000000000027,0.24256171065176896,0.02109076666753672,-0.004096020402844444,0.003574966666666665,0.022155901943885555,0.022893741304172766,0.005390130122254089,0.06407743847897453,0.05620253138617689,-0.04296649234543193,-0.03442474698731168,-0.049357834182826577,-0.0663208455973453,-0.07483077902448176,True,True,True
Germany,2008,0.655222,-0.01824300000000012,0.22704720114120544,0.021459138552507497,-0.006605517531813716,0.0016583666666666955,0.017110578999150434,0.02745115672564591,0.008160968834205473,0.06017304684561343,0.05982677051592835,-0.12638555625406456,-0.023974503880368925,-0.021754537285042508,-0.04147968600891594,-0.059624190628721485,True,True,True
Germany,2009,0.729901,0.06285399999999997,0.20358989864485547,0.009407887737729125,0.023869359703825588,0.025966670000000004,0.01462279839560382,0.002461706783369877,-0.015386658189360247,0.0570871936235311,0.060445892982706355,-0.07661243765819847,-0.0158751727636689,0.020230882572539466,0.0046364527300074565,-0.016167704929598403,True,True,True
Germany,2010,0.8238160000000001,0.1838740000000001,0.20074780065203063,0.005300065727905132,0.016629655750651364,0.0236000033333333,0.013733411117731435,0.011186903137789805,-0.01170683816638296,0.057249366839502845,0.05816986910288246,0.1126742572355619,0.010703557222202509,-0.015101792757420518,-0.028078634257870383,-0.050650051672857854,True,True,True
Germany,2011,0.79801,0.14278800000000003,0.18242251970836715,0.01422726146560937,0.004404312823493094,0.0179749966666667,0.01324226044542026,0.024824608742579635,-0.002626547983066274,0.06655912687471985,0.060298562445917935,0.08185339661896651,0.020531195536448443,-0.0271381437226067,-0.036453613582724254,-0.05808921404973866,True,True,True
Germany,2012,0.811354,0.081453,0.09927650050629046,0.004099645751240371,-0.024763710516651164,0.0124013,-0.0042212225664071505,0.02150605581885201,0.019044349035482133,0.06944629744367062,0.06441826371929776,0.10441570054131932,0.02415124567656557,-0.03098506852154903,-0.033740757617827355,-0.05439610476995549,True,True,True
Germany,2013,0.787169,-0.036647000000000096,0.10373835239487429,0.007782872273645939,-0.015960549310139006,0.014822413333333331,-0.00505637466685353,0.015980699439128943,0.004793796301339137,0.06328981416374395,0.06643174616071147,-0.026204353608709763,0.013051075382043864,-0.0632611019145568,-0.0690270163232527,-0.0867404297920672,True,True,True
Germany,2014,0.756694,-0.04131600000000002,0.07386320854593112,0.010020348144381267,-0.008325636023937015,0.010668053333333335,-0.0034249156092899472,0.007692151569888894,-0.01713245717269074,0.07840343335775622,0.0703798483217236,0.07392508034389511,0.029290997821123543,-0.05609075519983264,-0.07727764286869732,-0.09259445731860771,True,True,True
Germany,2015,0.72207,-0.08928400000000003,0.029867743467205842,0.010513765155670273,-0.008001397528459608,0.006026937,-0.005204874363529602,0.006797583081570968,-0.014708472737281042,0.0876037789256337,0.07643234214904461,0.21545798472030087,0.0457718450308926,-0.042188182112240624,-0.06855031351420005,-0.08426366039977495,True,True,True
Germany,2016,0.6927679999999999,-0.09440100000000007,0.005404778869147033,0.002226991689054781,-0.013032246860938203,0.0041149919,-0.005165232228631147,0.0037509377344335793,-0.012229761704695363,0.08930069824466327,0.08510263684268439,0.32563484155543554,0.062144941683698995,-0.028041630650435967,-0.0502712075228533,-0.07533968091139986,True,True,True
Germany,2017,0.6465770000000001,-0.11011699999999991,0.016428986847382664,0.01141526794805266,-0.020765684039455036,0.006713360999999999,-0.006056184138302809,0.01711011459890388,0.009417963029014986,0.07363794381114117,0.08351414032714605,0.02080843830092416,0.04958171330358918,-0.012805706653813975,-0.035768930378976105,-0.0660996858921099,True,True,True
Germany,2018,0.612715,-0.10935499999999998,0.02052781492256378,0.006123212694577936,-0.025883789114469268,0.00758030666666667,-0.009440055704804263,0.01935003478107533,0.012552451699504363,0.08108930556457411,0.08134264920679285,-0.03160755103189283,0.03826327348570735,0.003548296145010732,-0.012491626799307931,-0.04365985059734678,True,True,True
Germany,2019,0.5892499999999999,-0.103518,-0.012605944690836911,0.002764171478842273,-0.028362332534171895,0.0013886550000000008,-0.01920072688997965,0.013532996289959742,0.009782058555526163,0.07422045801594308,0.07631590246388611,-0.04870191629255438,0.03908698486035367,0.01659879493870864,0.011520882235115826,-0.014659064470680105,True,True,True
Germany,2020,0.687242,0.04066499999999995,-0.03097384691166481,-0.04208054940079105,-0.0033498207388560058,-0.0005019066666666705,-0.017310384227724494,0.0037174016121384046,-0.013392712986765476,0.0651156842315665,0.07347514927069455,-0.004775909883912521,0.02974332205693786,0.06407474786263823,0.06814507772428613,0.0521899580889984,True,True,True
Ireland,1870,,,,,,,,,,,,,,,,,False,False,False
Ireland,1871,,,,,,,,,,,,,,,,,False,False,False
Ireland,1872,,,,,,,,,,,,,,,,,False,False,False
Ireland,1873,,,,,,,,,,,,,,,,,False,False,False
Ireland,1874,,,,,,,,,,,,,,,,,False,False,False
Ireland,1875,,,,,,,,,,,,,,,,,False,False,False
Ireland,1876,,,,,,,,,,,,,,,,,False,False,False
Ireland,1877,,,,,,,,,,,,,,,,,False,False,False
Ireland,1878,,,,,,,,,,,,,,,,,False,False,False
Ireland,1879,,,,,,,,,,,,,,,,,False,False,False
Ireland,1880,,,,,,,,,,,,,,,,,False,False,False
Ireland,1881,,,,,,,,,,,,,,,,,False,False,False
Ireland,1882,,,,,,,,,,,,,,,,,False,False,False
Ireland,1883,,,,,,,,,,,,,,,,,False,False,False
Ireland,1884,,,,,,,,,,,,,,,,,False,False,False
Ireland,1885,,,,,,,,,,,,,,,,,False,False,False
Ireland,1886,,,,,,,,,,,,,,,,,False,False,False
Ireland,1887,,,,,,,,,,,,,,,,,False,False,False
Ireland,1888,,,,,,,,,,,,,,,,,False,False,False
Ireland,1889,,,,,,,,,,,,,,,,,False,False,False
Ireland,1890,,,,,,,,,,,,,,,,,False,False,False
Ireland,1891,,,,,,,,,,,,,,,,,False,False,False
Ireland,1892,,,,,,,,,,,,,,,,,False,False,False
Ireland,1893,,,,,,,,,,,,,,,,,False,False,False
Ireland,1894,,,,,,,,,,,,,,,,,False,False,False
Ireland,1895,,,,,,,,,,,,,,,,,False,False,False
Ireland,1896,,,,,,,,,,,,,,,,,False,False,False
Ireland,1897,,,,,,,,,,,,,,,,,False,False,False
Ireland,1898,,,,,,,,,,,,,,,,,False,False,False
Ireland,1899,,,,,,,,,,,,,,,,,False,False,False
Ireland,1900,,,,,,,,,,,,,,,,,False,False,False
Ireland,1901,,,,,,,,,,,,,,,,,False,False,False
Ireland,1902,,,,,,,,,,,,,,,,,False,False,False
Ireland,1903,,,,,,,,,,,,,,,,,False,False,False
Ireland,1904,,,,,,,,,,,,,,,,,False,False,False
Ireland,1905,,,,,,,,,,,,,,,,,False,False,False
Ireland,1906,,,,,,,,,,,,,,,,,False,False,False
Ireland,1907,,,,,,,,,,,,,,,,,False,False,False
Ireland,1908,,,,,,,,,,,,,,,,,False,False,False
Ireland,1909,,,,,,,,,,,,,,,,,False,False,False
Ireland,1910,,,,,,,,,,,,,,,,,False,False,False
Ireland,1911,,,,,,,,,,,,,,,,,False,False,False
Ireland,1912,,,,,,,,,,,,,,,,,False,False,False
Ireland,1913,,,,,,,,,,,,,,,,,False,False,False
Ireland,1914,,,,,,,,,,,,,,,,,False,False,False
Ireland,1915,,,,,,,,,,,,,,,,,False,False,False
Ireland,1916,,,,,,,,,,,,,,,,,False,False,False
Ireland,1917,,,,,,,,,,,,,,,,,False,False,False
Ireland,1918,,,,,,,,,,,,,,,,,False,False,False
Ireland,1919,,,,,,,,,,,,,,,,,False,False,False
Ireland,1920,,,,,,,,,,,,,,,,,False,False,False
Ireland,1921,,,,,,,,,,,,,,,,,False,False,False
Ireland,1922,0.10494101567318673,,,,,0.019850000000000003,,,,,,,,,,,False,False,False
Ireland,1923,0.194144932490978,,,,,0.01865,,-0.02127659574468077,,,,,,,,,False,False,False
Ireland,1924,0.18933581816258244,,,,,0.020265930481922524,,0.01086956521739113,,,,,,,,,False,False,False
Ireland,1925,0.2283644379617445,0.12342342228855777,,,0.04864263029376757,0.011645896912411344,0.049346448306812556,0.021505376344086002,,,,-0.05465751402420982,,,,,False,False,False
Ireland,1926,0.25295437461209425,0.058809442121116245,,,0.04576024481890735,0.00695502571420243,0.04953530835160478,-0.02631578947368418,-0.0050391937290034106,,,-0.030788712341175195,,,,,False,False,False
Ireland,1927,0.28699967069186444,0.097663852529282,,,-0.005761595485831328,0.009331232502350607,0.07135272156356806,-0.05405405405405417,-0.0649236192714453,,,-0.017379314009405178,,,,,False,False,False
Ireland,1928,0.2869159162001405,0.058551478238396015,,,-0.006529864680244045,0.009709953652485344,0.08000466339982672,-0.005714285714285783,-0.027219662058371785,,,0.05875175125412424,,,,,False,False,False
Ireland,1929,0.29216134556559564,0.0392069709535014,,,-0.0290211010155201,-0.002756783080753042,0.06593457921750584,0.011494252873563315,0.0378100423472475,,,0.015998064975495163,,,,,False,False,False
Ireland,1930,0.3091189353406051,0.022119264648740644,,,0.023812565242250422,0.02153107835448118,0.054674119604418946,-0.02840909090909083,0.02564496314496334,,,-0.01777912213483901,,,,,False,False,False
Ireland,1931,0.32135374551843154,0.034437829318291036,,,0.046730870156460366,0.011283333827566515,0.07446410829944802,-0.06432748538011701,-0.05861319966583123,,,0.037226277372262695,,,,,False,False,False
Ireland,1932,0.32762119004752643,0.03545984448193079,,,0.07734809004491916,0.02419059895929747,0.08005279105570007,-0.018749999999999933,-0.03024425287356325,,,0.2440294075182532,,,,,False,False,False
Ireland,1933,0.381703500210848,0.0725845648702429,,,0.09939921125659679,0.03536637796249338,0.08269772659238374,-0.03821656050955413,-0.009807469600463303,,,0.011401877594555243,,,,,False,False,False
Ireland,1934,0.3484062724954098,0.02705252697697824,,,0.07260955601272025,0.033605817612207586,0.058587165596628465,0.0066225165562914245,0.07095000193640844,,,-0.16460951878442986,,,,,False,False,False
Ireland,1935,0.3377340999385294,0.010112909891002941,,,0.03522818950562459,0.033407067228689524,0.04096648538854907,0.02631578947368407,0.045065789473684004,,,-0.28012730607401026,,,,,False,False,False
Ireland,1936,0.33639012522469525,-0.04531337498615273,,,-0.00868769509798642,0.031605502094570165,0.01807905820423648,0.02564102564102555,0.06385758615057968,,,-0.13971096805736616,,-0.030201566294900672,,,False,False,False
Ireland,1937,0.32737429899224146,-0.021031973503168322,,,-0.010686842631411016,0.032456291454008065,0.0002040197491048612,0.0625,0.055877483443708575,,,-0.020763186585961657,,-0.006586208650125491,,,False,False,False
Ireland,1938,0.3929070191419955,0.05517291920346612,0.06633077580335985,0.018695447101723925,-0.010007379695178266,0.032836190774571485,0.0038734959530531826,0.01764705882352935,-0.008668730650154721,0.011888670696510914,,-0.06966323088874371,,-0.008679875272552207,-0.021504331066272253,,True,True,False
Ireland,1939,0.3883154528871002,0.05192532766240493,,,-0.004148277754172799,0.029225379341902277,0.005075781699377065,0.028901734104046284,0.003260708463020734,-0.0027964819554254805,,0.007438514977550215,,-0.02651828004393808,-0.04012216546729874,,False,False,False
Ireland,1940,0.3566415984895887,0.029267299497347243,,,-0.022477036614652106,0.02878236448041214,-0.026895697581588662,0.15168539325842678,0.08918539325842678,0.011786445387339353,0.006959544709474928,0.04057069982464512,,-0.05621544683815072,-0.0661540765569506,,False,False,True
Ireland,1941,0.3628171920373103,-0.03008982710468522,,,-0.029600517164561323,0.024609747880885356,-0.05943230270335366,0.102439024390244,0.08479196556671464,0.06727122963670011,0.025420397689537994,-0.032180753236697224,,-0.10823059917743538,-0.12243791258991366,-0.1467073904997177,False,False,True
Ireland,1942,0.33489402778929356,-0.05342142509780662,,,-0.06006141003486719,0.02415278790413441,-0.08565358140058474,0.10619469026548667,0.07729295616144038,0.110901483147286,0.06331971939044183,-0.08249687185949706,,-0.10950437055956841,-0.1376607369701638,-0.16631483922321022,False,False,True
Ireland,1943,0.30043237875786777,-0.05620921973172094,,,-0.08776371835023461,0.02184366382346335,-0.07873424106178017,0.12399999999999989,-0.027685393258426894,0.1232361966007825,0.10046963646158953,-0.14442115277412426,,-0.13416187628289383,-0.17895737953100893,-0.2133774050871154,False,False,True
Ireland,1944,0.29029497654306813,-0.07252221549424215,0.04957736446007568,0.007849256020487888,-0.08536411406938665,0.024402487480709324,-0.058636430626766045,0.04982206405693956,-0.05261696033330443,0.11873196553699586,0.11762321509502145,-0.08350230414746529,,-0.0820969992793209,-0.13510101703725697,-0.1807134485153722,True,True,True
Ireland,1945,0.27202035111702094,-0.06287367667227262,0.04629355774035659,0.008684161021447907,-0.06243945305424284,0.025309080344549602,-0.022001664171605338,-0.003389830508474634,-0.1095845207739613,0.11542004732669633,0.1191294031548249,-0.0598372476339426,,-0.0762411536243644,-0.13295343109724284,-0.1922751658589032,True,True,True
Ireland,1946,0.2770046001853708,-0.02342777857249695,0.04323025150123996,0.02348779429485482,-0.01455534525131038,0.027091765890346738,0.02144950209981531,-0.013605442176870652,-0.13760544217687054,0.0628361430995148,0.09899605198773566,0.4691775163797405,0.1548716920609461,-0.01262304493518801,-0.05854096684630994,-0.12634178900719306,True,True,True
Ireland,1947,0.26424052445627816,-0.02605445208678997,0.044645670562343844,0.01524613458892249,-0.011846334526588925,0.03260314386690541,0.02402800487696303,0.05862068965517242,0.008798625598232857,-0.086595289808162,0.030553633539349704,0.9653256623940663,0.27682834322430927,0.11629002270490146,0.09157576210207746,0.02943327917754479,True,True,True
Ireland,1948,0.2622387823500649,-0.009781568766956017,0.04369848297001686,0.010266015142031036,-0.019220305692421114,0.03154515203439314,0.011282306240865837,0.032573289902280145,0.03596312041075478,-0.051461338827726084,-0.025073495178791094,0.6457151912509576,0.31859525224041696,0.08086809442415932,0.08116401330199369,0.03466504368069312,True,True,True
Ireland,1949,0.3185134422709776,0.04150884208560679,0.05116455911414511,0.024398169454579115,-0.029082434518310676,0.029234791105472155,0.003785273208823936,0.003154574132492094,0.016760016309362746,-0.023666948900592684,-0.05390785917882692,0.401549644773769,0.24781408191440435,0.03911151600835694,0.05649599669420946,0.028110219203419606,True,True,True
Ireland,1950,0.3852180236681921,0.12097749921191392,0.06306508328650445,0.02466859682508952,-0.019976865936958965,0.02990568880952135,0.020503528680530184,0.012578616352201255,-0.046042073302971165,-0.07253096748899106,-0.04921975173910328,0.01915814999327048,0.13230453992444136,0.051441485180926616,0.08612735770353108,0.08516191043232768,True,True,True
Ireland,1951,0.3839564111609044,0.12171762881083947,0.06356249616351685,0.006145961933282462,-0.027688004345963198,0.02878803892186542,0.005828528221998676,0.08074534161490687,0.04817205171262673,-0.14051108436350818,-0.07890300025103064,0.24746294353003973,0.09876374636318785,0.06429422750115621,0.11221907624476446,0.1325381598576708,True,True,True
Ireland,1952,0.39197333123605405,0.07345988896507644,0.07902670257644506,0.030644734380822908,-0.046571281467623696,0.018775543994038274,-0.014068074178905834,0.0862068965517242,0.0830523224192321,-0.017663637971843876,-0.07690189660811438,-0.15693846518808896,0.040041990822302864,-0.035599100727015,-0.014744264950732777,0.024209561013419312,True,True,True
Ireland,1953,0.413051368254683,0.02783334458649095,0.08486556120519541,0.02965181922170352,-0.061261725449014245,0.017359137473779415,-0.02812829288511521,0.052910052910052796,0.04033143655785154,-0.012621545884049689,-0.05693208940646725,-0.15685621075978073,0.04020100502512558,-0.05880098490388852,-0.05947762902630993,-0.016826776296866797,True,True,True
Ireland,1954,0.45424617055565275,0.07028975939474835,0.08841371863056212,0.02892757198735301,-0.028414609228941547,0.0255329211332758,-0.003444420479611368,0.0030150753768845018,-0.07773026623802237,-0.009868331881362866,-0.013384505245752144,-0.1958983116290811,0.014392421206048,-0.01895877598869522,-0.01451670311716291,0.01384945806072524,True,True,True
Ireland,1955,0.46404876861813305,0.072075437382079,0.09664096972177286,0.031022109138091225,-0.006634137732027749,0.009426241323956759,0.019600497158838742,0.02605210420841675,-0.06015479234330745,-0.06078418232815324,-0.027758020031188598,-0.08979621714157704,0.04798397775423702,0.01157612296690036,0.01086447170381144,0.023212809088410946,True,True,True
Ireland,1956,0.5071537873059628,0.0941024190512798,0.12291186749717481,0.03671454273943281,0.012205257703635154,0.00626583680504645,0.03291662069327936,0.04248046875,-0.010429584160052796,-0.024282485966791955,-0.03164500005876935,-0.08569749512613323,0.06523921043827352,0.022804299236685588,0.002473043900745875,0.005488273711843128,True,True,True
Ireland,1957,0.5331202758795097,0.07887410532385697,0.12560126105040048,0.04435489654153813,0.0044469172667747844,0.005907399160610893,0.019123941976189433,0.04121779859484764,0.03820272321796314,0.014981844811003354,-0.02336160782798061,-0.1193436870905753,0.02415092217723802,0.02068367023242368,0.009619051813378077,0.010107959690181523,True,True,True
Ireland,1958,0.5358472237975058,0.07179845517937278,0.1237233940555407,0.04595253209716474,-0.010449719637900957,0.006562846119651085,0.011393593112064282,0.04430949167791276,0.01825738746949601,-0.001572509823459067,-0.0036243836597492246,-0.08055154685680577,0.013858126983004704,0.0004091397531279517,0.012958110307756954,0.0015558499217028787,True,True,True
Ireland,1959,0.5539482396635764,0.04679445235761359,0.12384116908562381,0.04071197717023251,-0.018628482178198853,0.015488210659725402,0.02180732123934867,0.0002153779883697915,-0.04226509076163021,-0.012799516575480183,0.00020327280402136598,-0.019353624252775536,0.03439922480620172,0.011057899942151228,0.024806156637914745,0.01530010013150196,True,True,True
Ireland,1960,0.565886335642688,0.03276605976317826,0.13968416423512472,0.031659787923536575,-0.020353170139874616,0.004701617173467655,0.03892444988017049,0.004306632213608941,-0.0369111663812387,-0.0011251921591799302,-0.005165739519373062,0.023052756109925854,0.10995911558072335,0.029262137444888148,0.03532131718758036,0.038849638237700934,True,True,True
Ireland,1961,0.5699266050667908,0.034079381269285,0.14553914072234297,0.03193224031671392,-0.008634628214633983,0.006437170412497618,0.048510279647629884,0.027658662092624464,-0.016650829585288296,0.0015673706659232512,-0.004119112689578957,0.0009444640468265764,0.14483242607590596,0.01067205799939308,0.015004565847404172,0.03065515125001672,True,True,True
Ireland,1962,0.5746546630302477,0.020706423366671278,0.14445279139133027,0.03087733326475509,-0.010947979100022327,0.012993963127901687,0.032251508464171505,0.04256206968495713,0.042346691696587335,-0.01618032309965416,-0.005246048197636949,-0.03632643656683732,0.18177573210593057,0.011674236836233476,0.01758614756815169,0.031135505490620052,True,True,True
Ireland,1963,0.5782983699865796,0.012412034343891598,0.13705599087013992,0.03593631095631258,-0.013296695061155918,0.01612910333017066,0.024317269773871213,0.02461476886131675,0.02030813664770781,-0.02481140529343014,-0.013141452575720351,-0.05435541086339013,0.14670955882352965,0.007413279988925825,0.016165357118358648,0.024927440212112906,True,True,True
Ireland,1964,0.5591283217350692,-0.010798283331721614,0.13591763846663038,0.03565216959696349,-0.024585714182838093,-0.00910227540725065,0.014209611733991337,0.06718750000000018,0.03952883790737571,-0.03099146116868216,-0.023994396520588823,-0.08358426857012657,0.14710271426962485,0.006707538971008842,0.015618718691326139,0.02324380958990646,True,True,True
Ireland,1965,0.5903046571827895,0.015649994152541757,0.1483856916981831,0.04020403703676033,-0.020305590415267402,0.0045983701331270485,0.016021137506104365,0.050329428989751124,0.007767359304793997,-0.03873026227423765,-0.031511042912116656,-0.09269267288936478,0.04823241422594804,-0.017398045845605115,-0.01625905738230271,-0.007167857491246599,True,True,True
Ireland,1966,0.6003948107645093,0.022096440777929716,0.15357553989425862,0.05532242384231012,-0.007802203509977401,0.0007458687407644188,0.020341515157425105,0.02979613173026663,0.005181362868949879,-0.014155000161286868,-0.0279589078680689,-0.07959985822531301,0.101127504467321,-0.013503267695095689,-0.014820567709226795,-0.0072166911219527785,True,True,True
Ireland,1967,0.5840895130330684,0.02496119129799923,0.14561838293856577,0.05399888590957255,0.008292884742593709,-0.008641876542588828,0.03201531104722479,0.03130287648054142,-0.03588462351945876,0.01223586622461409,-0.013549798736970146,0.1177118626758411,0.10740722868310537,-0.017911961660556308,-0.02000916771656802,-0.017491153745299415,True,True,True
Ireland,1968,0.5749198177023388,-0.015384839480450663,0.15080277073625664,0.055603922260126074,-0.0066648676775107885,0.0019354328042379826,0.037409102192932225,0.04757998359310922,-0.002749445396641903,-0.011628606364761719,-0.004515913433811504,0.16590332043105693,0.15977467350392782,0.008902583733404468,0.0047813603646491565,0.004360699010263924,True,True,True
Ireland,1969,0.5488590827510211,-0.05153572801348816,0.16257861257353268,0.058197804646093546,-0.02143908302525316,0.0022575563594329773,0.033769978099435126,0.07407987470634292,0.04428374297607629,-0.04269520822459299,-0.014029316121580211,0.13152147211859622,0.15324738819412276,-0.01915467780968727,-0.027494392816255986,-0.03165508334453149,True,True,True
Ireland,1970,0.5325897585345195,-0.05149975449854893,0.1591064244800433,0.05498162585423385,-0.023086447999633816,0.01634297457810288,0.02157365852758361,0.08194808982210566,0.050645213341564244,-0.03706803915310055,-0.03046395124748509,-0.03899324924256564,0.17905733722060257,-0.05323027715421669,-0.06206851922270196,-0.07005983716362629,True,True,True
Ireland,1971,0.5273179243147377,-0.047601893387601124,0.1603768658575579,0.06052681904608701,-0.019929211842434305,0.04576634001,0.011982804654039184,0.08962264150943389,0.042042657916324666,-0.035341538566378214,-0.03836826198135725,-0.14158900753598813,0.22408781694496005,-0.08009422372183078,-0.09196012554401006,-0.10800477166840944,True,True,True
Ireland,1972,0.49050628227596405,-0.05835280047505709,0.1535588310892981,0.04915704013229674,-0.03276465066001487,0.012172920000000004,0.006287561813419995,0.0860853432282005,0.012005468521857576,-0.02043081270340442,-0.030946796807627738,-0.08994242198836411,0.21871022725139588,-0.04669318944735712,-0.06296529651460836,-0.08158595502064603,True,True,True
Ireland,1973,0.4603503394767905,-0.07223941905772902,0.17272680175780278,0.049215154471300426,-0.045256486175597244,-0.01860450000000001,0.012251540922401882,0.11422389249515996,0.0322758026730543,-0.03234322542196384,-0.02937185889724883,-0.1062827065555716,0.2939202411907633,-0.011677743028260523,-0.03645863925820103,-0.05691693262735431,True,True,True
Ireland,1974,0.5034028552245876,-0.023915069090150065,0.2536481803041468,0.050046939678357924,-0.0442965301514433,0.028546900000000014,0.025222235162259535,0.16966475878986098,0.0800421172804271,-0.08877826051010336,-0.04718409954515721,-0.06460550057041714,0.18506951099886093,0.016845023236224388,-0.009252847483934956,-0.028846122650605932,True,True,True
Ireland,1975,0.5478563551851939,0.05735007290922989,0.2651132243518024,0.019750707759733435,-0.0481697419699712,0.04191719999999999,-0.022297577039082417,0.20875567983222632,0.12267033660402582,-0.01606157479445061,-0.04572768690883927,-0.05166416083049152,0.21592884131944134,-0.027108135357942154,-0.044559892239925125,-0.07227038107601697,True,True,True
Ireland,1976,0.6132147746214337,0.1528644351446432,0.28707769956462575,0.0584507661095684,-0.04860428590666879,0.0009792000000000134,-0.03761419809295008,0.17985975565676293,0.06563586316160297,-0.04874668057977144,-0.051195505294775144,0.048416489401524654,0.07239071679976039,-0.020345412419485953,-0.024043799060512516,-0.05402811166429966,True,True,True
Ireland,1977,0.5863444586696357,0.08294160344504808,0.2503141574669079,0.04640504393745705,-0.05809097105599642,0.0634353,-0.04404565546873751,0.13632743091722332,-0.033337327872637657,-0.049477800213586956,-0.03809535186260301,-0.06546924618776562,0.10358858223626921,-0.02858639217502551,-0.029015343137697103,-0.05610557170532887,True,True,True
Ireland,1978,0.6065196405569854,0.05866328537179144,0.26655574205696325,0.03394119688625047,-0.039999583559457735,0.011901900010000022,-0.00044406071392125157,0.07635069556777752,-0.1324049842644488,-0.06280504403937824,-0.05367650827757888,-0.16459157887970577,0.08021269824431121,0.01307156603842946,0.008281180487772433,-0.0043514064961320265,True,True,True
Ireland,1979,0.6536187232632862,0.04040394864185248,0.33498397446244127,0.04437712759135177,-0.02568259464107836,-0.011931600000000014,0.038041836848452304,0.13240156296964223,-0.047458192687120704,-0.11955542497399504,-0.07727942307565343,-0.30661690656112417,0.10319296698224023,0.05680350436126691,0.048848057918420396,0.04694242267466392,True,True,True
Ireland,1980,0.6658471367404986,0.07950267807086286,0.32321995564704575,0.04669332719152506,-0.021772681395116816,0.01598949999999999,0.025666639213472342,0.18221632382216324,0.045888892904939915,-0.10412843044936293,-0.09549629982091208,-0.22379185685886593,0.11186513512078067,0.036219329384485466,0.03791677809189686,0.03983420407401961,True,True,True
Ireland,1981,0.7183304303855076,0.11181078982852222,0.38399080716146394,0.048084798082314806,-0.033472753140722206,0.010446899999999981,0.0025455328565557045,0.20408621463852739,0.12773551907074987,-0.13163676300066324,-0.11844020614134042,-0.03850859436952525,0.015403410510169246,0.028610517295611593,0.041794926186873416,0.04020067527032678,True,True,True
Ireland,1982,0.7670306915831135,0.11341196831982736,0.3836278636765305,0.046873039460110566,-0.03179140202804506,0.033313200000000015,-0.01253264791460107,0.17123500528311264,0.03883344231347041,-0.09524600997763667,-0.11033706780922097,0.1161359180187993,-0.024726768176193903,-0.011685160061831734,0.006373794089763685,0.009531636644246055,True,True,True
Ireland,1983,0.8614518636513604,0.19560472691086184,0.3364888864237442,0.045268696241529016,0.0017901382393640808,0.018773700000000004,-0.018787027874538065,0.10486096370197417,-0.07735536012018907,-0.06470272714003596,-0.09719516670611196,0.28413606424162174,-0.03731988472622505,-0.004283107075111148,0.012281244912166644,0.021330634168597484,True,True,True
Ireland,1984,0.9149741439616014,0.19664371357609378,0.3738245030961683,0.06853002286435254,0.02828125794334413,0.01616240000000002,0.027828399739521323,0.08583093179634926,-0.11825528284217812,-0.057873607821580936,-0.07260744831308454,0.21706238642426934,0.017274876861608446,0.0031916509233754775,0.006808338605425401,0.025977806079295118,True,True,True
Ireland,1985,0.9292159924844187,0.16218530090130512,0.33622350954886654,0.040396036249755116,0.048664899824045524,0.0106015,0.04814418690331013,0.05443004379174621,-0.11680496149136643,-0.04320027372163656,-0.055258869561084493,0.1918949407240873,0.05534305191400102,0.0032693266473693416,0.000878723280060778,0.018813618484942563,True,True,True
Ireland,1986,1.0513181241114058,0.1898662604600454,0.33677598160950806,0.039365982109475575,0.05524063709663893,-0.011181800000000006,0.05457576054072743,0.0380912427897222,-0.06676972091225197,-0.03236572401049366,-0.044479868517903726,-0.1482200995350691,0.07852841252812715,0.010336391363865438,0.007781202198513637,0.01846545971129776,True,True,True
Ireland,1987,1.07701995134553,0.1620458073839287,0.3426611611813151,0.052682643649475044,0.059061852978216096,0.006065799999999982,0.07309885689719044,0.03137944272696025,-0.054451489069389014,-0.003562686395116424,-0.02637622804241556,-0.2966328514069968,0.0715138868174452,0.005865277911834665,0.007964528745064703,0.010803564902164609,True,True,True
Ireland,1988,1.0665707046274615,0.13735471214304285,0.27654807975215234,0.05517617470574834,0.05244232960467014,0.014652670000000007,0.06481648193588833,0.021412898675652547,-0.03301714511609366,-0.002781600574916678,-0.01290333699350893,-0.3077237476882936,0.07195792646268528,0.015983313585452463,0.021787752100696833,0.020455373734200588,True,True,True
Ireland,1989,0.9795914783655686,-0.0717266457458372,0.27102587067825257,0.07198424877621382,0.024292576197552374,-0.007177959999999997,0.06196301823229809,0.04083472390049292,0.002743481110770718,-0.017998562529345664,-0.008114283166459598,-0.031404488561413424,0.03456350268398678,0.02280796094796489,0.027903928783048704,0.03185501777773048,True,True,True
Ireland,1990,0.906148982572319,-0.17087096877321106,0.28335342318895695,0.06543734944492152,0.005337915827496431,-0.008675700000000008,0.07258514558706425,0.03316994066266177,0.0017904979357015183,-0.01762467212634838,-0.012801611743536917,-0.07179699035868603,0.03181726298766896,0.02234175047100706,0.029323028215077485,0.0362673018689148,True,True,True
Ireland,1991,0.917040866409348,-0.1495298382181135,0.25404942193454605,0.05439988480976989,0.00997010014243993,-0.009028520000000012,0.05992414844196822,0.03196233011094063,0.010549431435288081,-0.004174854239158148,-0.013266029631617408,-0.03199781121366341,0.04663560251885546,0.020161266470596018,0.028952591228129432,0.03904831376093243,True,True,True
Ireland,1992,0.8858790542894461,-0.09371242407612246,0.24228428330239662,0.051043906643640634,0.025951891641007127,-0.04852104999999998,0.0625524701803318,0.031197068685402174,-0.009637655215090746,0.0034299841224182267,-0.00612318074769611,-0.15557412419664618,0.09118673255742271,0.010133669239145049,0.020439334846764856,0.03084765077368845,True,True,True
Ireland,1993,0.9133471429704969,0.0071981603981778886,0.20326620543304783,0.04097657827443116,0.044208422940627996,-0.014183329999999994,0.051262171239482845,0.014079077485208646,-0.01909086317745312,0.03529287222705915,0.011516000703439735,0.1303494713390636,0.13944859966299328,0.0008757758597068843,0.010219259434726902,0.02122849294241058,True,True,True
Ireland,1994,0.8610902959063602,-0.055950570502987795,0.19380315539841889,0.055116101388270514,0.02645380407069469,0.019908329999999995,0.05629848711749576,0.023453382476901874,-0.008508947634038755,0.02787169820119159,0.022198184850222985,0.07860084999976569,0.11055877491776722,0.008859820910859684,0.015243408590332908,0.027843396799085984,True,True,True
Ireland,1995,0.7854406829125931,-0.10043837137685308,0.20114395606670532,0.04711283805529662,0.0026675445490861732,0.020075000000000016,0.06165228467117878,0.025160686024353174,-0.006036382661049,0.026450971038231484,0.02987184715549407,0.06911459540026499,0.08931091703698013,0.009515087199820416,0.01369762697135335,0.025775783323773283,True,True,True
Ireland,1996,0.7066540460651954,-0.20669309690530147,0.10959062486571827,0.06928372634650305,-0.02201530509995263,0.01870832,0.0510473989809931,0.016918714555765657,0.0028396370705570106,0.029370025901522247,0.027897565046981765,-0.07160410195867029,0.06315568931063309,0.03566300273685952,0.04027323715186992,0.05197671871415821,True,True,True
Ireland,1997,0.6243027027027027,-0.2367875932036575,0.08631261823376743,0.07113093277654622,-0.0379826685645914,0.002016670000000005,0.04406854657098967,0.014514979706912179,-0.008938402769989695,0.027516586010402657,0.027779194316718787,0.0019097143590471877,0.12509437089216724,0.06572227470657,0.07505928050536226,0.0873509510620718,True,True,True
Ireland,1998,0.5238776983791051,-0.2615629845334879,0.0573741335781082,0.06655599575636904,-0.04371600913087923,-0.0062916599999999975,0.029431685188056254,0.024171260173153408,-0.0009894258511997656,0.006243989795437254,0.021043533902454045,0.13274638934204486,0.18566095506922986,0.06971299180368407,0.08740915976350505,0.10215375218610079,True,True,True
Ireland,1999,0.47341091631401677,-0.23324312975117867,0.051749657697595444,0.08728366450941516,-0.055206932054861754,0.01747334,0.028746327627021295,0.016399797238870528,-0.0005189173168951289,-0.00038815028928556255,0.011124141838851442,0.18387364055628042,0.18933409647063626,0.12996899664992356,0.1593714380055299,0.18265621762790896,True,True,True
Ireland,2000,0.36401580571256137,-0.26028689699014135,0.04717513448858105,0.09951944047690905,-0.06686968678349971,0.011207330000000001,0.023050742619340092,0.05565171472995578,0.0411367350230436,0.0061292179998869364,0.003995019168679534,0.2589667221110443,0.13026863905313535,0.09553733308210832,0.13584646180030469,0.16968729891778622,True,True,True
Ireland,2001,0.3355661990067985,-0.18831149937230662,0.04111417137177724,0.06681716793337986,-0.06148485716791434,0.00749884,0.009860800662829301,0.048716096042685786,0.024544835869532378,0.0017893377156034506,0.0025101351420682657,0.20849392153404178,0.07770169306096153,0.07298227414929892,0.12009550621810894,0.1643184943428435,True,True,True
Ireland,2002,0.30873272278847347,-0.1646781935255433,0.038435984467974034,0.048903676171784566,-0.05353527469610377,0.016914079999999998,-0.00014713212609355347,0.04637358560563909,0.02997378836676856,0.002466918971277709,0.003461824895589356,0.050949285350004425,0.05033304814224904,0.028363086283033745,0.0722148636914618,0.12550771819971895,True,True,True
Ireland,2003,0.2981861381414131,-0.06582966757114828,0.029973591560429873,0.04807466068197824,-0.028165662413958438,0.01799033,-0.001974535368158302,0.034808924456150026,-0.020842790273805756,0.004915485649058072,0.003057247445313068,-0.23175922891725875,0.06598729739223641,0.0053205154005790956,0.045031377380432724,0.10198740365744607,True,True,True
Ireland,2004,0.2808717126160449,-0.05469448639075364,0.02703425750513453,0.056733631016067126,-0.025640743880024457,0.01970342,0.006392510665909651,0.02193996794048192,-0.026776128102203867,-0.0009804795594397816,0.002133975020298657,-0.30578711958425553,0.06812844296517029,0.14901851735241356,0.18119453562005094,0.2439228655494292,True,True,True
Ireland,2005,0.2605357451869592,-0.04819697760151426,0.020079101726149986,0.05621280157545437,-0.020475756229298356,0.011444920000000004,0.006269141393117784,0.024318693424014715,-0.022054892181624375,-0.03533765070512881,-0.010467548205170181,-0.23806051049737253,0.08950071709170682,0.26976454226842916,0.3077405940655884,0.38088310646878343,True,True,True
Ireland,2006,0.23645299808159062,-0.06173314005982247,0.019899825690929265,0.06779603062561164,-0.025849983957768184,0.006857750000000003,0.009099262963639467,0.03939354974458498,0.004584625288434951,-0.053468692420818295,-0.029928940895128972,-0.0923203273447527,0.053924012657092124,0.35437946576471924,0.42034722234160715,0.5009533559921485,True,True,True
Ireland,2007,0.2394232740182252,-0.04144843859781969,0.023155952050596798,0.05415818135702711,-0.026057497129591663,0.0002822499999999978,0.005607293168564051,0.04864086732570816,0.02670089938522624,-0.06501806178094903,-0.051274801635632056,-0.10764269267905568,0.03750166242622077,0.34449363838847824,0.45056654469341906,0.547611060759716,True,True,True
Ireland,2008,0.4251373980427212,0.164601652855762,0.04323346256851689,0.0067595662567133015,0.004500468838058366,-0.0010839999999999947,0.0024003006553260653,0.04053967096372868,0.016220977539713965,-0.06247216473985553,-0.06031963964720763,-0.17772907241308133,0.01870930776554247,0.26543078756785743,0.41875596702828966,0.5357236870389859,True,True,True
Ireland,2009,0.6175387982152284,0.3810858001336378,0.07318633981320846,-0.03959809852287186,0.06314664069924665,0.039966419999999996,0.0374579109689289,-0.044804271196223544,-0.08419782094080852,-0.0466384517943744,-0.058042892771726334,-0.08088928346231339,0.07091446789548228,0.167661874192075,0.331060399605436,0.4817511409988784,True,True,True
Ireland,2010,0.8617791247490891,0.622355850730864,0.11517302624384222,-0.020470684881361376,0.0912327778892239,0.04928217,0.06196399920257703,-0.009452387375236238,-0.0580932547009444,-0.011929848503618534,-0.04034682167928283,0.10447997644925522,0.057510059318187645,-0.20409742132780773,-0.09041270827938663,0.07972337453278833,True,True,True
Ireland,2011,1.1050983429547265,0.6799609449120053,0.2398480541701482,0.037568037807652555,0.09217565739330348,0.08211066,0.10548556125964129,0.025849954792535934,-0.014689716171192746,-0.0163505019586749,-0.024972934085555953,0.13745901052748333,0.019832011235463742,-0.32270407450869953,-0.2821248302926944,-0.12438164372591731,True,True,True
Ireland,2012,1.1966992918020998,0.5791604935868714,0.16739743668601112,0.014532965568646916,0.05809080806031324,0.055984836,0.05060865587399674,0.01692647496071009,0.061730746156933636,-0.0337660957766911,-0.020682148746328188,0.12489849069653558,-0.04063091692433951,-0.27438846699188146,-0.3077329844181447,-0.19414136629193868,True,True,True
Ireland,2013,1.2003820454222582,0.3386029206731691,0.10395023400001599,0.004054470178813739,0.04868032857650979,0.035693333,0.02196348957615664,0.005033101518284067,0.014485488893520304,0.01552039776008384,-0.011532066658427396,0.017719905862223273,-0.05869571538149321,-0.22186020332320444,-0.3207949517853492,-0.2825497101983505,True,True,True
Ireland,2014,1.0433646939159362,-0.061733649038790306,0.057656006811445205,0.011795803618941156,0.006192246155268019,0.021575667,0.01570058211789597,0.0019636771673179343,-0.023886277625218,0.010724488502319688,-0.0025070698380958677,0.07825975802083218,-0.03232511908541391,-0.2841593373940021,-0.4493732472603851,-0.49735160874285267,True,True,True
Ireland,2015,0.7674237642389511,-0.4292755275631487,0.02692851924506571,0.01686853897558701,-0.08504617690039543,0.0120186667,0.010474383030360475,-0.002944927776683426,-0.019871402737393518,0.04391953196038287,0.023388139407595456,0.19227080876005265,-0.006434803000139544,-0.40047508514249475,-0.5655963037072589,-0.703235085821013,True,True,True
Ireland,2016,0.742940128114961,-0.4574419173072972,0.01615660029897342,0.017809106056847275,-0.0938993174873777,0.00999525,0.007685416536455164,0.0,-0.005033101518284067,-0.042061142685297065,0.004194292592468486,0.2392581167467318,0.03297727377329984,-0.3108357170953504,-0.4389689635577867,-0.652747338428348,True,True,True
Ireland,2017,0.6778508106122648,-0.3655138833036714,0.016720904858164666,0.022255513714145872,-0.09897733846149842,0.011307167,0.00804870961122077,0.0028487999430211186,0.0008851227757031843,0.004905874208550787,0.00225475449454552,0.21900475263058183,0.05123095326139149,-0.2183128440770995,-0.3535858987217958,-0.5813944298814395,True,True,True
Ireland,2018,0.631361901021324,-0.13606186321762714,0.018923893262394912,0.031076797405872627,-0.048488077644192114,0.012729250000000001,0.006948998861852131,0.004829202471422489,0.007774130248105915,0.04903654397261809,0.003960425165290595,-0.011816067269394104,0.06073970880934132,-0.12691476563469228,-0.2824984139875425,-0.492814817598884,True,True,True
Ireland,2019,0.5721485935146351,-0.17079153460032592,0.005640167252822923,0.03433936830468294,-0.062068629771029796,0.006896666,-0.0022179675904300377,0.008975899356846506,0.008975899356846506,-0.21680604048417118,-0.05428787410100078,0.03606122342826246,0.07645785461498478,-0.051241805496028525,-0.18603612362026167,-0.3697264596785491,True,True,True
Ireland,2020,0.5843373714863072,-0.09351343912595766,-0.0010644322513591459,-0.025422721963470833,-0.054232217885019904,0.0036431667,-0.004813097325878105,-0.0011908097506346804,-0.004039609693655799,-0.030303585492418204,-0.06602436066799044,0.031347208207273214,0.05835873897487853,-0.043741892725207676,-0.11357802881319995,-0.29701885325473215,True,True,True
Italy,1870,0.9027294402893099,,0.8753473002524966,0.07336627519892287,,0.03066590999999999,,,,-0.00973441652248833,,,,,,,True,True,False
Italy,1871,0.9285261395581168,,0.6624957006465426,0.07879411487283963,,0.026327580000000017,,0.03571395540264333,,0.014634584386402933,,,,,,,True,True,False
Italy,1872,0.8891491605619173,,0.5572927513904304,0.0663907672335471,,,,0.12643714085431457,,0.004184204655513556,0.0030281241731427203,,,,,,True,True,True
Italy,1873,0.8130010704015597,-0.08972836988775024,0.6092330277154743,0.06793368630570235,0.024051769823466775,,0.0064269900652178386,0.06122392354738859,,-0.003156423399288875,0.005220788547542539,-0.18013157592585816,,,,,True,True,True
Italy,1874,0.7517273735345056,-0.17679876602361122,0.5209287129758088,0.057255780559672106,-0.0004743501596823907,,0.00664827368263507,0.024038874550391665,-0.011675080852251662,-0.015243804325643673,-0.004738674356472998,-0.18238835298345402,-0.08255705282283765,0.0089548257460004,,,True,True,True
Italy,1875,0.8799894076855265,-0.009159752876390814,0.47378887341791553,0.06770468735251377,0.07888082824723926,,0.09025297433587759,-0.145537971105413,-0.27197511195972757,-0.0019484766707649698,-0.006782901465232506,-0.0636323744633932,0.13935096848183215,0.018353993026088686,,,True,True,True
Italy,1876,1.0163710890430837,0.20337001864152404,0.5606364399151429,0.07047427961951554,0.08223468416163239,,0.09017709088714332,0.060439583893591386,-0.0007843396537972058,0.005741116193328244,-0.0038170549343601334,-0.06250747817457769,0.20267003955454288,0.013716813885660054,0.02353332547712242,,True,True,True
Italy,1877,0.9136363916237072,0.16190901808920166,0.5497318204478693,0.06551300506939434,0.09185988060112948,,0.088078760569511,0.03626834550328861,0.012229470952896948,-0.006326835713345946,-0.0008447320635942239,0.01648854538528166,0.18171086331445174,0.012753471264602023,0.017980252250380024,,True,True,True
Italy,1878,0.9245162822362504,0.044526874550723905,0.505000284590247,0.06400034802204888,0.04605490464450844,,0.04598533994875721,-0.02999968924315166,0.11553828186226134,0.008918384824051485,0.0027775551013445947,-0.01293424864269821,0.040955400361258665,0.009609967822275689,0.01450486856587313,,True,True,True
Italy,1879,0.9633142876431962,-0.053056801399887554,0.484059296578716,0.06985663677950357,0.0600598335979234,,0.06776619947541436,-0.015465754686380007,-0.0759053385799714,-0.0028512711149216996,-8.657400140538666e-05,0.07489953981849995,0.06296597025534467,0.014528500218271054,0.023006458748012173,0.033051605312262325,True,True,True
Italy,1880,0.8975830840500822,-0.016053307573624997,0.4564859782992395,0.05822889186954494,0.05296671482213159,,0.06338465672468183,0.036648213755486214,0.00037986825219760156,0.0076157848648651,0.004560966191331628,0.03717835676003145,0.05998520326330392,0.006298031156519016,0.012590264648956975,0.02159779590863825,True,True,True
Italy,1881,1.002454783405839,0.07793850116958867,0.40260574215775274,0.054752463107548235,0.05877728581508993,,0.06949662362809339,-0.06464307995338636,-0.0346433907102347,0.007732321130407154,0.004165611626783518,0.02128825117908839,0.09924452850771237,0.011579001665317293,0.015987109735178306,0.025227166807236412,True,True,True
Italy,1882,1.0478260992824082,0.08451181163921206,0.4425505190534539,0.054135135421471775,0.05580051450561771,,0.07384347024966881,-0.023759784551106278,-0.008294029864726271,0.005792804521525656,0.007046970172265971,0.012517225951657052,0.1477100691642792,0.010221071902704257,0.01524371924657307,0.024737307796823066,True,True,True
Italy,1883,1.0760554847639705,0.17847240071388826,0.4156372603986355,0.05326979432402945,0.0791437067275021,,0.0945702733646934,-0.03208119558958755,-0.06872940934507377,0.006390537082502527,0.00663855424481178,0.03101676424283628,0.17136100311488733,0.015629729898147066,0.021847662265964615,0.030484955505725664,True,True,True
Italy,1884,1.1081820447051984,0.10572726129935939,0.37986732861992806,0.040730051131892105,0.07690278364898123,,0.07548575522157328,-0.01942678552402599,0.04521629442936037,-0.007058564341009159,0.0017082590876730086,0.01802819561837876,0.11734708225919865,0.023553653574385797,0.029534263756861162,0.037923344170841713,True,True,True
Italy,1885,1.0294413414596668,-0.018384757822741404,0.3427271002781213,0.054051539561562376,0.05851789743765058,0.0104765,0.060264745304199785,0.022143245201014183,0.04590302975212046,-0.030670649669750433,-0.010446225642752355,-0.04404073488790172,0.07764182613033865,0.021768675469241466,0.029367843108305786,0.039346673299568063,True,True,True
Italy,1886,0.9812346880911376,-0.09482079667283294,0.33706378542662174,0.042586875617395006,0.041973230690650475,0.0036665800000000026,0.048140533965547246,-0.001138321573629919,0.030942874015957633,-0.023771113368463152,-0.02050010912640758,-0.07074502130229365,0.04425848989822834,0.033332374461468084,0.04380981550558574,0.05487922859095826,True,True,True
Italy,1887,1.0355483986129377,-0.07263364609226075,0.3141746066746662,0.03007366129340344,0.022232989745127423,-0.0040440799999999985,0.04221550277992212,-0.0022836719671506245,0.017143113556875367,-0.037994066194364746,-0.03081194307752611,-0.03903312071115317,0.026315672514100052,0.03851327665892984,0.05167474490602128,0.06567086086202828,True,True,True
Italy,1888,1.080824584869532,0.05138324340986511,0.32696683856613146,0.030574863450754705,0.03155895224574733,0.0010399999999999993,0.04548509031104147,0.012586722607656142,-0.009556522593358041,-0.011175946837087374,-0.02431370879997176,-0.02068748207708837,-0.009041789747663675,0.03361876472902864,0.049077703677996215,0.06534809767538333,True,True,True
Italy,1889,1.0595710451251752,0.07833635703403763,0.3260458583344181,0.040169579745804575,0.043833577684013414,-0.0017105800000000032,0.04170614580337027,0.016946771949383654,0.018085093523013573,-0.01586010617328011,-0.02167670640157741,-0.03660801997020602,0.015654215604074206,0.022293951957646885,0.037651676255670175,0.05707758861986953,True,True,True
Italy,1890,1.01574586680315,-0.019802531809787638,0.35776473128613,0.0486589404773788,0.04034956405444565,-0.001336250000000004,0.029467310443880037,0.03555582411132008,0.0378394960784707,-0.01573553213636098,-0.014257195048909488,-0.10001244571642665,-0.021458070198010493,-0.002960157843985428,0.011474620101565969,0.03109995382296757,True,True,True
Italy,1891,1.0468972063967685,-0.03392737847276339,0.4266647271990163,0.04069075685259741,0.040841028982556114,0.010322669999999999,0.03639433969137573,-0.0032176051348309365,-0.01580432774248708,0.00201357239021055,-0.00986068863981018,-0.0823250258291901,-0.005942951303431698,-0.022290705846483405,-0.012585870998834764,0.005225663566822525,True,True,True
Italy,1892,1.1249887014117816,0.06541765628660645,0.4132423382441184,0.057369208620270874,0.039489211514490107,0.018278249999999996,0.04537002785678759,-0.008613552546851921,-0.025560324496235576,0.004779422475953489,-0.0029808457567323146,-0.018828269175662937,-0.022800698445368583,-0.006346495616673387,-0.0037001959224443326,0.012115572970205823,True,True,True
Italy,1893,1.142050418140189,0.12630455133703888,0.44438482631383003,0.057236886720873514,0.05479829380121469,-0.00543917,0.0657420628291981,-0.02171254080591145,-0.05726836491723153,0.003245300512258648,0.0033460984594742287,0.08982952581202208,0.03440396637206278,-0.008843263515423055,-0.012484266771546737,-0.0012543939028294149,True,True,True
Italy,1894,1.2148287798407649,0.16793157344399634,0.4955552096766056,0.0715013509667896,0.06045575257316943,0.020795669999999995,0.07238457185122289,-0.004440612200905303,-0.0012230070660743664,0.01715974556374553,0.008394822850652557,0.056904755935166085,0.03567469253421085,-0.005790112543269277,-0.013290494312766021,-0.00835298005360502,True,True,True
Italy,1895,1.1409257350105073,0.01593703359872567,0.41874035319494224,0.05330770275294384,0.057028882287101526,0.022970830000000005,0.06354633391525805,-0.005573358738957368,0.0030401938078945534,0.013460004435389571,0.011288350170464583,-0.027381166959705605,0.032508393828412974,-0.008641168523810833,-0.015499176239733181,-0.01797880299929358,True,True,True
Italy,1896,1.1405698563105968,-0.0014805618295921086,0.42495098039532947,0.05593409744088917,0.05091238072257135,0.012983000000000001,0.057816129658822955,-0.004485418036606181,0.01722712276930527,0.01643748623542042,0.015685745411518508,-0.05939115898393044,0.014641102697690034,-0.00942274378704308,-0.011540775960303479,-0.019412498938798983,True,True,True
Italy,1897,1.1525021899161505,-0.06232658992461437,0.3861227990438453,0.05651602825908976,0.04754385198022628,0.01896133,0.05306519353521774,-0.002252813830089684,0.002187798370815619,0.022870037404116177,0.01758917602497539,-0.06448858276605662,0.05460027124033995,-0.006234556653714446,-0.008930972979941582,-0.01771580383530888,True,True,True
Italy,1898,1.1429057992346077,0.001980064224100353,0.4114303739071141,0.05292721299822125,0.04587620751796498,0.013233999999999989,0.04822217682942686,0.006773701378415264,0.012347060117372632,0.019866745096234876,0.019724756245257158,0.022227917825782928,0.04166666666666674,-0.008055555779119317,-0.012860889522254254,-0.018898115161666312,True,True,True
Italy,1899,1.1008681928890254,-0.03970166342157144,0.39787941582270303,0.052534425206208664,0.04950752026009165,-0.0012842500000000007,0.05244032360166782,-0.01569460835332903,-0.01120919031672285,0.0317021245495514,0.024812969016634153,-0.014643725206912372,0.053529082551354135,-0.0030598472243323627,-0.0070957541297749505,-0.012120538347450582,True,True,True
Italy,1900,1.0755502884736519,-0.07695190144249864,0.4079675730573839,0.05727015359717169,0.03948449745514426,0.005511079999999995,0.051967211267275056,0.004552513173088579,0.006805327003178263,0.013841502463366653,0.021803457369717644,0.011009731108788223,0.0045362858829021135,0.00040582987999418507,-0.002314426042487383,-0.006744624269579086,True,True,True
Italy,1901,1.0436478273225256,-0.09925797191208208,0.3902882176690433,0.05470330607905383,0.03474773312869227,0.008888420000000001,0.05222369387632974,0.0011362735512512323,-0.005637427827164032,0.027715630152400226,0.024419752388439426,-0.027277740240710058,0.010192859279593014,0.007559163606647601,0.006550029282798214,0.0016327778744013033,True,True,True
Italy,1902,1.0350333848266666,-0.06583480806235875,0.3511675503021189,0.05345039871857993,0.02955791976625092,0.0018786700000000059,0.0472479763942852,-0.006796705907195388,0.008897902446133643,0.032756668727983905,0.024771267114583596,-0.0317187564814394,0.031177033365666906,0.012070304862873277,0.012360729028285944,0.009806749812167587,True,True,True
Italy,1903,0.9962714173138857,-0.07927887115976617,0.3693819819369723,0.05118381404345885,0.026087816851496727,0.008057750000000002,0.04006139007989491,0.029649512116259436,0.025096998943170856,0.02783441630088886,0.029435571727090996,-0.03815928533052737,0.015810207988299352,0.01620860007798558,0.019261976994627672,0.0190243521253404,True,True,True
Italy,1904,0.9934154278977322,-0.050232399424793406,0.3623986480103511,0.05449126042687529,0.021955402606172052,0.015087919999999998,0.037160925476967754,0.012178177360032683,0.01104190380878145,0.029414598724877526,0.030001894584583428,-0.027920462014862646,0.004728682170542786,0.022315840343131138,0.02838717492915216,0.030931380964170002,True,True,True
Italy,1905,0.9556975025840904,-0.07933588224257626,0.3439415780458382,0.03038505366480771,0.018362395681136477,-0.0012519999999999962,0.03443993976521256,0.0010964912280702066,0.007893197135265595,0.0470610672799281,0.0347700274352315,-0.026771349153668078,-0.05083739378788166,0.02789146323484573,0.03661299324849723,0.042753331917418425,True,True,True
Italy,1906,0.8757327257064877,-0.12053869160739794,0.33123285230481037,0.03599936718579045,0.01406334534900746,-0.0007479999999999987,0.038634616746617244,0.018577481172045385,-0.01107203094421405,0.031805824025139866,0.036093830009981835,-0.010966559001996612,-0.012480803695949838,0.01891945068065809,0.028988843921296276,0.038275680426975545,True,True,True
Italy,1907,0.82741753041814,-0.16599789747959215,0.36436169937224216,0.03566813338905116,0.002324162980835952,-0.005484250000000003,0.02722122493302251,0.047209602800816874,0.03503142544078419,0.006942080789872919,0.028602990698313627,-0.01103063904774415,0.07154396923040185,0.0032673158346802067,0.013069724452311166,0.02464001046215583,True,True,True
Italy,1908,0.8476364767953074,-0.10806102578878296,0.3319772291446666,0.028435035143098017,0.006240968812960955,0.012026000000000002,0.03101180224263145,-0.010244490700756614,-0.011340981928826821,-0.005572651318794576,0.011058417832072738,-0.008113583496309862,0.10507352734203779,0.018570898089801946,0.02868475797792805,0.041845096131646664,True,True,True
Italy,1909,0.8289144840003475,-0.04681824170614024,0.33000608853061364,0.03402017972531764,0.030782564172919986,0.007109919999999999,0.04660529835667729,-0.02795124717009212,-0.046528728342137504,-0.011287448131627407,-0.003306006220183019,0.003648030896960641,0.25472728413721235,0.024012520420881284,0.03342864316146979,0.047991506881713275,True,True,True
Italy,1910,0.8135807933731385,-0.013836737045001546,0.289224358449886,0.03733304420448233,0.04331638183375519,-5.008000000000096e-05,0.05345122462246897,0.027691824003441834,-0.01951777879737504,0.0015432084230872362,-0.005105630342444913,0.0282194058387375,0.11338523478273,0.02742535086711717,0.03489560248516291,0.050189648557191574,True,True,True
Italy,1911,0.736225596306446,-0.11141088048886139,0.2763972496240851,0.030399380840708354,0.03509063345627906,-0.004790700000000002,0.04200625021132815,0.024868572532665834,0.03511306323342245,0.0009859529751604897,-0.002919428911126558,0.014743603362778357,0.0916553688449977,0.0126776372032823,0.01965875774988035,0.0340936893103726,True,True,True
Italy,1912,0.7210319758158582,-0.1078825081844893,0.2903476248543601,0.016997839134083193,0.025196425663237494,-0.007261200000000002,0.029685198852493665,0.00910040690641134,0.03705165407650346,-0.004513700457341731,-0.0006615130196979995,0.017767791542423694,-0.038054847802393654,0.004110254282788717,0.014843431879380198,0.0267428866943204,True,True,True
Italy,1913,0.7136728466153223,-0.09990794675781622,0.2840773340262332,0.027206901900028314,0.018597257135561283,-0.0032058699999999996,0.03855296777961953,0.0020045072220642446,-0.02568731678137759,0.003871347243497554,0.00011453325377210647,0.017769833841556393,0.053398049040040085,0.0006714536242465874,0.010343170434496174,0.02061097681852858,True,True,True
Italy,1914,0.8035615015381791,0.06733590523173305,0.26196460920136705,-0.09767894622401631,0.04478341785810652,-0.004250000000000004,0.034548361957174804,0.0,-0.024868572532665834,0.012889759365754552,0.004082468717303461,0.03781381413631957,0.055923965977032086,-0.007030473765356038,-0.0032167159842441118,0.007806724329289971,True,True,True
Italy,1915,0.9142665202711452,0.19323454445528698,0.3927478979845297,-0.21919806033267533,0.043406071352526984,,0.028239170899149856,0.06999798008048619,0.06089757317407485,-0.035400735597704625,-0.006213209662817504,0.11951801040365861,-0.033247855076248944,-0.02445025612053431,-0.02683717457943713,-0.01802101975223569,True,True,True
Italy,1916,0.8104564616698491,0.09678361505452682,0.37215077691325643,-0.24624360607947143,-0.05659479435941405,,-0.05113430771889814,0.2514049430762082,0.24940043585414395,-0.10511805870941374,-0.042543011647121265,0.02314196689614123,-0.1413017796290975,-0.050526696764641166,-0.057746133969485414,-0.05496447939235899,True,True,True
Italy,1917,0.9479688565959101,0.14440735505773106,0.43834052123059813,-0.22611342035611026,-0.20610759941139775,,-0.18223608956067483,0.4144853455253301,0.4144853455253301,-0.1662233329730913,-0.10224737576006988,-0.023151428535835405,-0.2497070134455922,-0.05782611294616172,-0.06979431997765981,-0.07687891254332424,True,True,True
Italy,1918,0.9380956297368238,0.023829109465678622,0.32109715810016365,-0.18873838255502967,-0.32145569836488497,,-0.30413164451809843,0.39440464495275696,0.32440666487227077,-0.14671692011476575,-0.13935277059909026,-0.2128670385046818,-0.2963200130795538,-0.04273201923714365,-0.06106649393720737,-0.07472090308164675,True,True,True
Italy,1919,1.3476390647439522,0.5371826030741031,0.49133824570899565,-0.04421900939751168,-0.19564357361180001,,-0.22137837734360438,0.015145141552726171,-0.23625980152348203,-0.09481927575641813,-0.13591984294809173,0.06450599655437173,0.08969044531538639,0.03633222964934457,0.017547448510062874,0.0019375375201715062,True,True,True
Italy,1920,1.5410531852381029,0.5930843286421927,0.7360175798342404,0.03737855697581756,-0.170896919933916,,-0.1774039860806822,0.3140621717365635,-0.10042317378876664,-0.09848139936917785,-0.1133391984134539,1.2508917437299565,0.5530947940793731,0.042715486781955886,0.02911481263432536,0.012994981264682598,True,True,True
Italy,1921,1.5357142605184773,0.5976186307816534,0.6974315333015955,0.021217178585637153,-0.09308160062895149,,-0.1045632927643866,0.1830825650038701,-0.21132207994888685,-0.04527339729484722,-0.07952469080681439,1.2251199355276685,0.9777171373753641,0.04726136531172123,0.04681742618372095,0.03134422857759486,True,True,True
Italy,1922,1.433719797437035,0.0860807326930828,0.40008487091701117,-0.022430456605790558,-0.12032523901066312,0.005700000000000011,-0.10001551865083533,-0.005998180787927576,-0.021143322340653747,-0.020471348066166305,-0.054742048243397116,0.502232404288963,0.33467587496577766,0.02331057651027732,0.03750315660961631,0.026061487577583614,True,True,True
Italy,1923,1.4414347855656804,-0.09961839967242248,0.4571837881723381,0.06007995797041103,-0.03009511424319951,0.010899999999999993,0.007602697251146422,-0.005792475969381816,-0.3198546477059453,-0.012009647625448316,-0.025918130995487274,-0.2101639155168552,0.019786050170497838,-0.002588563541411293,0.021211263248991835,0.01929066232348764,True,True,True
Italy,1924,1.4772800025014208,-0.058434258017056484,0.4712676523117537,0.09013788096110395,-0.004902722909926195,-0.0008000000000000021,0.04489603859221342,0.035202540980669106,-0.147880024023201,0.0029583344786651452,-0.00984088707098315,-0.07999322389874597,-0.11741575666209747,0.03894143093651298,0.05675979148065183,0.06979494853398846,True,True,True
Italy,1925,1.0748974673370928,-0.35882233009994224,0.43332779840662067,0.07658156433625982,-0.048932785432289294,-0.016600000000000004,0.003976952352366302,0.12335907793161383,0.1293572587195414,-0.007342532698150572,-0.005464615281644572,0.077241376701775,-0.09139071471954474,0.004146304129357736,0.011805998510699744,0.036926461811134265,True,True,True
Italy,1926,0.9159186311639171,-0.5255161544017632,0.43795540509201036,0.052423974922475525,-0.051826796178075306,-0.02609999999999999,-0.020788994021625505,0.07870536315259358,0.0844978391219754,-0.005966302650199957,-0.0034501669565617857,-0.023775593000466166,-0.039962256287802256,0.017178389999128296,0.02276357743862495,0.04614899161126121,True,True,True
Italy,1927,1.0368834628633579,-0.4403965396380629,0.5179823557121831,0.04959464892966903,0.006877619643714611,-0.012299999999999991,0.026123968030821773,-0.08573634517667272,-0.12093888615734183,-0.004572527778649276,-0.005960454375666592,-0.22367595094966075,0.07732599128746531,0.059873517286635536,0.06938365773656835,0.08982732294996498,True,True,True
Italy,1928,1.0064485271603592,-0.06844894017673364,0.46265376671633407,0.04070375092354006,0.08035873715449544,0.007300000000000001,0.0886580516059034,-0.07324317279363102,-0.19660225072524484,-0.021139838299892803,-0.010559556242914004,-0.19110601949160444,0.07306676726021322,0.06242641393219367,0.08190983276889713,0.09750780476736476,True,True,True
Italy,1929,0.9893356339515836,0.0734170027876665,0.507697319413428,0.05816730925855046,0.08900565953425323,-0.001899999999999999,0.11266334817630824,0.01598947344137902,-0.06271588971121456,-0.015297473984075691,-0.01366994668753925,-0.1659489171530355,0.03718330988924623,0.042882440413401335,0.060272400495481715,0.07918727558171135,True,True,True
Italy,1930,1.1254737895957385,0.08859032673238065,0.513573840658019,0.06670876984949702,0.0797254243773423,0.004299999999999998,0.09395126877738137,-0.03170010697989212,0.054036238196780606,-0.011004402100894813,-0.01581390479495443,0.036302928086241026,-0.021755692032646157,0.060840494637546705,0.08350995123990212,0.10993442082258859,True,True,True
Italy,1931,1.093051599289399,0.08660307212903984,0.4841996287110752,0.049848719192341434,0.11134051880269838,0.0059000000000000025,0.1033324400396769,-0.09658668658051761,-0.023343513786886594,0.01436477535922204,-0.00397903357524948,0.00986950505658113,0.014850516384845802,0.049862456830209234,0.08302381423574656,0.11183309442643746,True,True,True
Italy,1932,0.8953152218089896,-0.09402041214259405,0.3928163125411348,0.024516914317666907,0.13430980022376698,0.0040000000000000105,0.11430055797225666,-0.026214880356360215,-0.042204353797739236,0.006682430574551129,0.003347601277626127,-0.039650645086109715,0.021315089643068053,0.05364285904584132,0.08232068560928069,0.11826850474815026,True,True,True
Italy,1933,1.0009904314709204,-0.12448335812481814,0.40779980237742014,0.01062930023201921,0.13121193717239857,0.022,0.1214398159938096,-0.05911788104455096,-0.02741777406465884,-0.005375199197040564,0.005224002245577543,-0.2658738143835636,0.02508353103988803,0.08851827750823388,0.1132784062707412,0.1556645976901317,True,True,True
Italy,1934,1.0492892858849618,-0.04376231340443715,0.382693939093196,0.03367416330131824,0.11055559742056324,0.019299999999999998,0.1024488430951694,-0.05161376788459704,0.04497291869592057,-0.005925732696356008,-0.0015395004396151395,-0.3830344320086131,0.013242976536754991,0.04458522774511908,0.07434364721450487,0.1191621414122675,True,True,True
Italy,1935,0.9575555100057797,0.06224028819679006,0.3643935616443398,-0.04651724924793468,0.08449167186319458,0.012699999999999996,0.08987818828779484,0.014197084065763477,0.04041196442212369,-0.013562026778603834,-0.008287652890666795,-0.3133120837380319,-0.009321958652346196,-0.03461997263169464,-0.009624717376452985,0.027308355683801577,True,True,True
Italy,1936,1.0043104905677636,0.0033200590968431865,0.3375951154701582,-0.02279313683620266,0.04837065200140478,0.009000000000000001,0.04629476108519724,0.07553240056324184,0.1346502816077928,0.00214769595749017,-0.005780021172489882,-0.0489537118536616,-0.10239715520449189,-0.02445087838792598,-0.008051675545983628,0.024092197351235245,True,True,True
Italy,1937,0.8392714146007311,-0.21001787128423077,0.2968013904965834,-0.011562491710610308,-0.03679195855102944,0.007100000000000002,-0.00395354827262602,0.09463116018887274,0.14624492807346978,-0.013020197656593359,-0.008144842825902332,0.4647397217472986,-0.16249706524207408,-0.08369978905667619,-0.07889513922534047,-0.055566354541017215,True,True,True
Italy,1938,0.823646047818309,-0.13390946218747068,0.29766763514134775,-0.016897648635392615,-0.05075408165933727,0.0020000000000000018,-0.02781772858580226,0.07678962500529218,0.0625925409395287,-0.003281191923846645,-0.004717897874316603,0.27284859581404053,-0.1403886211039097,-0.07139457352422662,-0.08990396504907816,-0.07626494975118991,True,True,True
Italy,1939,0.8065508546063915,-0.19775963596137203,0.29657846654705006,-0.05195265460556396,-0.07473900701307237,0.004799999999999999,-0.014463161846036736,0.044168700343945266,-0.031363700219296575,-4.888726062263982e-05,-0.005450092280354205,0.14026815672888815,0.04641908087733104,-0.03895674691688905,-0.07388294093388598,-0.07434454086659614,True,True,True
Italy,1940,0.8293804861781046,-0.00989092842262651,0.3288233248584685,-0.20482860713500575,-0.05491487527318949,0.0040000000000000036,-0.03938506238018034,0.16699686179130357,0.07236570160243083,-0.013204461779088158,-0.005511513654519139,-0.22668785851462248,0.09058936760150482,-0.03754627486281509,-0.06567287954653572,-0.0856963287490578,True,True,True
Italy,1941,0.985606438836069,0.16196039101776005,0.3702412387269344,-0.2042043865250605,-0.06368912399586825,0.003500000000000003,-0.06664531850079947,0.15707039336714956,0.08028076836185738,0.005107159275883391,-0.002715396587942461,-0.23284638860747886,0.031637587877067164,-0.0012722292274295333,-0.026546791900201094,-0.061409067472694256,True,True,True
Italy,1942,1.0980519554148522,0.2915011008084607,0.4423150617189131,-0.2157324842196294,-0.058856684059668415,0.0075,-0.10326124891055255,0.15581649157320454,0.11164779122925927,0.0005424819767069241,-0.002518273508832606,7.804775487904953,-0.1128219328891048,0.01031818058265016,-0.006996363023163865,-0.04296614863511505,True,True,True
Italy,1943,1.088099967879443,0.2587194817013384,0.9350359156207483,-0.0776846504379169,-0.14377904817890247,0.031900000000000005,-0.24776851410724687,0.6770186573813866,0.510021795590083,-0.005622153023068387,9.162743173984217e-06,6.475717872562569,-0.3460495251722313,-0.05778003104244833,-0.0654405926454652,-0.10147692431863425,True,True,True
Italy,1944,0.8463482570866673,-0.13925818174940174,0.7141554064489017,-0.30752069960599093,-0.9565315213211742,0.014900000000000004,-1.359692138358018,3.443941266119463,3.2868708727523135,-0.041102821890475816,-0.015394164312279085,3.050278566343718,-0.73153563332394,-0.15390310543758615,-0.17094754207069132,-0.20360282152772788,True,True,True
Italy,1945,0.6603864216818868,-0.43766553373296546,0.36098049154103334,-0.13543089558552707,-1.1817088356172147,0.012400000000000001,-1.6373336510050274,0.9695410295142322,0.8137245379410276,-0.08410433489210735,-0.043609769935217174,-0.8036565942242566,,-0.12703219002948385,-0.15374227477994917,-0.1879392732875439,True,True,True
Italy,1946,0.3863101682628701,-0.7017897996165728,0.12746135883155435,-0.08545139871861723,-1.2522095996586184,-0.005049999999999999,-1.4891736433733676,0.18018863448640698,-0.4968300228949796,-0.039989669402487854,-0.055065608728357,-0.7263683464753707,-0.16392324469198993,-0.08744287975591261,-0.12739626965095363,-0.16221118672829388,True,True,True
Italy,1947,0.24570402356271695,-0.6006442335239504,0.09822369300806458,-0.05709961963099422,-0.705505829120252,-0.001930000000000008,-0.5434439112988925,0.6206120698960382,-2.823329196223425,-0.0509760656815622,-0.05835668999205246,-0.6576254213310928,2.6590885749468534,-0.03905074435301681,-0.09673742178817385,-0.13711340758592622,True,True,True
Italy,1948,0.27707065585575646,-0.3833157658261303,0.1436940942846304,-0.02919805394721024,-0.4935895099358823,0.01299999999999999,-0.22093378988288476,0.058800665266208973,-0.9107403642480232,0.00587653204387182,-0.028363067680059403,-0.26136776119337923,,0.0036220605564861452,-0.052094603255528726,-0.10205860152595964,True,True,True
Italy,1949,0.3071106318831329,-0.0791995363797372,0.11911500433578612,-0.011889320328049829,-0.32193452673506706,0.007899999999999997,-0.1722928322244878,0.006965761511216195,-0.1732228729751908,0.011820639366495255,-0.011092964757065032,-0.3048105001878013,1.2236236296752248,0.03731966289756347,0.014918941104088368,-0.04408509482597753,True,True,True
Italy,1950,0.3019335754040738,0.056229551841356834,0.11248490884162787,-0.0077365108939044525,-0.035861049999663004,0.0102,0.03768371618459926,-0.006917575331222947,-0.6275296452272612,0.015855579889359123,0.011184250433242074,0.2177203912448844,0.40743779949996495,0.04812321841414338,0.0516773949250027,-0.005325792474480867,True,True,True
Italy,1951,0.2996221388315994,0.022551482975842918,0.11680326411609074,-0.02161282192442648,-0.07407304083301444,0.013999999999999999,0.013464890320954652,0.1428571428571428,0.08405647759093382,0.003971972292593539,0.010549397182815981,-0.011865378677605953,0.05658767181277624,0.03923149876155679,0.05084283932484018,0.01771794052461592,True,True,True
Italy,1952,0.3177000311944033,0.010589399311270398,0.11315201512137185,-0.023448634125271206,-0.06472939924531061,0.015400000000000004,0.007488463717255409,0.018595041322313932,0.011629279811097737,-0.017790993505293628,0.0006788528922196864,-0.07980115548856082,0.09613043661290344,0.051778186189005426,0.07149083956267424,0.06692663613576777,True,True,True
Italy,1953,0.32455571686427265,0.022622141460198864,0.13233215719394228,-0.004439658732366174,-0.06811639979927103,0.018899999999999993,0.002049677619694254,0.014198782961460488,0.021116358292683435,-0.00959573360646807,-0.007804918273056044,-0.15332526476190478,0.09710128755364766,0.04812958359677874,0.07361707857110386,0.09137349048101295,True,True,True
Italy,1954,0.3396507600681922,0.04002862123659284,0.13488597803948318,0.0015245891497973584,-0.008105714313905797,0.018899999999999993,0.03925205857207526,0.031249999999999778,-0.11160714285714302,-0.0033370105006236233,-0.010241245870795097,-0.1015738951879297,0.14312725754574251,0.05449381502644479,0.079542516621465,0.10714381103683923,True,True,True
Italy,1955,0.33818152111592614,0.020481489921522822,0.13357849189332388,-8.543984192851961e-07,-0.0183448351800315,0.0203,0.03674939557850315,0.030303030303030276,0.011707988980716344,-0.0028547590700538244,-0.005262501059048498,-0.061780458264232174,0.059150352596218925,0.052203034584320906,0.07497014755938386,0.10999333328528882,True,True,True
Italy,1956,0.32726937206002044,0.0027136551957477884,0.14358859123627316,0.00693640492641494,-0.01322645364241505,0.0257,0.03707840166369583,0.02941176470588247,0.015212981744421983,-0.0033012586373467657,-0.0031643427360080628,-0.07723387008403426,0.033161033785100935,0.04894646429647376,0.07485504722269115,0.11194280060909984,True,True,True
Italy,1957,0.31993612415734474,-0.01971463591084749,0.13927622948300078,0.010471800197511304,-0.011776585593991418,0.02645,0.043483163568457675,0.014285714285714235,-0.016964285714285543,0.001097611541530936,-0.0016861353886232098,-0.04796315363170367,0.05619857761184521,0.037708865821594884,0.06350880686419469,0.09955489236200782,True,True,True
Italy,1958,0.3177145816627308,-0.020466939453195332,0.1339404653552363,0.011527621667273802,-0.0052153374203790515,0.029583300000000007,0.04422780230796543,0.028169014084507005,-0.0021340162185232714,0.01690021079357378,0.004898854565919324,-0.014180192785779977,0.07149572158091533,0.02220912419293941,0.044646771646044026,0.07990218284188055,True,True,True
Italy,1959,0.3279761287247822,0.0007067566647617762,0.10215663761054483,0.007926929724243484,-0.0060158575209970505,0.019333299999999998,0.041481723876592914,0.0,-0.02941176470588247,0.02113269986457391,0.013043507399892884,0.020807428211358614,0.06355579549368362,0.03405170486185116,0.05389150433246315,0.08830349638374452,True,True,True
Italy,1960,0.31205364776739786,-0.00788247638994688,0.09302471435697422,0.01276746697336746,-0.016023592137196202,0.013749999999999998,0.036094118592835546,0.013698630136986356,-0.0005870841487278788,0.007189576772164,0.015074162476770571,0.0027532012010367257,0.0758276043388817,0.0551794253529338,0.07377259382598716,0.10840866190486298,True,True,True
Italy,1961,0.29492217836411166,-0.022792403298619146,0.08850562380725002,0.009373731265251276,-0.028651991078131357,0.015549999999999994,0.038274780945328886,0.027027027027026973,-0.0011419870574800317,0.010806232018076118,0.013042836218271353,-0.010941169137480888,0.06420853204977961,0.06259832408797295,0.08132837013462291,0.11387789748180055,True,True,True
Italy,1962,0.28448674423244463,-0.04348938449233758,0.09587051262899975,0.006655514229171957,-0.04053989092960817,0.023116699999999997,0.03108358620848678,0.03947368421052633,0.03947368421052633,0.04279670872435019,0.020264172504863443,-0.04097386571711903,0.12088711377417183,0.076333240538351,0.09864294116626854,0.1315579125310532,True,True,True
Italy,1963,0.26580297960650856,-0.0462506681608893,0.09565227256776122,0.0130844085557427,-0.05523129194097475,0.025083299999999996,0.013499940557946379,0.07594936708860756,0.0622507369516212,-0.012690399059631088,0.013637513894265077,-0.09597730341395205,0.15306790944689475,0.0713494379257848,0.10191169927538296,0.13533960989651295,True,True,True
Italy,1964,0.2646747728939415,-0.030247405470170186,0.1193683774310147,-0.004758669922749946,-0.04413969833150799,0.037775,0.015992806429700468,0.05882352941176472,0.031796502384737746,0.01013611760308657,0.013414142422601897,-0.11752313342148435,0.26262873806188525,0.02828077815379504,0.0617645103796613,0.09653944316879903,True,True,True
Italy,1965,0.27546236489631315,-0.009024379336131483,0.11589866312906677,-0.008558927942494774,-0.03342120765549318,0.0330583,0.009619186351727739,0.04444444444444451,0.004970760233918181,0.03314275717521726,0.01019615857289092,-0.11836920123035055,0.22286501688686267,0.012049807047069927,0.04028793941072156,0.07830257804353302,True,True,True
Italy,1966,0.32215459925498635,0.05635161964847779,0.11624708318788217,0.004633144208000772,-0.01811997368483706,0.0295917,0.020330744175589832,0.03191489361702127,-0.04403447347158629,0.02922928795616224,0.02416938757815536,-0.06805901635214628,0.15728854711265172,0.016095432648499886,0.03829134091248931,0.07857215914175036,True,True,True
Italy,1967,0.3179700909537514,0.053295318059809915,0.11977815162362673,0.011012247323713776,-0.024493411917579644,0.030333300000000007,0.030370908962329246,0.030927835051546504,-0.027895694360218215,0.019759061108222915,0.02737703541320081,-0.03370104261331497,0.05851568162673404,0.022795701240082455,0.0373615844658175,0.07556520210659179,True,True,True
Italy,1968,0.3419836551388285,0.06652129024251535,0.13497458954436348,-0.023428400680378714,-0.026966321525590406,0.03135000000000001,0.03933575711047742,0.020000000000000018,-0.02444444444444449,0.029838333230864402,0.026275560765083195,0.015001897201954995,0.040335352055666185,0.032181281992690436,0.038387646364058,0.07110705637490267,True,True,True
Italy,1969,0.3481523716051608,0.025997772350174475,0.14457180591327723,-0.042230136073606976,-0.022103608840517153,0.018541699999999994,0.04502980727039947,0.019607843137255054,-0.012307050479766213,0.028217684191521396,0.025938359510202912,0.055463931493166196,0.08720447332891368,0.03458399364759157,0.0430020425878479,0.06768581314683753,True,True,True
Italy,1970,0.3572882316201894,0.03931814066643802,0.20068466049916792,-0.016120843079416546,-0.0153811723564541,0.016300000009999996,0.06087174459527393,0.04807692307692313,0.017149088025376624,0.007274609170332438,0.021776875530906088,0.06623022697342207,0.23364108100745762,0.02386143697857024,0.03875737271499824,0.05554317463318226,True,True,True
Italy,1971,0.40387467415077966,0.061891019011951154,0.20720545500945023,-0.039021503128491265,-0.004140494019131205,0.025858366675833314,0.04253148740872964,0.05504587155963292,0.0350458715596329,0.012741319007632076,0.016077870789828645,-0.01677401154596092,0.28512937271360794,0.03991582817632877,0.05686418215879985,0.07268922949219414,True,True,True
Italy,1972,0.45913834450897306,0.11098597290381224,0.21033957769848502,-0.03578031763510864,-0.004095784664690613,0.022958300006666703,0.02294273077332193,0.05217391304347818,0.03256606990622313,0.014619634347033396,0.011545187508332643,-0.08775677330252507,0.2688304715173968,0.050025564630767905,0.06759561686729099,0.0878958663950915,True,True,True
Italy,1973,0.48755960107368257,0.13027136945349316,0.2346292726629559,-0.05026923534389436,-0.03331939330534596,0.004950000009166691,0.002647399622654395,0.1074380165289257,0.05936109345200258,-0.015151057117115403,0.004069965412516697,-0.09215926858422485,0.2236774778915367,0.01657746215724787,0.03300140470320845,0.05712943777930568,True,True,True
Italy,1974,0.483308743843726,0.07943406969294636,0.3048596778916617,-0.031832681196994936,-0.08907615053712957,-0.046991699994167,-0.01917229343955748,0.19402985074626855,0.13898397918663563,-0.041448431399420824,-0.013993284723167604,-0.04271509718748279,0.15966644967239074,-0.018613392851133392,-0.006092842440710955,0.016363546552562003,True,True,True
Italy,1975,0.5452843288541445,0.0861459843451714,0.37992969617305933,-0.051191166877216615,-0.0925473072208276,0.009025000007499992,-0.04136428909173141,0.16874999999999996,0.11657608695652177,-0.0024968021187390527,-0.019698763545091754,-0.022449268049614002,0.22558852178088884,-0.019848785555065418,-0.00955855361888247,0.009011722727758964,True,True,True
Italy,1976,0.5414944390849535,0.05393483801127097,0.35749976666197875,0.0005449867010910575,-0.0950274068348572,-0.025983666661666988,-0.04540208393859574,0.1657754010695187,0.05833738454059301,-0.013755164663540534,-0.019233466060566796,0.13383302228551974,0.1434758490028225,-0.059825799901577104,-0.059276613791233834,-0.047388767827729716,True,True,True
Italy,1977,0.5319514184472184,0.048642674603492364,0.3872309119754454,-0.004658412093187236,-0.06162163416319538,0.005817000002499989,-0.023445442558341106,0.17431192660550465,-0.0197179241407639,0.009869173608069163,-0.0021275977247368007,0.030951687311514542,0.23310243180966483,-0.060587633898446014,-0.07686677272391262,-0.07173930198720502,True,True,True
Italy,1978,0.5724803951179501,0.027196066263805663,0.36772869416129345,-0.03110462395891435,-0.059674475873750826,0.017066333333333003,-0.01676902589167445,0.12109375,-0.047656249999999956,0.020074056216762528,0.005396021720430392,-0.04131111596995818,0.16811336075905436,-0.07739037594015014,-0.10438970818345189,-0.11126345723935799,True,True,True
Italy,1979,0.5609292676279145,0.01943482854296097,0.3638199443393673,-0.033462194818463076,-0.04607926883187638,0.015425333333332986,-0.006707046673379569,0.14634146341463405,-0.01943393765488466,0.013995638530772656,0.014646289451868124,-0.236141776493897,0.1731813834355842,-0.06716859920537233,-0.09525917444421128,-0.11767391316224518,True,True,True
Italy,1980,0.5401107501731375,0.008159331725919095,0.3484260695101513,-0.043178655642406735,-0.06140160872249284,-0.006624999999999992,-0.0075420569538142135,0.2127659574468086,0.03845403084130394,-0.02345369221883791,0.0035386675095657647,-0.10242822338896662,0.08742140156961908,-0.03797825599804039,-0.0704543081136485,-0.1051274315035049,True,True,True
Italy,1981,0.5627516593080703,-0.009728735809879874,0.4563771839967102,-0.03047974303194896,-0.05364697990380923,-0.003449999999999981,0.014557572327722978,0.17794486215538852,0.05685111215538852,-0.024587629748733346,-0.011348561145599526,0.17664283639016798,0.10054040096880956,-0.01932724025774013,-0.04980748926769707,-0.0888429441928148,True,True,True
Italy,1982,0.6077468742769281,0.04681760664901358,0.4607726880574898,0.015488062906919259,-0.018964589412389682,0.0077733333333329935,0.01730313105458675,0.16382978723404262,0.01748832381940857,-0.01566062019418452,-0.021233980720585247,0.3225706474767638,0.06794708090675905,-0.023123372111551854,-0.047203085621535246,-0.0887204024686919,True,True,True
Italy,1983,0.6678356488158163,0.12772489864267877,0.43229837781665337,0.0054432634349003,0.02186648635372407,0.00404391666666698,0.020316355139537584,0.1462522851919561,-0.0665136722548525,0.003521042020575693,-0.012242402640780718,0.3733366781147409,0.06561934074735731,-0.023030647061854592,-0.03936108667602778,-0.07801771881151598,True,True,True
Italy,1984,0.7207357626396069,0.15798410333153667,0.40813490466902846,-0.009852890654727067,0.023373629714976918,0.002319500000000002,0.016480325671929197,0.10845295055821369,-0.06949191159717483,-0.006505982995854067,-0.006215187056487623,0.2564511903313311,0.0160310694629493,0.01342107498762668,0.006962246955356799,-0.026543326141827084,True,True,True
Italy,1985,0.778403816862373,0.17065694258544495,0.39103234290987837,-0.04291391349686713,0.01694414530649191,8.249999999987434e-06,0.021527811104859407,0.09208633093525198,-0.07174345629879064,-0.007113751299091072,-0.0033662307581231407,-0.008079611774871265,0.023459453098451988,0.014765921332010545,0.01154096199734489,-0.00954308023181244,True,True,True
Italy,1986,0.818838524643858,0.15100287582804173,0.33488978679503756,-0.0652454637367885,0.01780331234645806,0.000641333333332994,0.028512901337926957,0.05797101449275344,-0.08828127069920266,0.004281819526973761,-0.0031126382559904507,-0.29948519843442667,0.011149270764196473,0.011205714330165595,0.00843240292995312,-0.003047312272835778,True,True,True
Italy,1987,0.8573021670651578,0.1365664044255509,0.3245729097534743,-0.06316549837035612,0.02241630399204915,-0.0008767499999999956,0.04062370469958973,0.04732254047322537,-0.06113041008498832,-0.0019244824365105488,-0.0015854714028759453,-0.4566224101219587,0.02463780376181024,0.012453541455162087,0.014895380857427531,0.010800597263172895,True,True,True
Italy,1988,0.8738156645994803,0.09541184773710731,0.33617188313348,-0.060648574451274945,0.022175011254149612,-0.002906000000000006,0.056816945808010964,0.0511296076099883,-0.04095672332526368,-0.006333368611142635,-0.0013253438402264662,-0.27159906276780665,0.016574673923666516,0.024025369606615443,0.035182745454330255,0.03479299327781615,True,True,True
Italy,1989,0.897711133404574,0.078872608760716,0.3941265537667422,0.010133200354873362,0.02346684575600229,0.002061666666666989,0.07430155244888353,0.06221719457013575,0.004246180077382311,-0.01320462198650699,-0.007154157678053383,-0.10511465084864546,0.024460013094645072,0.0210044980366198,0.03058180380440556,0.03532934651498332,True,True,True
Italy,1990,0.91580877944842,0.05850661238326216,0.41443990245428763,0.026458894789710752,0.031357126640004854,0.011571833333333004,0.07592149050509889,0.06496272630457933,0.01764018583135396,-0.014570356018845113,-0.011369448872164905,-0.07758996256814044,0.015087635983541015,0.06533870915796736,0.07497953597574403,0.0890505964588657,True,True,True
Italy,1991,0.9479407041566734,0.07412503955719307,0.41227023720631106,0.04200719692376205,0.04446479530573537,0.0074593333333330125,0.06943169304176165,0.06299999999999994,0.011870392390011641,-0.01904429428527917,-0.015606424096877083,-0.16793398498937795,0.019067963401766308,0.06131160391075485,0.07803055751333188,0.09696133656171357,True,True,True
Italy,1992,1.0141493780309536,0.11643824462637964,0.41115953885494944,0.06119196345675865,0.06008493415219225,-0.010504166666667009,0.07308754999630984,0.05079962370649116,-0.011417570863644588,0.02695410410592144,-0.0022201820660676073,0.08467619899166934,0.020384090184695003,0.06890033576912558,0.09363340677935794,0.11648447272422735,True,True,True
Italy,1993,1.1118033315474776,0.19599455209905758,0.4183720735921681,0.028377086784562813,0.07005009110320434,0.006061250000000004,0.059012872969218,0.04476275738585489,-0.020199968918724442,0.009931703721424214,0.005947171180688836,0.4068781321192867,0.00603954585056532,0.04697177143862474,0.0744485707852639,0.10074633486014428,True,True,True
Italy,1994,1.171308884394672,0.22336818023799854,0.4136977735583862,0.06915988356199687,0.0670750978750454,0.013549499999999992,0.05992113717944366,0.04027420736932297,-0.022725792630676978,0.0126052958716452,0.016497034566330292,0.32981724620644415,-0.01004886972216712,-5.034622518929055e-05,0.028870452536488123,0.06000686251826903,True,True,True
Italy,1995,1.1682749011911706,0.154125523160217,0.43828093945564534,0.06675496466182443,0.05496814852129387,0.013554083333332995,0.07622301614146462,0.05244398682042828,0.0016443631139371195,0.021554391862754044,0.014697130485274495,0.009590317466317888,-0.023904198726373616,-0.008085911448518002,0.013032882478786978,0.04555795160152487,True,True,True
Italy,1996,1.1616577199675664,0.049854388420088824,0.3557392468276572,0.0411566321157686,0.04344408940523578,0.00938321666666668,0.049905525955371066,0.03959012794413552,-0.0051726294417193674,0.03133122576294594,0.021830304499115067,-0.15294694389264163,-0.007764533295300247,-0.028984618979258414,-0.020413292654725024,0.01160751261173032,True,True,True
Italy,1997,1.1344760846819155,-0.03683279971275644,0.2429438973926355,0.05113140028477714,0.03947150778749912,0.005291499999999991,0.03178565823524646,0.01848391052969678,-0.02179029683962619,0.02792240475420455,0.026936007459968186,0.04044739785511431,0.02466885653977946,-0.007111673497661175,-0.008646217329886907,0.015175106304705532,True,True,True
Italy,1998,1.1035482878700869,-0.06472661332108376,0.18819145192189568,0.03338884350373686,0.030817913395504194,0.002920199999999998,0.022712659718562265,0.020313082370480906,-0.03213090444994737,0.01554839217773849,0.024934007564963,0.026457892475286293,0.041274390713765596,0.012289508789253833,0.0035855090573801984,0.01950075962665987,True,True,True
Italy,1999,1.093568298215505,-0.06808942175206134,0.18944941887430064,0.031399747387278104,0.02179602603796439,0.017210666666666697,0.02883980051670695,0.01650860554970146,-0.023081522394434062,0.006870496258461362,0.016780431063468142,0.2606708387157157,0.04359951849654764,0.028445108560461674,0.024682920617445703,0.028638657302287096,True,True,True
Italy,2000,1.0488658988582051,-0.08561018582371038,0.2262997619278598,0.03582755637537564,0.009176633330510497,0.0104793833333333,0.034882699350264,0.025805114029025633,0.007321203499328854,-0.005004208029746067,0.005804893468817935,0.18990571197347905,0.01815319529635362,0.06438236752301352,0.0694079688402307,0.06944995013503685,True,True,True
Italy,2001,1.0453446590352495,-0.05820362883483732,0.2106805459467206,0.025296828061700097,0.008224395028189668,0.011375616666666699,0.030039575706938767,0.023242653300456606,0.0029295709299757,-0.0005672841841762559,0.0004330013481796866,0.3527679347818369,0.025681105564415052,0.05772523271602048,0.07322479803715509,0.07603743740646374,True,True,True
Italy,2002,1.0164529144965664,-0.07711538371893867,0.20316014414556344,0.02289522946940695,0.009757714380773191,0.017715299999999996,0.02530503326777651,0.026112032867188217,0.009603427317486757,-0.006616448285894509,-0.00406264683327227,-0.03931725372762962,0.009945257246156691,0.0490603066393025,0.07265671248162164,0.08290186622723383,True,True,True
Italy,2003,1.0015686612764791,-0.04729723758172599,0.1709751726888968,0.015085837257207958,0.0179428662362152,0.020603466666666702,0.01665520067537707,0.028129611806223975,0.002324497777198342,-0.011016762653484068,-0.0060668317078516045,-0.2708308955925306,0.004933170256321562,0.04238916159816708,0.0688402640760083,0.09098603780601522,True,True,True
Italy,2004,0.9969548736562398,-0.04838978537900973,0.17461056067397543,0.012272931255395986,0.01688365753199563,0.0217883,0.01698041985263318,0.02256699576868826,-0.0006756575317683478,-0.003717710442317374,-0.007116973793898643,-0.36011343348803615,0.016758224785851317,0.029349030237522,0.05706859578713119,0.08659779667330192,True,True,True
Italy,2005,1.0150090646753502,-0.0014438498212161477,0.1504964517451828,-8.417014214936319e-05,0.012681998951520886,0.0138343,0.011303108969282102,0.022068965517241468,-0.0040430673499467495,-0.009140869394806496,-0.007958447496869305,-0.10162515477895162,0.032267779493380555,0.05171685797341119,0.07490293912511836,0.11136919679998847,True,True,True
Italy,2006,1.0211856609420804,0.019616999665601265,0.16192670515582072,0.012988718043076317,0.006162439510813474,0.008647833333333306,0.01816399180986095,0.02229706328448744,-0.005832548521736536,-0.015099696225497687,-0.009319425354207178,-0.016060945144590333,0.04372249921787197,0.07643585857348023,0.0976514483591564,0.13792332770436377,True,True,True
Italy,2007,0.992961773906488,-0.003993099749751816,0.17153643984349426,0.026199514112565124,0.007682950290831249,0.004516033333333301,0.023336081365155765,0.0202453271028038,-0.0023216686658844576,-0.014036009131546661,-0.012758858250616942,-0.047255033855489126,0.023893956521990223,0.09005440266900588,0.11633902045759137,0.15655611367221978,True,True,True
Italy,2008,1.0616400000000001,0.0466309353246499,0.19244508518710557,0.024327836343009914,0.015072474919048787,0.0092345,0.020989437397878206,0.03492379741907414,0.012854831901832675,-0.027950010239974444,-0.019028571865672927,-0.13422608864557772,0.008495492564919882,0.08314040368422293,0.11503278743482959,0.15544977204592125,True,True,True
Italy,2009,1.1661,0.1449143390579195,0.18862530720279316,0.004159381463696016,0.04734971837529198,0.033583299999999996,0.022191489476410028,0.007656307048891975,-0.014640756235595465,-0.018850001195113618,-0.020278673522211566,-0.085638136823735,-0.007977175195904906,0.0651290779393997,0.10414025471927901,0.14556311253567988,True,True,True
Italy,2010,1.19198,0.19901822609351205,0.18294190559286777,0.007074296575506178,0.04638550031288706,0.0290249666666667,0.020766450738695177,0.016195443315948355,-0.004049883786855446,-0.032950012269752846,-0.02658334123494696,0.09352926370181858,-0.0015556166450698683,0.07303288826418364,0.11585725247629619,0.16291003928293624,True,True,True
Italy,2011,1.19692,0.13527999999999984,0.24972501986376283,0.029599976245362238,0.0435226952735271,0.026383366666666703,0.03650541512239881,0.02935710426796323,-0.005566693151110913,-0.02825000342682646,-0.026683338963897633,0.06625590502083001,-0.013843369913484116,0.03018699049915219,0.06670169553828653,0.11904162524839867,True,True,True
Italy,2012,1.2649299999999999,0.09882999999999997,0.2537188546512387,0.034897710873667026,0.029693554586972908,0.03597499999999999,0.028691171039721696,0.03314893929692331,0.025492632248031333,-0.0023099990045302187,-0.02117000490036983,0.08180318439656498,-0.045839238211683564,-0.0009174457697053162,0.02481080178365913,0.07702967685749751,True,True,True
Italy,2013,1.3245500000000001,0.13257000000000008,0.20607418664297478,0.026709882716927317,0.0435195844345049,0.034614200000000005,0.01818267718102118,0.012446024892049934,-0.0037494184238984207,0.011089991060617964,-0.006490003790246228,-0.03807126694123386,-0.051852750627086275,-0.057597165990302734,-0.04465987623277601,-0.0009267062667966952,True,True,True
Italy,2014,1.35366,0.1567400000000001,0.1419634589887219,0.0062568547942484926,0.045052223337293244,0.024683999999999998,0.012947284056092377,0.002338183642749625,-0.027018920625213605,0.018990004667551835,0.009256665574546536,0.07122124127691687,-0.032415548273595385,-0.04309764541984573,-0.03995835681328075,-0.0103689257971733,True,True,True
Italy,2015,1.3528,0.08787000000000011,0.08375319730825977,-0.007951505619096768,0.029128517099406087,0.016655000000000034,0.011849838223783878,0.0010912767938489054,-0.0320576625030744,0.014209999999999999,0.014763331909389943,0.23320596721495357,0.015141808651472077,-0.044161112861347385,-0.0575091797687004,-0.043033255014733096,True,True,True
Italy,2016,1.34784,0.02328999999999981,0.07150224827888353,-0.007523331914356189,0.011805602923728361,0.016550000000000002,0.013898526522200612,-0.0005000400032003638,-0.012946064895250298,0.025940003059346847,0.019713335908966238,0.34601277375635275,0.022894083073487614,-0.04670379795760804,-0.07177009855559291,-0.07133787438445605,True,True,True
Italy,2017,1.34135,-0.012310000000000043,0.10240523190129631,0.0003654942368051077,-0.001019895090708274,0.024475000003000003,0.016500357919821552,0.013257689459886812,0.010919505817137187,0.025780002969032236,0.021976668676126368,0.034913343525249996,0.009695950464264191,-0.05851745812706133,-0.08719126556807155,-0.10462535480725232,True,True,True
Italy,2018,1.344,-0.008799999999999919,0.12880815472110513,0.009488344003334814,-0.0028435609616017515,0.0249,0.017706581652034488,0.01242260558721009,0.011331328793361184,0.02511247784227448,0.02561082795688453,-0.01711173322161741,-0.001176399372682324,-0.06871505197281991,-0.09291002619624156,-0.1243150772924343,True,True,True
Italy,2019,1.3456299999999999,-0.0022100000000000453,0.09511343352498422,0.008851187876354433,-0.0001774304420641866,0.020075833329999997,0.00882992928317044,0.006339917093391767,0.006839957096592131,0.031958432775783245,0.02761697119569666,-0.03167891700731462,-0.007986158437898183,-0.0652569793793607,-0.0903361503698622,-0.1321807672595804,True,True,True
Italy,2020,1.5581200000000002,0.21677000000000013,0.06510742089502751,-0.07510219531922149,0.036404829777570064,0.013727500003000001,0.005909605963849949,-0.001453840562151698,-0.01471153002203851,0.035355138266103724,0.030808682961387158,0.014422536063361857,-0.059099508546273216,0.03277117621130665,0.007855097503608466,-0.02689973682584823,True,True,True
Japan,1870,,,,,,,,,,,,,,,,,False,False,False
Japan,1871,,,,,,,,-0.16130380275804423,,,,,,,,,False,False,False
Japan,1872,,,,,,,,-0.26905829596412556,,,,,,,,,False,False,False
Japan,1873,,,,,0.1988525055119828,,0.2038136997483938,0.01499659168370826,,,,0.31454843970066726,0.3507302579486924,,,,False,False,False
Japan,1874,,,,,0.08967714028147669,,0.09679055413187547,0.1621893888515784,0.32349319160962264,,,,-0.09744715152837025,,,,False,False,False
Japan,1875,0.103351851851852,,0.05362522211352284,0.007132275309107272,-0.059451657584357276,,-0.029451481261230816,0.10372724646056075,0.3727855424246863,-0.044509496785900764,,,-0.3544685965734309,,,,True,True,False
Japan,1876,0.10174905660377359,,0.06092690993332758,0.006885825764391265,0.010643928168030066,,0.030332315357599178,-0.1630890052356022,-0.17808559691931047,-0.014693172750304144,,-0.08672082881462251,-0.04693926018605432,,,,True,True,False
Japan,1877,0.4679567779960707,,0.3058099741924533,0.037616595256187796,0.04828374453087672,,0.07375513299030083,0.03190491085392555,-0.13028447799765286,-0.03097651108337423,-0.030059726873193044,0.012423629854647178,0.15926189754471043,,,,True,True,True
Japan,1878,0.4255716694772344,0.32221981762538243,0.2696026451708457,0.02973071205984966,0.0732867375888959,,0.0680528104926264,0.11943013034252803,0.015702883881967278,-0.03534339265859183,-0.027004358830756733,0.012573879463735116,0.010445186589242761,,,,True,True,True
Japan,1879,0.3287752956636006,0.227026239059827,0.2681291619821497,0.02337031052160656,-0.12432220823413777,-0.049164359037773275,-0.09743022302716785,0.3330625507717302,0.4961515560073324,-0.024635216880711432,-0.030318373540892497,-0.35107876377366654,-0.37998387842457093,0.04631166968908019,,,True,True,True
Japan,1880,0.34016098226466585,-0.12779579573140487,0.2629874411298976,0.022153928852919603,-0.16721134794550646,-0.03434363999999998,-0.13512216726152707,0.14564290067032304,0.11373798981639749,-0.031084995354213253,-0.030354534964505506,-0.39229556604861415,-0.5791686723789351,0.04729389187778143,,,True,True,True
Japan,1881,0.3099836272040302,-0.11558804227320418,0.2215046043481968,0.019210380990601086,-0.1516658456678232,-0.04764493999999998,-0.13157867204096813,0.10159574468085109,-0.017834385661676944,-0.015983057586392974,-0.023901089940439223,-0.36259917643403916,-0.5380027964602581,0.04906682587132996,0.06648158546915234,,True,True,True
Japan,1882,0.32153877005347586,-0.007236525610124722,0.2154780231120511,0.0203943314072408,-4.705515744871103e-06,-0.020684640000000004,0.004026036347076316,-0.06937067439240308,-0.40243322516413327,-0.001413831074375671,-0.016160628004993963,-0.11567541004788728,-0.3140093212961945,0.0325665805693624,0.05352322991048654,,True,True,True
Japan,1883,0.32065070422535213,-0.01951027803931371,0.17940998517134543,0.020189813276140844,0.11019756226646363,-0.03923487000000002,0.09915068537831162,-0.14078173642338287,-0.2864246370937059,-0.0031144109863711967,-0.006837099882379947,0.16011561159747334,0.028165162701667912,0.0229053198470473,0.04572536577942701,,True,True,True
Japan,1884,0.32551951547779273,0.01553588827376251,0.20581943693471805,0.020427822644164238,0.14130255167164282,-0.04677329999999999,0.1436470688226532,-0.032608695652173725,-0.1342044403330248,-0.010351603021000876,-0.004959948360582581,0.26888004420261336,-0.06984409731737762,0.014118221232970282,0.032610067908816376,0.05910118040790775,True,True,True
Japan,1885,0.3060186104218362,-0.015520159631639663,0.26691459926736283,0.020375099083269548,0.11363636358036885,-0.028653380000000006,0.12030471519733149,0.0004161464835621409,0.06978682087596522,-0.0032354980355904783,-0.005567170680987517,0.2208937785411773,-0.1652686698639524,-0.012025348908797667,-0.0012032596152361241,0.025998866270049478,True,True,True
Japan,1886,0.312265,-0.00838570422535212,0.19071122340291297,0.021225165586319684,0.08355226384607928,-0.042004100000000016,0.11030556281216611,-0.11813643926788675,0.022645297155496125,0.007970428554926648,-0.0018722241672215686,0.3197869875800232,-0.06883813898421953,-0.004539867296052824,0.0003130127340858213,0.022545043635557274,True,True,True
Japan,1887,0.3129046454767726,-0.012614870001020129,0.18228490922300272,0.02835383897701012,0.03606717666241244,-0.044130300000000004,0.07686199885263649,0.06344339622641515,0.09605209187858887,-0.008010069802036847,-0.001091713094233559,0.22013962895276018,0.04216348874926834,0.01364957203099687,0.015755171857152153,0.03281048247609368,True,True,True
Japan,1888,0.29684757505773673,-0.009171035364099467,0.16270175810822166,0.03087507821615469,0.06837237774992469,-0.04301133000000001,0.08311200341272976,-0.017076957196717646,-0.017493103680279787,-0.004879182156133829,-0.0016396078010813425,0.20208088634692745,0.029201194662590302,0.02619396092669568,0.028027549664891654,0.038413741125719936,True,True,True
Japan,1889,0.2723068062827225,-0.03995819371727749,0.16135057362368838,0.03472408513221105,0.015924705249508862,-0.05022894,0.02598561642451721,0.05888989169675085,0.1770263309646376,0.0008527875493017803,-0.004012154802956298,-0.12153632463173603,-0.0787361137507615,0.036025697985399674,0.03855389188871236,0.046817299091513026,True,True,True
Japan,1890,0.26064015151515146,-0.05226449396162114,0.17643302272891573,0.03675841429892178,-0.0007701126806732989,-0.046273939999999986,0.02539877811856981,0.06626891114425737,0.00282551491784222,-0.02539844881956874,-0.009808281142133597,-0.15861539076510112,-0.051594315895488685,0.010407179660832377,0.018701842606528768,0.024609598418288442,True,True,True
Japan,1891,0.24111150131694464,-0.05573607374079209,0.15547130831504186,0.03304148966765639,0.00795285343726991,-0.029734640000000007,0.03383456800583498,-0.04196642685851315,-0.024889469661795505,0.015260821309655939,-0.0030949466535370065,-0.145526828635143,0.0420087255962609,0.0073175153426332795,0.020651381443022226,0.02648232053230945,True,True,True
Japan,1892,0.24701688888888892,-0.0252899173938336,0.1782845247364795,0.037276775595344494,0.04570390162993363,-0.015443920000000014,0.0781834121050022,-0.06758448060075084,-0.1264743722975017,0.015758314469789314,0.0018735623199588377,0.15681438875669085,0.18645895854931682,-0.00990294562777122,-2.9142959413502867e-05,0.00868339460799944,True,True,True
Japan,1893,0.2237376775271512,-0.036902473988000256,0.14561465200444873,0.0391624012187744,0.096068185705598,-0.018722440000000007,0.09586768351550418,0.01208053691275146,-0.05418837423150591,0.0001711889069588291,0.010396774895468029,0.5031972392637607,0.43902828225557244,0.005087384586718896,0.009975444530699401,0.022215962654223043,True,True,True
Japan,1894,0.24374289985052314,0.002631398533578494,0.22296501572511926,0.030180289061926845,0.01709770918500706,-0.03906205999999998,0.07252917498706968,0.03183023872679036,0.07379666558530351,-0.007557762902180954,0.0027905801581890634,0.27136890729053964,0.3563382230660104,-0.005024463602469581,-0.00647432832502759,0.0058186539128449455,True,True,True
Japan,1895,0.2639555412371134,0.016938652348224476,0.21101020769375065,0.03809517598360583,-0.020521238472344078,-0.031028800000000002,0.015943272216125355,0.09447300771208211,0.16205748831283295,0.07709958696649839,0.023237670990425424,0.1359367688021782,0.1605836057527983,0.015635242390038384,0.014941746885692803,0.023487976364764518,True,True,True
Japan,1896,0.2462995198079232,0.022561842280771988,0.13073541880641198,0.026848974412296858,-0.028066570943451857,-0.03895233000000001,-0.013023758593736487,0.10041103934233697,0.08833050242958551,0.014743872471803919,0.02809523217870712,-0.17349778922277748,0.017126295063836006,0.06624414684899119,0.07137931723726723,0.07715251912843879,True,True,True
Japan,1897,0.2152503832396525,-0.028492516610870627,0.08210215719848739,0.01115084155401338,-0.02794220845475571,-0.06539,-0.05781609466025991,0.11419423692636066,0.0823639981995703,-0.030052356020942406,0.020597034472453302,-0.13935345770469187,0.043368366669683356,0.024073133939120667,0.03407731717083348,0.040253088882694965,True,True,True
Japan,1898,0.1883559708295351,-0.07559957040757831,0.09078494930692572,0.008336866203958479,-0.09312831215968581,-0.06188499999999999,-0.05612358293673484,0.08461047254150689,-0.009862535170575226,-0.01644872111193355,-0.010585734887024014,-0.2823924529648829,0.0946646892455365,0.0066814579450909795,0.018476772016462473,0.02546183831997642,True,True,True
Japan,1899,0.2187411408815903,-0.027558378926332894,0.0774946690087021,0.009016220421286233,-0.04502397269641852,-0.05096667,-0.006443816311681505,-0.05637327053282304,-0.15678430987516,0.012800655976676385,-0.011233473718733192,-0.12522550931773424,0.3843613886169077,0.07482930331499338,0.09476859507443361,0.11070699046793808,True,True,True
Japan,1900,0.21489809444904717,-0.00035228879060533735,0.08436779038930321,0.011258678043014798,-0.055769468379679096,-0.0684054,-0.003997023879668951,0.12353766963032298,0.009343432703962318,-0.020298459563543002,-0.007982174899600056,-0.1372673463401376,0.10745068875080621,0.0567397469756431,0.08288972555655158,0.10410822765519229,True,True,True
Japan,1901,0.22887520128824476,0.04051923045870967,0.10051895018403985,0.013922955490372674,0.03729309085311036,-0.06207700000000001,0.03270035819800588,-0.021796473691517604,-0.10640694623302449,0.006469280838228291,-0.000342840916212776,-0.02892229772116428,0.20552669071841279,0.03093277204928413,0.04708767404061087,0.07563652904060064,True,True,True
Japan,1902,0.23043752463539616,0.011696383753805856,0.08697316724437831,0.0138310896114683,0.0027636341883757673,-0.03861351,-0.0011423711308933132,0.03874538745387457,0.09511865798669761,0.01038104543234001,-0.001149377764324901,-0.10002141720185487,-0.0812207589358388,0.0449425513098779,0.06261903931239754,0.09513892603861315,True,True,True
Japan,1903,0.2289729228486647,0.014074828399617517,0.11761461006704883,0.01467444618509361,0.019761233180077883,-0.026127110000000002,0.025254308234426853,0.05000683153436247,-0.0735308380959605,-0.0021710502900665553,0.004893091993500582,-0.016318458622803234,0.05473150914843017,0.003428665963776889,0.03297929961182894,0.06087318111351375,True,True,True
Japan,1904,0.3562734478203435,0.12739824653209872,0.1818866925331847,0.03739718078816759,0.01653239677063848,-0.0252495,0.01954575903601813,0.023162003903708595,0.0449584775952262,-0.0444111946135274,-0.01206706649041798,-0.050309978723508064,-0.07435767450616027,-0.002663448362522247,0.01469122253502586,0.04050445896204036,True,True,True
Japan,1905,0.6853391699092087,0.4549016452738126,0.18367569784708368,0.06958136441195237,0.0038779530124318715,-0.045100219999999996,0.00966519807412134,0.03853491033956491,-0.00021047711430965954,-0.10664661457481939,-0.05107628649280444,-0.07287964405201997,-0.10194442500651157,0.020616987089726813,0.024253653747699278,0.05308134301660267,True,True,True
Japan,1906,0.7047434887946699,0.4757705659460052,0.20704141203708143,0.049384562245986224,-0.008822221610586663,-0.03077239999999999,0.016589996860536704,0.019715895175116405,-0.030290936359246068,-0.006818564453673045,-0.05262545788067327,-0.06449978593243222,0.005072906181325054,0.05663283311627393,0.066814325885998,0.09366376826037665,True,True,True
Japan,1907,0.615826876836762,0.2595534290164185,0.13439411856900085,0.09268532268821571,-0.048524462653056426,-0.040028720000000025,-0.007412153710450085,0.10459949561666892,0.08143749171296033,0.001027414423896156,-0.03747925486819876,-0.10867782234367518,0.08083265417669128,0.019500536990180728,0.028097636297757134,0.04745118327681852,True,True,True
Japan,1908,0.6088186404673394,-0.07652052944186938,0.14632931867929996,0.06814879012419223,-0.03153499406163066,-0.04463454,0.01741500104142782,-0.03446401391606879,-0.0729989242556337,-0.015593237146115322,-0.007128129058630737,-0.03957956672276619,0.2426784959770607,0.001628072366025357,0.00976962177534113,0.02238677623483376,True,True,True
Japan,1909,0.7013859788359789,-0.0033575099586909962,0.18185413468208184,0.06809185325943867,0.0339161620951728,-0.022143819999999995,0.03422667833040464,-0.03884697669181403,-0.05856287186693043,0.0010676427972241289,-0.004499393308331679,-0.0179655698003498,0.1754521918826042,0.012039126660711164,0.027428650998271464,0.0387199455031747,True,True,True
Japan,1910,0.7083671337579618,0.09254025692119983,0.17540007743857594,0.0559389888260354,0.0734165291364028,-0.01416883,0.06560906034008458,0.002577319587629079,-0.10202217602903985,-0.018541876892028256,-0.011022490413639818,0.08427293104195321,0.16593906390228308,0.044156225735656474,0.061095995623903165,0.0768489101234976,True,True,True
Japan,1911,0.6144163118978265,0.005597671430487172,0.18703504662564255,0.04238918945624712,0.019937355675895562,-0.02505267,0.030787172856493537,0.07455012853470433,0.10901414245077312,-0.021658685241619506,-0.013044306445474543,-0.00821496034268332,-0.01833513376575635,0.036622535671184286,0.04323394618605597,0.06251686255595013,True,True,True
Japan,1912,0.5761767909509845,-0.12520918788499436,0.1990160350078448,0.04534867853217549,-0.02256603153514162,-0.039107640000000006,0.002496912235284185,0.055458895171814016,0.09430587186362804,-0.021317600786627335,-0.020506054306758364,-0.05355621501813501,-0.056434116289953096,0.03247497727275839,0.03971607741312838,0.06265728113234059,True,True,True
Japan,1913,0.5359094354677838,-0.17245769829017799,0.192799053148429,0.05432421998806669,-0.029278012525469466,-0.036728000000000004,-0.004361188546447778,0.030290541932824988,0.02771322234519591,-0.01879841299829964,-0.02059156634218216,-0.10438862077069944,-0.08351600000000037,0.03950591462634073,0.05904974131632684,0.07700392296587472,True,True,True
Japan,1914,0.5592484170536091,-0.05516789484421747,0.20502913004110637,0.048855660133341305,0.05340652177152008,-0.030544444444444444,0.05323907652067584,-0.07879999999999987,-0.1533501285347042,-0.0027846534653465345,-0.014300222416757838,0.057946345741949346,0.04682728755677035,0.07109524421954638,0.09722833531067526,0.11684174275029807,True,True,True
Japan,1915,0.5324946904427971,-0.04368210050818744,0.2260563665347576,0.055833580792340104,0.08040848869999563,-0.00027647058823530163,0.09634231388545175,-0.0640468953538863,-0.11950579052570032,0.0429409464215878,0.007119293319313875,0.19847036015747155,0.42808900829792984,0.054299411589571744,0.07586103315498116,0.10163485705704939,True,True,True
Japan,1916,0.4330961288223813,-0.1028133066454025,0.19454432072037076,0.0578980310821842,0.016143389590025467,-0.006844444444444438,0.07637925971318357,0.08037578288100211,0.05008524094817712,0.09492092457420924,0.04502573917681683,0.14387148457196752,0.3425622654081324,0.01229476530291479,0.03146634728135478,0.06445080630067296,True,True,True
Japan,1917,0.33433321694599627,-0.2249152001076128,0.15049940879093537,0.058788034085108326,-0.10776693914416888,-0.00865594405594406,-0.025075932866646618,0.2267310789049919,0.30553107890499176,0.10987399770904925,0.08257862290161543,-0.014033037542661941,0.15105689360784935,-0.022233372406517793,-0.0019009720058482116,0.026955754130552734,True,True,True
Japan,1918,0.27495802010304926,-0.2575366703397478,0.11606575403588129,0.05471892572792114,-0.22272294317672833,-0.016891644204851758,-0.16380145750167957,0.34602257810448944,0.41006947345837574,0.07201692281125885,0.09227061503150578,-0.23970512777433406,0.2262287887653598,0.0017206681541719338,0.019036376706793923,0.04437468814906603,True,True,True
Japan,1919,0.22582948294829483,-0.20726664587408647,0.12414054724211551,0.05497347789642692,-0.29527697083894167,-0.029207936507936502,-0.2375833758695478,0.33047266107535256,0.25009687819435045,0.024196947442365415,0.06869595598755783,-0.2848776976574433,-0.01566550759228036,0.001648871778865857,0.004903303282028926,0.02746696088985595,True,True,True
Japan,1920,0.2558140412682436,-0.07851917567775268,0.16148609155296995,0.06229406451022121,-0.19252685797571595,-0.0209673469387755,-0.15920977876338277,0.04603205629397977,-0.18069902261101212,-0.004763751535130244,0.030483372906164676,-0.14879297860412977,0.45745396780755065,0.029521921364517256,0.02378803873546631,0.045595586876514216,True,True,True
Japan,1921,0.29092241031842003,0.015964390215370772,0.13368670544658,0.05609784685243351,-0.0750589374772955,-0.0295,-0.03514333956223996,-0.08357469868261247,-0.4295972767871019,-0.016315512246510403,0.0010392278869082565,0.017973810582397443,0.08527104994899082,0.06572773332961168,0.06808421064285064,0.08250089726953924,True,True,True
Japan,1922,0.29550446285237264,0.06967497990407781,0.1252526356507781,0.059361975247850765,0.08526781602834885,-0.03775714285714286,0.07472070655472449,-0.01519090584696936,-0.3456635669223219,-0.01132855389782342,-0.010802605893154689,0.10250543224449205,0.5960046936954502,0.04211222842694806,0.0582374078843072,0.06566314553168262,True,True,True
Japan,1923,0.3383700750469043,0.08255603377866072,0.1508315317181919,0.05294992243658388,0.07456866118439175,-0.03762898550724638,0.09389510845736519,-0.009006677364252869,-0.05503873365823264,-0.03294334583836714,-0.020195803994233655,-0.010398353743121369,0.20089164386846603,0.04766776483785917,0.06866547913251297,0.07690944911453579,True,True,True
Japan,1924,0.3314850410888547,0.04056263077043465,0.160988836039069,0.05110720469965466,0.0682185384117086,-0.031700000000000006,0.06758858240757111,0.008931835988508885,0.09250653467112135,-0.03873933821305426,-0.02767041264974827,0.13892310358944338,0.14750553847235848,0.012504568442200603,0.03444882387757542,0.05263991014830083,True,True,True
Japan,1925,0.3337742391638487,0.038269776311476045,0.1755933185348736,0.05302683427257837,0.04724928763236095,-0.026707936507936514,0.05947890749037007,0.01211430938082425,0.02730521522779361,-0.013733030355998366,-0.028471904802473257,0.20173908964459497,4.2352941176604375e-05,0.005484557839308901,0.027666883751427784,0.05172783443141571,True,True,True
Japan,1926,0.35226929577464794,0.013899220727743633,0.18747250732896273,0.05181282059455443,0.06031231164954326,-0.022599999999999995,0.07380823287347889,-0.04537084398976976,-0.03636416662551689,-0.022651137659842707,-0.02504116874296511,0.09274722214624331,-0.0017893135771783752,0.03932093030847139,0.05313086430616698,0.08295176368264334,True,True,True
Japan,1927,0.36737856748296815,0.03589352639411347,0.18747864800968428,0.042350852807384085,0.07462778400739856,-0.016200000000000006,0.0813936577793272,-0.015324438729036105,-0.02425627471754499,-0.007829049241251163,-0.014737739085697412,-0.07130757969753809,0.00046562769097602263,0.022392283769267052,0.03196656980820689,0.060534903024404896,True,True,True
Japan,1928,0.3906188052829274,0.05684456611907873,0.20258432832857085,0.035191087516627945,0.07854244630353568,-0.011000000000000003,0.09419251438434814,-0.03798226043423858,-0.05009656981506283,-0.007313336083446284,-0.012597840994846718,-0.04787106999095081,0.10077527352260085,-0.022260493571041318,-0.01731194582313844,0.0036229400421384783,True,True,True
Japan,1929,0.40379510008596337,0.051525804311315426,0.2375671371452522,0.030479269018561215,0.06224152109189939,-0.004299999999999998,0.08790507823797596,-0.022908535550653197,0.022462308439116563,0.005141627406502647,-0.0033335859727316,0.06840339098572623,0.12277887883183847,-0.03245337994508113,-0.02967795900657566,-0.017109628986458514,True,True,True
Japan,1930,0.49406346570397114,0.12668489822100298,0.24335037884031813,0.02959268999566768,0.11300959716719791,-0.013879999999999997,0.10858285766359889,-0.10159777700590489,-0.08627333827686878,0.002995710529957105,0.0002746672843378227,0.08804540505595448,0.1841613506024875,0.05207902372807871,0.06086361009354824,0.06852687195507767,True,True,True
Japan,1931,0.5633600638977636,0.1727412586148362,0.28282079889703005,0.037519546774746844,0.16117875054850467,-0.01601000000000001,0.13911811960747522,-0.11527804626586757,-0.077295785831629,-0.006275989527183121,0.0006204494697588768,0.09131478062523635,0.21333267970194414,0.09850141263034673,0.10546820334891693,0.11885192523842936,True,True,True
Japan,1932,0.6065329295407499,0.20273782945478652,0.20056025267864286,0.03543978335067756,0.1274672110739115,-0.018670000000000006,0.1160074472814138,0.011143481427531077,0.034052016978184274,0.002931481871098955,-0.00011626570870902023,0.6354012015234649,0.18556426415366167,0.005631069008609102,0.00772951949811862,0.021903396192055613,True,True,True
Japan,1933,0.6220576252267337,0.12799415952276255,0.20078045059958596,0.033739782359361425,0.026714471110000654,-0.014030000000000008,0.07110120515860234,0.03054094936252949,0.13213872636843438,0.002673101912010396,-0.00022380191469125666,0.6302540009244058,0.08471377647305522,-0.09204003754266721,-0.08464168167295916,-0.0781518976619946,True,True,True
Japan,1934,0.6240303088310362,0.060670244933272555,0.2163768880596528,0.03358303429786585,-0.019093669865185577,-0.00850999999999999,0.02728886882147669,0.014118962745509389,0.12939700901137696,0.0003357285899399223,0.001980104124349758,0.3714194571454079,-0.034378380203139325,-0.12238353675646141,-0.11045916126291766,-0.11448082569828866,True,True,True
Japan,1935,0.6289633082347316,0.02243037869398168,0.22432594554021013,0.030914069796942827,-0.005410787999958679,-0.008790000000000006,0.02137560836318747,0.02474326280239869,0.013599781374867614,0.012919796730004419,0.005309542410651579,-0.08723281733184618,-0.09398482221103477,-0.10508658933816656,-0.1168782955850361,-0.12479017244157725,True,True,True
Japan,1936,0.6349655056179775,0.012907880391243798,0.21171035008006803,0.029751818812392184,0.0030131351171256773,-0.010659999999999996,0.019073612020305337,0.02313693839117592,-0.0074040109713535696,0.011652095266807357,0.0083025401955839,-0.11041347379132349,-0.10559581444989274,-0.06842841003451222,-0.12021808367298653,-0.126409305189138,True,True,True
Japan,1937,0.570104798087595,-0.05392551074344121,0.17957745797785649,0.031249940558912594,-0.03562010505619826,-0.009930000000000001,-0.0026002344762173987,0.07803050223507757,0.06391153948956818,-0.024114418046144608,0.00015249131688905662,-0.021011968355102217,-0.12409842063540488,-0.03579735689610414,-0.09572395721700583,-0.11542495902825484,True,True,True
Japan,1938,0.6688860896502818,0.03992278141555028,0.19381381633352934,0.03686569477025926,-0.07901787090939373,-0.00884,-0.02745630097017962,0.09598146228428539,0.0712381994818867,-0.02058693895541027,-0.011016420578249175,-0.13881998431828468,-0.1558766721510838,-0.03201049269895401,-0.07045524847634749,-0.11879089423239325,True,True,True
Japan,1939,0.7123225523682859,0.07735704675030841,0.18481392244457,0.04123732933609142,-0.1471148285383531,,-0.05926641013940374,0.11817726589884825,0.09504032750767233,0.005059585415619363,-0.013213923861978505,-0.1553112332722526,-0.19625076112811612,-0.01578333182832714,-0.0363463190419685,-0.10166821629223,True,True,True
Japan,1940,0.786951670220327,0.21684687213273202,0.18661755091836219,0.04523882493459575,-0.1722337235377891,,-0.08691002106942061,0.16261133502512815,0.08458083279005058,0.0031711082428567817,-0.004118748432311374,-0.16031668356770368,-0.2130640883476319,0.01414647428419813,0.0022370556225147498,-0.05373390093375152,True,True,True
Japan,1941,0.9307369921596579,0.26185090250937604,0.18626993333718336,0.045970947461569815,-0.1235581506891239,,-0.06003129767584997,0.013995292103573531,-0.08198617018071186,-0.019986971095107164,-0.0039187591455436726,-0.04059432292515375,-0.07449518824919787,0.014919292655352967,0.009298501015366722,-0.024151261909087007,True,True,True
Japan,1942,1.0508991799058547,0.3385766275375688,0.23467282419064767,0.05632275679123041,-0.03120696255977804,,-0.030426224463014226,0.027562046260340978,-0.09061521963850727,-0.01649998261043563,-0.011105281820895338,0.07867551430205233,0.057932989968235926,0.016983296851865726,0.016335926856595018,-0.00017186086406129064,True,True,True
Japan,1943,1.3335886500376035,0.5466369798172765,0.22954060183405994,0.07301147907380015,0.010105870905833599,,0.003676525604580004,0.060423084822345485,-0.10218825020278266,-0.009373015942654082,-0.015286656549398958,0.12363256548155155,0.23120622171598337,0.0680274593207767,0.07747180424823935,0.07327966345622994,True,True,True
Japan,1944,2.0395356294377405,1.1087986372780825,0.272567070484785,0.0923844408195488,-0.07725981391166231,,-0.10933860014500857,0.35292066935233923,0.3389253772487657,0.0053530136998863964,-0.006839994951067771,-0.18404691267906215,0.04529400196287647,0.15568663461657473,0.1813067342775605,0.19183183109146307,True,True,True
Japan,1945,,,,,-1.5566541982820468,,-3.3530266576197905,9.756406218684686,9.728844172424346,,,-0.8849045914587187,-0.5272476944784358,,,,False,False,False
Japan,1946,0.5597911392405064,-0.7737975107970971,0.08503276682163853,0.02819174572752466,-1.8850111449254165,,-3.6352296781023155,0.9070321462699202,0.8466090614475748,-0.00796589852212223,,0.7041435704784025,-0.28100703078357137,,,,True,True,False
Japan,1947,0.275498090145149,-1.7640375392925915,0.0640704704916001,0.016543089770223045,-2.2616745402244134,,-3.9353454029375783,1.2532678438581284,0.9003471745057892,0.008097363700529282,,0.5208060520563684,0.1275453186248945,,,,True,True,False
Japan,1948,0.19670217554388597,,0.05772583688826479,0.02800871139600234,-1.0969141883278772,,-0.9178014255309148,0.7592742864646957,-8.997131932219991,0.008522509744200503,0.0028846583075358527,6.927645430086078,2.589209879958185,,,,True,True,True
Japan,1949,0.18882518518518515,-0.37096595405532123,0.04780981715791896,0.027376237706148977,-0.8674640718965082,,-0.7220386569368514,0.31887384048773004,-0.5881583057821902,0.03533149694664276,0.01731712346379085,-0.22911757870712968,2.055038387741551,,,,True,True,True
Japan,1950,0.1403615404104383,-0.13513654973471068,0.043907193860260096,0.028201181516327015,-0.39133005509611796,,-0.2814936943816363,-0.06866704380751698,-1.3219348876656454,0.04962234234803486,0.031158783012959376,-0.1095904638199966,1.710380434022737,0.031517539417535295,,,True,True,True
Japan,1951,0.11856410727406316,-0.07813806826982281,0.04094757545408994,0.03242258864525657,-0.17005419028810748,,-0.08829482550695195,0.17967767984064276,-0.579596606624053,0.025528987140451324,0.03682760881170965,0.046065509772745594,0.8083049301033614,0.07046693149665129,,,True,True,True
Japan,1952,0.13199393262015008,-0.05683125256503507,0.04321216944240936,0.03916263993859783,-0.09614340547562245,,0.0013648115237366379,0.04989492939566431,-0.26897891109206573,0.014476505908786607,0.029875945132424267,-0.32530136630055684,0.44488930940058147,0.09258935638259924,0.09295741225983747,,True,True,True
Japan,1953,0.12064266477675406,-0.01971887563368424,0.07301659961266861,0.040137464486124146,-0.1253868223152824,,0.0034415363272140426,0.0655327817820508,0.13419982558956778,-0.012305578689612696,0.009233304786541748,-0.13721041189008754,0.21245183477543828,0.08442566324468365,0.1240696472815179,,True,True,True
Japan,1954,0.11910828757502234,0.0005441803009591795,0.05118851523371598,0.02545019188435503,-0.05765823743569258,,0.0033243038008946638,0.06431937741960092,-0.11535830242104184,-0.002737727196583365,-0.000188933325803149,-0.1532579410036048,0.20206586578381125,0.043443359349168875,0.08392909937347065,,True,True,True
Japan,1955,0.12296153711952919,-0.00903239550062089,0.08335429984039333,0.022763229775966877,-0.01610884514241362,,0.046686010939937135,-0.01191019202146315,-0.06180512141712746,0.010252324110871675,-0.0015969939251081263,-0.130256337835293,0.13469421795959868,0.017196929390705384,0.049693373340508495,0.07890540469736002,True,True,True
Japan,1956,0.10367735315152835,-0.016965311625225715,0.06662096424395929,0.024480407841098777,-0.0037935251090431277,,0.06004211543887565,0.004464468285235279,-0.06106831349681552,-0.0013633682859181418,0.0020504095427900586,-0.11134126361781205,0.10382068264087785,0.036540043708493286,0.06616246930840791,0.1168358258159563,True,True,True
Japan,1957,0.0876961524208928,-0.031412135154129536,0.08025472179045248,0.028372336826166213,0.017026436286963167,-0.005742000000000011,0.10411159511723689,0.031110938384517173,-0.03320843903508375,-0.02168181656901387,-0.004264286914686777,-0.03532007838441975,-0.5240891607925928,0.05266131808067409,0.0758396517745018,0.124619096072967,True,True,True
Japan,1958,0.09079416805261246,-0.03216736906691672,0.062413275890011215,0.017897156583235915,0.021725741014644487,-0.0128833,0.07357830498305362,-0.004310321618913315,0.007599870402549835,0.008709516803692667,-0.004778556017079779,0.01908605621244397,-0.5303929145826811,0.07811337152043901,0.09423178397892035,0.13944287535248706,True,True,True
Japan,1959,0.0901611858674534,-0.01351616728407494,0.08068472625953331,0.017295907169668095,0.023970011848250178,0.023466700000000007,0.09518040703683851,0.008658162123880597,0.004193693838645318,0.010863818008893928,-0.0007028272521424229,0.0352437919883033,-0.5332618063040797,0.07004597856261824,0.09074881711514626,0.1303832122937693,True,True,True
Japan,1960,0.0803498075608791,-0.007346344860013704,0.06625311137025179,0.021724392569807564,-0.0024138223063761843,0.016999999999999987,0.08667518874837019,0.038626593249922125,0.007515654865404953,0.0033941922709357455,0.007655842361174115,-0.041581062448384776,0.08929582771901812,0.0418178217111948,0.07333602512550658,0.10667993284188487,True,True,True
Japan,1961,0.0606295238661828,-0.030164644186429668,0.06905757596665466,0.03238477310872895,-0.022916013482325345,0.06529170000000001,0.11453211433762311,0.05371890161332793,0.058029223232241245,-0.018942724898508,-0.0015615715395594406,-0.10527507897579969,0.0889448842595435,0.015650957179138225,0.0473837623736445,0.07828437572298558,True,True,True
Japan,1962,0.05735480634875139,-0.032806379518702015,0.04179945684282227,0.023434447008682174,-0.04632434992548075,0.009524999999999978,0.04489594615669442,0.06666666666666665,0.058008504542786055,-0.0008717249928222142,-0.005473419206798155,-0.1186995055830895,0.08341367900873808,0.05591201867552609,0.08368270809305417,0.1216116897193591,True,True,True
Japan,1963,0.045163066271169644,-0.03518674128970946,0.033556576406959346,0.011760766428740136,-0.04532290108498423,0.020158300000000004,0.02973615310544922,0.07720597240365779,0.03857937915373566,-0.011833617380501092,-0.0105493557572771,-0.14254405578598428,0.09173142066749684,0.08840974825320091,0.11240515385355476,0.15727804465710604,True,True,True
Japan,1964,0.044382378773474736,-0.01624714509270806,0.026216412937714626,0.007655787639843672,-0.06395302669848929,-0.031322,0.008448249464869044,0.03754261253506841,-0.01617628907825952,-0.006174406678108276,-0.0062932496838105255,-0.1129576738303425,0.12511558565042646,0.05384217160977378,0.07439890053224818,0.1194924304110806,True,True,True
Japan,1965,0.05232810015015414,-0.005026706198597249,0.035772937369368235,-0.0018572926407411541,-0.06032408676960781,0.0038649999999999934,0.013360665815807027,0.06578941761385271,-0.0008772490528139443,0.010946023245907625,-0.0023540002709005795,-0.1525566793526526,0.11378108258953934,0.047945500399826035,0.0726809002144655,0.11148114441480494,True,True,True
Japan,1966,0.06706165662020862,0.021898590349038974,0.04463949958488566,-0.009166822124258206,-0.06841352189862875,0.010200000000000008,0.01666627772238332,0.05246913668392894,-0.024736835719728845,0.012615561959654178,0.005795726175817844,-0.0820506658465664,0.14492506788449955,0.015092400281149998,0.04775194850515918,0.0813949168678324,True,True,True
Japan,1967,0.08221281332489332,0.03783043455141858,0.05364828620695488,-0.0026946563411002784,-0.06659087107699573,0.0052249999999999935,0.016997738029997156,0.03812323161222686,0.0005806190771584507,-0.0016395971428890801,0.007307329354224242,-0.06201281141687398,0.1490319402578386,-0.0016208854942649786,0.025634563389891674,0.05723439188254942,True,True,True
Japan,1968,0.08709909549201958,0.03477099534186544,0.05745489427267391,0.0006746681790875259,-0.08775215808057964,-0.008466699999999994,0.022245082849074484,0.05367228315662076,-0.012117134457231948,0.0073790417726130675,0.0061183355297927235,-0.07374212743390152,0.1975089339910323,-0.013429818198633092,-0.005626254503310779,0.02890521152333425,True,True,True
Japan,1969,0.11963314653542653,0.052571489915217914,0.07918736084132372,0.00444084185284516,-0.09274781112505916,-0.0060916999999999916,0.022436708947515344,0.05361925838860637,0.0011501217046774315,0.012803440202221154,0.006180961610648382,-0.04017112272025147,0.23503539456997613,-0.012271012276760085,-0.012008494618379606,0.017996538058661193,True,True,True
Japan,1970,0.106419,0.024206186675106683,0.0697310616556438,0.0057205486447406955,-0.10411906381565672,-0.010958399999999993,0.01067414102583595,0.07633593537726502,0.03821270376503816,0.010310191983355355,0.010164224652729861,-0.04118288428213879,0.22669471423148257,-0.008844840850444347,-0.011531238132330812,0.005240933572724815,True,True,True
Japan,1971,0.11794700000000001,0.03084790450798043,0.08005687949947231,-0.0026864857893790454,-0.07671909375565396,0.008625000000000008,0.009217092841573502,0.060693627709408116,0.007021344552787356,0.022639759210818164,0.015251130465464892,-0.18359543893376784,0.24560874829584045,0.058665366203538793,0.05717443927688892,0.06521339543837679,True,True,True
Japan,1972,0.156052,0.036418853464573464,0.0916085955931937,-0.0046492508816101345,-0.06050096003688983,0.01972170000000001,0.00583298186252218,0.046321491325760356,-0.007297767062846017,0.02167904548327604,0.018209665559149855,-0.2336799032234439,0.2749333590962326,0.0991207837183018,0.10649023669236424,0.11237632259044039,True,True,True
Japan,1973,0.152812,0.046393000000000004,0.08651878725497214,0.008005448159605801,-0.06328378489500962,0.0010174999999999906,-0.0012411641351319225,0.11458337337022728,0.03824743799296226,-0.00032387302541109583,0.014664977222894372,-0.3187032008790246,0.2718711531711919,0.04545699120320468,0.06201737046847322,0.07153345434459502,True,True,True
Japan,1974,0.160718,0.04277099999999999,0.11934848084752418,-0.002684163758320715,-0.09583273361262092,-0.0327827,-0.042802367402318686,0.24532713751096846,0.18463350980156035,-0.01058383627400297,0.0035904453946206606,-0.19810793464226972,0.17968512632547773,-0.01682459914885781,0.0053867976669997875,0.015899041820829463,True,True,True
Japan,1975,0.203204,0.047152,0.17754774763816109,-0.016651969042657748,-0.0940236919859083,-0.014713000000000004,-0.06736978533472454,0.11819884512297785,0.07187735379721749,-0.0013989945195449788,-0.004102234606319679,-0.1618677284535992,0.12811959821741703,-0.022937603256434347,0.003672870242683479,0.019782701705417405,True,True,True
Japan,1976,0.25947,0.10665799999999998,0.2090699105623764,-0.016066093911576,-0.06851323976435351,0.017413300000000007,-0.06531193820124122,0.09395973196977736,-0.02062364140044992,0.006527617571363477,-0.001818404407394822,-0.12027205344961767,0.09061919333342816,-0.02247064236595886,-0.007297458386845257,0.01370410971616054,True,True,True
Japan,1977,0.309279,0.14856100000000003,0.21026804267558147,-0.026112737237116553,-0.0424492401844964,0.016477499999999992,-0.024029388737532964,0.07975458911984368,-0.16557254839112479,0.015781771557250756,0.006970131536356419,-0.25788741620675726,0.09816282814434607,-0.016712667619264265,-0.027141944657418593,-0.0018800023034163393,True,True,True
Japan,1978,0.39128700000000005,0.18808300000000006,0.19499166229748607,-0.020710484077139588,-0.034476096733401754,0.01735500000000001,-0.009763877281011184,0.0383523107534125,-0.07984653436956535,0.017018278987554557,0.013109222705389598,-0.3697696092516122,0.07405055439113939,-0.01222653532195217,-0.031164839937699362,-0.014776111453364216,True,True,True
Japan,1979,0.436755,0.17728500000000003,0.276284542077762,-0.019985791392733508,-0.023854746302700083,0.018303099999999996,0.025650130323852223,0.035567709155187144,-0.058392022814590216,-0.008645061580723874,0.008051662988027149,-0.11538797921051513,0.06506244501362946,-0.020398036861191016,-0.029174479730870395,-0.031643398622907104,True,True,True
Japan,1980,0.48714599999999997,0.17786699999999994,0.3534721438064905,-0.006850944229972698,-0.012900102024937021,-0.01714800000000001,0.04064957955929157,0.08058124141352563,0.0008266522936819509,-0.010036124040360946,-0.000554302211176751,-0.0461453817014601,0.030531980720490903,-0.027075358605524347,-0.032780764081688285,-0.05056776116602002,True,True,True
Japan,1981,0.531128,0.139841,0.35711024783284584,-0.004932210669459702,-0.0014164064177489277,0.0122588,0.03158377810408307,0.04889971511903801,0.010547404365625512,0.00402412147094131,-0.004885688050047834,0.28274146410178336,0.0014143262042991545,-0.011380763231180313,-0.02050545984419716,-0.03826171848929527,True,True,True
Japan,1982,0.58117,0.14441499999999996,0.36367478277062854,0.003163302204073813,0.010528415719521927,0.011197499999999999,0.028454164920485935,0.02680654870597854,-0.008761160449208605,0.006217151743281139,6.838305795383703e-05,0.08709024053149506,0.003258721535447373,0.011286138942491974,0.003375906540675877,-0.008044189221698472,True,True,True
Japan,1983,0.6429389999999999,0.15579299999999996,0.3643222787683176,0.0009993889453009594,0.027081885869482965,0.010269100000000003,0.0429025539310032,0.018161174381973844,-0.062420067031551785,0.017335109344299045,0.009192127519507168,0.26222806738971305,0.03964201974608916,0.03216871853861414,0.02835728892246292,0.02140304991444464,True,True,True
Japan,1984,0.661719,0.1305909999999999,0.34092978382641964,0.007192774274051912,0.02718098388071151,0.007050199999999993,0.04562857655935017,0.0222965472339971,-0.026603167885040913,0.02745114954737175,0.01700113687831731,0.23048070864847636,0.04862468665310704,0.03672378121549413,0.038891836425689386,0.03366494284933841,True,True,True
Japan,1985,0.6831520000000001,0.10198200000000013,0.32965298612845206,0.011829983379223877,0.019066671156055773,-0.009739999999999999,0.0433793111286158,0.01962924499818164,-0.0071773037077969,0.03678867430091834,0.027191644397529715,-0.09688866458029932,0.03661697053708046,0.0919607482419641,0.10725132327063636,0.10940703369896587,True,True,True
Japan,1986,0.7429810000000001,0.10004200000000019,0.2746107693584934,0.012997128754219042,0.012622219049252793,-0.00017150000000000498,0.0333274009280512,0.006417104983667654,-0.01174406939830619,0.041829069795439565,0.03535629788124322,-0.2840016651815813,0.04495633418655465,0.1608955775463211,0.19298519596416386,0.20957198088744233,True,True,True
Japan,1987,0.764093,0.10237400000000008,0.2270605743118714,0.010906558485930081,0.009976848506072479,0.0054287999999999975,0.033080352889552384,0.0010626913494935497,-0.02123385588450355,0.03440614777866686,0.037674630625008254,-0.47877811204205656,0.054673286562593404,0.13845203872219747,0.1827746309813596,0.21652601159189022,True,True,True
Japan,1988,0.7236190000000001,0.04046700000000003,0.2136509577106162,0.014241330032731082,0.0007211296014843771,0.004393899999999999,0.037771440281548815,0.007430982822192345,-0.012198262175989294,0.02664708016354343,0.03429409924588329,-0.3255963709867745,0.07130296756426646,0.0845188713630135,0.13683757254814055,0.18579711697665102,True,True,True
Japan,1989,0.656758,-0.08622300000000016,0.22646937696800806,0.01918003767532656,-0.011557654400956345,-0.0006292999999999924,0.04033429135849529,0.02212855175282824,0.015711446769160586,0.021244159838214073,0.027432462593474788,-0.021564070754245823,0.05801487222182322,0.04913543555734323,0.11033590885472777,0.17090918169907454,True,True,True
Japan,1990,0.629799,-0.13429400000000002,0.3118072392863643,0.03863849320267553,-0.015052154073767803,-0.0003540000000000071,0.053462541848963985,0.03092783987808745,0.0298651485285939,0.014623693941248607,0.020838311314335372,0.1632753728418619,0.04286947278223563,0.008499014435140118,0.0645382617236171,0.13104239566626474,True,True,True
Japan,1991,0.624362,-0.09925700000000015,0.28336351136162646,0.03424979118191403,-0.007010017279504038,-0.009995099999999993,0.03657282941200714,0.03300002013306291,0.025569037310870568,0.019542123186439147,0.018469992321967273,0.03734806020782799,0.02384907212572207,-0.014993283380115185,0.01229634600077023,0.08249619211051817,True,True,True
Japan,1992,0.669336,0.012578000000000089,0.25564860881059465,0.01591113065537687,0.00790770088636171,0.0028435999999999947,0.022646776961617248,0.016456909103997885,-0.005671642648830355,0.02960692729440404,0.0212575814740306,-0.10460749439613792,0.018054343827971442,-0.01455202215369078,-0.010751511140694059,0.05277008391022853,True,True,True
Japan,1993,0.726271,0.096472,0.20262305664253258,0.003907633865591585,0.018150087207670286,0.0063315,0.015994909432988366,0.013333342463974107,-0.01759449741411334,0.030329692467704946,0.02649291431618271,-0.14828054994864936,-0.0006229582011715307,0.1039864641887589,0.11068666753615253,0.15870921536541682,True,True,True
Japan,1994,0.834323,0.20996100000000006,0.2598411856211504,0.006163942175562188,0.025748642270574044,0.0151846,0.0250186381338397,0.0065789340305089095,-0.026421086102554003,0.02611,0.028682206587369665,-0.17579942471063414,-1.4789828045480569e-05,0.03855299920504007,0.04682164017635271,0.07363874030366069,True,True,True
Japan,1995,0.942299,0.27296299999999996,0.19913176595774718,-0.0019292728773989895,0.019427380550857888,0.0131821,0.018990507797695726,-0.0009336998875701941,-0.01739060899156808,0.01991,0.025449897489234985,-0.1330116100863321,0.0053739893783975035,0.01574210335828452,0.026160430696222314,0.040301537265024945,True,True,True
Japan,1996,0.9919410000000001,0.2656700000000001,0.18661837738177905,-0.0049717466792182745,0.010352470521232351,0.017551800000000003,0.020056731119751675,0.0009345724978062631,-0.012398769966167844,0.013999999999999999,0.020006666666666666,0.1058660410631076,0.02245528079173864,-0.016081471428440408,0.0014928596341404754,0.012095536192090806,True,True,True
Japan,1997,1.048312,0.21398899999999987,0.1510511082285452,-0.011226552052782914,-0.0026312114450084724,0.012034600000000001,0.01096122939491435,0.017740439205020886,0.011161505174511976,0.02117,0.018359999999999998,0.3750260611516827,0.016293248374323444,-0.03790442877768274,-0.014438415213557154,-0.0033072389865116403,True,True,True
Japan,1998,1.1604590000000001,0.21816000000000013,0.11261710554902603,-0.02498617923153943,0.0033748584403694055,0.007251900000000001,0.0026010276481398583,0.0064220053527532794,0.0073557052403234735,0.028090000000000004,0.02108666666666667,0.16562667856850122,-0.0022493310887665707,-0.017899290345533392,-0.0201943330455443,-0.0060026593207382906,True,True,True
Japan,1999,1.290302,0.298361,0.20713344230937553,-0.023445014551642076,0.012389994409292919,0.0171227,0.010565722081139733,-0.002734710801193363,-0.003669283298999626,0.024650000000000002,0.024636666666666668,-0.08789283361701594,-0.01222947854323908,-0.009769352765128803,-0.02763995248061324,-0.008387488711023572,True,True,True
Japan,2000,1.356473,0.30816100000000013,0.20270875345056752,-0.01949237585969339,0.018742866638297655,0.0163912,0.0186834448354186,-0.007312629057815712,-0.025053068262836597,0.02628,0.026340000000000002,-0.0502145144214865,-0.011487237341330059,-0.039175083212080186,-0.05228264929764703,-0.05135764605782245,True,True,True
Japan,2001,1.444434,0.28397499999999987,0.17003130645097048,-0.032734711530847185,0.016286627717889374,0.0127161,0.019110610493337208,-0.0073970916210025495,-0.013819096973755829,0.0197,0.023543333333333333,0.26006708493095543,-0.01797891753931735,-0.05341488952487161,-0.06710344714838479,-0.08021799874319557,True,True,True
Japan,2002,1.542849,0.25254699999999985,0.186634037919562,-0.04455759028402156,0.015059520084765113,0.0123906,0.02048376076307635,-0.009241561610410787,-0.006506850809217424,0.02609,0.02402333333333333,0.29804224767799914,-0.03731716186608225,-0.06494020877951945,-0.08026879846150792,-0.1075538144224476,True,True,True
Japan,2003,1.6006970000000003,0.24422400000000022,0.16101935637419237,-0.052355374544032746,0.012676732049888742,0.0101031,0.016524889401355384,-0.002585914972652814,0.0047267140851628975,0.030849999999999992,0.025546666666666662,0.015283053663671442,-0.04731417419226325,-0.07410694437558563,-0.09638414271287721,-0.12213834662241463,True,True,True
Japan,2004,1.689246,0.24481200000000003,0.2417844638759109,-0.039532240667134455,0.003626635742928897,0.014983191669999998,0.018968486099984565,-0.00010288171689010195,0.0072942099041124475,0.03721,0.03138333333333333,-0.14701225642137017,-0.021281373679160054,-0.07026591627878354,-0.1029900680961725,-0.1321724115437819,True,True,True
Japan,2005,1.7429320000000001,0.20008300000000023,0.20638485448926638,-0.035060983627363485,-0.002145680590730177,0.0135834167,0.015435245003926965,-0.002829538322237979,0.006412023288172808,0.03521,0.034423333333333334,0.07436020255576392,0.025049864608342354,-0.04962106625720919,-0.08419625742746517,-0.11839964418636684,True,True,True
Japan,2006,1.740333,0.13963599999999965,0.21235675907406656,0.00021809622789373262,-0.0019498960198398602,0.01606723,0.017450741312476564,0.0025176961016983856,0.0051036110743512,0.037919999999999995,0.03678,0.2180298052429277,0.028733325528461418,-0.022870892506602902,-0.05269218214085725,-0.09365866072413176,True,True,True
Japan,2007,1.72809,0.03884399999999988,0.24233858921509355,-0.026493746337964794,-0.0013653118795081964,0.01180268,0.01642386630458701,0.0006278433067785638,0.0007307250236686658,0.046329999999999996,0.039819999999999994,0.20144409559135212,0.01065197213529534,-0.010579430748049012,-0.03554006737393611,-0.07823616985506465,True,True,True
Japan,2008,1.807147,0.06421499999999991,0.2086705385768043,-0.024305301591180415,0.0011912574203124422,0.009877530000000002,0.008828176766363462,0.01384503029243267,0.01667456861467065,0.02792,0.03739,-0.16611244854008722,-0.024539147370349235,0.0256881631150232,0.010879898675372535,-0.027374565016956343,True,True,True
Japan,2009,1.987026,0.24669300000000005,0.23754749323477006,-0.051432481953332936,0.028828922434749,0.0123725,0.013098586681187517,-0.013493633642773784,-0.01601132974447217,0.02745,0.03389999999999999,-0.17706861356494208,-0.04246251340571783,0.05411560643801627,0.05362172751886862,0.026373580868098045,True,True,True
Japan,2010,2.056931,0.32884100000000016,0.2273368780001631,-0.05025351847200073,0.021606303795098872,0.0105733,0.013797708638077584,-0.007219622563891637,-0.0078474658706702,0.03838,0.03125,-0.24312494484070302,-0.03987974361052393,0.009046457558361753,0.016890965881964703,0.00020275843584105502,True,True,True
Japan,2011,2.190945,0.3837980000000001,0.2244359968705454,-0.058029697986570906,0.023481768195604026,0.0104058,0.018995871042710902,-0.0027244569214672776,-0.016569487213899947,0.020840000000000004,0.02889,-0.0838002170459421,-0.011936737683333476,0.015719232935670124,0.027273231178153168,0.023367317139902033,True,True,True
Japan,2012,2.2609280000000003,0.2739020000000003,0.167791210933889,-0.054712866268030264,-0.005797355073243065,0.007565837000000001,0.011893337297030942,-0.0005609224057339102,0.012932711237039873,0.00951,0.02291,0.017323298159018563,-0.01217365898209466,0.007563831013142397,0.022570714614738807,0.029510931511401273,True,True,True
Japan,2013,2.2962610000000003,0.23933000000000026,0.1332206772372364,-0.05163377939952064,-0.002804446069930293,0.0062499999999999995,0.006951865446308207,0.003429782988276564,0.0106494055521682,0.008819999999999998,0.013056666666666666,0.38180534705283886,-0.011813918820888225,0.0026446941459424833,0.014788142756197442,0.027989429744299743,True,True,True
Japan,2014,2.335278,0.14433300000000004,0.09450406465375173,-0.03981010163665488,-0.017479339460560343,0.004583333333333333,-0.0048983801807848705,0.027613779959811957,0.030338236881279235,0.00751,0.00861333333333333,0.5873303293192389,-0.049467672876150615,0.00829263061232799,0.008769656191301323,0.025633494184943095,True,True,True
Japan,2015,2.283968,0.02303999999999995,0.0605343542878918,-0.036476233252086286,-0.02225498988086034,0.002738333333333337,-0.009521997228849225,0.007922428738459164,0.008483351144193074,0.0307,0.01567666666666666,0.38485132514127196,-0.03473002173220319,-0.004966859945111923,-0.0043609231674260895,0.009835039136406376,True,True,True
Japan,2016,2.325199,0.028937999999999686,-0.012097395820884236,-0.046056078913923805,-0.018547036334748957,-0.0003975,-0.012125395299271709,-0.0011400228004559976,-0.004569805788732562,0.039529999999999996,0.02591333333333333,0.10626405182635201,-0.019139049067655844,0.008289896103750527,0.01248464586694753,0.019127816120316665,True,True,True
Japan,2017,2.314161,-0.021117000000000274,0.009050929031147147,-0.03424126346404115,-0.01714140700420995,0.0009966667,-0.0033648973433085642,0.004862286191922527,-0.02275149376788943,0.041280000000000004,0.03717,-0.041221972691299014,0.008743578709897504,0.013000315929550088,0.01514510732453711,0.01947259372009491,True,True,True
Japan,2018,2.325092,0.04112399999999994,0.011199831089610677,-0.030094656616660845,-0.01566341004498178,0.00125416667,-0.0038876026769304856,0.009890544639324927,0.0019681159008657634,0.03529339426277882,0.038701131420926266,-0.03827532514624166,0.02591373432802979,,,,True,True,True
Japan,2019,2.348592,0.023392999999999997,-0.01960307251276108,-0.040343877363219066,-0.015973575946284013,-0.0005850003300000001,-0.007582069513791544,0.00468087671012718,0.005820899510583177,0.03445437860256348,0.03700925762178076,-0.023772671565182257,0.028831742640486935,,,,True,True,True
Japan,2020,2.539057,0.2248960000000002,,,0.006074651069068302,0.00029666666000000003,-0.004821325116218075,-0.0002699460107978835,-0.00513223220272041,0.03262228385146744,0.03412335223893657,-0.04445299356415555,0.015387327708303644,,,,False,False,True
Netherlands,1870,1.001,,0.435681998858862,0.045703086146856704,,0.009230000000000002,,,,0.14687447911000234,,,,,,,True,True,False
Netherlands,1871,0.969407,,0.4396977274315961,0.040460772239575685,,0.018860000000000002,,0.09765073372854549,,0.10770587315521318,,,,,,,True,True,False
Netherlands,1872,0.8661639999999999,,0.39888679618341105,0.03627796019450131,,-0.004950000000000003,,0.11560965933789014,,0.046534951826627695,0.10037176803061441,,,,,,True,True,True
Netherlands,1873,0.797144,-0.20385599999999993,0.3688684669599203,0.03520364593103508,-0.04286138320756466,-0.0038000000000000048,-0.03493399755755118,0.020841599606217898,,-0.013717180402768335,0.046841214859690845,-0.25220562005778624,-0.0277777777777779,,,,True,True,True
Netherlands,1874,0.816998,-0.15240900000000002,0.35188864107950446,0.03564739635575727,-0.0010163229356665096,0.004369999999999992,-0.005367130696234942,-0.0022398668554032275,-0.09989060058394872,0.06938253803296379,0.03406676981894105,-0.1757419226396193,0.043478260869564966,,,,True,True,True
Netherlands,1875,0.836512,-0.0296519999999999,0.30866032394185683,0.03408894838045439,0.05934092787818238,0.007780000000000002,0.0699539147035627,-0.10942347686150278,-0.2250331361993929,0.06676334042385215,0.040809566018015865,-0.04814011372372906,0.23880597014925353,,,,True,True,True
Netherlands,1876,0.849666,0.05252200000000007,0.35873751017785593,0.02773025283378411,0.07868645059179327,0.0125,0.08448169602320688,-0.021781744352714627,-0.042623343958932525,0.035303899009361116,0.05714992582205902,0.058862438709244236,0.2571428571428571,,,,True,True,True
Netherlands,1877,0.829338,0.012340000000000018,0.37030821047835993,0.018896526061469902,0.048132932717108556,0.012029999999999996,0.06980679233157105,0.04037484421950421,0.04261471107490744,0.0005207701904448784,0.03419600320788605,0.10366201666699348,0.23611111111111138,,,,True,True,True
Netherlands,1878,0.8733719999999999,0.03685999999999989,0.34775142695287753,0.02945527945374797,0.04547722176393379,0.006900000000000003,0.049657705695967135,-0.04756621695469099,0.06185725990681179,-0.011781141174441852,0.008014509341788047,0.09234393598078294,0.14457831325301207,,,,True,True,True
Netherlands,1879,0.925685,0.07601899999999995,0.3273098313928913,0.03244185402970065,0.07102924853495751,0.008170000000000004,0.05793617139037292,-0.05210714143593198,-0.030325397083217354,0.02313233936239476,0.003957322792799262,0.1064678722325012,0.09090909090909083,,,,True,True,True
Netherlands,1880,0.869809,0.040471000000000035,0.32262305721597184,0.036078125558056014,0.06264760117167355,0.013399999999999995,0.06546198701091348,0.018487397357882518,-0.021887446861621696,0.020259447015957176,0.010536881734636695,0.11089341571523126,0.044943820224718545,,,,True,True,True
Netherlands,1881,0.866929,-0.0064429999999999765,0.32951883181943764,0.020787595142998407,0.036578474953882764,0.006500000000000006,0.04203696916005287,0.019108836597890866,0.06667505355258185,0.06013227395442375,0.03450802011092523,0.05528724714892519,-0.021052631578947545,,,,True,True,True
Netherlands,1882,0.833669,-0.09201599999999999,0.3209589464409811,0.01950696907274978,-0.0001735144516766332,-0.0051,0.025625613499288366,-0.0019730744536384792,0.0501340669822935,0.09026635578067134,0.05688602558368409,-0.011312284893589819,-0.04166666666666685,,,,True,True,True
Netherlands,1883,0.8520869999999999,-0.017722000000000127,0.3329771606669909,0.013067056645844882,0.030697460628550843,0.0002999999999999947,0.05710872644894047,-0.07326194149107379,-0.09174933884895631,0.00999743846102673,0.05346535606537395,0.04346905595741202,0.06451612903225801,,,,True,True,True
Netherlands,1884,0.8696269999999999,0.002697999999999978,0.28614354043551204,0.03174762371049951,0.053638052521188084,0.009500000000000001,0.07907842137374771,-0.04950024817653087,-0.06860908477442174,0.055343221406981113,0.051869005216226394,0.08597899987234192,0.13978494623655902,,,,True,True,True
Netherlands,1885,0.916015,0.08234600000000003,0.3155017924933015,0.027570285125918775,0.07304186346803718,0.012300000000000002,0.09610450140343926,-0.05755131454271312,-0.05557824008907464,0.11452249908262073,0.05995438631687619,0.13627659152942484,0.19565217391304346,,,,True,True,True
Netherlands,1886,0.9462550000000001,0.09416800000000014,0.2828779974694751,0.03088038476820375,0.07903204275332584,0.0144,0.08332624675658247,-0.042127177550503436,0.031134763940570354,0.18970139892090068,0.11985570647016751,0.08352585067518703,0.13131313131313127,,,,True,True,True
Netherlands,1887,1.01281,0.14318300000000006,0.3282417196436046,0.03160376848623716,0.049541730103545845,0.012499999999999997,0.057713603706233296,0.027937680974516654,0.07743792915104752,0.17247614410284237,0.1589000140354546,0.04002705311599519,0.009433962264151052,,,,True,True,True
Netherlands,1888,0.982224,0.06620899999999996,0.3033538629480009,0.029376364750063534,0.03170415373573184,0.011200000000000002,0.0370522585461506,0.0005327209375349806,0.0580840354802481,0.156488924029428,0.17288882235105704,-0.0021916368105623363,-0.045454545454545414,,,,True,True,True
Netherlands,1889,0.934837,-0.01141800000000004,0.276656351984684,0.028759896230532378,0.0010793981813313445,0.008100000000000003,0.011672545826627027,0.026211960608067297,0.06833913815857073,0.13983069798210038,0.1562652553714569,-0.06977182978043583,-0.06249999999999989,,,,True,True,True
Netherlands,1890,0.9314979999999999,-0.08131200000000005,0.25607199589895385,0.011986338437327937,0.025460392341476516,0.005999999999999998,0.016990580744384823,0.017983576221243247,-0.009954104753273407,0.15907252674324837,0.15179738291825892,-0.08693210906975424,-0.01869158878504673,,,,True,True,True
Netherlands,1891,0.920976,-0.06124799999999997,0.28107955048824346,0.029010744,0.022372748963418475,0.004,0.010382225097206016,0.01915778787907141,0.018625066941536428,0.121789998100313,0.14023107427522058,-0.10317272495082408,-0.07619047619047592,,,,True,True,True
Netherlands,1892,0.9644419999999999,0.02960499999999988,0.2659153903072861,0.012488954056804873,0.059887600048423334,0.010099999999999998,0.04450104560933216,-0.08034450092831114,-0.10655646153637843,0.15407708758386257,0.14497987080914132,0.028291048345562286,0.019047619047619202,,,,True,True,True
Netherlands,1893,1.01368,0.08218199999999998,0.280219968269894,0.023259961835047818,0.0604067887089797,0.0008000000000000021,0.05542615123538534,-0.016291740656916298,-0.034275316878159545,0.16651635219725705,0.14746114596047755,0.07387722059312507,0.06666666666666643,,,,True,True,True
Netherlands,1894,0.976098,0.055122000000000004,0.24001677629591328,0.0275909230905256,0.049603831406757004,0.0091,0.06122936373586789,-0.0072518496223762385,-0.026409637501447647,0.07279555400102046,0.1311296645940467,0.04885531104703422,0.17525773195876293,,,,True,True,True
Netherlands,1895,0.984963,0.020521000000000122,0.24275954190538207,0.025668663790352958,0.0468876109268226,0.0115,0.05192523785234656,-0.051532123277747144,0.02881237765056399,0.06813169095491632,0.1024811990510646,-0.0004950890960970789,0.13084112149532712,,,,True,True,True
Netherlands,1896,0.940121,-0.07355899999999993,0.25136371515222394,0.02710489774937208,0.020847366147114344,0.003599999999999999,0.04405973660552846,0.010604763083537971,0.02689650374045427,0.009768871867151063,0.05023203894102928,-0.01658477705888528,0.10714285714285743,,,,True,True,True
Netherlands,1897,0.9391849999999999,-0.036913000000000085,0.2526413560290855,0.02434397250308455,0.03312518118710134,0.0052,0.044889851506216064,-0.008542194324439034,-0.0012903447020627956,0.043006678309705226,0.04030241371059087,0.024971751920189522,0.04385964912280693,,,,True,True,True
Netherlands,1898,0.9008320000000001,-0.08413099999999996,0.24031727481123477,0.023740755007808402,0.01010930180161675,0.0038999999999999972,0.02439266776334221,0.011159427950874434,0.06269155122862158,0.01674437010065616,0.023173306759170814,-0.017904344393142035,-0.05785123966942152,,,,True,True,True
Netherlands,1899,0.920092,-0.020028999999999963,0.27208658046666745,0.027455987396385776,0.023388926398749003,-0.0010000000000000009,0.030002244313606007,0.001576033432746593,-0.009028729650791378,0.037809651985234866,0.03252023346519875,-0.012436853570292228,-0.10483870967741926,,,,True,True,True
Netherlands,1900,0.886223,-0.052961999999999954,0.27588212074610796,0.029838578561302752,0.012471493011516115,-0.0015000000000000013,0.0068273472476885165,0.06548249687331342,0.07402469119775246,0.04984264006123132,0.03479888738237411,-0.06275631788760516,-0.1596638655462186,,,,True,True,True
Netherlands,1901,0.881452,-0.019380000000000064,0.28013844971833196,0.02922535970149636,0.01287139258294756,0.0024000000000000063,0.0158542159522323,-0.0174211781627569,-0.028580606113631335,0.019456395123693546,0.03570289572338658,-0.03099996528880733,-0.10526315789473661,,,,True,True,True
Netherlands,1902,0.866648,-0.05344400000000005,0.2532693152867418,0.025953605399585918,0.0017611139496714993,0.005999999999999995,0.01191380011220956,0.00829728095281479,0.0067212475200681965,0.019835641292588076,0.029711558825837647,-0.024184421058975447,-0.07207207207207211,,,,True,True,True
Netherlands,1903,0.851734,-0.03448899999999999,0.24921297356144156,0.027769533698515092,0.011168581798869502,-0.0007999999999999986,0.02555432013229018,0.025760936813071567,-0.039721560060241856,0.02170627675983085,0.020332771058704156,0.03272057018553842,0.010000000000000009,,,,True,True,True
Netherlands,1904,0.816392,-0.06506,0.2446082617891162,0.023035605342516828,0.0036296457493995467,0.003500000000000003,0.007347581400370021,0.037499038033003584,0.054920216195760485,0.07776371496015035,0.03976854433752309,-0.022902741425643858,-0.06862745098039247,0.05081862468879489,,,True,True,True
Netherlands,1905,0.8103189999999999,-0.05632900000000007,0.2489272765146592,0.026775008893645817,0.014201664575599095,0.007700000000000002,0.020377206505150854,-0.029591594361527696,-0.037888875314342485,0.017475480980004964,0.03898182423332872,-0.005199958386892578,-0.009708737864077888,0.06635548077098452,,,True,True,True
Netherlands,1906,0.764063,-0.08767099999999994,0.24259754240847234,0.026415069992067105,-0.005143898952049079,-0.005999999999999998,0.008383489620744138,0.062042087466291695,0.03628115065322013,-0.019199887805587176,0.025346436044856046,-0.04311620121036408,-0.029702970297029396,0.04311015101315363,0.07022569197867023,,True,True,True
Netherlands,1907,0.777829,-0.038563000000000014,0.253488330599771,0.02685013291647136,0.01097428517640884,-0.015500000000000007,0.01495336992634564,0.021989397116199072,-0.015509640916804512,-0.03461018106637712,-0.012111529297319778,0.006338128082762795,0.05263157894736881,0.020738726497653848,0.04529388863824935,,True,True,True
Netherlands,1908,0.8066549999999999,-0.0036640000000000006,0.25944048166189104,0.020514141455075574,0.01793808360398956,0.002999999999999999,0.012179820043173768,-0.021270944712012074,0.008320649649515621,-0.005230099374345193,-0.019680056082103162,-0.015299711122503945,-0.009803921568627194,0.031218290969031948,0.05378259505854999,,True,True,True
Netherlands,1909,0.770709,0.00664599999999993,0.24810669530459653,0.022011252058404526,0.027146419009197603,0.012,0.03174228979142425,0.0021546782215402516,-0.059887409244751444,0.0010636440805318246,-0.01292554545339683,0.0005151760312449571,-1.1102230246251565e-16,0.016741897794863236,0.03595214833429172,0.07082950192398985,True,True,True
Netherlands,1910,0.729979,-0.04784999999999995,0.237301369509862,0.021724807969228918,0.003941340472545778,-0.0039000000000000007,0.029478953984822465,0.028179404536004427,0.0061900074198053545,-0.0021994604838481936,-0.002121971925887187,-0.001615775490519944,-0.019999999999999796,0.001342356598314276,0.011861968119476596,0.04119185771672962,True,True,True
Netherlands,1911,0.67887,-0.12778499999999993,0.2554277762435472,0.02298793525329741,-0.01694319064053952,0.003500000000000003,0.015728150615866143,0.028081465394856897,0.04935241010686897,-0.05944749847168465,-0.02019443829166701,-0.029369859564276846,-0.049504950495049216,-0.005492384147154694,-0.0012168514850241507,0.023430893025463195,True,True,True
Netherlands,1912,0.653097,-0.11761199999999994,0.2627710967562884,0.019035017176332995,-0.009873368775417182,-0.0020000000000000018,0.01477350094721528,0.010718627227492838,0.008563949005952587,-0.05705711540160929,-0.03956802478571405,0.005292050585104624,2.220446049250313e-16,-0.019671184244121287,-0.01520613217006761,-0.000779655147328584,True,True,True
Netherlands,1913,0.641327,-0.08865200000000006,0.23874212393003683,0.01747624455141274,-0.013927412171291322,-0.013799999999999993,0.008895663656261387,0.03951291640886612,0.01133351187286169,-0.09683607207330848,-0.07111356198220081,-0.02975619773411564,0.020408163265306145,0.010631829845164087,0.011225153842954416,0.019983712962833078,True,True,True
Netherlands,1914,0.6366879999999999,-0.04218200000000005,,,0.0181102214425487,0.007040000000000005,0.020296152121213686,0.0,-0.028081465394856897,,,-0.005743362631375981,0.04166666666666652,,,,False,False,False
Netherlands,1915,0.607237,-0.04586000000000001,,,-0.028880024538871153,0.010389999999999996,-0.025180986344995854,0.15000004262612143,0.1392814153986286,,,-0.13638127447430226,-0.09183673469387743,,,,False,False,False
Netherlands,1916,0.600939,-0.04038799999999998,,,-0.0437768012356981,0.019479999999999997,-0.04980117470337937,0.11304348148401666,0.07353056507515054,,,-0.17469108847068704,-0.13,,,,False,False,False
Netherlands,1917,0.662274,0.02558600000000011,,,-0.04927134621783702,0.012260000000000004,-0.06945450572409764,0.06249999306215481,0.06249999306215481,,,-0.08928890171003012,-0.1200000000000001,,,,False,False,False
Netherlands,1918,0.734136,0.12689899999999998,,,-0.025806970947191657,0.012469999999999995,-0.07986998376001372,0.19117647673386973,0.041176434107748294,,,-0.08653203040161461,0.12359550561797761,,,,False,False,False
Netherlands,1919,0.629696,0.028757000000000033,,,-0.08885601475382587,0.0242,-0.0504653679242419,0.08641963397670116,-0.0266238475073155,,,0.23296990730552292,0.41379310344827624,,,,False,False,False
Netherlands,1920,0.619739,-0.04253499999999999,,,-0.13050847206090774,0.03210000000000001,-0.05802297963247284,0.10227282818684769,0.039772835124692874,,,0.335765532566207,0.39772727272727293,,,,False,False,False
Netherlands,1921,0.725261,-0.008874999999999966,0.29161965603966944,0.010704739065193376,-0.06294630792026942,0.018899999999999993,0.03885772833059342,-0.1288656471553291,-0.32004212388919884,-0.02244475138121547,,0.5888082985316285,0.5200000000000002,,,,True,True,False
Netherlands,1922,0.8029890000000001,0.17329300000000003,0.3320466097302835,-0.016174512194332788,0.07572524721273499,0.022600000000000002,0.10641205615181826,-0.11834334948697334,-0.2047629834636745,-0.031142495020822017,,0.16642230847916784,0.28455284552845517,,,,True,True,False
Netherlands,1923,0.888658,0.2689189999999999,0.3675756314435567,0.047762293819312414,0.12446621132318991,0.0341,0.15388877720782138,-0.033557334981161646,-0.13583016316800933,-0.006011647567161375,-0.019866297989732953,0.013946644937639086,0.26829268292682995,,,,True,True,True
Netherlands,1924,0.863143,0.13788199999999995,0.3671437893948439,0.04833600799999999,0.0739519772752566,0.014099999999999988,0.10431872611798337,0.006944506114184845,0.13581015326951396,0.004287245444801715,-0.010955632381060558,-0.019531889416560033,-0.013157894736841924,,,,True,True,True
Netherlands,1925,0.853792,0.05080299999999993,0.285267580146855,0.05271645646858539,0.03453796573919611,0.014400000000000003,0.05656981380438912,-0.006896612546190561,0.11144673694078278,0.0191871620443049,0.005820919973981747,0.03318892965365472,-0.05063291139240511,0.03933134787510717,,,True,True,True
Netherlands,1926,0.8303090000000001,-0.05834899999999987,0.2337872045307323,0.057914983992836386,0.012264900416886076,0.011699999999999999,0.0539728832530639,-0.041666543327186,-0.008109208346024355,0.025474440075226534,0.016316282521444386,0.0532316433714628,-1.1102230246251565e-16,0.07404379507189107,,,True,True,True
Netherlands,1927,0.802083,-0.06106,0.2468200750903553,0.05595063315172413,0.019066477242543456,0.003499999999999996,0.05638771862445885,0.0,-0.006944506114184845,0.03365384615384615,0.026105149424459195,0.018623431601235474,0.06000000000000005,0.05382118004521452,0.07211875665090295,,True,True,True
Netherlands,1928,0.7625360000000001,-0.09125599999999989,0.22877195906341466,0.04907942397463538,0.008240980636103096,-0.0033000000000000043,0.05047340201961015,0.007246337268355552,0.014142949814546113,0.03329105897273304,0.03080644840060191,0.010706272976545472,0.06666666666666665,0.037247735518732616,0.06010361979078571,,True,True,True
Netherlands,1929,0.7417529999999999,-0.08855600000000019,0.24186808546578942,0.04037767486541839,0.01928198243834901,-0.008100000000000003,0.04008262278654718,-0.007194205627997108,0.03447233769918889,0.00785945446139621,0.02493478652932513,-0.03544784868298978,0.07051282051282048,0.013637379295995733,0.03849373500498199,,True,True,True
Netherlands,1930,0.7868559999999999,-0.015227000000000102,0.23261153792327366,0.03615592552112676,0.044274619813052855,0.016200000000000006,0.04905995452877999,-0.0362319952266984,-0.0362319952266984,0.0076824583866837385,0.01627765727360433,-0.007103710869383439,0.08805031446540856,-0.0014826727508289173,0.02254182115322856,0.04711632284323408,True,True,True
Netherlands,1931,0.903775,0.1412389999999999,0.3286725087845303,0.016792327045375817,0.10542412610238985,0.030899999999999997,0.08012552533043141,-0.06015037513659871,-0.06739671240495426,-0.012642881884308971,0.0009663436545903256,-0.011714516549944709,0.13124999999999987,-0.04203565255534858,-0.03540206691934711,-0.006273927248544697,True,True,True
Netherlands,1932,1.05265,0.3108970000000002,0.2682474204046639,0.007940448972864514,0.13264766060801286,0.027399999999999994,0.0916274422380487,-0.07199995635084899,-0.06480575072285188,-0.020447162239633096,-0.008469195245752776,-0.05002328857979388,0.06586826347305408,-0.059758064989576476,-0.06674075034314397,-0.0471836583081251,True,True,True
Netherlands,1933,1.16086,0.3740040000000001,0.2874901186352289,-0.01283101198731166,0.1232093267272309,0.024399999999999998,0.08232365822711002,-0.008620643193882338,0.02761135203281606,-0.040444091990483745,-0.0245113787048086,-0.2997974424588714,0.017341040462427904,-0.04156356799164551,-0.05506454965358132,-0.0469071132959914,True,True,True
Netherlands,1934,1.18209,0.2783150000000001,0.21298323196062996,0.01801615108146804,0.08557352678640041,0.023400000000000004,0.059173533181577115,0.0,0.06015037513659871,-0.017745513208308125,-0.02621225581280832,-0.42787912383444027,-0.0662983425414364,-0.04114529638434916,-0.06097298194667944,-0.06875573737469232,True,True,True
Netherlands,1935,1.2181199999999999,0.16546999999999978,0.22772437183747174,0.020213629440851408,0.05535708031972297,0.0020999999999999977,0.048367769968727194,-0.03478266671229924,0.037217289638549755,0.004093327875562832,-0.018032092441076345,-0.37811881252397184,-0.056179775280899014,-0.03258294700631892,-0.05867898126250248,-0.07803152884645792,True,True,True
Netherlands,1936,1.22227,0.061409999999999965,0.20231617546637745,0.03502230348738648,0.04399128047388679,0.014400000000000003,0.057409199196499144,-0.045044930877198186,-0.03642428768331585,0.02139253279515641,0.002580115820803705,-0.06952862555621409,-0.022727272727272707,-0.01781595810422587,-0.04042280632777817,-0.06602972397130524,True,True,True
Netherlands,1937,1.20852,0.026429999999999954,0.21281268258324493,0.038025949283786276,-0.0020949836356115303,0.0288,0.038441288999987826,0.05660373058953394,0.05660373058953394,0.029395452024403773,0.018293770898374338,0.35069581539992556,0.00591715976331364,-0.06463756728732373,-0.08109267206414916,-0.11446090844940515,True,True,True
Netherlands,1938,1.17858,-0.03953999999999991,0.18988282360197045,0.029555224474391573,-0.0012669534301243783,0.0282,0.019894675993359198,0.017857172307586655,0.05263983901988589,0.03777697057755176,0.02952165179903732,0.23357321861457603,0.017857142857142794,-0.07187276559899147,-0.0913156446557255,-0.1267532924876278,True,True,True
Netherlands,1939,1.10845,-0.11382000000000003,0.22519843571895426,0.02147954539762416,-0.0195579665886349,0.0249,0.008155738461374882,0.00877188171875476,0.053816812595952945,0.010889292196007259,0.026020571599320932,0.11430059861016617,0.005813953488371881,-0.09870444157259955,-0.12548619519588572,-0.1607495486242973,True,True,True
Netherlands,1940,,,,,0.016807305406926685,0.014400000000000003,-0.024151692889562155,0.14782602464234507,0.09122229405281113,,,-0.1452968730912363,-0.06470588235294139,,,,False,False,False
Netherlands,1941,,,,,-0.012031698084975367,0.0125,-0.06767923655507577,0.14393980330412748,0.12608263099654082,,,-0.18601973667148786,-0.13450292397660824,,,,False,False,False
Netherlands,1942,,,,,0.017332942792526236,0.013499999999999998,-0.09053772867392247,0.07284735807529485,0.0640754763565401,,,-0.16564805410344352,-0.20809248554913284,,,,False,False,False
Netherlands,1943,,,,,0.016400365082077574,0.0184,-0.052450543204730804,0.03086446823477007,-0.116961556407575,,,-0.02487944793053365,-0.15723270440251547,,,,False,False,False
Netherlands,1944,,,,,0.14447007534196832,0.019600000000000003,-0.01525044999556623,0.029939523676633772,-0.1140002796274937,,,0.050649880838731676,-0.1216216216216216,,,,False,False,False
Netherlands,1945,,,,,,,,0.1511633382210198,0.07831598014572494,,,0.27411540513588517,-0.029197080291970767,,,,False,False,False
Netherlands,1946,2.22971,,0.16279674499217525,-0.004606159107526889,,0.018099999999999998,-0.06057067268137936,0.09090915614648454,0.06004468791171447,,,2.014344193136659,0.13432835820895495,,,,True,True,False
Netherlands,1947,2.1403,,0.18554063691166242,0.0015071708264462746,,0.017399999999999995,-0.062136396772564995,0.03703669595019066,0.007097172273556884,,,2.0287026480743307,0.13846153846153864,,,,True,True,False
Netherlands,1948,1.75905,,0.12575785635103925,0.14808431528169014,-0.33908618233082366,0.0197,-0.021853484989875077,0.03571460287295003,-0.11544873534806976,-0.041691105633802815,,1.190975362905053,0.12030075187969924,,,,True,True,False
Netherlands,1949,1.6242599999999998,-0.60545,0.15397816628127695,0.13293473057142857,-0.1135030230233795,0.02,-0.011665343791637958,0.060344732551773195,-0.030564423594711343,-0.072405,,-0.31648705669069477,-0.040305963663524014,-0.03440737262245827,,,True,True,False
Netherlands,1950,1.37309,-0.76721,0.15579968416547785,0.07802704272164948,-0.0917940167486704,0.018799999999999997,-0.029219784250804126,0.09000001732768914,0.052963321377498485,0.004319745360824742,-0.036592120090992684,-0.3675999752888023,-0.02938381796899936,0.0015335803844145623,,,True,True,True
Netherlands,1951,1.1839199999999999,-0.5751300000000001,0.14562460395163668,0.07398260762790697,-0.08960423268286354,0.0252,-0.05107021645291031,0.11926589947926858,0.08355129660631855,0.017886348837209305,-0.016732968600655318,-0.30742591246141593,-0.06500871817783604,0.007848288951092325,-0.014055102537677083,,True,True,True
Netherlands,1952,1.06851,-0.5557499999999997,0.11914526124763705,0.13059900214285713,-0.04496245791783589,0.0287,-0.03025530560231924,0.0,-0.060344732551773195,0.09364558035714286,0.03861722485172563,-0.13167717046718408,-0.02240926453545322,0.007836034877892778,0.005609545761642659,,True,True,True
Netherlands,1953,1.01497,-0.35812,0.11274467407810586,0.06464540377310925,-0.03245039230603339,0.028600000000000004,-0.0054552998264228575,0.0,-0.09000001732768914,0.06269025210084034,0.058074060431730835,-0.07621936598874801,0.007986689070055952,0.013667691730774784,0.016627186285594148,,True,True,True
Netherlands,1954,0.8871290000000001,-0.2967909999999998,0.0990340559579054,0.05707073681729323,-0.025003104675153244,0.027599999999999996,0.01976667297912247,0.039999981062632584,-0.079265918416636,0.010260296992481203,0.0555320431501548,-0.11595717865842037,0.1053906924478698,0.015229377220233736,0.02096424098341934,0.008405828270065668,True,True,True
Netherlands,1955,0.801109,-0.2674010000000001,0.10119370593346379,0.012681809965656564,-0.05145813188756091,0.023,0.012856343616111505,0.019230988089032897,0.019230988089032897,0.02605802356902357,0.033002857554115035,-0.0750317987579926,0.11248163914014775,0.01359777082577207,0.019764864839795254,0.02256865652251494,True,True,True
Netherlands,1956,0.749714,-0.26525599999999994,0.10639419547826084,0.036126478900309594,-0.03925199806809509,0.014599999999999998,0.0123671140928805,0.01886768856969301,0.01886768856969301,-0.023356455108359136,0.0043206218177152126,-0.05699747233656394,0.13678455165063452,0.016440491363658716,0.022693281644714985,0.030395153624867777,True,True,True
Netherlands,1957,0.726475,-0.16065400000000007,0.12944653962536024,0.042132953860398864,-0.028125111380462357,0.005200000000000003,0.012781492581900838,0.060956845595571574,0.02095686453293899,-0.017417754985754985,-0.004905395508363517,-0.042357728227775504,0.11790541494388407,0.00704525276811252,0.01423594015967572,0.022990239213723035,True,True,True
Netherlands,1958,0.7503319999999999,-0.05077700000000007,0.13358361093115514,0.023102021064406772,0.0010039892878505596,0.0131,0.009219046593182893,0.021818326055186743,0.0025873379661538465,0.04437392655367232,0.0011999054865193977,-0.03822953112612604,0.11514662786384378,0.002982874465900731,0.009428979765644108,0.01834681374449451,True,True,True
Netherlands,1959,0.734414,-0.01529999999999998,0.12399685462272333,0.016924523466666667,0.0012090790592164946,0.006199999999999997,0.010049669016856652,0.010675821298671728,-0.00819186727102128,0.046635132275132274,0.024530434614349866,-0.03689123633226388,0.08671503419183657,0.01306908051350561,0.018218449585775565,0.02750526103061235,True,True,True
Netherlands,1960,0.6674030000000001,-0.0590719999999999,0.11332075060591648,0.0313287983754717,-0.006270781572828253,0.007099999999999995,0.023522032643478675,0.023239754715705496,-0.03771709087986608,0.030868584905660378,0.04062588124482166,-0.009661120947636936,0.10510460580960279,0.014832468520257769,0.019828084925445993,0.029281286149096475,True,True,True
Netherlands,1961,0.659269,-0.0910629999999999,0.1019510334569103,0.015866903358612978,-0.00710429281155206,0.0040999999999999995,0.023436086080961944,0.013076165742736956,-0.008742160312449787,0.014707362416107381,0.030737026532300014,-0.05759009652078384,0.11930460900596129,0.03313667247295471,0.03879430939137121,0.04872202628079206,True,True,True
Netherlands,1962,0.638111,-0.09630300000000003,0.10996350575355288,0.013413329648856546,-0.01760228142534158,0.0020999999999999977,0.022374460505606847,0.022860698024737003,0.012184876726065275,0.010562336798336798,0.018712761373368185,-0.06532671613412322,0.18097326598197294,0.03980612477326745,0.048590653869776096,0.05949552718602841,True,True,True
Netherlands,1963,0.617248,-0.05015500000000006,0.10064396831191849,0.021224532928735634,-0.004380330623042002,0.007300000000000001,0.019177102755320547,0.03343182796656441,0.010192073250858913,0.008209130268199234,0.011159609827547804,-0.07669877688354054,0.16320763950972705,0.0424021326943477,0.05699007491667932,0.06943591032731558,True,True,True
Netherlands,1964,0.5712969999999999,-0.08797200000000005,0.11083806505514233,0.013197243294308941,-0.043580315609432804,0.004200000000000002,0.011132942040687911,0.057908647886634856,0.0448324821438979,-0.009031661788617886,0.003246601759306049,-0.07383080437376321,0.22785865573476594,0.025723406978726993,0.04249918942441244,0.05775841178715388,True,True,True
Netherlands,1965,0.5577369999999999,-0.08037400000000006,0.1162003338387737,0.010748315203784567,-0.04625252010630733,0.007675000008333301,0.005236881063023363,0.05794888095773065,0.03508818293299365,0.002567941775836972,0.0005818034184727733,-0.09622965931182736,0.1958720936170486,0.019770015296368904,0.03772752222647996,0.05666442303489588,True,True,True
Netherlands,1966,0.555659,-0.061589000000000005,0.1386593940692619,0.012652641050600804,-0.043854992751193055,0.0016500000091666939,0.00795787402124138,0.05796884909191036,0.024537021125345948,-0.010340829105473966,-0.005601516372751626,-0.10133237968086661,0.18901745374642287,0.01447330872828434,0.030589187186798095,0.05227503684273796,True,True,True
Netherlands,1967,0.550112,-0.0211849999999999,0.12201058118262689,0.0146287563509113,-0.021880996692624208,0.005083333341666697,0.011538086904028383,0.03486800923827382,-0.023040638648361034,0.02657731470230863,0.006268142457557212,-0.07064056850915035,0.11414300245923492,0.02181731405617715,0.03402153333021973,0.05780341325577332,True,True,True
Netherlands,1968,0.544091,-0.013645999999999936,0.12868768583736265,0.004302733970175436,-0.016523195615077785,0.012991666675833305,0.021702391049712173,0.036755968520679305,-0.021192912437051348,0.029921655701754386,0.015386047099529683,-0.029181446370021957,0.11188736633364993,0.027562088363259463,0.036455827265617635,0.05900385513457085,True,True,True
Netherlands,1969,0.516509,-0.03915000000000002,0.15471112152423097,0.023588849382757578,-0.03257550751154177,-0.002449999993333299,0.026464541792770226,0.07428239686273619,0.01631354777082583,0.024110210220410027,0.02686972687482435,-0.017131463118756685,0.0880123304173035,-0.009555031271038517,-0.00263692066618465,0.015746830401620615,True,True,True
Netherlands,1970,0.494,-0.05611200000000005,0.16717773934444188,0.03622058444097319,-0.027574390672574778,0.0026500000066667084,0.032920700965802456,0.03679953171917716,0.001931522480903336,0.0054509037134787075,0.019827589878547706,0.008109114258457728,0.13021068995193175,0.0037574551401145517,0.010813411902132142,0.023542416929761112,True,True,True
Netherlands,1971,0.46799999999999997,-0.07609100000000002,0.13488357281633698,0.03192992453846583,-0.029453973390802246,0.025000000010000002,0.01154744676537521,0.07477573112196101,0.038019762601281704,0.012723634168626208,0.014094916034171645,-0.12176929910801393,0.13315686426205242,0.0037505672972421578,0.00978457964906898,0.02002391529489045,True,True,True
Netherlands,1972,0.44299999999999995,-0.07350900000000005,0.11416745740980401,0.03755025033373826,-0.02220560449877644,0.049533333340833305,0.005635724664183037,0.07791756316631271,0.0036351663035765203,0.04160915447068279,0.019927897450929235,-0.15522831003926296,0.16247960482134682,0.014308282379254078,0.01789779453078094,0.026963414956436282,True,True,True
Netherlands,1973,0.41100000000000003,-0.08299999999999996,0.12105053451510045,0.0421749598458948,-0.036269857468132397,0.014841666671666684,0.0015904858627679846,0.08013524812342232,0.04333571640424516,0.04859138743781554,0.03430805869237485,-0.28228969389666747,0.1401457260821375,0.04202604671408178,0.04298535998242825,0.053647521077970495,True,True,True
Netherlands,1974,0.381,-0.08699999999999997,0.1382011493742123,0.04419610030810434,-0.03617737200195491,0.006258333342500005,0.013584527093190635,0.09609360743069306,0.021317876308732053,0.03883539426638716,0.043011978724961826,-0.2656393160700209,0.17084801640032232,0.04505844060804387,0.0540312213420579,0.06449630691084601,True,True,True
Netherlands,1975,0.387369,-0.05563099999999993,0.11836341578721538,0.020228734036590663,-0.02640811402353442,0.04622500000666669,-0.004885376157644339,0.10212727291881762,0.024209709752504915,0.026059779215840326,0.03782885364001434,-0.1778671118092403,0.15441436254075303,0.044855012450399856,0.06149336634656638,0.07134486956480829,True,True,True
Netherlands,1976,0.385313,-0.025687000000000015,0.11635233197485483,0.017380184083677957,-0.026517680343643643,0.0166916666733333,-0.006765241717337972,0.09057484480250322,0.010439596679080898,0.035909237778349604,0.03360147042019236,-0.15381001266998284,0.09803759973680282,0.055513524335553954,0.07612431794763469,0.09236822103782166,True,True,True
Netherlands,1977,0.383745,0.0027449999999999974,0.10165448834542891,0.0306022598668021,-0.017672148352393086,0.0430583333408333,-0.0048144219400729354,0.06474114809889797,-0.03135245933179509,0.012019222624497642,0.024662746539562522,-0.12635658005192174,0.03386719648377112,0.07678438871194998,0.10422900542022961,0.12843711869669144,True,True,True
Netherlands,1978,0.39505,0.007680999999999993,0.10009068000143381,0.012915223688432235,-0.010147474396301037,0.015016666672499998,0.012027966145691987,0.04080010866152284,-0.061327164257294786,-0.006283550583630876,0.013881636606405456,-0.2654694883019165,0.01955612959960762,0.10474149857951487,0.13645220924230173,0.17243347915879587,True,True,True
Netherlands,1979,0.41223,0.02691699999999997,0.11681330456914057,0.013333167764773293,0.01396432013767357,-0.0025166666608333194,0.03858473618797842,0.0421045346756439,-0.04847031012685932,0.002124825763405561,0.0026201659347574423,-0.15747012195322563,0.024234208432851068,0.11116853426652196,0.14779477727482376,0.1923611211373472,True,True,True
Netherlands,1980,0.434897,0.051151999999999975,0.15534192428018667,0.01685687508782433,0.026847805791255765,0.0008500000075000042,0.05266011501416568,0.06541501162033625,0.0006738635214382782,-0.004418124062096037,-0.002858949627440451,0.05906695976558862,-0.0011231098161542663,0.03790115900168056,0.07852249801733663,0.12676300196673446,True,True,True
Netherlands,1981,0.468321,0.07327099999999998,0.18901693502670497,0.019300197342872714,0.04105127132686054,0.005408333338333002,0.05719030689239155,0.0674845330268452,0.026684424365322368,0.02366452387031032,0.007123741857206614,0.4093613529102198,-0.04896208360158871,0.00694324640219135,0.0472309369650169,0.09626522156148232,True,True,True
Netherlands,1982,0.523629,0.11139900000000003,0.18430374101308464,0.00692441529417602,0.050988407145653745,0.020358333339999993,0.03713491587239515,0.058620707735633104,0.016516173059989203,0.0319680957862296,0.017071498531481294,0.47625923059274733,-0.04306693683717089,-0.005732669845302518,0.026170039237507603,0.07488247099638234,True,True,True
Netherlands,1983,0.583357,0.14846000000000004,0.18253366478061467,-0.006795597696382813,0.05484193050681945,0.03326663334,0.03466314664802173,0.028230219293456482,-0.03718479232687977,0.03330529902057504,0.029645972892371652,0.49865071979262066,-0.02636978594264161,-0.01281370478596422,0.0019494939750387408,0.0484983942174575,True,True,True
Netherlands,1984,0.617793,0.14947200000000005,0.1857605991796671,-0.0009747201364059682,0.04143786913845411,0.025458300006666684,0.04342135237865364,0.032734915834949474,-0.03474961719189573,0.04489603446486843,0.03672314309055769,0.4731596740042001,-0.014513670383700661,-0.007124755305391806,-0.012416864281809548,0.026166798827380044,True,True,True
Netherlands,1985,0.66991,0.146281,0.17504093874731322,0.007338270200087371,0.02994943879690902,0.01040003334249999,0.04570690753692647,0.02223924226081464,-0.036381465474818464,0.029606609931981713,0.03593598113914173,0.0930634290949457,0.0023720843681496184,-0.007141436429049297,-0.015193460723924135,0.007496452747900895,True,True,True
Netherlands,1986,0.687662,0.10430499999999998,0.1584803189569761,-0.0027734529652570367,0.02867027464156182,0.006316630000000004,0.04447514757568366,0.0010002991771849157,-0.027229920116271566,0.021507534380066074,0.03200339292563874,-0.25799549412722844,0.020030815726466367,0.011348238850020897,0.010137586705624813,0.013937015329034907,True,True,True
Netherlands,1987,0.7109820000000001,0.09318900000000008,0.16885851905712496,-0.008080043176817535,0.04287771946839791,0.010433329999999998,0.058637845683889266,-0.00707807848966735,-0.039812994324616824,0.016979978397859675,0.022698040903302488,-0.4634322792107751,0.0635482375117995,0.02245701097948294,0.022773322309874056,0.019377538790583904,True,True,True
Netherlands,1988,0.736163,0.066253,0.18010033069771217,0.0007884770700400182,0.04693090910038224,0.015991630000000007,0.06369623496631975,0.0074639744135232,-0.01477526784729144,0.027049761044623862,0.021845757940849874,-0.21442980952853286,0.04227834124872043,0.09831336153284231,0.106483625597666,0.10772128025639882,True,True,True
Netherlands,1989,0.736692,0.04903000000000002,0.21166210223523216,0.0021993453878752164,0.040277732905620076,-0.0017166299999999968,0.0684308718185971,0.010821588620352873,0.009821289443167958,0.03857469755312371,0.027534812331869083,-0.0332668937431998,0.02957764458041634,0.08001741891946623,0.09802630394996315,0.10913386176531525,True,True,True
Netherlands,1990,0.738339,0.027356999999999854,0.24593246212376296,0.018143585673179828,0.029079913560939162,0.0023833000000000187,0.07493280186086713,0.024540931383522535,0.031619009873189885,0.025226918333897612,0.030283792310548396,0.03405362441386339,0.012422445701967266,0.037593838637842936,0.06430042272644021,0.08155215371311964,True,True,True
Netherlands,1991,0.735715,-0.00044800000000000395,0.22652737395465578,0.03652217327098895,0.029716051047412158,-0.005424970000000001,0.06515985999870819,0.031333000000000055,0.023869025586476855,0.022631248705620544,0.028810954864213954,-0.09096406716604566,0.019152643720269813,0.027688847418281926,0.05924317793510825,0.08348149915767822,True,True,True
Netherlands,1992,0.743155,0.0064629999999999965,0.22270456709817882,0.020522205285441623,0.03597851667314463,-0.012516699999999992,0.05177150022224876,0.03183646794973116,0.02101487932937829,0.01874595680062153,0.022201374613379895,-0.031875993367718736,0.020815163286443283,0.014281700643719253,0.04777614818164777,0.08024675947012061,True,True,True
Netherlands,1993,0.754013,0.015674000000000077,0.1697356209530748,0.026161438951687203,0.036596936139458046,-0.004941669999999995,0.03392957446225961,0.02584180866348995,0.0013008772799674162,0.03711643975416551,0.026164548420135863,0.14558614753211918,0.029591059466594016,0.02789653036580797,0.04716276392386354,0.0853078870321905,True,True,True
Netherlands,1994,0.7276940000000001,-0.008020999999999945,0.20070512402748886,0.019522766277019158,0.02946418418643309,0.01685832999999999,0.04006059003630068,0.028014953277876842,-0.0033180467221232135,0.0453085518664757,0.033723649473754246,-1.5789667867194268e-05,0.02231415360270761,0.03852781993669552,0.04486620356716009,0.08693393340725775,True,True,True
Netherlands,1995,0.730925,-0.012229999999999963,0.20063161260298093,-0.029861244460107614,0.024193526093529462,0.02526670000000001,0.04462881261938102,0.01923190020049015,-0.012604567749241014,0.056983237857408955,0.04646940982601672,-0.11808429741741044,-6.446889682265589e-05,0.061663222472050805,0.07547156963596113,0.10859804913734894,True,True,True
Netherlands,1996,0.7134189999999999,-0.04059400000000013,0.16959805290575405,0.028504938431084523,0.01716259200695091,0.031525000000000004,0.038829875324247205,0.020763520548891412,-0.005078288114598539,0.04773264880036353,0.05000814617474939,-0.09848184356984124,-0.018126647975990284,0.08437482220858628,0.10714005950164363,0.13413836338311513,True,True,True
Netherlands,1997,0.6576500000000001,-0.070044,0.14709469963772576,0.013051793994978324,0.010918749908149936,0.02241663,0.03624235392345887,0.018552417480241834,-0.009462535797635008,0.06016622806749073,0.05496070490842107,0.17837618725911208,-0.015878386129740574,0.10939287278518572,0.14043234445465214,0.16801684485640023,True,True,True
Netherlands,1998,0.62665,-0.104275,0.1188821960825626,0.013028401904728662,0.0014694184053582957,0.011750000000000003,0.027246806167137292,0.017843643469454884,-0.0013882567310352645,0.029749842245344046,0.045882906371066096,0.1825732556457993,-0.029691164252422464,0.14850921992690336,0.19107010699509963,0.23131503594034208,True,True,True
Netherlands,1999,0.585654,-0.1277649999999999,0.11024642837450274,0.018509363458240176,-0.0070539070864744785,0.016656700000000007,0.02737249732170047,0.02036154708520188,-0.00040197346368953113,0.03387992914682961,0.04126533315322146,0.2576989313464928,-0.00863039718168368,0.15766239256320358,0.2134588536618377,0.2691461556635214,True,True,True
Netherlands,2000,0.520653,-0.13699700000000004,0.11516375115513931,0.025871521588864355,-0.00747622760167288,0.01012403,0.03347836405790079,0.023484817271640868,0.004932399791399034,0.017833874331592208,0.027154548574588624,0.18210936028182512,0.015632940778760318,0.15457000636502816,0.22146992834929824,0.29079567858144706,True,True,True
Netherlands,2001,0.494398,-0.13225200000000004,0.09691944745514473,0.02188257620819011,-0.010448997615889154,0.006957169999999992,0.01791782655034916,0.05112515599210976,0.03328151252265488,0.02274755025618358,0.024820451244868466,0.30975364136512074,0.04499890296155673,0.09960263266261182,0.17043696187499213,0.2522615670974686,True,True,True
Netherlands,2002,0.487843,-0.09781099999999998,0.09617837370280118,0.012982190353210276,-0.00016237788956721677,0.015705780000000003,0.011183356408455455,0.03851505751088302,0.01815351042568114,0.023164296573591654,0.021248573720455813,-0.07387494389512428,0.027091558235034396,0.08036461996262645,0.15055106508892102,0.2410148668678903,True,True,True
Netherlands,2003,0.499782,-0.02087100000000003,0.08548359999586969,-0.00561477452489326,0.007316178918043453,0.017890329999999996,0.003920220780706904,0.0222741241548865,-0.0012106931167543689,0.048663658817105764,0.031525168548960335,-0.2946333105931067,0.0032017445365937203,0.09321647736924499,0.15490725937767502,0.25133965298262106,True,True,True
Netherlands,2004,0.5028320000000001,0.008434000000000053,0.08521458196317636,0.004994092760906937,0.014520811065167082,0.01987837,0.016069162359856993,0.01382843125465949,-0.03729672473745027,0.06727344845697791,0.04636713461589178,-0.35865342407084366,0.02308851790120303,0.12143049944051576,0.1733873122072711,0.27179271996350685,True,True,True
Netherlands,2005,0.49798600000000004,0.010143000000000013,0.06652505192179864,0.01665041174714576,0.00925749619363302,0.011894869999999998,0.0167378782755731,0.014908909763734712,-0.02360614774714831,0.060614088290980125,0.05885039852168794,-0.08226240226223291,0.027787482882818404,0.13768591959029686,0.18361866556195583,0.27785841835646763,True,True,True
Netherlands,2006,0.45194,-0.047841999999999996,0.06599657785536059,0.022710250483181264,-0.001364187155484163,0.007016049999999996,0.02272096099637727,0.01652467599247398,-0.005749448162412518,0.07788277261327595,0.06859010312041132,0.005096656368238861,0.028669712537398473,0.0681966267405274,0.11602850503267725,0.19941828954251273,True,True,True
Netherlands,2007,0.429812,-0.07302000000000003,0.07174149131300739,0.02081007355191283,-0.007517512316907941,9.061999999999959e-05,0.027100448395923,0.01586516905602231,0.00203673780136282,0.05898351664324821,0.06582679251583476,-0.03092468474896548,0.03136995460267267,0.017606557350182017,0.0686180370333358,0.1372548479026121,True,True,True
Netherlands,2008,0.546867,0.04888099999999995,0.08867526027425074,0.025754780904537936,-0.005751530114320169,-0.004067330000000001,0.024099731022334845,0.022135961884499178,0.007227052120764466,0.04966,0.06217542975217472,-0.1146154647764942,0.03250964752432561,-0.023701724889437337,0.01742901392487828,0.07862466193512807,True,True,True
Netherlands,2009,0.56767,0.11573,0.08121711757176535,-0.00932592863439088,0.0211693269343769,0.02458312,0.02095928980053305,0.009721099657879373,-0.006803576334594608,0.05415000000000001,0.05426450554774941,-0.0721081733517932,0.041355889589529404,0.07847084664630444,0.10649332758044339,0.16794730508732303,True,True,True
Netherlands,2010,0.592468,0.16265599999999997,0.06884321238099216,-0.020733541553387143,0.02845635647579648,0.021807117,0.01619816232339405,0.0092985514874393,-0.006566617568583011,0.06934,0.057716666666666666,0.11249662917348968,0.029608515760220167,0.006544141447871077,0.01278081443012602,0.06906437838664004,True,True,True
Netherlands,2011,0.616956,0.07008899999999996,0.07383682296173782,-0.00825262353340879,0.02470194755391416,0.0159857,0.015320335306386877,0.0246944429355207,0.0025584810510215217,0.08535000000000002,0.06961333333333335,0.07622164846748025,0.014963482581123566,0.024073467445896002,0.026265733561773086,0.06782870374729244,True,True,True
Netherlands,2012,0.6621389999999999,0.09446899999999991,0.05237073501344773,-0.017435323049774805,0.003820637358592123,0.013595666000000001,-0.0014007853325443374,0.028191861574673016,0.018470761916793643,0.10194000000000002,0.08554333333333335,0.09942676672263429,-0.013079515367479422,0.04365829085228867,0.05694933494080323,0.07954148810524564,True,True,True
Netherlands,2013,0.676557,0.08408899999999997,0.052830741337131844,-0.0003269844795613479,-0.0003930549901787865,0.017406666333333303,-0.006532918363753134,0.02555245058106559,0.01625389909362629,0.09750999999999999,0.09493333333333333,-0.04144429193590471,-0.021598342012719707,-0.02548865231344455,-0.0028747496456016375,0.00817515690094428,True,True,True
Netherlands,2014,0.6784680000000001,0.06151200000000012,0.038911401032906,-0.0008308596031800421,0.0015653110984724244,0.012443167,-0.004441430975312074,0.0032074807701976127,-0.021486962165323087,0.08171999999999999,0.09372333333333333,0.06170891414998425,-0.011901382610923328,-0.04675817682319661,-0.04530997205834253,-0.03733120124987632,True,True,True
Netherlands,2015,0.6463209999999999,-0.015818,0.017824169488926553,-0.014275322553235869,-0.0040594274420763556,0.007095333366666671,-0.003416630654081326,0.0021949606109807895,-0.025996900963692227,0.06303,0.08075333333333333,0.21505124788146368,0.0100686124335565,-0.10521609722645486,-0.11834893126720769,-0.1066397445609839,True,True,True
Netherlands,2016,0.6192770000000001,-0.05727999999999989,0.007154067659834291,-0.00947113670554734,-0.008647650551132353,0.005557750033333329,0.0007533272044770662,0.0011000770053903874,-0.0244523735756752,0.08067,0.07514,0.34121821556108234,0.019513877747360242,-0.09948379417522246,-0.11555960422799694,-0.12213142520954379,True,True,True
Netherlands,2017,0.569409,-0.10905900000000002,0.011288518473042831,0.013300014534980684,-0.01900068173000026,0.008511333,-0.00020638746462684713,0.012986623777509365,0.009779143007311752,0.10827000000000002,0.08399000000000001,0.03239747292167183,0.012417405137833626,-0.049000783729151065,-0.08566433932385387,-0.1011199728457357,True,True,True
Netherlands,2018,0.524204,-0.12211699999999992,0.011509252740032994,0.011207801902377976,-0.02485685026954256,0.008987584,-0.004254448755026289,0.015976646482179113,0.013781685871198324,0.10841999999999997,0.09911999999999999,-0.02185386563391567,-0.00312099489116624,-0.09892069545592164,-0.14679838302655535,-0.1814412736200579,True,True,True
Netherlands,2019,0.48529200000000006,-0.13398500000000002,-0.001261001232437418,0.011280665685664545,-0.03350737316459651,0.002863333,-0.019252544783800195,0.02669436409171211,0.02559428708632172,0.09371,0.10346666666666665,-0.05394319220516797,-0.01592614001378656,-0.0930992269283395,-0.14047266479116138,-0.18874569685629528,True,True,True
Netherlands,2020,0.543429,-0.025980000000000003,-0.007595961698207874,-0.046979080386631705,-0.012921364564714436,0.00048483300000000005,-0.021712319895580662,0.011165948112850765,-0.0018206756646585998,0.06978,0.09063666666666666,-0.021532897963416064,0.016905037871237205,-0.04171495762957278,-0.07887570702795421,-0.13900946092198452,True,True,True
Norway,1870,,,,,,0.003999999999999997,,,,0.027675276752767528,,,,,,,False,False,False
Norway,1871,,,,,,0.0068000000000000005,,0.010008136696501913,,0.030249110320284697,,,,,,,False,False,False
Norway,1872,,,,,,0.0068000000000000005,,0.061717352415031845,,0.0265625,0.02816229569101741,,,,,,False,False,True
Norway,1873,,,,,-0.020526759001036295,0.0038000000000000048,0.009431323904693041,0.04128053917438712,,0.015089163237311385,0.023966924519198695,-0.16650057312603672,0.054670480345016204,,,,False,False,True
Norway,1874,,,,,-0.04180757935852501,-0.0034000000000000002,-0.005692608954832791,0.0517799352750794,0.04177179857857749,-0.010126582278481013,0.010508360319610124,-0.17702025223687512,0.1150452079565989,-0.0022166475074062997,,,False,False,True
Norway,1875,,,,,0.00014925398546938862,-0.012699999999999996,0.021590098260434506,-0.01923076923077005,-0.0809481216458019,-0.03501945525291829,-0.010018958098029305,-0.1839868654087501,0.19101284651792239,0.015580464074998523,,,False,False,True
Norway,1876,,,,,0.024498515260551305,-0.010199999999999994,0.04570060478261429,-0.027450980392152213,-0.06873151956653933,0.0050062578222778474,-0.01337992656970715,-0.08001832304154866,0.12699041789996168,0.020234781334603935,0.01971867198092503,,False,False,True
Norway,1877,,,,,0.05132067724013501,-0.0121,0.06067241116462986,0.008064516129032695,-0.04371541914604671,-0.037641154328732745,-0.022551450586457727,0.019448859858348655,0.07191073919106894,0.023931507354071513,0.026252223599271263,,False,False,True
Norway,1878,,,,,0.08270005602832156,-0.014599999999999995,0.07076215475437375,-0.04800000000000171,-0.028769230769231657,-0.00141643059490085,-0.01135044236711858,0.12143002747615372,-0.019541778975744606,0.050421322504458244,0.06165173211226849,,False,False,True
Norway,1879,,,,,0.09990556587421862,-0.008900000000000005,0.08032023131833499,-0.06302521008403594,-0.03557422969188373,0.004531722054380665,-0.011508620956417644,0.15058930780910584,0.0034973877535953157,0.05541649208883065,0.07320188882056805,0.08306073723583435,False,False,True
Norway,1880,0.1577,,0.1442676705882353,-0.00735402666666667,0.07922670502774312,-0.0025000000000000022,0.06795130321186943,0.036771300448429356,0.02870678431939666,0.011111111111111112,0.004742134190196976,0.1010317415819908,-0.03574221219172502,0.0326760139167232,0.051043301208755165,0.06735402531233298,True,True,True
Norway,1881,0.1554,,0.13376319886363633,-0.0060778557510148806,0.042575791179023915,-0.0032000000000000015,0.049174601943125576,0.0017301038062298435,0.04973010380623155,0.0027063599458728013,0.0061163977037881935,0.06390755308045071,0.012499332300627053,0.02706633068475145,0.04663325122714834,0.06959189591188969,True,True,True
Norway,1882,0.1497,,0.11839218274111674,-0.0025465105263157914,0.017472649311425,-0.007300000000000008,0.027014788103944046,0.0034542314335086477,0.06647944151754459,0.02631578947368421,0.013377753510222709,-0.019219139713200772,-0.0082673901179664,0.018290006968143424,0.04027425654315314,0.06584550919174864,True,True,True
Norway,1883,0.1492,-0.008500000000000008,0.10770702576112412,0.005332120000000008,0.035177073645353905,-0.00449999999999999,0.03650327092697179,0.008605851979346157,-0.0281654484690832,0.005333333333333333,0.011451827584296782,-0.029522716073615562,0.020773019416113758,0.025983310760201384,0.04351999427923292,0.07051923259078119,True,True,True
Norway,1884,0.1574,0.0020000000000000018,0.11404582172839507,0.004048343661581135,0.04687336712139059,-0.004799999999999999,0.04947860700800218,-0.03839590443686136,-0.040126008243091205,0.005547850208044383,0.012398991005020642,-0.01740937584728297,0.052080805026239574,0.048575366836508094,0.0599389015459903,0.0892749247319119,True,True,True
Norway,1885,0.1666,0.0169,0.10120053497757849,0.011654703770250366,0.06129707593912562,-0.005299999999999992,0.06402700062692102,-0.042590949423247815,-0.04604518085675646,0.0,0.0036270611804592387,0.020889049304896323,0.08327660540050075,0.06537187146448276,0.08048869152954885,0.10952685444808963,True,True,True
Norway,1886,0.1747,0.025499999999999995,0.10366697999999999,0.008260140374812593,0.07610364485348872,-0.007300000000000001,0.0789795228035397,-0.039851714550509953,-0.04845756652985611,0.01199400299850075,0.00584728440218171,0.05329007634089988,0.11136901459482296,0.045826050179450295,0.06623285391124761,0.09187940887024315,True,True,True
Norway,1887,0.1751,0.017699999999999994,0.10116830069767441,0.006297779863429434,0.07159831551309379,-0.0049999999999999975,0.07258114539150977,-0.022200772200771546,0.016195132236089815,0.02276176024279211,0.011585254413764285,0.06942204369923233,0.0865507526246383,0.03334521052500228,0.05700195429087568,0.08161012132544032,True,True,True
Norway,1888,0.1778,0.011200000000000015,0.1017864954954955,0.0052384794366197125,0.039419159408424304,-0.000899999999999998,0.05385171736724231,0.007897334649554555,0.05048828407280237,0.02535211267605634,0.0200359586391164,0.03606376866042593,0.04750962916581747,-0.006001701264805814,0.017093810261804288,0.042252081743002934,True,True,True
Norway,1889,0.1616,-0.0131,0.09582375000000001,0.007133641558441553,0.007483814084958355,-0.000999999999999994,0.034370652869667624,0.01469147894221412,0.054543193492724074,0.01818181818181818,0.02209856370022221,-0.01800829348318944,0.043283582089552075,-0.02475080407229502,-0.009367981954239712,0.01708090450655486,True,True,True
Norway,1890,0.1619,-0.013200000000000017,0.08661489065606362,0.01173939615384615,-0.010629089458713027,-0.002700000000000001,0.02214414064315546,0.01447876447876495,0.036679536679536495,-0.011538461538461539,0.010665156439804327,-0.07768542819106006,0.053168809262728045,-0.0033045269816880385,0.0002056670634092983,0.025274830996731334,True,True,True
Norway,1891,0.1681,-0.009700000000000014,0.09389922101167315,0.004147655810473816,-0.009984050499008003,-0.014000000000000005,0.01021867242770345,0.04757373929591058,0.03967640464635602,-0.04114713216957606,-0.011501258508739802,-0.11356451009837831,0.0329676087902846,0.0011749791073928373,-0.002237392085571388,0.01745948808687442,True,True,True
Norway,1892,0.1692,0.007599999999999996,0.09391924461839529,0.004379566207759702,0.008084074485613508,-0.019700000000000002,0.019962668284615293,-0.015440508628521421,-0.03013198757073554,-0.02252816020025031,-0.025071251302762634,-0.06402647155464714,0.03502103690564762,0.02195513465471932,0.016680954470504217,0.026938883250569146,True,True,True
Norway,1893,0.2146,0.052700000000000025,0.11673299847619048,-0.0020661527564894908,0.030862604461427256,-0.014700000000000005,0.041809095312592026,-0.05166051660516524,-0.06613928108393019,-0.018541409147095178,-0.027405567172307178,0.010295442405827693,0.08670894835175846,0.03210501237121344,0.03171527299119614,0.03503271807170172,True,True,True
Norway,1894,0.1899,0.021800000000000014,0.09858360895522388,-0.0028381354901960802,0.05683828928403386,-0.0109,0.06554612643976315,-0.027237354085602794,-0.07481109338151337,-0.028186274509803922,-0.023085281285716467,0.03572970075653714,0.14925099601593694,0.03801667813606968,0.04854147828879196,0.04823008975661358,True,True,True
Norway,1895,0.2052,0.036000000000000004,0.09875961459854016,-0.0026297753846153873,0.054728991504471386,-0.006600000000000002,0.05799929023025601,0.0,0.015440508628521421,-0.042067307692307696,-0.0295983304497356,0.0032261484866098478,0.1283910171730498,0.04404620302294748,0.059225211438064695,0.06417151911037322,True,True,True
Norway,1896,0.2223,0.007699999999999985,0.10492092819614711,-0.009496017142857149,0.03097073897818421,-0.009599999999999997,0.03321245136186737,0.020000000000000684,0.07166051660516592,-0.045714285714285714,-0.03865595597213244,-0.05725831930215863,0.046755999697175143,0.02918765187814465,0.04638580625396305,0.05935613772290771,True,True,True
Norway,1897,0.2123,0.022399999999999975,0.09200742841781874,-0.00773701459194778,0.013067236106786118,-0.015600000000000003,0.029915686274509294,-0.017647058823528572,0.009590295262074222,-0.04352557127312296,-0.04376905489323879,-0.026668126783693236,0.07926640357960735,0.034354648181428304,0.05354591187123292,0.07379301701304364,True,True,True
Norway,1898,0.2137,0.008500000000000008,0.09074200054200544,-0.0005042488577154322,0.0057174270393970834,-0.011499999999999996,0.02130098234902713,0.027944111776446512,0.027944111776446512,-0.06212424849699399,-0.05045470182813422,-0.026039510532536503,0.06943965304814825,0.05390623692081875,0.07402676147736842,0.10043408539941412,True,True,True
Norway,1899,0.2266,0.004299999999999998,0.10062688,0.00018940619718310365,-0.005247446734769852,-0.025599999999999998,0.013168296264886668,0.053398058252422054,0.03339805825242137,-0.08075117370892018,-0.062133664493012365,-0.06076390922964148,0.0076576499409017895,0.03177112920607972,0.050976341461203,0.07875095800689369,True,True,True
Norway,1900,0.2179,0.005600000000000022,0.13937154263565896,-0.0030587762331838603,-0.010903715623220123,-0.027999999999999997,-0.0042461611309765265,0.04239631336406102,0.060043372187589594,-0.06188340807174888,-0.06825294342588768,-0.10363352449388075,-0.07757840536745186,0.043015947729587056,0.06102176580737628,0.0906617815464984,True,True,True
Norway,1901,0.2507,0.03699999999999998,0.11824713501805054,-0.015870720326975486,-0.00038021285318055875,-0.020699999999999996,0.01015248031292659,-0.01945181255526285,-0.04739592433170936,-0.06357856494096276,-0.06873771557387727,-0.06280889308571203,-0.06374530963669534,0.055177969500721735,0.07681876659453168,0.1069403459171483,True,True,True
Norway,1902,0.253,0.026400000000000007,0.10715405128205127,-0.00928877058823529,0.01780642083878078,-0.012400000000000001,0.02274612221311765,0.009017132551848883,-0.04438092570057317,-0.057904411764705885,-0.06112212825913917,-0.009783761963764848,-0.02365861343995579,0.053291741630856926,0.07862820640089863,0.10895231743382616,True,True,True
Norway,1903,0.2617,0.04379999999999998,0.11214268107784431,-0.011411735550416285,0.02724802344659713,-0.019000000000000003,0.02883321624182964,0.023235031277925033,-0.01916128208613599,-0.05365402405180388,-0.05837900025249083,0.037243966995650135,-0.04236251942861069,0.06375868570428966,0.0866888488260461,0.12020884636758566,True,True,True
Norway,1904,0.2981,0.0474,0.13288887067757008,-0.004000659269195194,0.02722239458002718,-0.013900000000000003,0.026004882799100182,-0.004366812227074468,0.01508500032818838,-0.04440333024976873,-0.051987255355426164,0.020927404243715975,0.009495739348372334,0.051050451544474074,0.07675028950980078,0.11305880408193869,True,True,True
Norway,1905,0.3247,0.07169999999999999,0.15637489104116223,-0.0016139674208144814,0.02250836550011498,-0.012799999999999992,0.019769073181881158,0.029824561403505978,0.020807428851657095,-0.04072398190045249,-0.046260445400675025,-0.01814716427199614,0.012244830101886928,0.029248243666670226,0.05783287366925005,0.09325504478807856,True,True,True
Norway,1906,0.297,0.0353,0.1366281058951965,0.002371638163437233,0.01701090829757782,-0.0162,0.02928552029155827,-0.0068143100511063315,-0.030049341329031365,-0.03454085930918281,-0.039889390486468,0.007317560027328307,0.08041758127521637,0.002430034432233885,0.024803120104499587,0.05965566014350454,True,True,True
Norway,1907,0.2754,-0.022699999999999998,0.1298511,0.0008341967588932821,-0.006179744389662609,-0.015199999999999998,0.020939464529187487,0.024871355060037903,0.02923816728711237,-0.05059288537549407,-0.041952575528376446,0.022774030370459997,0.038025546974359115,0.000494168979909726,0.01652019149172279,0.04914422390570872,True,True,True
Norway,1908,0.2671,-0.057599999999999985,0.12238091031894932,0.008888225588914549,-0.0021460507195072837,-0.015300000000000008,0.03241780508070446,-0.0025104602510449547,-0.03233502165455093,-0.054657428791377985,-0.04659705782535162,0.032558283879533745,0.07859785960456489,0.021472011804089863,0.031219251705622675,0.06165464996005576,True,True,True
Norway,1909,0.2667,-0.030299999999999994,0.09486576589724495,0.0072495990577507675,0.013176849562395423,-0.009100000000000004,0.038074556316465356,-0.027684563758389014,-0.020870253707282682,-0.0425531914893617,-0.04926783521874458,0.007579464549368309,0.1275317705210457,0.04676771889414166,0.05262113017727077,0.0785486715811422,True,True,True
Norway,1910,0.2693,-0.006099999999999994,0.1233550082179931,0.009170619477351911,0.011054374261223358,-0.008099999999999996,0.03488562922834,0.03623813632441397,0.011366781264376069,-0.020905923344947737,-0.03937218120856247,-0.007558645075912862,0.11283360357596961,0.012865651152670354,0.01802865151165456,0.03626328067468354,True,True,True
Norway,1911,0.2511,-0.016000000000000014,0.11869068292682926,0.01091434901960784,0.0008343040562075257,-0.0087,0.028303222010689653,0.02053676140190608,0.023047221652951033,-0.03986928104575163,-0.03444279862668701,0.0002769552709349643,0.12710206695454174,0.015970547325343643,0.02648042318984367,0.03919723379524198,True,True,True
Norway,1912,0.2266,-0.0401,0.11655489413556737,0.008097415238095243,-0.03762220491411905,-0.014000000000000005,0.0006350851754521672,0.061919846747323426,0.08960441050571244,-0.030952380952380953,-0.030575861781026763,-0.04273024441474982,0.04281117443753657,0.0033032232995540145,0.01776936543340768,0.027124896026801237,True,True,True
Norway,1913,0.1969,-0.07239999999999999,0.10749708750000002,0.0028506100861604615,-0.039944125621828946,-0.012900000000000002,0.0019808219353488823,0.03790092604472384,0.0016627897203098652,-0.0005385029617662897,-0.02378672165329962,-0.07082143718502587,0.05478543272957981,-0.018833245894114614,-0.009466678282740948,0.0011458625012022994,True,True,True
Norway,1914,0.1862,-0.06489999999999999,0.14998956575342468,-0.0028509986347055732,-0.02792801850169139,-0.0075,0.005881210008241773,0.01123559718322742,-0.00930116421867866,-0.016675351745700884,-0.016055411886616033,-0.009934252743630245,0.059241889162058525,-0.005236594923895277,-0.006969465987861634,0.005826854752537747,True,True,True
Norway,1915,0.1624,-0.06420000000000001,0.19015200142729705,-0.012175775111796457,-0.05058672371695903,-0.0015000000000000013,-0.013927070664274878,0.14444468876487337,0.08252484201754995,0.049730146491904395,0.010838763928145749,-0.14821189787199363,-0.023010168464369207,-0.08579553322864764,-0.09476274948783525,-0.08810045249702425,True,True,True
Norway,1916,0.1093,-0.0876,0.15169407427184464,0.0020858397080857623,-0.09497676231813382,0.0012999999999999956,-0.06410930321835492,0.19174762370696397,0.15384669766224013,0.10100749160423664,0.04468742878348006,-0.22355191461997403,-0.05759963201393903,-0.08390624402865943,-0.0993772949210554,-0.10677122776249404,True,True,True
Norway,1917,0.1015,-0.0847,0.0961204581788216,0.007134870839830695,-0.12377596350994202,-0.004199999999999995,-0.14165159934293842,0.24236248555697792,0.2311268883737505,-0.01915794163510804,0.04385989882034435,-0.41033661679802125,0.015115804052664217,0.054756031731502675,0.03718345958716862,0.02629985314643568,True,True,True
Norway,1918,0.1459,-0.016499999999999987,0.09285331802982379,-0.003625816450079233,-0.17273424465081808,-0.004199999999999995,-0.2238759754331512,0.40491781703551166,0.2604731282706383,0.028129952456418382,0.036659834141849,-0.3046333152209404,0.04216925881109512,0.14327293793556162,0.136759557057895,0.1280093677963836,True,True,True
Norway,1919,0.1627,0.05340000000000002,0.1192836848894349,-0.011677457352703797,-0.17555058092820913,0.0007000000000000062,-0.18110289544408947,0.06942838373977889,-0.12231923996718508,-0.1725585149313963,-0.05452883470336197,0.13995337271713226,0.25193191122624503,0.06785759987561135,0.06689507299867192,0.06164958835972356,True,True,True
Norway,1920,0.1506,0.049100000000000005,0.1360141408751334,-0.0012443799999999929,-0.20683340140395057,0.001899999999999999,-0.14551629494330776,0.16530268405463278,-0.07705980150234515,-0.1152,-0.08654285415832597,0.9861147554019138,0.11572872237528875,-0.03759048065044257,-0.021151065830781524,-0.026415985608267745,True,True,True
Norway,1921,0.2185,0.0726,0.15981569491525421,-0.04147185066079296,-0.03520689933878921,-0.007300000000000008,0.007333461462207112,-0.07613145218103301,-0.4810492692165447,-0.09930249632892804,-0.12902033708677477,0.9034924894100025,0.24634921180267755,0.15437890035997737,0.20986445068983473,0.2163335070639847,True,True,True
Norway,1922,0.2575,0.0948,0.1742229620661824,-0.02982757530120482,0.07142803384627083,-0.004100000000000006,0.07636902228459785,-0.16677829872739336,-0.23620668246717225,-0.05943775100401606,-0.09131341577764801,0.17573575212543568,0.009240132004801449,0.12249321882285369,0.17598317653490014,0.20908606918155492,True,True,True
Norway,1923,0.279,0.12840000000000001,0.23507002994011977,-0.03164144076445867,0.15414470504672,-0.004799999999999999,0.15271132186682942,-0.0547242146920619,-0.22002689874669468,-0.053432059235541327,-0.07072410218949512,0.157743190277998,-0.014081649764123294,0.025157986214306538,0.04464428524293773,0.10218729975361096,True,True,True
Norway,1924,0.278,0.059500000000000025,0.2893506317804722,-0.013256368723099002,0.06583979477249373,-0.010700000000000001,0.10100035809605537,0.09400143913128911,0.17013289131232212,-0.035329985652797706,-0.04939993196411835,0.11707874986228117,-0.13324559271137193,-0.1113143706547115,-0.10185342878473025,-0.04500899651783763,True,True,True
Norway,1925,0.3074,0.0499,0.2601269044168209,-0.0016946595845908005,0.01443697725118507,-0.0011000000000000038,0.03756870960851403,0.01841664673523069,0.18519494546262405,-0.013136872004260607,-0.03396630563086653,-0.0799786602207897,-0.10606765172060817,-0.13157706078460196,-0.0982770252712658,-0.06926292096309916,True,True,True
Norway,1926,0.3467,0.06769999999999998,0.23165909474818208,0.002650671950064576,0.05102791169998919,9.999999999999593e-05,0.06700762410993928,-0.15324095819633765,-0.09851674350427575,-0.0008609556607834697,-0.016442604439280573,-0.35167226351199643,-0.022827997616298723,-0.02061982121585959,-0.0208163053199929,-0.009876281360541861,True,True,True
Norway,1927,0.3718,0.0938,0.22712620965517238,0.01181442650545282,0.09989230615790196,0.006699999999999998,0.12929092636000744,-0.09554846761891533,-0.18954990675020444,-0.01209103840682788,-0.008696288690623966,-0.26274515190961534,0.057048521295778754,0.02609006370648037,-0.02300034540881324,-0.002646266840013345,True,True,True
Norway,1928,0.3873,0.07989999999999997,0.23669179075144506,0.012388089926557688,0.13328648416277453,-0.0023999999999999994,0.15819667970801715,-0.06800061330879847,-0.08641726004402916,-0.028192371475953566,-0.01371478851452162,0.04131384310367703,0.09141230170249837,0.01262815980347598,-0.031426250708274095,-0.029351441100664233,True,True,True
Norway,1929,0.3634,0.016699999999999993,0.241256992018244,0.011146824579976988,0.07072491562640609,-0.001799999999999996,0.1228678066638765,-0.04425433906391574,0.10898661913242191,-0.009436133486766397,-0.0165731811231826,0.12809382949358494,0.0449813505196921,-0.021643775910488827,-0.03092062677209062,-0.05708929991556433,True,True,True
Norway,1930,0.3576,-0.014200000000000046,0.22215673861720062,0.013443766872286954,0.03459099038384855,0.005499999999999998,0.09718474887737202,-0.027799294259401863,0.06774917335951347,-0.01553575508339045,-0.01772142001537012,0.10298131593630999,0.053575279344523885,-0.05348860798809796,-0.03984353256530737,-0.09186466883348499,True,True,True
Norway,1931,0.3951,0.007800000000000029,0.23024676784741144,0.008420225773034883,0.06782090342237786,0.001799999999999996,0.09191178712288162,-0.05338172804532726,0.014618885263471215,-0.03045288912024987,-0.018474925896802222,0.4641405363841389,0.05349258560289627,0.026677071530600616,0.030965431060074322,0.0038080623003243774,True,True,True
Norway,1932,0.3951,0.031700000000000006,0.24156097521286657,0.00846685272915588,0.07380537454400572,0.0038999999999999937,0.084305448159371,-0.021135322173383875,0.023119016890531863,0.014241325737959606,-0.010582439488560219,0.41866259536024386,0.032146207512188996,0.0245522666197715,0.013920632002264455,0.015008257472257647,True,True,True
Norway,1933,0.4043,0.04670000000000002,0.29930242978723404,0.006950253000517333,0.08559848023461522,0.012800000000000006,0.07914778079167037,-0.01442629215629998,0.013373002103101883,0.02224521469218831,0.002011217103299367,-0.1065820038743428,0.01743031194192679,-0.004863125850358974,-0.014325583508746242,-0.006918419464091996,True,True,True
Norway,1934,0.3751,-0.020000000000000018,0.25651493002159825,0.011568300776794495,0.0295693418754091,0.011699999999999995,0.057746064799826094,0.0024234199302055615,0.05580514797553282,0.014749262536873156,0.017078600989007042,-0.3213012332715667,-0.008166422937032736,-0.03911800823378764,-0.04135112711143385,-0.046218847633125004,True,True,True
Norway,1935,0.3559,-0.03920000000000001,0.2354907738981893,0.004729057661623107,0.012156698991822167,0.009399999999999999,0.04105157146923356,0.022048157818393754,0.04318347999177763,0.0050435580009170105,0.014012678409992844,-0.3245652459110253,-0.018687647553502718,-0.08243628461720554,-0.0789000775806874,-0.09509783483323186,True,True,True
Norway,1936,0.3201,-0.0842,0.20054964847099171,0.007437592164948448,-0.017607411900059135,0.009799999999999996,0.028369643762419922,0.026019490964140912,0.04044578312044089,0.018556701030927835,0.012783173856239352,0.05687011011594567,0.006107484668402607,-0.12445733464332054,-0.14053320321408713,-0.159370932470832,True,True,True
Norway,1937,0.2802,-0.09489999999999998,0.16879310387221685,0.010920141644866509,-0.045324413524580894,0.0046,0.004846969648414606,0.07119144227222152,0.06876802234201596,0.012900913814728543,0.01216705761552448,-0.05373308909283814,0.026235603129946217,-0.13606482694075894,-0.1789102740055697,-0.19720573399749763,True,True,True
Norway,1938,0.2567,-0.09920000000000001,0.1367851023653643,0.011372532344259481,-0.03990756777549935,0.008299999999999995,-0.00012292815867806506,0.033057851239671754,0.011009693421278,0.014758881070876952,0.01540549863884446,-0.044391652246801194,0.07024581414817876,-0.10350202629352645,-0.15610667835214054,-0.1895577885596832,True,True,True
Norway,1939,0.2444,-0.07569999999999999,0.13134374284105835,0.005740137623540697,-0.028189543322431038,0.0075,0.006828013273813896,0.01266666666666505,-0.013352824297475863,-0.004797697105389413,0.007620699260072045,-0.03599338407182617,0.07891273346317296,-0.07136184770370901,-0.12749282251013827,-0.17900254157989826,True,True,True
Norway,1940,,,,,-0.007755362915535802,0.018899999999999993,-0.01697020906292008,0.16688610928242342,0.0956946670102019,,,-0.1254567202410457,-0.020549898707803216,,,,False,False,False
Norway,1941,,,,,-0.05783360099333278,0.006699999999999998,-0.08053221351570446,0.1721438645980249,0.13908601335835313,,,-0.22796758855942167,-0.15665582324573712,,,,False,False,False
Norway,1942,,,,,-0.04708685063017703,0.005400000000000002,-0.0976248319569006,0.06004452199025345,0.0473778553235884,,,-0.19477790815791207,-0.14283146218828946,,,,False,False,False
Norway,1943,,,,,-0.0317565438323017,0.005200000000000003,-0.050350204954856655,0.02446222827629163,-0.1424238810061318,,,-0.0320739049682639,-0.03589305888500416,,,,False,False,False
Norway,1944,,,,,0.04853737636152575,0.004500000000000004,0.0022313602527952725,0.012299168975069108,-0.15984469562295578,,,0.08728012589879808,0.13309724257215416,,,,False,False,False
Norway,1945,,,,,0.009145994293745671,0.004200000000000002,0.015926060811133784,0.018060420315237913,-0.04198410167501554,,,0.1264959132877297,0.19505265041313158,,,,False,False,False
Norway,1946,,,,,-0.03274773120190445,0.0046,0.011165618751061448,0.024943554456508643,0.0004813261802170121,-0.049081462237892004,,0.7051991881271742,0.2529934085305796,,,,False,False,False
Norway,1947,0.5305,,,,-0.09489180719619164,0.0,0.009004444508581823,0.00498269170250798,-0.007316477272561128,-0.09655552928194215,,1.206586969950497,0.3279111769013119,,,,False,False,False
Norway,1948,0.4554,,,,-0.07163190574307503,-9.99999999999994e-05,0.017186122807562345,-0.006784614581703652,-0.024845034896941565,-0.07916786536248561,-0.07493495229410657,1.556369416924372,0.31277500963063254,,,,False,False,True
Norway,1949,0.4168,,0.025070183870967745,0.15776866259971845,-0.040152933844452246,0.0,0.0251853250522114,0.0012459477225614801,-0.023697606733947163,-0.07400951934034994,-0.08324430466159255,0.6033941895227277,0.2685708863749401,,,,True,True,True
Norway,1950,0.2898,-0.24069999999999997,0.0277969889090086,-0.012066538995433791,-0.028387813681077897,0.0007999999999999986,0.010193028578597118,0.05235958112335082,0.04737688942084284,0.02066971080669711,-0.044169224632046124,0.2483977814268441,0.1464278507846397,0.08093686131566885,,,True,True,True
Norway,1951,0.2411,-0.21430000000000002,0.026962330375099763,0.026893586226046148,-0.08072031064701485,0.0023999999999999994,-0.04328146731324483,0.1584388730938222,0.16522348767552586,0.027962456003128668,-0.008459117510174701,-0.1580897560045349,0.029294090410578066,0.023914280422368817,,,True,True,True
Norway,1952,0.216,-0.2008,0.030419767107061502,-0.022090818223719198,-0.11331277091506077,0.0023999999999999994,-0.07287507599296211,0.09002677376171331,0.08878082603915183,-0.0006904804112745967,0.01598056213285041,-0.2890025312975303,0.016540087340426224,0.013766273268991658,0.0446706077032577,,True,True,True
Norway,1953,0.2382,-0.05160000000000001,0.03141901914812461,-0.0009934298479286835,-0.09855438975707483,0.0022000000000000006,-0.06234244995140199,0.020161702998670483,-0.032197878124680335,-0.043572801957699706,-0.005433608788615193,-0.3064672017837812,0.04864905944736608,0.030436371809790752,0.054852336617261854,,True,True,True
Norway,1954,0.2408,-0.00030000000000002247,0.031611520975801694,0.0008337241441586712,-0.05754223256595836,0.001899999999999999,-0.02461012360712611,0.044341894060994536,-0.11409697903282767,-0.053706361364186085,-0.03265654791105344,-0.19739698050209298,0.08208220111146525,0.03257322729742396,0.0494773708634223,,True,True,True
Norway,1955,0.2677,0.051699999999999996,0.03957997196850394,-0.00026085947528055667,-0.024443177575643984,-0.004299999999999998,0.005548977092823908,0.008549471661863262,-0.08147730209985005,-0.03591750075826509,-0.04439888802671694,-0.07938683809785518,0.101194997800647,0.023785050598315483,0.030974253275765917,0.06671599263763311,True,True,True
Norway,1956,0.2702,0.032,0.049801934752731446,0.03648846129492049,-0.030006513400636377,0.008099999999999996,0.012896918794669782,0.037717877893132856,0.017556174894462373,0.0010111944061586041,-0.029537555905430838,-0.10285557271803436,0.11626744074483142,-0.00496679249662374,0.0029913528841588044,0.028563411631992275,True,True,True
Norway,1957,0.269,0.02820000000000003,0.05308052826470988,0.011789759480723841,-0.011262366922785004,0.010700000000000001,0.02109902789041833,0.02753556677374891,-0.016806327287245626,0.003282454760031471,-0.010541283864024987,-0.08581263609945189,0.14850019234635137,-0.010191569490545005,0.002313502009520685,0.016036436545494748,True,True,True
Norway,1958,0.2876,0.01990000000000003,0.06177908234695321,0.0011893683837212957,-0.011590657575948675,0.012599999999999993,0.009591594073373719,0.048771773112997074,0.04022230145113381,-0.03539271279933582,-0.010366354544381897,-0.09801776648326832,0.11070438863773013,0.01124930228417137,0.0182414863149446,0.029803191920521277,True,True,True
Norway,1959,0.2927,0.02250000000000002,0.056640204355137884,0.012403503582749074,-0.0016607031880283146,0.011099999999999999,0.013367851187852005,0.021889106549698,-0.015828771343434855,-0.01454353973755376,-0.015551265925619354,-0.07375427690924286,0.08857297584446822,0.01703764962549259,0.01708377500510161,0.029259238386394215,True,True,True
Norway,1960,0.2978,0.028799999999999992,0.048760246125229806,0.033997398388287255,-0.0024178265743308516,0.010799999999999997,0.021190641934960796,0.003167194532422535,-0.024368372241326375,-0.027026362752586363,-0.025654205096491963,-0.06092767523000653,0.08999877685864743,0.11374080994063207,0.11961431330799521,0.1366735066393885,True,True,True
Norway,1961,0.2768,-0.010800000000000032,0.0453636648619001,0.035720786929177524,-0.016783119952184282,0.011399999999999993,0.029462544593320168,0.02575606513791895,-0.023015707975078126,-0.041549276240641114,-0.02770639291026039,-0.0174550528388967,0.11229650303672978,0.03671567214578686,0.05174890887604733,0.06581943418225378,True,True,True
Norway,1962,0.2674,-0.02529999999999999,0.04667613262823423,0.025362036941018976,-0.021439200761775766,0.014499999999999999,0.022390367625410666,0.05240563745342652,0.030516530903728523,-0.039207836670365315,-0.03592782522119758,-0.042297775328026366,0.13448969335901384,0.018389952020889444,0.04216402089681193,0.05478007359133452,True,True,True
Norway,1963,0.2528,-0.044999999999999984,0.043001941431627444,0.028037176626841322,-0.022256987904434374,0.014599999999999995,0.014797798769353929,0.026244901100592744,0.02307770656817021,-0.030930617528429533,-0.03722924347981197,-0.06339842820000641,0.13339753206434257,0.00284897033176279,0.027322755497230067,0.04504649208238298,True,True,True
Norway,1964,0.2373,-0.03949999999999998,0.03877117634317051,0.035567985098064886,-0.027635722618253998,0.014400000000000003,0.00440909251839184,0.05632218389080523,0.030566118752886284,-0.011715426400615224,-0.02728462686647001,-0.08695651223849321,0.10783696498825002,-0.018032003533355212,0.005181360796509216,0.029217742028829985,True,True,True
Norway,1965,0.22639083915115796,-0.04100916084884207,0.03681158084681317,0.03281461345252457,-0.032839475231246945,0.0017333333333333298,0.008201801157169342,0.042527511537094,-0.009878125916332525,-0.02403931728398236,-0.02222845373767569,-0.07786853011807593,0.09099353287780021,-0.014071938829223196,-0.013955146252376704,0.01203600543479788,True,True,True
Norway,1966,0.22252968772907197,-0.03027031227092805,0.03529326280299948,0.02926898548599912,-0.03468246236741327,,0.006040385733604471,0.03302914737128737,0.006784246270694627,-0.030813388794989738,-0.022189377493195755,-0.06921863357707358,0.10419570848952242,-0.005361341264426778,-0.015493093276715997,0.009527713799904691,True,True,True
Norway,1967,0.2310217755443886,-0.006278224455611409,0.03456121886433118,0.02999329983249581,-0.03417372001382677,0.004499999999999997,0.010179335948727768,0.04390533324543533,-0.012416850645369903,-0.03676800669502513,-0.030540237591332387,-0.04488715762244089,0.13399721989337166,-0.004595468181807449,-0.007818552230673848,-0.0015275474582707727,True,True,True
Norway,1968,0.23090558283267187,0.004514743681513916,0.032101712873035496,0.03918756372648983,-0.021013980992811064,0.0006500000000000047,0.011987990725907033,0.03530154720555623,-0.007225964331537771,0.0008972689766427709,-0.02222804217112401,-0.0115978864774825,0.13453385007143703,0.018606954254380192,0.0156328485060504,0.014912264205524384,True,True,True
Norway,1969,0.22795240427554814,0.005422716546476164,0.031963893162898965,0.03459029070269959,-0.0222498524339338,-0.006524999999999989,0.014552020100932539,0.03073705924621084,-0.00229208812507653,0.01318390042743957,-0.00756227909698091,0.013434981134821555,0.11717088584800384,0.03320329274267808,0.03384590412920263,0.027560612470421963,True,True,True
Norway,1970,0.20762353044683216,-0.023398245097556447,0.03765318060729316,0.0495939896379234,-0.02480194083327151,0.0005000000000000143,0.005587205238533184,0.10589977783263338,0.06199444458719805,-0.018877744998994864,-0.0015988585316374891,-0.015222249973411928,0.04287168985647605,-0.05234720851995911,-0.051285499344462804,-0.054735360041394454,True,True,True
Norway,1971,0.21199068000704874,-0.018914902825623137,0.04085587123335847,0.0101562253519914,-0.03998292345448518,0.013166666666666674,-0.00234174331199527,0.062388392857141595,0.027086845651585367,-0.03423569199758011,-0.013309845523045115,-0.09828243407804038,0.0665442051217302,-0.035412694330575145,-0.03596176333945178,-0.04061693995544413,True,True,True
Norway,1972,0.22627988153162681,-0.001672522743921323,0.040484537706343575,0.020667173555856296,-0.052779479263130064,0.0087,-0.017453205756764886,0.07217144658051966,0.04143438733430882,-0.003425613402537556,-0.01884635013303749,-0.15978046381627475,0.0541663637273766,-0.021607054570318973,-0.024394960033987445,-0.028132612555516245,True,True,True
Norway,1973,0.2291665049410413,0.02154297449420914,0.04016653262392316,0.012692271996654594,-0.05107067073497169,-9.999999999998899e-05,-0.007775279943196552,0.07446600039192841,-0.03143377744070497,-0.016045886949972294,-0.01790239745002997,-0.25035399003470804,0.11323721758104877,-0.011369042051993405,-0.02053159280902439,-0.024319064549899738,True,True,True
Norway,1974,0.2279828591386583,0.015992179131609552,0.04810577550559827,0.008173696065163837,-0.05655928761993509,-0.00416666666666668,-0.009279234102372524,0.09420025533466947,0.031811862477527875,-0.038696826012155947,-0.01938944212155525,-0.25034414463607757,0.09047100947131659,-0.002355457057304444,-0.023258987786738405,-0.027981570871125405,True,True,True
Norway,1975,0.24135378541760907,0.01507390388598226,0.0525738984257167,-0.003476132847675468,-0.07001551453537098,-0.0019333333333333425,-0.022269775327483976,0.11684307025585405,0.04467162367533439,-0.08053366616926487,-0.045092126377131024,-0.17530257528740445,0.1213524530865171,0.0003300302349177331,-0.009631764349982808,-0.019736510596298218,True,True,True
Norway,1976,0.30943390394551795,0.08026739900447666,0.06694448458768905,0.007162617676370466,-0.07856472716957837,-0.008625000000000008,-0.028417633167639733,0.09170957391239565,0.017243573520467237,-0.09903686025450875,-0.07275578414530982,-0.13038553835495148,0.13462389868923563,0.0076172031457549805,0.010628646106810136,-0.00702975516923765,True,True,True
Norway,1977,0.35164086262492283,0.12365800348626454,0.07927726862796373,0.028249030827957176,-0.07738360876822989,-0.043266666666666675,-0.025829441425871888,0.09063568010936596,-0.0035645752253035123,-0.11708592644620941,-0.09888548428999433,-0.08731797327124868,0.10621456806077556,0.007917429596588366,0.008998288184739245,-0.0029428699814257886,True,True,True
Norway,1978,0.4024649084261232,0.16111112300851413,0.10277325230517029,0.023597768459442295,-0.05559490174796486,-0.029500000000000012,-0.0034606600060830134,0.08153672599648742,-0.03530634425936663,-0.04330806557885997,-0.08647695075985935,-0.15353367629753234,0.057688289958875094,0.044288091089303316,0.047611802188381236,0.044654363422220844,True,True,True
Norway,1979,0.424,0.11456609605448204,0.11108674700401278,0.021800706319243905,-0.031345200092413775,-0.01632222222222221,0.012599844556735976,0.04772806022393872,-0.04398151368845693,-0.01911324688258315,-0.05983574630255082,-0.03554878270019024,0.003121892379076563,0.04442692733925824,0.053711262510751756,0.06158393798342854,True,True,True
Norway,1980,0.392,0.04035913737507718,0.12764332562176167,0.020756267800891674,-0.03099726386665659,-0.019991666666666658,0.02326604875047819,0.1089620675281393,0.01832638741877335,0.01786998199347742,-0.014850443489321874,0.050945995242261954,-0.017919304488118848,0.019943986584379902,0.03335173102584221,0.042273974796719904,True,True,True
Norway,1981,0.354,-0.04846490842612322,0.13650405723938225,0.027822427889554618,-0.02769527982210304,0.00037500000000000033,0.025337898327115596,0.13667117726657518,0.05513445127008776,0.03463692388441782,0.011131219665104053,0.16652967242370753,-0.03805033551402737,-0.03801706925823589,-0.02705067251178883,-0.017525865649102856,True,True,True
Norway,1982,0.319,-0.10499999999999998,0.13339788053638574,0.016468369329808944,-0.019216159875910438,-0.01336699999999999,0.012346609759786645,0.1134259259259256,0.06569786570198688,0.01154949112554999,0.021352132334481768,0.31666099262181713,-0.024769049460251158,0.007760758254123368,0.019832455986812825,0.03237969322137202,True,True,True
Norway,1983,0.295,-0.09700000000000003,0.12104193778533563,0.010749043335575786,0.0030500119608921766,-0.0067919999999999925,0.017180470899005137,0.08411048411048383,-0.024851583417655476,0.03410655117122607,0.026764322060397982,0.31477435428446965,-0.00968945928122067,0.015759092140404385,0.02143162804522769,0.03591792625496126,True,True,True
Norway,1984,0.299,-0.05499999999999999,0.11578278621799709,0.021309612866693254,0.009647596317714252,-0.00996000000000001,0.03482417000758789,0.06279107994082689,-0.0738800973257483,0.05237055515848414,0.032675532485086756,0.40470108146256645,0.018457592413847035,0.05006786412433317,0.04872082110023168,0.06583447315505064,True,True,True
Norway,1985,0.325,0.006000000000000005,0.12707302176583374,0.03831229803779147,0.008695031599491546,-0.008540142857142857,0.05796372994271877,0.05665824612053294,-0.05676767980539266,0.04114812891846045,0.04254174508272357,-0.008137524603016755,0.03559097005554768,0.0786330895885845,0.0821365900028429,0.09764324715573913,True,True,True
Norway,1986,0.409,0.11399999999999999,0.1496654154206861,0.0738185460902042,0.014922282970427567,-0.003283000000000008,0.07094466414660335,0.07186768149883016,-0.01224280261165367,-0.05779729959633141,0.011907128160204417,-0.12729108948996104,0.04839325179039089,0.12434596333892778,0.15230324139091755,0.16898552252073207,True,True,True
Norway,1987,0.33899999999999997,0.03999999999999998,0.12016382406225551,0.0697148067729868,0.0255815833550824,-0.005400000000000016,0.06367158414326607,0.08725931995083869,0.0244682400100118,-0.04029834613112817,-0.018982505602999685,-0.3936590975390918,0.035268553206095676,0.16241041987012306,0.2075610738906266,0.2314059267253744,True,True,True
Norway,1988,0.33,0.0050000000000000044,0.10772950104039934,0.06455728384361015,0.04270704217256578,-0.013950000000000018,0.054329384623813176,0.06698484467889165,0.010326598558358713,-0.03854440100951085,-0.045546682245656785,-0.24010072817209804,0.010950236342260444,0.11041923169296364,0.16259796781781266,0.20702254904607087,True,True,True
Norway,1989,0.33,-0.07899999999999996,0.09221821006380183,0.04246840579776613,0.05240735668683466,-0.006674999999999973,0.04175047111154756,0.045554422035626985,-0.026313259463203176,0.0019789877722663995,-0.025621253122790847,-0.17558817242773672,-0.008264273773345598,0.06474182914312276,0.12379531007972866,0.18268345210604187,True,True,True
Norway,1990,0.295,-0.043999999999999984,0.08135847456661084,0.026343333545061742,0.058118854017830464,-0.010644272727272738,0.055959799888145104,0.04113033362104601,-0.046128986329792676,0.031449523911130074,-0.0017052964420381025,-0.0739578324632243,-0.0014813019347009737,-0.0017436946482012328,0.05422858300061739,0.12354755875853507,True,True,True
Norway,1991,0.278,-0.05199999999999999,0.07317715438251451,0.004051946245856471,0.047582279972533004,-0.00609166666666669,0.05837780579866259,0.03420682694733923,-0.03277801773155242,0.038041552386003055,0.023823354689799865,-0.08340916671786125,0.0185496093866917,-0.050899402203077204,-0.013704847053515046,0.05235372499249602,True,True,True
Norway,1992,0.324,-0.006000000000000005,0.08316435020941225,0.0033902961241880046,0.04335116603927309,-0.010491633333333347,0.06492225891272752,0.023421162693432196,-0.02213325934219479,0.025395445539440138,0.03162884061219111,0.05872386048757061,0.03222501420874879,0.014759973346362032,0.024458805761931268,0.08878999210954563,True,True,True
Norway,1993,0.408,0.11299999999999999,0.0713325560270484,0.003311184046574704,0.03397686552126478,-0.004933299999999988,0.03838574045984161,0.02271488897970375,-0.01841544464134226,0.018913649754500817,0.02745021589331469,0.2802173223980482,0.037163070212060445,-0.013633977286973353,-0.02092914793194034,0.027413548262167353,True,True,True
Norway,1994,0.37200000000000005,0.09400000000000003,0.06940853709379126,0.020905150274132207,0.02558922296146913,0.017800033333333333,0.051226166686690944,0.013985548266791215,-0.020221278680548016,0.028336938822593208,0.02421534470551141,0.14419207401937073,0.03996515001109846,-0.027131899897132605,-0.04013582288197526,-0.01862636045881716,True,True,True
Norway,1995,0.348,0.023999999999999966,0.05555125006694843,0.055585325287877366,0.012864665333362772,0.013674966666666663,0.04781180300928266,0.024564053725657065,0.0011428910322248687,0.034333405667390696,0.027194664748161596,-0.07941698646557371,0.03600968546499561,-0.03068721454005674,-0.042973487971810664,-0.044948945550730146,True,True,True
Norway,1996,0.314,-0.09399999999999997,0.042612209465765286,0.08187881766842053,0.006328084304746115,0.012849966666666664,0.04238458014185924,0.012596557581973977,-0.010118331397729774,0.06700546480988606,0.04322526976662334,-0.12567451519904094,0.054872372883918,-0.04157325984351523,-0.0449133675116653,-0.06214226691805447,True,True,True
Norway,1997,0.27899999999999997,-0.09300000000000008,0.03294322584933042,0.08998246730024674,-0.00566982617164908,0.015841633333333327,0.03027220613203058,0.02579767029627722,0.011812122029486005,0.0643291170605367,0.05522266251260451,0.0919040888281395,0.05929296154046981,0.015154477872862171,0.005635730508074643,-0.01055866677982531,True,True,True
Norway,1998,0.268,-0.07999999999999996,0.03414867169530699,0.059728614248133756,-0.005233343108748428,-0.005866633333333343,0.032449876508577266,0.024881242596016984,0.00031718887035991905,-0.008598408517252526,0.0409120577843901,0.2009857742319079,0.08983900707754766,0.07288783680732491,0.06233878467715637,0.05680640248846003,True,True,True
Norway,1999,0.27899999999999997,-0.03500000000000003,0.03494603525752754,0.08114258692588139,0.00021693428505079743,-0.01190833333333332,0.029154899352264483,0.023331389050912366,0.010734831468938388,0.053215515354732276,0.0363154079660055,0.2266026072975178,0.08838767833790806,0.05378883284705149,0.057114242420045924,0.05315996281194646,True,True,True
Norway,2000,0.28360469363189383,0.004604693631893864,0.03748506163995007,0.17212073757764287,0.010263260464509372,0.00014170000000000849,0.03743392975175901,0.030860679097793664,0.005063008801516444,0.15175851434371848,0.06545854039373276,0.1973167564925007,0.0741634456282716,-0.020092217045175498,-0.0090618802475948,-0.01237055716304658,True,True,True
Norway,2001,0.2742280987476633,0.00622809874766328,0.03657094438028396,0.156116432469452,0.013644235894475928,-0.007116666666666674,0.03497805205996242,0.030173775671406666,0.005292533075389683,0.15076460778234493,0.1185795458269319,0.18494007692237502,0.05251494282457636,0.006874959525980162,0.02753730881395433,0.026559545773517934,True,True,True
Norway,2002,0.34206337241819035,0.06306337241819038,0.04526191905148391,0.11155008347675163,0.021266211594739785,-0.004791666666666666,0.03863636177733719,0.012881459898788084,-0.010449929152124282,0.10920454834308117,0.1372425568230482,-0.12995242470270374,0.06694002704823898,0.04643769393635533,0.06869381631831961,0.0813328018510735,True,True,True
Norway,2003,0.4204679180788869,0.13686322444699306,0.0407076000763356,0.10100747974593077,0.024072159221229905,0.003958366666666671,0.022413630055960917,0.024753974261922496,-0.006106704835871168,0.11677436634842658,0.12558117415795092,-0.24568177747247943,0.07752202761102422,0.06796149668514995,0.07762754971305641,0.1041697208812048,True,True,True
Norway,2004,0.43610255977252554,0.16187446102486225,0.032847995996829256,0.13023121731698012,0.016804076758323468,0.016975000000000004,0.021903551445826168,0.004653911501810937,-0.02551986416959573,0.12170243631591346,0.11589378366914042,-0.31425451787674274,0.10321666493684312,0.028299883144507043,0.03083146581199736,0.06041617059251059,True,True,True
Norway,2005,0.4233326543832862,0.08126928196509586,0.02830857307165777,0.1617845467383229,0.002032532674488441,0.013324999999999997,0.017923842000324396,0.015220588235293375,0.0023391283365052917,0.159784858818386,0.1327538871609087,0.009776199583818812,0.08519985405222807,0.04189230799825061,0.06333024925283837,0.08653094328129107,True,True,True
Norway,2006,0.533117082614561,0.11264916453567414,0.040864418903787045,0.20110250434757837,-0.004538548482002705,0.011266699999999998,0.024943032225919315,0.023321503585137737,-0.0014324706767847584,0.15890186976609877,0.14679638830013275,-0.015742837144442134,0.10509716704278138,0.05228090693359233,0.0855335055162828,0.10277777048027303,True,True,True
Norway,2007,0.5030857431736967,0.06698318340117115,0.04726550214917027,0.19959769846552589,0.0026920683601855053,0.00201663333333333,0.03253094573263316,0.007289970981669391,0.0026360594798584547,0.12004449210057144,0.1462437402283521,-0.06049258666436985,0.11588281673568068,0.1135841573878561,0.14250170973484744,0.17246436576602853,True,True,True
Norway,2008,0.48091685892572955,0.05758420454244334,0.04034556698641026,0.21765580298066894,0.007241695293695845,-0.009183299999999991,0.020709005929483094,0.03766160764474358,0.022441019409450202,0.15387404964922577,0.14427347050529868,0.06575077263252838,0.10903385338719951,0.05959387086291312,0.0818183002739501,0.12371191457410735,True,True,True
Norway,2009,0.4283958561576272,-0.10472122645693382,0.029418134019515492,0.12655663744228085,0.01958060924049229,0.015558300000000004,0.010951616333629649,0.02166847237269809,-0.0016530312124396485,0.1042504814122414,0.1260563410540129,-0.07990131591807892,0.08531902408482006,0.11699138198950054,0.15371302493103922,0.2033824208349343,True,True,True
Norway,2010,0.42306,-0.0800257431736967,0.024508279594327914,0.12937357690024584,0.013796248358145538,0.007541633333333332,-6.591896657750021e-05,0.02399257688229084,0.016702605900621448,0.10716157195888062,0.12176203434011595,0.049543421027250956,0.04349346784816244,0.004058110406196969,0.04655344834984465,0.08840990981279417,True,True,True
Norway,2011,0.28843,-0.19248685892572953,0.01487854078331185,0.147891555788269,0.016102863289785815,0.0036833666666666667,0.006009780669049024,0.013009708737864,-0.024651898906879577,0.12375013293682054,0.1117207287693142,-0.15631438081576354,0.057437501783806466,-0.05510221176084862,-0.022248737417472908,0.018614688347970976,True,True,True
Norway,2012,0.29994,-0.12845585615762722,0.009571164146044933,0.1480399980480582,0.0037045260441980823,0.0004916999999999994,0.001043538599428179,0.007092198581560627,-0.014576273791137462,0.12602012754845565,0.1189772774813856,-0.012276748664380777,0.0753332814855936,-0.07861253924136213,-0.07130553583483557,-0.03360436120997057,True,True,True
Norway,2013,0.30351,-0.11954999999999999,0.012336299224391912,0.12035654722717845,0.00331286262709176,0.004333333333333368,0.005385333646982961,0.021317091739626592,-0.0026754851426642468,0.1031701343700549,0.11764679828511038,0.06446305420726683,0.0848960522840867,-0.015347897184980752,-0.01842912012752418,0.016561046648253086,True,True,True
Norway,2014,0.29859,0.010160000000000002,0.01121729688483903,0.09918222829749014,-0.005575349298608014,0.0029166666666666664,0.0013799156087615852,0.02025096285252803,0.007241254114664031,0.10845013811723726,0.11254680001191596,0.24568190853672167,0.057924365912347175,0.09468911475001662,0.07945572328333883,0.09910331406964112,True,True,True
Norway,2015,0.34543999999999997,0.045499999999999985,0.007202875080487287,0.06679832372208526,-0.011292082324157926,-0.0003833333333333345,-0.01142651259582634,0.021736483195324396,0.01464428461376377,0.08033994835383475,0.09732007361370898,0.5358237926246061,0.033374244219928295,0.15773616229067366,0.14896469225900488,0.16610499277312107,True,True,True
Norway,2016,0.38126,0.07774999999999999,0.006927921208388842,0.047996735348385326,-0.020602122340006843,0.002941666666666667,-0.01741473754303413,0.035456766581249965,0.014139674841623373,0.04452997125381276,0.07777335257496161,0.3552885555712413,-0.012233664910020092,0.16441473086202296,0.1916478052365036,0.1973090516025413,True,True,True
Norway,2017,0.38636000000000004,0.08777000000000001,0.00888788746272971,0.05778338829258535,-0.025063725873480477,0.005882291633333334,-0.014572749958858107,0.01849999999999996,-0.0017509628525280707,0.05476003323440696,0.059876650947351506,0.0628602519168362,-0.019911107023110275,0.10090527534770577,0.16070518451474403,0.1772354456677916,True,True,True
Norway,2018,0.39658000000000004,0.051140000000000074,0.01195681507545442,0.08996671164990486,-0.023680173596636538,0.008738392890476194,-0.01281614438274998,0.027666666667000017,0.005930183471675621,0.07953,0.05960666816273993,-0.03536163248098001,-0.022085810897356062,0.022866954713514076,0.09401779444072078,0.12444700914861118,True,True,True
Norway,2019,0.40880000000000005,0.027540000000000064,0.010789130184080224,0.08090076291350123,-0.017827906394209593,0.0015434523809523832,-0.009788888888999972,0.021749999999999936,-0.01370676658125003,0.028469992021835568,0.05425334175208086,0.014676811974929427,0.02435274925400943,0.044949289178927376,0.10319661809392389,0.16739111260144224,True,True,True
Norway,2020,0.414,0.027639999999999942,0.0050373691706209955,-0.018888555443790186,-0.007912864487836032,0.002146874966666668,-0.015163888922333332,0.012750000000000039,-0.005749999999999922,0.01968,0.04255999734061188,0.031697542042760984,0.028339024174170113,0.13014678301963256,0.17227027395985406,0.25844842578272464,True,True,True
Portugal,1870,0.5553191489361702,,1.9336031470588235,0.04015160319148936,,,,,,-0.010638297872340425,,,,,,,True,True,False
Portugal,1871,0.6567164179104478,,1.9089296470588242,0.06066482729211089,,,,-0.027027027027026973,,-0.01279317697228145,,,,,,,True,True,False
Portugal,1872,0.6177062374245473,,1.3656042222222222,0.03738606841046278,,,,0.0,,-0.012072434607645875,-0.01183463648408925,,,,,,True,True,True
Portugal,1873,0.5833333333333334,0.02801418439716319,1.2142284,0.040311681818181816,-0.01862718440299005,,-0.018626472472472483,0.3194444444444444,,-0.01893939393939394,-0.01460166850644042,-0.28192009035159515,-0.0652631578947368,,,,True,True,True
Portugal,1874,0.6092362344582594,-0.04748018345218841,0.949212831304348,0.03167299310834813,0.01014198921064037,,0.016817481325536073,-0.17894736842105263,-0.15192034139402566,-0.008880994671403197,-0.013297607739481002,-0.13204113572828124,0.07440100882723844,-0.0022470637516484905,,,True,True,True
Portugal,1875,0.5899159663865546,-0.027790271037992698,0.8020630799999999,0.02092008544537815,0.00678324158471854,,0.0014509770520318085,0.012820512820512775,0.012820512820512775,-0.020168067226890758,-0.015996151945895962,-0.19807654995784763,-0.02059323634989585,0.0022247366687577555,,,True,True,True
Portugal,1876,0.6060100166944908,0.022676683361157468,0.7210196400000001,0.0200759449081803,0.12472814162647522,,0.10081320925081291,0.012658227848101111,-0.3067862165963433,-0.02003338898163606,-0.01636081695997667,0.1072078351067054,0.2039930555555558,0.0026215806080377956,0.0023244320896395124,,True,True,True
Portugal,1877,0.6199021207177814,0.010665886259522028,0.7866292307692309,0.017051158238172923,-0.005399614398462871,,-0.0005042468895379432,0.13749999999999996,0.3164473684210526,-0.011419249592169658,-0.01720690193356549,-0.14735783733402297,-0.11871227364185089,0.0005831403073952614,0.00030032495749182653,,True,True,True
Portugal,1878,0.6601307189542484,0.07021475256769372,0.8718189476923078,0.023966164444444445,0.0030204094341834964,,0.009717421046969967,-0.01098901098901095,-0.023809523809523725,-0.0196078431372549,-0.017020160570353538,-0.0755230658618451,-0.08564814814814814,0.001161374876965833,0.0016723215660254254,,True,True,True
Portugal,1879,0.6812080536912751,0.07519803699678429,0.8175285170370371,0.025290721409395974,0.015469850604741334,,0.02701214514448517,-0.04444444444444451,-0.05710267229254562,-0.02181208053691275,-0.01761305775544577,-0.04375652622162529,-0.0315387065944569,0.0006516248366260115,0.001963834046494188,0.0018741531210766244,True,True,True
Portugal,1880,0.6924342105263158,0.07253208980853443,1.0488391304347826,0.026518585526315794,0.10485931103017748,-0.00039999999999999064,0.09903363243130683,-0.06976744186046502,-0.20726744186046497,-0.01644736842105263,-0.019289097365073424,0.14813631484196144,0.15308219178082183,0.0007474432812769154,0.001474025690185475,0.0019616732346369736,True,True,True
Portugal,1881,0.6577287066246057,-0.0024020123296426554,0.945756,0.02467492113564669,0.08301408260990678,0.0063,0.08643729543496988,0.02499999999999991,0.03598901098901086,-0.02365930599369085,-0.02063958498388541,0.137469913234326,0.09756097560975618,0.0022739859590810013,0.0023622721320896677,0.003567894088634102,True,True,True
Portugal,1882,0.6661538461538462,-0.01505420753742892,0.8480827586206897,0.027068307692307697,0.05564735590721346,0.0005000000000000004,0.06765743996974852,0.012195121951219523,0.05663956639566403,-0.018461538461538463,-0.019522737625427316,0.07160390635764147,-0.004755865567533268,0.004385400263643681,0.0051311940216414165,0.006500820668252562,True,True,True
Portugal,1883,0.6841294298921418,-0.008304780634174058,0.9274666666666667,0.029339907550077038,0.03931956573409666,-0.0015999999999999973,0.06006588304437265,-0.048192771084337394,0.021574670776127625,-0.012326656394453005,-0.018149166949894106,0.006526665600166348,0.02634279849469734,0.006501268455493925,0.007947945974026767,0.009239784409313757,True,True,True
Portugal,1884,0.6504424778761062,-0.00728622874849949,0.9078517241379309,0.03145678466076696,0.07442641038340546,0.0006999999999999923,0.09701567207390843,-0.07594936708860744,-0.10094936708860736,-0.016224188790560472,-0.015670794548850644,0.07111187306432099,0.1532420091324198,0.005318208821105293,0.0071196014640473315,0.008656708616793032,True,True,True
Portugal,1885,0.6985714285714286,0.03241758241758241,1.08232,0.033528,0.09747926797611772,0.006400000000000003,0.12147934286130127,-0.04109589041095896,-0.05329101236217848,-0.014285714285714285,-0.014278853156909252,0.12146443524839023,0.26692759295499013,0.003954466467433505,0.006327551109982406,0.008409573295407848,True,True,True
Portugal,1886,0.6702849389416553,-0.013844490950486454,0.9322258064516128,0.026999999999999996,0.061850040150319884,0.013499999999999998,0.08799127630937924,0.028571428571428692,0.07676419965576609,-0.014925373134328358,-0.015145092070201038,0.010269894591174555,0.1557407407407405,0.0005219527812044822,0.00305138447085173,0.005591804467669166,True,True,True
Portugal,1887,0.6657824933687002,0.015340015492594006,0.7721941176470588,0.026862864721485413,0.04710193273408983,0.004550000000000005,0.06573407987243607,-0.0277777777777779,0.04817158931082954,-0.021220159151193633,-0.016810415523745424,-0.0019408004317866823,0.0022263450834880683,0.001018916513303575,0.0031041593854162636,0.00593128305690864,True,True,True
Portugal,1888,0.6428571428571429,-0.055714285714285716,0.6530351351351352,0.02275977443609023,0.031434228044827164,0.0021000000000000046,0.04683544973544974,0.0,0.04109589041095896,-0.018796992481203006,-0.018314174922241664,-0.031637908976838824,-0.06410256410256421,0.0020061550040980022,0.0031750878080036363,0.006232608316408879,True,True,True
Portugal,1889,0.6469864698646987,-0.02329846907695665,0.6201263157894739,0.015454858548585491,0.03307038589139186,-0.00019999999999999185,0.025487830687830688,0.08571428571428585,0.05714285714285716,-0.023370233702337023,-0.02112912844491122,-0.06926743027631033,-0.12458361092604942,5.812443749121654e-06,0.0004706004471092054,0.0032068815899863393,True,True,True
Portugal,1890,0.6654320987654321,-0.00035039460326813376,0.6893526315789473,0.015056049382716052,-0.03093700437324659,-0.021400000000000002,-0.02383107769423562,0.13157894736842102,0.15935672514619892,-0.027160493827160494,-0.02310924000356684,-0.22423691462144013,-0.2300439974858579,0.002334689123627026,0.002661490654785957,0.00461889878318459,True,True,True
Portugal,1891,0.718865598027127,0.07600845516998411,1.056874358974359,0.03849334155363748,-0.0022380855165310895,0.0006999999999999923,0.009896829282508582,-0.03488372093023262,-0.03488372093023262,-0.02342786683107275,-0.024652864786856757,-0.1340177967965971,-0.15662650602409622,0.002153906952536845,0.0029030933920082894,0.004164704524018736,True,True,True
Portugal,1892,0.6979785969084423,0.050992127043743674,1.9561378378378382,0.067035790725327,0.03884819708975678,0.06330000000000001,0.08303612933988096,0.024096385542168752,-0.0616179001721171,-0.007134363852556481,-0.01924090817026324,0.11532108479425118,-0.04464141821111989,-0.006764390145255192,-0.006380962940603613,-0.0060310876803314276,True,True,True
Portugal,1893,0.7267441860465116,0.06131208728107951,2.184375,0.0946220930232558,0.11461541349874746,0.07980000000000001,0.13555264120778604,0.0235294117647058,-0.10804953560371522,-0.01744186046511628,-0.016001363716248503,0.2166449810110176,0.04499178981937613,-0.010184045455585326,-0.011132759366241352,-0.011285916578544272,True,True,True
Portugal,1894,0.6818181818181818,-0.03704741620894525,1.7331818181818184,0.08665909090909092,0.1128172263390991,0.07710000000000002,0.10356189898199962,0.02298850574712663,0.05787222667735925,-0.013636363636363636,-0.01273752931801213,0.05239293668749867,-0.0674157303370786,-0.00823434462942273,-0.009944105225674623,-0.010777920906657672,True,True,True
Portugal,1895,0.6433941997851772,-0.05458439712326513,1.6019767441860464,0.07184210526315789,0.12175578066426587,0.05500000000000001,0.11822061925635549,-0.0561797752808989,-0.08027616082306765,-0.013963480128893663,-0.015013901410124526,-0.07107684757401489,0.011904761904762085,-0.005922045977550149,-0.008789380705654718,-0.010502188458654551,True,True,True
Portugal,1896,0.640083945435467,-0.0866602406110446,1.3883600000000005,0.07494018887722982,0.1190664932117626,0.053800000000000014,0.12089550254300348,0.011904761904761862,-0.011624649859943936,-0.014690451206715634,-0.014096764990657644,-0.0009828468026906734,-0.031796502384737635,-0.00406592037788309,-0.008665247083766616,-0.011275270559853102,True,True,True
Portugal,1897,0.7093023255813954,0.02748414376321362,1.923057446808511,0.08814344608879494,0.07680564263295124,0.07470000000000002,0.12200735739988879,0.08235294117647074,0.05936443542934411,-0.013742071881606765,-0.014132001072405352,0.06962021821288444,-0.04586063132817142,-0.0024897725232282883,-0.0064046222928718435,-0.010177545331848534,True,True,True
Portugal,1898,0.687693898655636,0.044299698870458815,2.026127659574468,0.09123888314374354,0.05453986684724629,0.0832,0.09728801201640072,0.04347826086956519,0.09965803615046409,-0.01861427094105481,-0.015682264676459067,0.08959069713777645,-0.11378205128205132,-0.0021857357472532465,-0.0040676058581695755,-0.008996420206286899,True,True,True
Portugal,1899,0.6224696356275303,-0.017614309807936657,1.5464687499999998,0.07108350202429149,0.060783356996142165,0.0707,0.0857007104290991,-0.02083333333333326,-0.03273809523809512,-0.022267206477732792,-0.018207849766798123,-0.017239200434672974,0.0721884498480243,-0.0017011700623530551,-0.0028969203535434557,-0.007731965111806183,True,True,True
Portugal,1900,0.6526005888125613,-0.056701736768834055,1.6665714285714284,0.07228851815505397,0.09931405282572814,0.07279999999999999,0.12588998869359644,-0.03191489361702127,-0.114267834793492,-0.02845927379784102,-0.023113583738876203,-0.018408033521999156,0.2777777777777781,-0.001144026900741446,-0.002341665341151822,-0.005908140820033526,True,True,True
Portugal,1901,0.6991951710261569,0.011501272370520899,1.5423653846153844,0.08169315895372233,0.12615350017821972,0.06539999999999999,0.1366457459797885,-0.010989010989011061,-0.05446727185857625,-0.030181086519114688,-0.026969188931562832,-0.028264350067559008,0.14767932489451518,1.9574379872201036e-05,-0.0007801824135337289,-0.0028450652127284953,True,True,True
Portugal,1902,0.6843687374749499,0.061899101847419535,1.3701816326530611,0.06426743486973947,0.1330106732679591,0.048299999999999996,0.12371241264645522,-0.033333333333333326,-0.012500000000000067,-0.028056112224448898,-0.0288988241804682,-0.008901185277874313,0.054424594931450354,-0.0001556306163266498,-0.0006227957177376842,-0.002057046369313118,True,True,True
Portugal,1903,0.5750242013552759,-0.07757638745728546,0.9667058823529413,0.044822846079380446,0.10941356164725388,0.033,0.08627986190055156,0.034482758620689724,0.06639765223771099,-0.027105517909002903,-0.02844757221752216,-0.06291538832407462,-0.02222222222222181,0.001106727227738278,0.000892667050019072,-0.0001556021904039577,True,True,True
Portugal,1904,0.5792972459639126,-0.11989792506224428,0.5547547169811321,0.02602279202279202,0.05116699735186753,-0.001800000000000003,0.02559463601532565,0.06666666666666665,0.07765567765567771,-0.029439696106362774,-0.02820044207993819,-0.16505061536102417,-0.07352941176470573,,,,True,True,True
Portugal,1905,0.6100094428706326,-0.07435929460431723,0.49949642857142845,0.027357695939565625,0.036152764972260366,-0.0067000000000000046,0.013055747126436788,-0.01041666666666674,0.022916666666666585,-0.030217186024551465,-0.028920800013305714,-0.20936036188137075,-0.061598440545808764,,,,True,True,True
Portugal,1906,0.6076779026217228,0.032653701266446955,0.4902267857142858,0.0247684456928839,0.03671259706160072,-0.0076999999999999985,0.023550000000000033,0.0,-0.034482758620689724,-0.027153558052434457,-0.028936813394449565,-0.20564325640399994,-0.07416267942583721,,,,True,True,True
Portugal,1907,0.572992700729927,-0.006304545233985603,0.5126763636363637,0.02390255474452555,0.05438998315271029,-0.010099999999999998,0.04837222222222229,-1.1102230246251565e-16,-0.06666666666666676,-0.028284671532846715,-0.028551805203277547,-0.08304899534113197,-0.013533834586465843,,,,True,True,True
Portugal,1908,0.5598214285714286,-0.05018801429920405,0.45106567164179107,0.02430482142857143,0.04529630459868637,0.008199999999999999,0.04469122807017546,0.010526315789473717,0.020942982456140458,-0.03482142857142857,-0.03008655271890325,0.12349471485943853,0.037274096385542244,,,,True,True,True
Portugal,1909,0.5523306948109059,-0.05534720781081692,0.4589230769230769,0.023597185576077397,0.04599673270431151,-0.0025000000000000022,0.04051900584795322,0.01041666666666674,0.01041666666666674,-0.02990325417766051,-0.0310031180939786,0.11362338357296586,-0.06617118197075034,,,,True,True,True
Portugal,1910,0.5826086956521739,0.009615994922246851,0.4350144927536232,0.026100869565217392,0.05955300270701756,-0.010199999999999994,0.05156471031530716,-0.04123711340206193,-0.04123711340206182,-0.029565217391304348,-0.03142996671346448,0.08563403281981241,0.03396275898242873,,,,True,True,True
Portugal,1911,0.5789938217122683,0.01917239314083974,0.45415384615384613,0.027819947043248014,0.028407076050532443,-0.010000000000000002,0.033768105901045724,0.06451612903225801,0.05398981324278429,-0.03000882612533098,-0.029825765898098613,-0.0626249942226409,0.04771856495994453,,,,True,True,True
Portugal,1912,0.5549958018471872,0.002665107036281311,0.4995426229508197,0.023066414777497903,0.027737211606404594,-0.008899999999999998,0.041707331490271365,-0.010101010101010166,-0.020517676767676907,-0.03442485306465155,-0.03133296552709563,0.02074433660955477,0.1346441015430564,,,,True,True,True
Portugal,1913,0.543424317617866,-0.039184378034307854,0.3925367088607595,0.028131017369727045,0.011528411038491351,-0.007800000000000001,0.01885754539026435,0.030612244897959107,0.07184935830002104,-0.04466501240694789,-0.03636623053231014,0.026943482208657166,0.10938804723845896,,,,True,True,True
Portugal,1914,0.5739592559787422,-0.00503456573352612,0.4472049689440993,0.03353157028976338,0.03926853032516447,-0.007380952380952384,0.044082299386401236,-0.009900990099009799,-0.0744171191312678,-0.03720106288751107,-0.03876364278637017,0.1920756930770917,0.05319148936170204,,,,True,True,True
Portugal,1915,0.6158940397350994,0.060898237887912154,0.5622874417432927,0.009300948707403892,0.010459700960374664,-0.003608137044967881,0.004488111355382386,0.11999999999999988,0.13010101010101005,-0.0347682119205298,-0.038878095738329586,0.25950392809153433,-0.003989361702127714,,,,True,True,True
Portugal,1916,0.5827910339840926,0.03936671636622657,0.5158950288030725,-0.0026269179486158867,-0.05477287430544352,4.587155963303724e-05,-0.05605856031212552,0.2232142857142856,0.19260204081632648,-0.05278380332610268,-0.04158435937804785,0.11367720526545244,-0.08583941605839418,,,,True,True,True
Portugal,1917,0.6170510132774284,0.043091757298686195,0.5131731886865556,-0.006518229354924215,-0.10886768150608553,-0.0032758620689655182,-0.12350787458199983,0.1824817518248174,0.1923827419238272,-0.0573025856044724,-0.048284866950368294,0.11570039082109496,-0.10493827160493818,,,,True,True,True
Portugal,1918,0.5722510074841681,-0.043643032250931246,0.568649885583524,-0.01996788170772354,-0.3156002090199997,-0.002368421052631582,-0.3521477586685466,0.808641975308642,0.6886419753086421,-0.05469199769717904,-0.054926128875918044,-0.33162310619030166,-0.4712768332748556,,,,True,True,True
Portugal,1919,0.5226762460709474,-0.06011478791314517,0.8040524982730831,-0.03987009325299444,-0.28992719512006354,0.014767441860465115,-0.30838870381655836,0.14334470989761106,-0.07986957581667453,-0.05478221823080377,-0.055592267177485076,-0.18542852064650484,-0.036976408281174766,,,,True,True,True
Portugal,1920,0.49791599871753767,-0.11913501455989073,1.3628784554629223,0.009200921583393605,-0.477921235741353,0.06953488372093022,-0.4215751058751839,0.7313432835820894,0.548861531757272,-0.15036870791920487,-0.08661430794906257,0.3461151481331879,-0.13895362663495825,,,,True,True,True
Portugal,1921,0.7390180878552972,0.16676708037112908,1.7033948779035142,0.04497247500280868,-0.42853499584349214,0.06043478260869564,-0.35020834165465276,0.5672413793103448,-0.24140059599829722,-0.18294573643410852,-0.12936555419470575,1.3093373717467793,0.33942110427258965,,,,True,True,True
Portugal,1922,0.652748328168325,0.13007208209737753,1.339955357142857,0.03242304914136589,-0.4738930534423994,0.03714285714285713,-0.3953923311846907,0.20902090209020918,0.06567619219259813,-0.13178926765617355,-0.15503457066982898,1.396989712258033,0.044956810051479223,,,,True,True,True
Portugal,1923,0.7487901924938165,0.25087419377627884,1.1787709497206704,-0.0018281535648994457,-0.42488784949171704,0.0009090909090909149,-0.3580178873314942,0.5705186533212012,-0.16082463026088822,-0.1736745886654479,-0.16280319758524334,0.3506622399434334,0.17876094265620446,,,,True,True,True
Portugal,1924,0.6633149262342372,-0.07570316162106006,1.0629099713845476,0.03440539668392827,-0.326891943280946,0.011694915254237298,-0.28812456575002965,0.3899188876013904,-0.17732249170895442,-0.16558147201846204,-0.1570151094466945,0.06688108441745944,0.45956546935206743,-0.035250284608897536,,,True,True,True
Portugal,1925,0.6246096654275093,-0.028138662740815668,0.7111255325752659,0.04166006459869583,-0.21373403265669383,0.00836065573770492,-0.20886314038196957,-0.03876615256356819,-0.24778705465377737,-0.12066914498141264,-0.1533084018884409,-0.34296351281065984,0.16741367912226535,-0.025553773867408494,,,True,True,True
Portugal,1926,0.6266281771456734,-0.12216201534814308,0.7712639195805711,0.03088214092931406,0.013943624825099726,0.015238095238095231,-0.00764687252675271,-0.04249783174327837,-0.6130164850644796,-0.113074702527635,-0.13310843984250323,-0.3286391981189183,0.2388595043995856,-0.012203279925132357,-0.032549813292431604,,True,True,True
Portugal,1927,0.6103362877997914,-0.052978638434445724,0.7996254468453289,0.020539325169799623,0.038869911555936,0.021351351351351355,0.10383185819759488,0.07382246376811596,-0.3160964238332744,-0.12636861313868614,-0.12003748688257794,-0.3070059414435823,0.06818709042124493,0.012227629573902346,-0.00020980351487140392,,True,True,True
Portugal,1928,0.5245766891336512,-0.1000329762938581,0.6091864786437918,0.04189165265114633,0.08411906464378571,0.01615384615384617,0.1000522430987513,-0.04301982285955297,-0.004253670295984779,-0.09041591320072333,-0.10995307628901484,0.12026878943606856,0.07018923759271889,0.01831049860506545,0.01473840735551886,,True,True,True
Portugal,1929,0.4702029156816391,-0.15642526146403435,0.3680227179276315,0.05145343411720791,0.012085202296960043,-0.0010526315789473745,0.055164322700246224,0.0405464962538562,0.08304432799713457,-0.07171000788022065,-0.0961648447398767,0.03564360093065422,-0.02641669585492601,0.017793023754779216,0.019376671301493814,0.0039052962971019983,True,True,True
Portugal,1930,0.47451828746792774,-0.1358180003318637,0.39319113457930943,0.04265013617531604,0.11196781547550656,0.006081081081081088,0.09856513079392172,-0.04997882253282515,-0.12380128630094112,-0.07360265633646929,-0.0785761924724711,0.1353180945407335,0.03635621097080577,0.01556239151526731,0.021419318240872995,0.015456829199331057,True,True,True
Portugal,1931,0.4993486530144339,-0.025228036119217312,0.3324103125000001,0.043157094471366786,0.07968729242791305,-0.0034000000000000002,0.10734256321054056,-0.11279536335265272,-0.06977554049309975,-0.04496899588348705,-0.06342722003339234,0.06701321669869253,-0.01664670274339164,0.002192754095398375,0.011513297437881542,0.012533865525651597,True,True,True
Portugal,1932,0.5057924953865081,0.03558957970486898,0.31413944033790914,0.033011077506663926,0.12453823684826171,-0.004700000000000003,0.12142573365361825,-0.020603015075376874,-0.061149511329233075,-0.04767274964117285,-0.0554148006203764,0.35782695152417077,-0.0861462209951338,0.02051295427906022,0.029118121450920548,0.03631346763333282,True,True,True
Portugal,1933,0.3717072189825055,-0.10281106848542221,0.1840797916666667,0.01721461894228836,0.07105210440963014,-0.007199999999999998,0.09243715402022062,-0.0005130836326322497,0.0494657389001929,-0.05610295596219586,-0.04958156716228526,0.028494439104504776,-0.0600511251728616,0.013292623528693537,0.019134796634343698,0.03030757695588028,True,True,True
Portugal,1934,0.35175149990323207,-0.1475971531112018,0.1466464952092789,0.01455389974840333,0.022452272646512512,-0.010000000000000002,0.04361638608542122,0.010266940451745477,0.1230623038043982,-0.051480549641958584,-0.05175208508177578,-0.1792399180782791,-0.07971362016990968,0.011793296687050592,0.017277728859583175,0.02915354090652765,True,True,True
Portugal,1935,0.34504547630445187,-0.1607470190820562,0.09615415019762845,0.021489899473432265,0.03217329927600415,-0.009500000000000001,0.0365712076185612,0.00203252032520318,0.022635535400580054,-0.06567735758736237,-0.057753621063838946,-0.29136841023051496,0.026349664534248696,0.02075637526978491,0.02700941605255014,0.03799279841959555,True,True,True
Portugal,1936,0.33702279335897195,-0.03468442562353358,0.130297565822156,0.013661429509426882,0.06783224516983648,-0.0085,0.02394852321633828,0.02535496957403649,0.02586805320666874,-0.04535221836600694,-0.05417004186510931,-0.1060527720795128,-0.012512363996043496,0.014285068015667368,0.02342073230626887,0.032957354082834595,True,True,True
Portugal,1937,0.32474874371859297,-0.0270027561846391,0.1222131898971001,0.016344750538406318,0.013476760369225637,-0.0039000000000000007,0.013782574253830723,0.03956478733926816,0.029297846887522683,-0.0520010768126346,-0.054343550922001306,0.03525093807067137,-0.04063149733939431,-0.0016138029155365052,0.005189973933030417,0.013974916092385103,True,True,True
Portugal,1938,0.3110285541492073,-0.034016922155244544,0.11968000000000001,0.011330079053090848,0.0036787693140043973,-0.002599999999999998,0.026067724543011962,-0.03092293054234052,-0.0329554508675437,-0.05019655276685818,-0.049183282648499915,0.0032885400910867,-0.008006206173445385,0.0031073813629360625,0.007441922308018156,0.017693620879868144,True,True,True
Portugal,1939,0.3055436918083198,-0.031479101550652144,0.1309422775472568,0.004100700435636798,0.00249769365584291,-0.00030000000000000165,0.05629246239644223,-0.05841924398625431,-0.0837742135602908,-0.031605022636029725,-0.04460088407184084,0.17838037893950354,0.06707952898089986,0.007581391038143065,0.012884690485728045,0.02169760705679158,True,True,True
Portugal,1940,0.2613478367547232,-0.0634009069638698,0.11035856627592426,0.0033031528584280693,0.08069304037126307,-0.0017000000000000001,0.05226563968471413,0.04744525547445244,0.007880468135184282,-0.0339412775006134,-0.03858095096783378,0.22780071067316698,0.056754604280736975,0.03230277124892267,0.03686056512174182,0.04643298701285814,True,True,True
Portugal,1941,0.22779710045111745,-0.08323145369808987,0.09774928366762177,-0.0035882261785874173,-0.003774519403473564,0.0010999999999999968,-0.0015560904396533098,0.12394225983076179,0.1548651903731023,0.01735596955818038,-0.016063443526154256,0.040243523462791586,-0.06178919397697069,-0.003090257583618833,-0.0013629851667329718,0.0062209856645643324,True,True,True
Portugal,1942,0.24165225293893466,-0.06389143886938514,0.08112423323222111,0.008199571985576502,-0.09125268701811923,-0.005800000000000003,-0.10174080448172032,0.22143489813994677,0.2798541421262011,0.042244437278297325,0.008553043111954761,-0.18246051592096268,-0.2489340101522841,-0.018480364203785626,-0.015232297596601857,-0.010080965407243653,True,True,True
Portugal,1943,0.2414420373739044,-0.019905799380818767,0.07579993863148204,-0.003113610054572517,-0.17067474141285485,0.003199999999999998,-0.13043550902625264,0.13052936910804935,0.08308411363359691,0.019100380353894494,0.026233595730124057,-0.26636151354238047,-0.22808794670358645,-0.01025283551254949,-0.0062346732215301515,-0.0037970187348210227,True,True,True
Portugal,1944,0.2671170659702509,0.03931996551913347,0.076998517640083,0.005016350630180537,-0.12762440809108774,0.007599999999999999,-0.09934297469309937,0.028864656831302016,-0.09507760299945978,-0.021942772794368116,0.013134014945941228,-0.1625398479613317,-0.08632864953002095,0.01995516744173831,0.022893887695001724,0.026569094665799597,True,True,True
Portugal,1945,0.2719044868091662,0.030252233870231515,0.08392355235523552,-0.006114901928420126,-0.07604251119258504,0.008300000000000002,-0.05486043591162085,0.09008728179551118,-0.1313476163444356,-0.02327308739787076,-0.0087051599461148,-0.12801504365853889,0.10998845571336302,0.04362905774855175,0.041758567581544975,0.04833639915270588,True,True,True
Portugal,1946,0.24677259185700098,0.005330554483096578,0.07573515384615384,-0.004696479406062326,-0.08305079183007714,0.008300000000000002,-0.057390108605277476,0.13811838718901925,0.0075890180809699,-0.05461767626613704,-0.033277845486125314,-0.10022681827423796,0.13951576062128868,0.04771372285708267,0.05047829932946751,0.05979250205522804,True,True,True
Portugal,1947,0.21941189004900916,-0.047705175921241766,0.07272973977695167,-0.021392951203920735,-0.09183371745790919,0.0104,-0.05597006386586517,0.03090452261306509,0.0020398657817630728,-0.11046239079480076,-0.06278438481960286,-0.0045336953348037445,0.12936333847862014,0.02653341156303693,0.04146080224447868,0.047267077993467105,True,True,True
Portugal,1948,0.21449688633552094,-0.05740760047364524,0.07476923076923078,-0.018169291090935773,-0.015675500096199276,0.012400000000000005,0.03471529783752113,-0.1759688033146477,-0.2660560851101589,-0.08716163797622292,-0.08408056834572025,0.4318966872257566,0.36773805632092627,0.03382155705637313,0.05590345750622397,0.06530401208052977,True,True,True
Portugal,1949,0.21107430194036914,-0.03569828991663185,0.0822389765458422,-0.010397316817218462,0.0045305016256753546,0.017599999999999994,0.032814663615503364,0.1594202898550725,0.021301902666053252,-0.06438404082388527,-0.08733602319830298,0.39938052981700434,0.2229823747680888,0.017691913479442156,0.037534460187289426,0.0535618716578862,True,True,True
Portugal,1950,0.20732670140533713,-0.012085188643672029,0.08533819689119171,0.004199368387809884,0.047063645680467225,0.0192,0.05330460652734139,-0.025765306122448983,-0.05666982873551407,-0.006809568924680247,-0.05278508257492948,0.35018695516849707,0.17353717243740818,0.019477869385427726,0.033401823775140116,0.05870379739960008,True,True,True
Portugal,1951,0.19208507670850766,-0.02241180962701328,0.07510471223021584,0.008448085774058579,-0.03076197515786956,0.017900000000000003,-0.01127765408701139,0.013877978528410662,0.18984678184305837,0.0002615062761506276,-0.023644034490804964,0.06386375456327542,-0.0703327371407424,-0.001661698610999185,0.006568399543299186,0.03182859136858199,True,True,True
Portugal,1952,0.18973039299226285,-0.021343908948106283,0.06588918367346938,0.009653164729540883,0.023837022301924533,0.014799999999999997,0.038245913605726246,0.0015495867768595684,-0.15787070307821294,-0.027659429428405876,-0.011402497358978502,0.14367623974130894,0.020366460050405433,-0.00158859487485008,0.006011259363798205,0.02594887821643016,True,True,True
Portugal,1953,0.18849694031495262,-0.018829761090384506,0.06003130490337007,0.006761073347685318,-0.006096967993994361,0.013799999999999996,0.02564905464553563,0.009025270758122872,0.034790576880571855,-0.02666418049599105,-0.018020701216082104,0.08199537467475926,-0.010276327013962083,0.004621140884014219,0.008995483450534303,0.02201301739941519,True,True,True
Portugal,1954,0.18624128892014577,-0.005843787788361893,0.05980543085857793,0.0037085288664407646,-0.006638002686041769,0.0127,0.026534277405708583,0.007922310247891806,-0.0059556682805188554,-0.01761396330157918,-0.02397919107532538,0.0032344989938735136,-0.019089685503592357,0.012275842036161833,0.01397511026490067,0.024654095950678967,True,True,True
Portugal,1955,0.17855669473008695,-0.011173698262175902,0.054250335766423366,0.0010025639066725753,-0.031042704770140796,0.011800000000000001,0.014910103153505595,0.03372210953346855,0.03217252275660898,-0.020337066634070318,-0.02153840347721352,-0.04722186008294604,-0.03022300744650186,0.03366984347429913,0.03588802539609709,0.044129074170401905,True,True,True
Portugal,1956,0.1675221251590581,-0.020974815155894527,0.04822400162999185,0.0046898917690119096,-0.03514269632623348,0.010299999999999997,0.0017835827447791192,0.043904831984302284,0.03487956122617941,-0.012595971004961183,-0.016849000313536897,-0.06930097357923382,-0.04344431153641681,0.033138024423340684,0.03979492394847378,0.04836138336137663,True,True,True
Portugal,1957,0.15803367003367003,-0.028207618886475744,0.044579845540607864,0.005075919191919191,-0.03168673090114356,0.010499999999999999,0.004546032025404739,0.0002349624060149491,-0.007687347841876857,-0.024363636363636365,-0.019098891334222625,-0.03047557834754433,-0.01680305667016635,0.04538409644386254,0.05892231814557447,0.06691576406316235,True,True,True
Portugal,1958,0.18676364738417245,0.008206952654085498,0.05286504659667335,0.005962003257945978,-0.015718224271253082,0.010299999999999997,0.01081028856631587,0.01432933991073515,-0.019392769622733397,-0.006768445909257365,-0.014576017759284974,0.015888132877744043,0.029163964798518016,0.04193669604444311,0.05930934870301685,0.07281780785631603,True,True,True
Portugal,1959,0.18240879560219891,0.01488667044314082,0.059418604651162804,-0.0007628923633421379,-0.006910227676629348,0.014500000000000002,0.02524504729012455,0.013200555812876269,-0.030704276171426015,-0.010566145498679232,-0.013899409257190992,0.04217091650376292,0.10502524271844704,0.018533733590844925,0.03779593230524553,0.055499805251802314,True,True,True
Portugal,1960,0.18174258938804863,0.023708919354378605,0.057722578648788034,-0.009016108951165247,-0.020258341569391075,0.014599999999999998,0.018032891901653355,0.02217142857142851,0.02193646616541356,-0.019113648111108612,-0.012149413173015074,0.004541493342461234,0.13498520710059214,0.04385676463917315,0.06292033645809308,0.08694891492584444,True,True,True
Portugal,1961,0.18944823417666867,0.002684586792496224,0.0612820034731743,-0.016692358172869355,-0.028695422925149754,0.018199999999999997,0.027229255056155983,-0.0024597495527727276,-0.016789089463507878,-0.0849451688109835,-0.03820832080692379,0.0039006351600396894,0.18995000503857096,0.015279660788340088,0.032443913566210514,0.058756748078502674,True,True,True
Portugal,1962,0.20698741188802447,0.024578616285825555,0.07049403849081583,-0.015425092086510814,-0.02963179410851166,0.0195833,0.03316218365073429,-0.0004483299708586408,-0.01364888578373491,-0.01146297133295508,-0.038507262751682404,0.017241072288037396,0.20218183404754764,0.013201305434915045,0.026881464308049663,0.052270312351835824,True,True,True
Portugal,1963,0.2301885738751652,0.04844598448711657,0.08239075905831741,-0.016463739015059847,-0.026611900021775305,0.021816700000000005,0.034114459332875234,0.026014801525005682,0.0038433729535771732,-0.012258232655112717,-0.036222124266350436,0.014229594929079159,0.18822319587413028,0.03930362687788963,0.05030139457471372,0.0754260295301995,True,True,True
Portugal,1964,0.2424502255071768,0.05300199133050812,0.08155470968402576,-0.017165846459623067,-0.046346096066020435,0.019433299999999997,0.01459055993732438,0.04896174863387981,0.05142149818665254,0.00048016737262703,-0.007747012205146927,-0.03006964626976072,0.09380176175424126,0.050592058915002625,0.06660830689005426,0.08972859853633514,True,True,True
Portugal,1965,0.22530789130386716,0.018320479415842694,0.07395967741935483,-0.00045651933579498975,-0.06042128954827178,0.013699999999999997,0.002872225865632301,0.03250677224421761,0.03295510221507625,-0.003390305201170392,-0.005056123494552031,-0.06282559447562108,0.04682998448544473,0.03372314846644442,0.04791086636198949,0.06933071825424192,True,True,True
Portugal,1966,0.22382813578985167,-0.00636043808531353,0.07241455202367532,0.002607754556942795,-0.05781109658871668,0.014633300000000002,0.004000839794754574,0.025428859737638865,-0.0005859417873668171,0.013286191752064747,0.00345868464117379,-0.04260331225154235,0.07568841935364756,0.04713726386477074,0.06343747554564105,0.08699195011590583,True,True,True
Portugal,1967,0.20436822281265218,-0.03808200269452461,0.07985090673854447,0.0027924473908406645,-0.056930142505465756,0.0250417,0.016821799317731936,0.041724070064947716,-0.007237678568932093,0.029996856063174638,0.013297580871356325,-0.028104668214361972,0.1235987548228843,0.005677031272118882,0.027568997144055085,0.04881045196257627,True,True,True
Portugal,1968,0.18983993798166812,-0.03546795332219904,0.0750397829539439,0.0018126784167084697,-0.05297357240424915,0.026075,0.022078182980975396,0.019837521254487234,-0.012669250989730374,0.006800355693374071,0.01669446783620448,0.01083487787232662,0.16933497202096093,0.024902103919257512,0.04419894517907852,0.06831722239524207,True,True,True
Portugal,1969,0.18584277661784315,-0.037985359172008515,0.06983983119906867,0.0038664204240579283,-0.04277292174475356,0.023949999999999996,0.02197553600455045,0.026861800666913682,0.0014329409292748174,0.02493239617699717,0.020576535977848618,0.02377829792564201,0.20496161548670755,0.0723668189818516,0.0873622283033384,0.1155661365143355,True,True,True
Portugal,1970,0.18204164665329303,-0.02232657615935915,0.06559395690497623,0.011007340488232138,-0.052424661366846766,0.017783300000000002,0.020438941264638584,0.05033375428468334,0.008609684219735625,0.008066566835249908,0.013266439568540378,0.05401744194820357,0.23194640474411332,0.04856746924029598,0.06582162404701586,0.09678696582727409,True,True,True
Portugal,1971,0.17383467335047686,-0.016005264631191257,0.07188693136472465,0.0024901808819699865,-0.06481315788292076,0.019424999999999998,0.006516633978690137,0.07402954311233256,0.05419202185784533,0.015844210800429675,0.01628105793755891,-0.037756838025800876,0.19153823055005192,0.06529109265243038,0.08469736298441544,0.11388882003727285,True,True,True
Portugal,1972,0.16036626373057888,-0.02547651288726427,0.0763408335377742,0.004995004955292685,-0.10285370422849893,0.02005,-0.009390998913776823,0.08395969934431458,0.05709789867740089,0.02837902886499108,0.01742993550022355,-0.12163198133024222,0.0994268641854168,0.056221290920328015,0.08362467684118391,0.11344366170514242,True,True,True
Portugal,1973,0.142698,-0.03934364665329304,0.06422969667547271,0.0012837113384403772,-0.11679193791930101,0.004958299999999992,-0.02332689156934959,0.0768663322514016,0.026532577966718263,0.017700729054382167,0.020641322906600968,-0.17988056369126115,0.09201195206441226,0.07652652958435369,0.11361457492253113,0.14545395702434172,True,True,True
Portugal,1974,0.141872,-0.03196267335047687,0.09073028399503127,-0.011145388338837348,-0.1853404880194194,0.0,-0.10488168263310653,0.3788190163036034,0.3047894731912708,-0.05508711461203951,-0.00300245223088876,-0.32450751452526505,0.01611693396686409,0.04025549948460172,0.0686641474861247,0.1088791944559534,True,True,True
Portugal,1975,0.20136600000000002,0.04099973626942113,0.14452637553813805,-0.036421705822711994,-0.15132841302157013,0.019739999999999994,-0.12892644633868472,0.18531399046104924,0.10135429111673466,-0.050749926215118084,-0.02937877059092515,-0.25570479163839455,0.016045497858221625,0.029195741289000265,0.05478335964251735,0.09864347976580168,True,True,True
Portugal,1976,0.257664,0.11496600000000001,0.19857475910487646,-0.047622037242363004,-0.1587231524753746,0.03238329999999999,-0.15945696707171714,0.20638779445049882,0.12952146219909721,-0.07150401232657262,-0.05911368438457674,-0.20654805840706125,-0.10934082876833706,0.021171780260113682,0.04641687872124489,0.08804787886240784,True,True,True
Portugal,1977,0.282349,0.14047700000000002,0.2277215272601631,-0.025164668182517985,-0.15520799470044666,-0.021983000000000003,-0.13245691625928446,0.3297199638663053,-0.04909905243729806,-0.07374716764899772,-0.06533370206356282,0.04745682479044455,-0.21774036999753477,-0.010296003203976167,0.00829153422619655,0.04436083313112393,True,True,True
Portugal,1978,0.314037,0.112671,0.39195469545305,-0.02366580285907577,-0.1970177256335438,-0.022533000000000053,-0.10623918142332708,0.2676107859531771,0.08229679549212787,-0.034602042138493036,-0.05995107403802113,-0.0016796720901335327,-0.3158900483457747,-0.024978567602155333,-0.020272849257292225,0.0069694306002719975,True,True,True
Portugal,1979,0.35214100000000004,0.09447700000000003,0.4487301223986068,-0.020173122154118005,-0.18924652671833667,0.018132999999999982,-0.11261144900264106,0.24100259718844064,0.03461480273794182,0.0008837172417094016,-0.035821830848593784,-0.05362473657610689,-0.3174260094331638,-0.04844103658042909,-0.053145483326567766,-0.03273511464120549,True,True,True
Portugal,1980,0.310468,0.028119000000000005,0.356822524601085,-0.024514015118535827,-0.11406587299972579,0.06732500000000001,-0.06403558612886995,0.1839683752449921,-0.1457515886213132,-0.04200370799190854,-0.025240677629564067,-0.0637323201933061,-0.17153590419065878,-0.030816719283380034,-0.03892886014971808,-0.03362634305618639,True,True,True
Portugal,1981,0.393043,0.07900599999999997,0.39108237818188896,-0.011183946003925596,-0.06976471606464721,0.07464999999999998,-0.028206309947345104,0.16079795740860248,-0.10681282854457463,-0.09739371629186774,-0.04617123568068896,0.10784456229019157,-0.009025069672023656,0.013762258312190356,0.00018936305064909398,-0.001880072248842013,True,True,True
Portugal,1982,0.42987400000000003,0.077733,0.43500436061542014,-0.0018085697302801795,-0.049870851936155036,0.043741999999999975,-0.02166913486210087,0.22399207193270798,-0.017010525255732656,-0.1139437159387641,-0.0844470467408468,0.3724894895098074,0.06548853177154434,0.02684669276484808,0.014938836273325817,0.006587069241423715,True,True,True
Portugal,1983,0.466937,0.15646899999999997,0.48849965366612597,0.029295650178469815,-0.04795386549925962,0.009783000000000014,-0.021038705153568177,0.2550010861193941,0.071032710874402,-0.06504171225101532,-0.0921263814938824,0.6818548745254693,-0.03120212378297127,0.03108522043208639,0.0272696600664617,0.01746980212979299,True,True,True
Portugal,1984,0.512628,0.119585,0.6202803307101371,0.04047241103212304,-0.06235983234203815,0.002292000000000044,-0.040639511898535485,0.2880003776435045,0.12720242023490202,-0.03327346378299209,-0.07075296399092385,0.5101791681387937,-0.1534865286105308,0.016335269991588297,0.02418042336488846,0.014573621958546723,True,True,True
Portugal,1985,0.593929,0.164055,0.7308437535561085,0.03151867836428568,-0.04224240789860881,0.005816000000000016,-0.03885253159575694,0.19600513102437223,-0.027986940908335756,0.004552765790126959,-0.031254136747960154,0.027495355128985155,-0.14684441629539668,-0.0628190134666784,-0.05222788760348551,-0.060817396766143506,True,True,True
Portugal,1986,0.597698,0.13076099999999996,0.5445347713886097,0.015783756154359216,-0.02442228517906353,0.012332999999999983,-0.04311022368998135,0.11799916240206731,-0.13700192371732678,0.030191500182590786,0.0004902673965752127,-0.2924601911505036,0.0015001515996313497,-0.10157520868852621,-0.10428919927502589,-0.10865359830419874,True,True,True
Portugal,1987,0.5721660000000001,0.05953800000000009,0.48440501894914584,0.02386911362947379,-0.011754786392488198,0.014249999999999985,0.015994009054836666,0.09153867940905047,-0.19646169823445403,0.013369146090545441,0.01603780402108772,-0.42778822894882984,0.14279517284933085,-0.11303351494749098,-0.13373752033151426,-0.13894445904637104,True,True,True
Portugal,1988,0.568103,-0.025826000000000016,0.4376448473022941,0.028381584549501536,-0.01811325332289415,0.011791666666667006,0.03847149574182018,0.09947267096342172,-0.09653246006095051,-0.015957441462918002,0.009201068270072736,-0.24459313527396753,0.15425478018229888,-0.09162768885871864,-0.12841239939666627,-0.14295960157237608,True,True,True
Portugal,1989,0.553556,-0.044141999999999904,0.4063355299540955,0.045613782267596395,-0.027634617398176436,0.0011602727272730096,0.04376154495783481,0.12600301475402342,0.008003852351956109,0.009180048202374818,0.002197250943334081,-0.1511109882003724,0.07815383137126908,-0.06548117484120963,-0.11739034334980125,-0.1475297476506231,True,True,True
Portugal,1990,0.560191,-0.011975000000000069,0.457434785473231,0.03383511844997294,-0.03449146807828507,-0.015000000000000013,0.03420037992621679,0.1339981745039045,0.04245949509485403,0.004082058585012675,-0.0008984448918435076,-0.1684711832184762,0.10953979363943867,-0.05559141870158529,-0.10584079083797987,-0.1537488027699369,True,True,True
Portugal,1991,0.5851080000000001,0.017005000000000048,0.42393882323270693,0.03289188014391688,-0.027164224805834497,-0.03200800000000001,0.020699014764142862,0.11400276644964347,0.01453009548622175,-0.008047448284953667,0.0017382195008112708,-0.2684988322059393,0.11683123390932759,0.00033965206399627634,-0.03345848992752859,-0.09343093964837018,True,True,True
Portugal,1992,0.5255340000000001,-0.02802199999999999,0.32285845042637684,0.020661330046817056,-0.0029936651274859727,-0.028740499999999974,0.02598371873751741,0.08899890283389977,-0.03700411192012365,-0.0027422314085459925,-0.0022358737028289996,-0.20651982912516653,0.14856817632665975,0.019392851083584073,0.0007470763496915667,-0.05730433081422709,True,True,True
Portugal,1993,0.5738989999999999,0.013707999999999942,0.31547144843832325,-0.0036549531356795395,0.0311508272641524,-0.020642833333333,0.022473798978739815,0.0650009337802373,-0.0689972407236672,8.638912985861648e-05,-0.003567763521213686,0.11543189510853824,0.11648443928317764,0.038919422172316975,0.03235683220776081,-0.012461574481302695,True,True,True
Portugal,1994,0.602306,0.017197999999999936,0.30138339598379904,0.014903832719250526,0.053389315244602525,-0.006274666666666984,0.036126003085243066,0.051998154130133756,-0.06200461231950971,-0.01526297534253068,-0.0059729392070726915,0.04235330867310627,0.1232920225210441,0.026891224421860982,0.02977181830741138,0.0049507273191733425,True,True,True
Portugal,1995,0.622148,0.09661399999999998,0.33174712066909867,0.028897622683266108,0.05163496303861074,0.01678333333333329,0.061983181158830065,0.041001368613138744,-0.04799753422076103,-0.0060222807621362695,-0.007066288991602783,-0.0643815326660736,0.06152297140008067,0.029814539613279067,0.045643002355889306,0.036700559695728774,True,True,True
Portugal,1996,0.633122,0.059223000000000026,0.2528635048822972,-0.003922570492610612,0.03411267122095819,0.011925033333333293,0.04425819567056386,0.031000990245035887,-0.033999943535201416,-0.01228076939044936,-0.011188675165038775,-0.1592123428394997,0.05133315226254909,0.052192921048763274,0.07237812081217526,0.07798539510894764,True,True,True
Portugal,1997,0.587155,-0.015151000000000026,0.16976311156924573,-0.026899482436853868,0.018609885153419714,0.006166633333333296,0.03224888610909492,0.0220008828145406,-0.029997271315593155,-0.046881572289928355,-0.021728207480837997,0.12837220122058257,0.06060177699700153,0.09856675653592661,0.12072493070862333,0.1433250870132683,True,True,True
Portugal,1998,0.556157,-0.06599100000000002,0.1234675833806395,-0.013042848916985539,0.0013237845122443664,0.005691666666666706,0.02372344870208216,0.022152780834177044,-0.0188485877789617,-0.058035278261946766,-0.039065873314108164,0.13507939159180804,0.08638525391937724,0.15698464588346428,0.18786699669335605,0.2242175722285603,True,True,True
Portugal,1999,0.554056,-0.07906599999999997,0.12016633982099068,-0.004206385702369232,-0.008567562307542444,0.01814,0.02582810422785922,0.021687023667704697,-0.00931396657733119,-0.09390972808086363,-0.06627552621091291,0.2643956780616594,0.08915826333257204,0.2160747389568023,0.2661316419398685,0.317702410572828,True,True,True
Portugal,2000,0.541931,-0.04522399999999993,0.1374296939272935,-0.008054719031914806,-0.011714027030225407,0.012032333333333298,0.03198537946887897,0.028054057091481344,0.006053174276940743,-0.10743220755679629,-0.08645907129986889,0.1715758489006165,0.07677332795215075,0.2428601197193443,0.3183175460842145,0.3841281569426641,True,True,True
Portugal,2001,0.573802,0.017645000000000022,0.1417220434119727,-0.007695795434975155,-0.008110395332887807,0.008957166666666697,0.02029592468884004,0.04409614517429383,0.02194336434011679,-0.1060259312475471,-0.10245595562840233,0.3110392445050809,0.059113803570949974,0.20987249169942113,0.30589264107775627,0.39323770742176123,True,True,True
Portugal,2002,0.600437,0.046381000000000006,0.1340922115741882,-0.00846377142113932,-0.0016699381836295102,0.016880783333333302,0.01367935550412104,0.03701183122186169,0.015324807554156994,-0.07499088188813956,-0.09614967356416099,-0.07043853552897172,0.018524008708170392,0.15712689069616226,0.2635182190083081,0.37256710631823864,True,True,True
Portugal,2003,0.638973,0.09704199999999996,0.1237475186212098,-0.0075117167986340355,0.00842234833037303,0.018448633333333297,0.003956758117834573,0.03237164925034075,0.004317592158859407,-0.059691449790732445,-0.0802360876421397,-0.2958109475462698,-0.003118079819706576,0.0894824914307859,0.19121667365139283,0.318778607101629,True,True,True
Portugal,2004,0.6709950000000001,0.09719300000000008,0.13534804931141758,-0.04086913526765494,0.012625649867814052,0.020369966666666697,0.009939642277369723,0.025097492695688395,-0.018998652478605438,-0.07288295357869055,-0.06918842841918753,-0.3709973713826391,-0.001564430728693611,0.03645169564984485,0.11729141201132665,0.25156410260415507,True,True,True
Portugal,2005,0.722491,0.122054,0.12019644990734983,-0.03646260268406219,0.012428516134921911,0.012528166666666701,0.008118977911042467,0.02129892432084346,-0.01571290690101823,-0.1012427426578133,-0.07793904867574543,-0.1068522505048638,0.011784667884459754,0.04185592299576357,0.09434886319116398,0.22367320027911575,True,True,True
Portugal,2006,0.7367940000000001,0.09782100000000005,0.13416507512640716,-0.015175794759016429,0.003883632382873023,0.008357749999999997,0.01353350788846417,0.030453059318075626,-0.0019185899322651245,-0.09753278148646474,-0.09055282590765619,-0.02552427180787875,-0.0064445876391610035,0.0779658354424495,0.11126261347686484,0.22319784975260104,True,True,True
Portugal,2007,0.7272799999999999,0.05628499999999981,0.14421669529701261,-0.006015543041286882,0.002123276818797773,0.001465616666666704,0.018915312802679836,0.024227177953041412,-0.0008703147426469826,-0.08993364936247342,-0.09623639116891715,-0.057760712364629874,0.009612966154187719,0.10352193933282039,0.13002565988313308,0.2171812676245437,True,True,True
Portugal,2008,0.756425,0.03393400000000002,0.1511380426264893,0.0030093617187182675,0.006393556007393032,-0.0011173333333332966,0.01815838966216303,0.026519593742393877,0.005220669421550417,-0.12529452899209986,-0.10425365328034601,-0.13741312877522083,-0.0031059141751454966,0.13688556646027283,0.16946581985737397,0.23599885159248646,True,True,True
Portugal,2009,0.877991,0.1411969999999999,0.1885800691310205,-0.04502276538900697,0.03474865891077295,0.029824716666666695,0.028203318418540853,-0.009031826951057864,-0.03948488626913349,-0.0994147093277394,-0.1048809625607709,-0.06627223377251279,0.05019676212339785,0.14420010239217262,0.19396094678804432,0.2502350383250225,True,True,True
Portugal,2010,1.002145,0.27486500000000014,0.2711413088511049,-0.02802013195728443,0.044440757272608856,0.04584871666666667,0.0434922144139453,0.013910489966828088,-0.010316687986213324,-0.1016898907243839,-0.10879970968140773,0.12357453460822443,0.03375663725917244,0.06085830007865978,0.11979817753682465,0.17544847239969408,True,True,True
Portugal,2011,1.144031,0.387606,0.4975537364666957,0.07592478249156731,0.06517963524343452,0.088502,0.08893218375460482,0.03554878572041531,0.009029191978021434,-0.06459484152329727,-0.0885664805251402,0.08015803293526735,-0.007306564438644303,0.036521273309379154,0.09149836050815385,0.1547587468986218,True,True,True
Portugal,2012,1.290351,0.41236000000000006,0.5770827830571644,0.08224215453239367,0.07606351233242965,0.09974316666666667,0.07973487847170677,0.027761088897636288,0.03679291584869415,-0.01604576363038273,-0.060776831959354634,0.08340827341908152,-0.09112691337651724,-0.003770451795361618,0.03964944621046995,0.10890062814765589,True,True,True
Portugal,2013,1.314298,0.3121529999999999,0.3430253592707709,0.037179571580517226,0.08734225210968856,0.060735033333333334,0.04037362048534929,0.004394363925900535,-0.009516126040927553,0.01580246848210074,-0.021612712223859753,-0.03110486479943364,-0.07077507299011243,-0.0816448424919809,-0.06164572879802499,0.0011740006560196914,True,True,True
Portugal,2014,1.329407,0.18537599999999999,0.2093767464045112,0.00826212204180602,0.067844152831607,0.035442333333333374,0.027355022559132143,-0.0015955205009331452,-0.037144306221348455,0.0016100569876801554,0.00045558727979938903,0.08974605433474014,-0.04346469435028899,-0.15237736297849258,-0.16826674431851862,-0.12590327704082815,True,True,True
Portugal,2015,1.311792,0.021441000000000043,0.13320865512124774,0.0005949456811461321,0.028344221087585872,0.024433333333333297,0.021608508211243018,0.005075631941303449,-0.02268545695633284,0.002388557041894728,0.006600360837225208,0.24304232823734728,0.009643801719409595,-0.18827995728088576,-0.2270959455637105,-0.21735247224436893,True,True,True
Portugal,2016,1.315057,0.0007589999999999542,0.17591147537232546,0.00883688354131209,0.008163290863522039,0.034361899999999994,0.02844496285320992,0.006359999999999921,0.001965636074099386,0.012263815988686706,0.005420810006087196,0.33678413751043235,-0.014938981755773129,-0.1895147728004436,-0.2486960994824423,-0.27848872039920214,True,True,True
Portugal,2017,1.261434,-0.06797300000000006,0.16539887323132868,0.014082367087631373,-0.00817249860106677,0.033815500000000005,0.021526112073727732,0.01556103183751345,0.017156552338446596,0.012934363298316173,0.009195578776299203,0.021461999470122617,0.003071199672312508,-0.17329640146123604,-0.2586961821709651,-0.3204608007626505,True,True,True
Portugal,2018,1.214814,-0.09697800000000001,0.09569181138969811,0.004474601966855108,-0.015064252289485668,0.021612587,0.007193672257432865,0.01167296139018803,0.006597329448884581,0.005641227252066989,0.010279802179689957,-0.025304107103812257,0.022836918900608794,-0.14409088357108502,-0.23919972728000016,-0.3292405475007094,True,True,True
Portugal,2019,1.166078,-0.14897899999999997,0.03791830733468453,-0.009544136296919454,-0.023024678785241566,0.011138333,-0.0025024013243006476,0.002998210745200458,-0.0033617892547994632,0.0042053217585670535,0.007593637436316739,-0.029937983535946344,0.05893309186213447,-0.10884193593432379,-0.19410902344960423,-0.3043834257789163,True,True,True
Portugal,2020,1.3518610000000002,0.09042700000000026,0.024107591191596993,-0.05538252069212746,0.015319082762083212,0.008418167,-0.0003187287742328661,-0.00121498481268989,-0.01677601665020334,-0.009880492845741011,-1.1314611702322591e-05,0.018312907014842672,0.08163551270137304,0.026230389035463042,-0.03628532091017356,-0.15297226906992012,True,True,True
Spain,1870,,,,,,0.06194029850746269,,,,-0.01927833656172651,,,,,,,False,False,False
Spain,1871,,,,,,0.049173553719008264,,0.002454704850964662,,-0.01308847988574149,,,,,,,False,False,False
Spain,1872,,,,,,0.05977360308285164,,0.029734141791044832,,-0.019216445825203255,-0.017194420757557085,,,,,,False,False,True
Spain,1873,,,,,0.0030646210717197586,0.16607385079125847,0.18937511132439608,0.07790737175857765,,0.004809961312659634,-0.009164988132761705,-0.1629093213162257,-0.08008522591750034,,,,False,False,True
Spain,1874,,,,,0.10704240195623856,0.17346303501945523,0.2016095641549086,-0.012081100955982582,-0.014535805806947244,-0.02535565145517337,-0.01325404532257233,-0.1222737373480609,-0.00025098345886898077,,,,False,False,True
Spain,1875,,,,,0.18778232003586517,0.11595307917888562,0.1612065085483878,-0.021586558911101617,-0.05132070070214645,-0.010699607889682612,-0.01041509934406545,-0.14420922386538604,0.05162400775019771,,,,False,False,True
Spain,1876,,,,,0.2409306720344594,0.17715415019762845,0.25290519676637246,-0.01358547983914793,-0.09149285159772558,-0.024268646958813086,-0.02010796876788969,0.017694896548285044,0.06448922900223053,,,,False,False,True
Spain,1877,,,,,0.16722234348470927,0.1782183908045977,0.2384138301940962,0.009585720581753998,0.02166682153773658,-0.0022340461465284347,-0.012400766998341377,0.03574582264106252,-0.039405120791556,,,,False,False,True
Spain,1878,,,,,0.19105758918567758,0.1533879781420765,0.19961882662967154,-0.004692786205391153,0.016893772705710464,-0.004345254336593969,-0.010282649147311829,0.05758543590568488,-0.04793519186093065,,,,False,False,True
Spain,1879,,,,,0.20321012067021862,0.152,0.18802984058799602,0.007017543859649145,0.020603023698797074,-0.011301551169628464,-0.005960283884250289,-0.0007092375452115718,-0.036544273896446766,,,,False,False,True
Spain,1880,1.524931593928062,,2.8834171297378357,0.2310902040488051,0.18450601330277247,0.11779999999999999,0.15227043502117069,0.014263937282229966,0.004678216700475968,0.008656187382527466,-0.0023302060412316553,-0.007500322710503937,-0.0115541726939421,,,,True,True,True
Spain,1881,1.4368287140689706,,2.0603132168589156,0.16905708006174258,0.1390636190053434,0.07408333333333333,0.11018394124052668,0.0066666951365408345,0.011359481341931987,-0.001882493303883572,-0.0015092856969948568,0.005116339581117346,-0.025457034869155515,,,,True,True,True
Spain,1882,1.1223106577104522,,1.4639045968867652,0.12164858353211519,0.07574488330313414,0.059166666666666666,0.08838184188550216,0.0364238419247227,0.029406298065073555,-0.005050948532619944,0.0005742485153413165,-0.02089765107135655,-0.041121616311234566,,,,True,True,True
Spain,1883,0.7339351982678578,-0.7909963956602043,0.6110436544948186,0.04243173083113466,0.09096031369873885,0.0114,0.0676559447991033,-0.04685837145857341,-0.06112230874080338,-0.005120022646254012,-0.004017821494252509,0.014490609390998221,0.004375024943664929,,,,True,True,True
Spain,1884,0.7083574177931632,-0.7284712962758074,0.5546691480958537,0.0418538732347294,0.10650792779988413,0.020599999999999993,0.09887333600189654,-0.08938547847183897,-0.09605217360837981,-0.005783347960202632,-0.0053181063796921965,0.07824610580507474,0.1143405385931704,,,,True,True,True
Spain,1885,0.7131042682458308,-0.4092063894646214,0.582939683961713,0.03956064200941271,0.12353110478086266,0.029000000000000005,0.1185045965813232,-0.012269939813557174,-0.04869378173827987,-0.0023849645966628106,-0.004429445067706485,0.10591351461307097,0.17115365000956273,,,,True,True,True
Spain,1886,0.6995225277425318,-0.03441267052532604,0.502178486302524,0.04257252091357029,0.12193995528571558,0.0245,0.10086960861555491,-0.007453407561268555,0.03940496389730486,0.0031986327500336986,-0.0016565599356105814,0.04840347671880041,0.1192493794749736,,,,True,True,True
Spain,1887,0.7584186077221753,0.050061189929012095,0.5282035004932905,0.036304041095106515,0.11007707949705012,0.019299999999999998,0.07797290266383229,-0.03629536061667116,0.05309011785516782,0.0007225151952348735,0.0005120611162019204,0.0222314630363436,0.04994341550957104,,,,True,True,True
Spain,1888,0.7213375406928114,0.008233272446980577,0.5203998149643174,0.026209867988399672,0.06954040948243594,0.0199,0.06342232735719176,0.01818178610636445,0.030451725919921624,-0.0016154901391560504,0.0007685526020375071,0.0025561488520176034,0.018554981267360438,,,,True,True,True
Spain,1889,0.7900319387312612,0.09050941098872944,0.4775590364294747,0.03344951443328954,0.05074943142836829,0.017799999999999996,0.05331064879022392,0.01658162813963493,0.024035035700903484,-0.004912591092745288,-0.0019351886788888217,-0.005532440726526144,8.889145507295915e-05,,,,True,True,True
Spain,1890,0.7792397937068155,0.020821185984640223,0.45500224203264855,0.0339430146253596,0.012676353395989048,0.011399999999999993,0.022664552563665317,0.051442928063004656,0.08773828867967581,-0.003202045830076504,-0.0032433756873259476,-0.09352455852225039,-0.0859796855161129,,,,True,True,True
Spain,1891,0.7678527995114148,0.04651525881860341,0.48841804038217485,0.03556578735693474,0.049248971702898346,0.014699999999999998,0.05509594529013542,-0.06921239207304586,-0.08739417817941031,0.010108582874561073,0.00066464865057976,0.01177206611379411,0.01731154509660593,,,,True,True,True
Spain,1892,0.8029844703743378,0.012952531643076637,0.6034803324187787,0.04764446142994054,0.018903395248970487,0.017400000000000006,0.05892145047200821,0.02820511259401659,0.01162348445438166,0.015486768262012358,0.007464435102165642,0.08849540861481486,-0.0006222048618566012,,,,True,True,True
Spain,1893,0.830542260904257,0.05130246719744147,0.5506193578044721,0.058808918704038815,0.06121461795552804,0.011399999999999993,0.08379727724656211,-0.02618455226065708,-0.07762748032366174,0.011525095229663223,0.012373482122078885,0.21006677992833755,0.10834205167167132,,,,True,True,True
Spain,1894,0.8554465603684668,0.08759376085705195,0.5472483481247006,0.045601126170479796,0.053725346650333315,0.007699999999999992,0.06940377014019708,-0.037131870753950746,0.03208052131909511,0.010581513958954517,0.0125311258168767,0.09257351925750368,0.050070090751438645,,,,True,True,True
Spain,1895,0.8611364021441831,0.05815193176984523,0.5440616283994788,0.04239118408091492,0.07710090557631898,0.012200000000000003,0.05924519125091144,0.0571808492618735,0.02897573666785691,0.016920168727116686,0.013008925971911478,-0.07208434882391601,0.027823822535091747,,,,True,True,True
Spain,1896,0.9699821118129036,0.13943985090864663,0.5626381257506807,0.05927010209066092,0.10085716845546204,0.0196,0.06843063621934406,-0.04654088716595495,-0.020356334905297868,0.032892083774875805,0.020131255486982337,-0.02399320994129217,0.031560424477032,,,,True,True,True
Spain,1897,0.9402737613004284,0.08482720093196161,0.6258142099911567,0.049260849265636834,0.04300673546316609,0.021699999999999997,0.029129600812394074,0.08707123546689921,0.12420310622084996,0.029348486313151213,0.026386912938381236,-0.03763258757626087,-0.08593916306452443,,,,True,True,True
Spain,1898,1.107235832141125,0.246099429996942,1.040147231435047,0.09918479804432577,0.011035122722237438,0.04089999999999999,0.04462288657580228,0.09830099197164888,0.041120142709775376,0.0363435870029862,0.032861385697004405,0.19105101133798907,-0.10702136700218756,,,,True,True,True
Spain,1899,1.1781520455174808,0.20816993370457715,0.6312260630469513,0.09946644395250184,-0.04155324315553732,0.023899999999999998,-0.003783926259440351,0.017679551339772948,0.0642204385057279,-0.012132425872169854,0.017853215814655852,-0.15636230948218666,-0.16273575332469836,,,,True,True,True
Spain,1900,1.2409178248988812,0.30064406359845286,0.7080589554835706,0.06778927707096188,-0.01595834724040812,0.0179,-0.002408750379068271,0.049945707825783,-0.03712552764111621,-0.005088845444769879,0.0063741052286821545,-0.14059560534486626,-0.11433201987256225,,,,True,True,True
Spain,1901,1.238893256593586,0.13165742445246087,0.7487069728946987,0.0687889292726696,0.0016646072449700011,0.015300000000000001,0.03206882330224668,0.002068270927704008,-0.09623272104394487,-0.012812622565573827,-0.010011297960837854,-0.1573611138744999,-0.05519597883882188,,,,True,True,True
Spain,1902,1.2796501374925882,0.1014980919751074,0.627469146226012,0.06721196068511699,0.027246902909270333,0.007800000000000001,0.0380299531501656,-0.022703838203983806,-0.040383389543756754,-0.00849134196822156,-0.008797603326188423,0.08551897869836278,0.00300742610951521,,,,True,True,True
Spain,1903,1.142702405108805,-0.0982154197900762,0.5516612254763623,0.052105580396137295,0.039250700688637986,0.009500000000000001,0.040818859253656234,0.03167898951531112,-0.018266718310471886,-0.010437117151985108,-0.01058036056192683,0.08464235125471697,0.046751029819101175,,,,True,True,True
Spain,1904,1.0749349961172034,-0.1639582604763825,0.5648335608710661,0.05308197166852117,0.063279763303134,0.015899999999999997,0.036767030141270564,0.01842375826486098,0.01635548733715697,-0.004533474317757351,-0.00782064447932134,0.017329805749421556,0.06148776598635641,0.00039698789297966386,,,True,True,True
Spain,1905,1.1044680552701462,-0.17518208222244191,0.526645734957714,0.05349020698465781,0.040954908560465415,0.0034000000000000002,0.025024047163240477,0.005025110730106475,0.02772894893409028,0.004983025020718106,-0.003329188816341451,-0.05600252524128391,0.014110236013653799,0.0022517565176456596,,,True,True,True
Spain,1906,1.0837064437861328,-0.05899596132267226,0.4764140050585445,0.05340504044537931,0.037318521799090634,-0.0032999999999999974,0.04288371202279873,-0.02700000506336364,-0.05867899457867476,0.014630424319189357,0.005026658340716704,-0.14529521132978407,0.029645346555355,0.0026463297005008754,0.004423034025063756,,True,True,True
Spain,1907,1.036439466950251,-0.038495529166952425,0.4900481151737868,0.04882543954396126,0.015191677896609607,-0.0023000000000000034,0.03597905411746978,0.042137731980847803,0.023713973715986825,0.019706896458000223,0.013106781932635895,-0.1613941747773422,0.006767572330564908,0.0019364627686167361,0.0026573193281821846,,True,True,True
Spain,1908,1.0367723661254085,-0.06769568914473778,0.4781298623156072,0.04773202914500893,0.010481141965853966,0.0015999999999999973,0.04575856710284575,-0.02761342822602142,-0.032638538956127894,0.011271447941848253,0.015202922906345945,-0.08363853432351775,0.048999730635391314,0.004304267385660979,0.004914788072452596,,True,True,True
Spain,1909,1.0211802160765258,-0.06252622770960703,0.4798341387931804,0.03742639642616415,0.017501194411926543,-0.0040999999999999995,0.04045342568402968,-0.013184580806915425,0.013815424256448217,0.016786306685471295,0.015921550361773257,-0.014956434239714711,0.03527768075445348,0.004705880283327364,0.006440555013251678,0.008360499337886691,True,True,True
Spain,1910,0.8967036728058354,-0.13973579414441561,0.38869897406737447,0.03688326988005379,0.05236707214111884,0.001799999999999996,0.05231608030300647,0.009249768123917423,-0.03288796385693038,0.02528397808207182,0.01778057756979712,0.00017940193653265268,0.05415031830388428,0.008219853899271351,0.010515609618111987,0.012476594256382173,True,True,True
Spain,1911,0.8257428912412611,-0.21102947488414736,0.36911529537135523,0.03491228260399066,0.04197724972417329,0.001799999999999996,0.054992126556429315,-0.03564156698628995,-0.008028138760268533,0.02336170606624652,0.02181066361126321,0.025388808307482247,0.051756634190499806,0.012891223648278265,0.01564685217490079,0.018568317981914557,True,True,True
Spain,1912,0.8060214082401087,-0.21515880783641705,0.3703845196127102,0.02959149773650664,0.041639759439383084,-0.0021999999999999936,0.03505379339399493,0.049630418680387756,0.06281499948730318,0.028775361097060647,0.025807015081792995,0.017584547465234968,-0.010228385705852605,0.00081511583336355,0.004055643597273145,0.007538685640139729,True,True,True
Spain,1913,0.752187231672507,-0.1445164411333284,0.33287245307122243,0.027947252668525727,0.00837697201208696,-0.000999999999999994,0.03732497912194155,0.006036210940077558,-0.0032135571838398658,0.009072367453318018,0.020403144872208397,0.025073828639423645,-0.012072415216928367,-0.00266663592174049,0.0004374116457127597,0.0039650741509171805,True,True,True
Spain,1914,0.7653239623763068,-0.06041892886495426,0.34051711173585963,0.02020417597343693,0.032339093760707247,0.0021999999999999936,0.02464445645409894,-0.002999998982762153,0.0326415680035278,,,-0.03239144351977952,-0.04633068221871639,-0.007783554598820068,-0.005723805155479156,-0.002507362680699711,True,True,False
Spain,1915,0.6998965934043396,-0.10612481483576908,0.3552827390411618,-0.022369609177725278,0.003444599489044471,-0.00030000000000000165,0.011925980234411826,0.09528584733944911,0.04565542865906136,,,-0.10513732190581526,-0.08701007363635826,-0.01364590300516412,-0.013906206787016817,-0.011594079982549022,True,True,False
Spain,1916,0.632400461428732,-0.11978677024377504,0.34250209388034514,0.014126837565787033,-0.050939080781292875,-0.001899999999999999,-0.04749101228526634,0.17948718849911205,0.1734509775590345,,,-0.19918346131179454,-0.187888198203772,-0.007763590229810498,-0.01171488939524385,-0.01048054851318396,True,True,False
Spain,1917,0.5972355532423089,-0.16808840913399792,0.3579667203712398,-0.025200924997553553,-0.11025005460665716,-0.001899999999999999,-0.10361523827985325,0.1653726790009986,0.16837267798376077,,,-0.30508950123329615,-0.23091037181902874,-0.00012934588425609142,-0.004623788678657335,-0.005184325537962768,True,True,False
Spain,1918,0.5073033705425293,-0.19259322286181035,0.32962813417870745,0.0014877779771270347,-0.2238209500194346,-0.003799999999999998,-0.22476372831501074,0.45303131744492164,0.35774547010547253,,,-0.4031613978469065,-0.29012366284587776,0.012949818730903548,0.010449403601588032,0.007796586390611468,True,True,False
Spain,1919,0.4870537958773253,-0.14534666555140668,0.29274971725630006,-0.03351993505083135,-0.16289267198101157,-0.008400000000000005,-0.1715650786250073,0.021091239429101627,-0.15839594907001042,,,-0.2819181931415693,-0.2266761129005952,0.017306808545620098,0.016993997932061848,0.014243694894048357,True,True,False
Spain,1920,0.4442324299200885,-0.15300312332222044,0.285700461636909,-0.012770112748858552,-0.14722509198132205,-0.015599999999999996,-0.12097508301628768,0.022002692174839744,-0.14336998682615887,,,0.4817132596783844,0.0028440331960000176,0.01513362548422368,0.018823952176878107,0.017122438338333143,True,True,False
Spain,1921,0.5106626313088944,0.0033592607663651686,0.27427188843918515,-0.02572917937069522,0.05844487132978856,-0.012799999999999999,0.0975688086633209,-0.19420035759390408,-0.6472316750388257,,,1.4948976288171587,0.9451320272763759,0.011410503204310932,0.018377249398029982,0.019554372256817394,True,True,False
Spain,1922,0.5719657446527426,0.08491194877541736,0.2888142573996208,-0.004801112538298485,0.10472654931333941,-0.008800000000000002,0.14540219980317773,-0.12540893399046882,-0.14650017341957045,,,1.1419666901754284,1.408753379426944,0.017435670422932675,0.026108686971175993,0.03119293640509347,True,True,False
Spain,1923,0.589778386083149,0.14554595616306054,0.2678062810083952,0.0024033162364134365,0.13395379502349683,-0.004700000000000003,0.14934266684105085,0.007481291061220308,-0.014521401113619437,,,0.31573014477855565,0.9288534355371123,0.008372483196968705,0.01581308209776458,0.024333149986420353,True,True,False
Spain,1924,0.5731957805039106,0.06253314919501618,0.26979556406865374,0.004593192159503635,0.02976769011230906,-0.004299999999999998,0.04870558337519345,0.10891089280366817,0.30311125039757225,,,-0.005080418969104161,0.09619371458956216,-0.00014801972136756214,0.004870559105039841,0.01525044325191148,True,True,False
Spain,1925,0.5658428977008939,-0.006122846951848726,0.2764956980708747,0.010471302585540541,-0.028000603545042344,-0.004200000000000002,0.001794268841067051,0.01562500961191038,0.1410339436023792,,,-0.007947161516026924,-0.08134861092815937,-0.007063313602454317,-0.003688132883321406,0.005315503453608893,True,True,False
Spain,1926,0.5947203158689021,0.00494192978575303,0.28451523990851074,0.02003645652661807,0.00978949456095636,-0.0029,0.0336100119789613,-0.08406593835246245,-0.09154722941368276,,,-0.03118033993906466,0.03886051400256796,-0.005216542372323815,-0.0028739874663632897,0.00374586930828405,True,True,False
Spain,1927,0.5727664899200684,-0.0004292905838422234,0.2674385163253646,0.015354759867190818,0.03389496946939463,-0.0039000000000000007,0.07511240558615599,-0.018596288017915907,-0.12750718082158408,,,-0.13030790213556043,0.1680550477499636,-0.001355953554528222,-0.002349352368012203,0.001863164515110205,True,True,False
Spain,1928,0.6017007978032126,0.03585790010231871,0.23286712280451816,0.020706289893664645,0.05418773478011988,-0.007300000000000001,0.06876703104250713,0.02506113324285697,0.009436123630946591,,,-0.08255313125427544,0.12464981689097465,0.0037395808333133412,0.0008492645665951343,0.003766365869283375,True,True,False
Spain,1929,0.5705008051205038,-0.024219510748398232,0.22741685636140857,0.018936847688882895,-0.013953414798983661,-0.0116,0.03190297159135651,0.02802624000098941,0.11209217835345187,,,-0.05193899805191282,0.009576125260526203,0.01022432282647874,0.009237609065664606,0.009886584729975792,True,True,False
Spain,1930,0.589199234611545,0.016432744691476597,0.243369156342023,0.027134150520693876,0.02602702148232753,-0.01249999999999999,0.025944116535493278,0.003480277149673805,0.022076565167589712,,,0.3443938714546477,-0.051719322564632075,0.009779963985048448,0.011662260146109008,0.011143114184676547,True,True,False
Spain,1931,0.625175158079715,0.023474360276502404,0.3163177931858975,0.032431968057952384,0.04354272100823033,-0.007099999999999988,0.0426783722399813,0.0063583661293928895,-0.01870276711346408,-0.014923683552292209,,0.4980176232221556,-0.02461879428908953,-0.0077574058853546665,-0.005266571330921975,-0.006533298298021024,True,True,False
Spain,1932,0.6308020317011045,0.060301226580600664,0.2705685659219505,0.025052198832223718,0.07505070371016428,-0.0138,0.049509442446239296,-0.007466970617784563,-0.035493210618773974,-0.0023702413667187486,,0.45447209384307063,0.03302554695168869,-0.007116195622549094,-0.005184920025268373,-0.004761917917111648,True,True,False
Spain,1933,0.6758398096393118,0.08664057502776679,0.26388782056713306,0.021617844322057433,0.0858180314117876,-0.011699999999999995,0.06352292497262857,-0.044560170429494006,-0.04804044757916781,-0.003180351485631153,-0.00682475880154737,-0.30553458377043063,0.10026679906991887,0.0005924134725049102,0.0019049816518638546,0.003714281220665097,True,True,True
Spain,1934,0.6307088843503383,0.005533726270623318,0.2572535223792323,0.013245870760136794,0.05773590675439038,-0.0133,0.05627785885702194,0.020593564476212745,0.014235198346819855,0.014596057209122533,0.0030151547855908774,-0.36540747158389175,0.08546421993065234,-0.00357786785763424,-0.004744256452991369,-0.0026129153023032037,True,True,True
Spain,1935,0.6585609061117166,0.02775887441061209,0.2393181014577598,0.01908241375580473,0.04876558837851538,-0.01079999999999999,0.042371556241706736,0.022551937228161067,0.03001890784594563,,,-0.4091768293701027,0.0005134760465568267,-0.007713383954925136,-0.011970108440766049,-0.011140059001602885,True,True,False
Spain,1936,,,,,0.0953725357176084,-0.006924424537226505,0.022502991161416904,0.018572251199695966,0.06313242162918997,,,0.10536695743296609,,,,,False,False,False
Spain,1937,,,,,,,,0.12307692728536845,0.10248336280915571,,,1.0650995580784701,,,,,False,False,False
Spain,1938,,,,,,,,0.10045661806177564,0.07790468083361457,,,0.9969369839863034,,,,,False,False,False
Spain,1939,,,,,,,,0.13231905072520522,0.11374679952550926,,,-0.17224917739689127,,,,,False,False,False
Spain,1940,0.7175734423683343,,0.29877948305376734,0.020106010107159934,,0.004883303411131058,-0.09581933254723449,0.1893322390881158,0.06625531180274735,-0.0031885323282333524,,-0.5740389677887123,,,,,True,True,False
Spain,1941,0.6993859059061147,,0.25273011168664783,0.043662547835815704,,0.004262476485559358,-0.12902788186552325,0.19821978523992678,0.09776316717815114,0.015782549964642574,,-0.6037147372022155,,,,,True,True,False
Spain,1942,0.6102909390042262,,0.22041358186950333,0.036937460704959124,-0.1977404221967843,0.004145237832468812,-0.13208638989573276,0.1411428588565622,0.00882380813135697,0.0177851301509027,0.01012638259577064,-0.16064273990566857,,,,,True,True,True
Spain,1943,0.66026965533321,-0.05730378703512429,0.21079172881316194,0.039085560920857285,-0.16162556451213905,0.0121988950276243,-0.11724447247464942,0.1449674584103322,-0.0443647806777836,0.0028273348255145616,0.012131671647019946,-0.1943323611225396,,,,,True,True,True
Spain,1944,0.6512325443167053,-0.048153361589409416,0.22359265511821688,0.03865338706746281,-0.13137085120478134,0.011587228941920026,-0.07736783175340622,0.07675486481908433,-0.12146492042084245,0.016834821816633976,0.012482428931017078,-0.149194425713028,,,,,True,True,True
Spain,1945,0.6958859480947595,0.0855950090905333,0.2559524512362343,0.01957765040787162,-0.058365425817652396,0.011492443187996082,-0.05972720924760601,0.08793663407738972,-0.05320622477917247,0.006197711944344839,0.008619956195497791,-0.17667497972942192,,,,,True,True,True
Spain,1946,0.6119930675909878,-0.04827658774222221,0.2808612366675286,0.013929433761185184,-0.06958061516700353,0.012086851096660418,-0.07440312118431922,0.19077841794646488,0.04581095953613268,-0.0015066433410393784,0.007175296806646479,1.1400355537335476,-0.11736569442532929,,,,True,True,True
Spain,1947,0.5510805079015572,-0.10015203641514814,0.24113346633940994,0.008581470876427206,-0.1040237351673291,0.007763676148796493,-0.11707257465006951,0.20379370037274347,0.12703883555365914,-0.0008113955331979849,0.001293224356702492,2.079211717636796,-0.15316358980694234,,,,True,True,True
Spain,1948,0.5560951882613918,-0.13979075983336764,0.2546209064376959,0.009793900774407638,-0.1260962634274229,0.00940295119182747,-0.11031753525421961,0.07258934101893288,-0.015347293058456835,-0.0018719281481752734,-0.0013966556741375456,1.971232613034707,-0.06732852460957195,,,,True,True,True
Spain,1949,0.5387835467865828,-0.07320952080440501,0.22801849071047176,0.017659633637068184,-0.061788084608507786,0.014264168401572984,-0.06389146942874596,0.05408387209928045,-0.13669454584718443,-0.006916120660438822,-0.0031998147806040268,0.4750541933195638,-0.17326429237108076,,,,True,True,True
Spain,1950,0.4622194736021038,-0.08886103429945336,0.2309311553124113,0.013289856227832842,-0.02705064386680154,0.015761194029850753,-0.030623774001028115,0.10848169097442328,-0.09531200939832019,-0.006340397477943937,-0.005042815428852677,0.06590800313340317,-0.016527459789547172,0.020368957529692422,,,True,True,True
Spain,1951,0.3996165613961367,-0.1564786268652551,0.22460947870154316,0.0131037924901142,-0.07157859887731907,0.015534165181224004,-0.03807950374319808,0.09427544369956253,0.02168610268062965,-0.013761767187743863,-0.009006095108708874,0.17150632444872982,-0.08099908532766043,-0.02273542274401197,,,True,True,True
Spain,1952,0.3890382820166281,-0.1497452647699547,0.197069866136927,0.023149402224468315,-0.07793648311360732,0.01551158094785604,-0.013455812004702333,-0.019854955816310693,-0.07393882791559114,-0.01509147414811271,-0.011731212937933505,-0.06245451078993869,-0.0034258193148237748,0.003233060806491883,0.012075331102440634,,True,True,True
Spain,1953,0.4029984760128549,-0.059220997589248925,0.19581402176251173,0.026626873574344182,-0.04094510967496279,0.015858339315625747,0.017649600297415146,0.016205729171379968,-0.09227596180304332,-0.009733926005313058,-0.012862389113723208,-0.14200910986037185,-0.04723586647558842,0.017423770097224844,0.019753541335681746,,True,True,True
Spain,1954,0.35380938242280285,-0.04580717897333386,0.18344943905746577,0.020446135896241474,-0.0005927512561753404,0.018186965425852304,0.045300986493422825,0.01230716344221916,-0.08196828025734337,-0.0033111722912983923,-0.009378857481574718,-0.13199107415973876,0.08064868339878584,0.00593260777907062,0.006004847238073097,,True,True,True
Spain,1955,0.35095795635976584,-0.03808032565686226,0.17817156206364787,0.019984432463800845,-0.0024690349217942123,0.018443744701465425,0.02552620459498292,0.04023972770584838,0.060094683522159076,-0.019915221415273496,-0.01098677323729498,-0.13352899397814733,0.026229824329004003,0.03887668619774798,0.039246391651544976,0.04924533611801174,True,True,True
Spain,1956,0.3432483781278962,-0.059750097884958664,0.1843216872525789,0.012715061409459494,-0.045461501145867625,0.014667721133957902,0.011618483043440937,0.05860082312348336,0.04239509395210339,-0.020693496858092287,-0.014639963521554724,0.06396778664775704,0.5575309028749438,0.018861263385914373,0.028210727947876213,0.03303757574128974,True,True,True
Spain,1957,0.3296679841897233,-0.024141398233079536,0.17913748353888195,0.022882615524183424,-0.06513163212472947,0.00990019960079841,-0.01896641569607343,0.10775929506128379,0.09545213161906463,-0.022944144264369002,-0.021184287512578264,0.1698037383903117,0.3844646623960557,-0.001354432910789738,0.010854133652726805,0.014696599605794225,True,True,True
Spain,1958,0.3001564380264741,-0.05080151833329172,0.1568871750507981,0.009941590044182802,-0.1078191889353235,0.010006250781347661,-0.05000402227652496,0.1336707009888507,0.09343097328300232,-0.01596393891376873,-0.019867193345410008,0.10193140745073426,0.28804910858562627,-0.004629304918295829,0.001302456396584717,0.009740574280794556,True,True,True
Spain,1959,0.29387406793703397,-0.04937431019086225,0.14592830152881095,-0.0037259202713699115,-0.07995506485485127,1.2503125781444802e-05,-0.05480795293650018,0.0730313721367104,0.014430549013227045,-0.002671206245767931,-0.01385976314130189,-0.04296857106077212,-0.20309989123484629,-0.004345312629745635,0.0018351300176570606,0.012294396575128153,True,True,True
Spain,1960,0.3002771064926696,-0.02939087769705373,0.1329082050101276,0.0070289013297259425,-0.03515563469851439,0.0030015925517579353,-0.0239298627142805,0.012092292672554183,-0.0956670023887296,0.037292596760581095,0.006219150533681477,-0.12387991396950848,-0.16362618457507416,0.01863883140208894,0.020995519415967,0.03200310749515095,True,True,True
Spain,1961,0.2747991513437058,-0.02535728668276832,0.1100370487701077,0.030798140391773796,-0.014612611346167183,0.005693397304089555,0.010632443669146598,0.02005919609556428,-0.11361150489328642,0.018529839108204337,0.017717076541005836,-0.041089742163232246,-0.055949375791899625,0.01849351686602524,0.016767054633096634,0.026409229812281887,True,True,True
Spain,1962,0.2545593635250918,-0.03931470441194218,0.09627282338294724,0.019020860103639476,-0.04883847276062488,0.003516100957354225,0.01380876901506516,0.05697050705874873,-0.016060865077961672,0.0032112480453197,0.019677894638035046,-0.05594490391267104,0.19893568631943404,0.03103328797310584,0.03532060558786876,0.041537072851927814,True,True,True
Spain,1963,0.22144575814146442,-0.07883134835120517,0.0861711998102605,8.551972887021336e-05,-0.11260976962102787,0.0018979784225411148,-0.012895057907694095,0.08734940583639261,0.07525711316383843,-0.010925514621250644,0.0036051908440911315,-0.1361748728771378,0.8372842969769299,0.022037357469968433,0.03201307009890131,0.03766458594419653,True,True,True
Spain,1964,0.18782482116120447,-0.08697433018250134,0.0758502064598318,0.00804419334115964,-0.10965435214586208,0.0023728813559321937,-0.02901217306501625,0.069835250367704,0.049776054272139714,0.0015255782945978412,-0.0020628960937777003,-0.16931254285368347,0.9467523805288525,0.02640170086216098,0.04005653189999758,0.04690392589131798,True,True,True
Spain,1965,0.1759915641978839,-0.0785677993272079,0.06514063399237241,0.0077279530251124625,-0.12492383054468045,0.0018453813160372382,-0.05002438530506245,0.11842464365920247,0.061454136600453735,-0.021372730961877317,-0.010257555762843373,-0.1996595498528504,0.7185538557671047,0.04782564054676497,0.062234755079427884,0.07629043580248762,True,True,True
Spain,1966,0.17103868017795354,-0.05040707796351088,0.056899299752903254,0.004803784655252298,-0.11056740685290994,0.0005967725565817553,-0.0473382774977901,0.0755452561362091,-0.011804149700183508,-0.02137945653713854,-0.013742203068139336,-0.1783961302872803,0.2248214377767297,0.03776601767627391,0.05350727119110771,0.07382311442563028,True,True,True
Spain,1967,0.1696347232918913,-0.018190097869313165,0.05259796350730761,0.006328192301979161,-0.10834657943234115,-0.006371318203766296,-0.04728847711031846,0.06378157692424491,-0.006053673443459084,-0.009072205770866513,-0.017274797756627457,-0.026608013850403234,0.23510050307316077,0.03815284815121134,0.055052829837531625,0.07743975277997761,True,True,True
Spain,1968,0.1750608618827918,-0.0009307023150920968,0.05107707109341793,-0.00014422462795665204,-0.07861378719606404,-0.008967210161246734,-0.02695191006305591,0.04962726664497352,-0.06879737701422894,-0.008693271889741798,-0.013048311399248948,0.06483117062428101,0.205580065637873,0.059242413177469255,0.07989813742796797,0.1057615360097745,True,True,True
Spain,1969,0.17936814846784635,0.00832946828989281,0.04970384677459014,0.002882105338316083,-0.06779024974916092,-0.014664310954063606,-0.009637171725789512,0.021509738745959295,-0.05403551739024981,-0.01220098021344044,-0.009988819291349583,0.156549326543735,0.19489471621596577,0.06494236388666019,0.09092828506902884,0.11893991736132653,True,True,True
Spain,1970,0.1798258621345196,0.010191138842628289,0.04922304593051758,0.005466423317475737,-0.059133630197823625,-0.0037516991391028515,-0.006600572307970724,0.057409614115670804,-0.006371962808574105,0.0018995945364730818,-0.006331552522236384,0.026786884486464713,0.21710565081708966,0.06741609079092226,0.09309048096087191,0.12659728895775962,True,True,True
Spain,1971,0.14869300000000002,-0.026367861882791777,0.037324982383001575,-0.009185173161610397,-0.06860022833325069,-0.01630443939011035,-0.0200077082475835,0.08219045371078937,0.032563187065815846,0.018899539003206067,0.0028660511087462374,-0.058745118779482075,0.23656110324071866,0.056731423558093796,0.08421442745228958,0.12165526021324802,True,True,True
Spain,1972,0.135564,-0.04380414846784636,0.032484807621372784,0.0013150730951536887,-0.09535478856009619,-0.01831955922865014,-0.04236791608400951,0.08254500273961796,0.06103526399365866,0.010664182301535855,0.01048777194707167,-0.1651984853755255,0.24742857856688039,0.048398574305845043,0.08098645569083218,0.12012241471466212,True,True,True
Spain,1973,0.119614,-0.060211862134519595,0.04402110385728771,0.008492714133748597,-0.13175041660440726,-0.012131019332710519,-0.045181579897295945,0.11441622524334893,0.05700661112767813,0.007911659679956783,0.012491793661566235,-0.28440245018462407,0.20899519090757113,0.05179858779584934,0.0830027360262725,0.12424249746265437,True,True,True
Spain,1974,0.114724,-0.03396900000000001,0.04084234824692882,0.002568097848248079,-0.16094174993466842,-0.025784359956773757,-0.07134579005754516,0.1497230623193473,0.06753260860855792,-0.03624086388185587,-0.00588834063345441,-0.25353224931940954,0.27167910745359913,0.04016263045293966,0.06611751239020913,0.10930307961050201,True,True,True
Spain,1975,0.117128,-0.018435999999999994,0.044044317591702666,0.0048417448978007906,-0.16153427566118758,-0.019506881343735294,-0.09948774513141276,0.17665830380033598,0.09411330106071802,-0.03718001641396819,-0.02183640687195576,-0.19704675456905296,0.28891657712491337,0.03910931714736787,0.06165282433523955,0.10475242606664736,True,True,True
Spain,1976,0.11505800000000001,-0.004555999999999991,0.052712424205187805,0.006198618962500236,-0.1636465582133597,-0.04291281618447135,-0.11083321600593522,0.17635483334470825,0.061938608101359316,-0.042575016030731286,-0.03866529877551845,-0.03437635445160858,0.32996548636538847,0.03228173720621774,0.05331020339390424,0.09267777766231666,True,True,True
Spain,1977,0.125257,0.010533,0.06107533640085895,-0.0016651759169223736,-0.17441952161734162,-0.07011722222222189,-0.13835988542878339,0.24539985247463925,0.09567679015529196,-0.020164242179694973,-0.033306424874798145,0.028153618833893557,0.2670051799757531,-0.00707764743859407,0.010494362768928012,0.04227119954194114,True,True,True
Spain,1978,0.12653,0.009402000000000008,0.09596482166238565,-0.0014857925987072258,-0.16403179331979134,-0.1092484245160966,-0.10802408156940567,0.19773478534057864,0.021076481540242664,0.008416376452867573,-0.01810762725251956,-0.18978394936759202,0.2206962825303973,-0.04874719832130392,-0.0408842009560455,-0.016809862104277817,True,True,True
Spain,1979,0.142506,0.027447999999999986,0.1437150295452164,0.002357466782294166,-0.12169238302040038,0.0017361150271515136,-0.06683101297286118,0.15660424618481916,-0.019750587159889088,0.0037989460694933053,-0.0026496398857780317,-0.2955846652029378,0.1756711123387571,-0.04065300728636845,-0.04161482235747327,-0.025020937342674965,True,True,True
Spain,1980,0.159872,0.03461499999999998,0.1841236430538171,-0.0019827319440120193,-0.058906803302853,0.005040833333333328,-0.010355165931784593,0.15555146626995597,-0.08984838620468327,-0.02544521422074964,-0.004409963899462921,-0.19826721262699398,0.1512249717734082,-0.019445322122235265,-0.02820000080439866,-0.020096995125694295,True,True,True
Spain,1981,0.195762,0.06923199999999999,0.2120157467436832,0.0018517728450278097,-0.01161497503738479,-0.0008300000000003027,0.00555805666536538,0.14552011754912875,-0.0522146677914499,-0.028077421753026886,-0.01657456330142774,0.20962766723918547,0.1439243349792947,0.020469715460608495,0.004832837087496711,0.0061358221680433145,True,True,True
Spain,1982,0.243971,0.101465,0.26538327663364875,-0.012652934946113366,0.0004416442189637826,-0.011853333333332994,0.011471721129047041,0.14413825279377424,-0.012465993391044927,-0.024456698018585576,-0.02599311133078737,0.6178754476463375,0.08509503071625213,0.02311265884065683,0.009577681018397621,0.0035663964827777894,True,True,True
Spain,1983,0.294779,0.13490700000000003,0.32059288915082007,-0.0006178746969815255,0.018912655092715808,-0.02543666666666633,0.031952894336853166,0.1217579466465375,-0.03379351962341848,-0.018504152757983852,-0.023679424176532102,0.6274217994845881,0.08709239305901173,0.003326042206216906,0.0026305405403872495,-0.010013741464804271,True,True,True
Spain,1984,0.353572,0.15781,0.3666076837857038,-0.005417013986668377,0.027293097306880537,0.039207500000000006,0.03899833301880734,0.11278380150326628,-0.03273631604586247,0.010794912223967099,-0.01072197951753411,0.43487535254052156,0.0410525343924808,-0.05539037295110638,-0.05107636526885284,-0.06771333601648466,True,True,True
Spain,1985,0.40242500000000003,0.15845400000000004,0.32968937743276766,-0.00887462910702775,0.031641656932958395,0.01756999999999999,0.026113365640350425,0.08814315492914493,-0.055995097864629306,0.016168216962043083,0.00281965880934211,0.015044157229362476,0.042245485755187495,-0.05195766255736434,-0.051931271207778185,-0.06394316078391327,True,True,True
Spain,1986,0.41557099999999997,0.12079199999999995,0.26291031522624075,-0.002429070902391313,0.01610520818333354,-0.0013666666666663357,0.01724654002569767,0.08795842349049576,-0.03379952315604173,0.016288698694449016,0.014417275960153067,-0.29693627033623293,0.03360146516036777,-0.05338238738053236,-0.06563010072231334,-0.07253579697751877,True,True,True
Spain,1987,0.418711,0.065139,0.28488590370194083,0.012021194351018068,0.0020202769794960274,-0.03251499999999968,0.051940299711630764,0.052477522445466995,-0.060306279057799284,-0.000859341201228809,0.010532524818421096,-0.45077510979543944,0.05378244335781934,-0.011723560247498432,-0.03373739829025879,-0.03890707232518742,True,True,True
Spain,1988,0.38360700000000003,-0.018818,0.23324669902166498,0.013426725063925081,-0.0019379302297372614,0.004521666666666688,0.054506274832490056,0.04837022956656711,-0.039772925362577816,-0.01044218743618847,0.0016623900190105793,-0.3314147257157284,0.05778327478935674,0.028508323699875437,0.006025006179285142,-0.005497490358713386,True,True,True
Spain,1989,0.397256,-0.01831499999999997,0.26440018169935997,0.03135199140950614,0.003687187027073907,-0.00689166666666699,0.08076782798449536,0.06792376403447986,-0.020034659456015902,-0.027038172670614546,-0.012779900436010608,-0.21326119277718747,0.042114395723447995,0.05410417701115933,0.04676096600712032,0.030206639657643475,True,True,True
Spain,1990,0.41452599999999995,-0.00418500000000005,0.3154259133907315,0.03368883319269175,0.01213944433346252,-0.0008083333333330223,0.08560682584769388,0.06721052885587131,0.014733006410404315,-0.034235623295956565,-0.02390532780091986,-0.1556317473628186,0.039379800865441794,0.03575935957833343,0.04271133970336305,0.023912482764429033,True,True,True
Spain,1991,0.422092,0.03848499999999999,0.26682512209026904,0.030231622295659465,0.021318558077727687,-0.00840833333333367,0.05878136902515915,0.05934660003417136,0.010976370467604246,-0.034803746073032465,-0.032025847346534526,-0.19878853469470648,0.06042384418838154,0.02772251156257144,0.04490905326978012,0.037071893167468284,True,True,True
Spain,1992,0.44579,0.04853400000000002,0.25966381169061187,0.025706964249672858,0.03612962242435366,-0.013133333333333677,0.05499846881592772,0.05924746466217412,-0.00867629937230574,-0.03447136672034047,-0.03450357869644317,-0.027719929452410974,0.10274574820071947,0.0057833563566170865,0.02683582591770739,0.03080885334369421,True,True,True
Spain,1993,0.555737,0.1412110000000001,0.28639332084344726,-0.0018026236696192521,0.052289348556436674,-0.02115000000000032,0.04735662327138702,0.0456860654894935,-0.02152446336637781,-0.020087223970007343,-0.02978744558779342,0.36189269057711315,0.10660044023775828,-0.0135774727352439,0.0007294740151140289,0.01779734227215246,True,True,True
Spain,1994,0.581744,0.15965200000000002,0.30565670986024057,0.010622081798651824,0.05126472960143504,0.02183333333333333,0.04925596332211971,0.04717357988197324,-0.012173020152198122,-0.02173537726827352,-0.025431322652873775,0.2600314224812228,0.07993059685645254,-0.027999057414913375,-0.02589904105257912,-0.006755877365831386,True,True,True
Spain,1995,0.615424,0.16963399999999995,0.34569786145789255,0.013625178422934162,0.04633288097643325,0.022866666666666688,0.06615978961429192,0.04676098578565746,-0.01248647887651666,-0.012485473677125759,-0.018102691638468872,-0.009532872581279661,0.01610023838217378,-0.03161108525542833,-0.03683106230018962,-0.02148132436178196,True,True,True
Spain,1996,0.654076,0.09833899999999995,0.28887130237556496,0.015114852967158705,0.029654156725080788,0.01088333333333337,0.044197611945787266,0.03557259849500749,-0.010113466994486009,-0.008552686757848992,-0.014257845901082755,-0.12718685354776327,-0.000857030008202031,-0.014014511246833061,-0.02310632220729647,-0.01904489575006285,True,True,True
Spain,1997,0.642495,0.060751,0.21120302248527553,0.011721682148333825,0.023583549663393516,0.009158333333333366,0.030314905888031783,0.018771698055239705,-0.028401881826733533,-0.00725200938628993,-0.009430056607088224,0.11998713820808726,-0.0027637314907025257,0.03138038769352136,0.021933723702040386,0.019847297159313326,True,True,True
Spain,1998,0.62306,0.007635999999999976,0.15118273828171555,0.01029417324444733,0.008711430021922713,0.004933333333333331,0.02434301494163452,0.017626658624849245,-0.029134327160808215,-0.01680620763211048,-0.010870301258749798,0.16302315097882825,0.020174966972730024,0.07739428852698449,0.07588220199338425,0.07176641631954384,True,True,True
Spain,1999,0.608039,-0.046036999999999995,0.1448505204999888,0.016527956253138056,-0.007211069383861131,0.020041666666666697,0.027689148014330613,0.022359199276919206,-0.013213399218088284,-0.03239189794585739,-0.018816704988085933,0.25879075325233214,0.012515117520445651,0.10202080881816922,0.11492540375072191,0.1161905611289924,True,True,True
Spain,2000,0.578153,-0.06434200000000001,0.16510366555753386,0.01980454690089614,-0.02057466390570087,0.014141666666666643,0.030315850828979515,0.03484158961129302,0.016069891556053317,-0.0431,-0.030766035192655954,0.17173214885345423,-0.013057206865823123,0.1180071121337043,0.14935015210984193,0.16031044257668337,True,True,True
Spain,2001,0.5404950000000001,-0.08256499999999989,0.1432787721738271,0.02144556506299994,-0.022833116224670172,0.007558333333333361,0.020134619346815052,0.03589535307134262,0.018268694446493372,-0.04375000000000001,-0.0397472993152858,0.31187895058548576,-0.022517297763661515,0.09493167664220736,0.14166805952884098,0.16790383715904422,True,True,True
Spain,2002,0.5124989999999999,-0.09554000000000007,0.14121743691151595,0.020247258971759677,-0.014144517780300243,0.0168416666666667,0.015665449466994996,0.031041708916379473,0.008682509639460267,-0.0373,-0.041383333333333334,-0.06383527467827677,-0.019864229196528083,0.08891470120391542,0.14255796231993623,0.18700533475519965,True,True,True
Spain,2003,0.477117,-0.10103600000000001,0.11345274341130879,0.013161804849293302,-0.004667071881003584,0.018125,0.00879744098448891,0.030395615058811165,-0.004445974552481857,-0.03883,-0.03996,-0.2847573208132623,-0.007758853684811995,0.10162165504396448,0.1544612792925647,0.21729886569177415,True,True,True
Spain,2004,0.453655,-0.08684000000000008,0.10610003478246975,0.008211654658467678,6.639379464054573e-05,0.020624999999999963,0.010424292407867578,0.030389798801206513,-0.005505554270136104,-0.05482000000000001,-0.04365,-0.3693975902536675,-0.010395820481231444,0.14211309098127511,0.19518584608399336,0.27192621820458407,True,True,True
Spain,2005,0.424302,-0.08819699999999991,0.07906888100885803,0.0193853237587566,-0.008031074695500046,0.013008333333333334,0.00238639927787844,0.03368038830634701,0.0026386793899675354,-0.07254,-0.05539666666666667,-0.12039924245927358,-0.007524254984711987,0.2518981991714384,0.3127147422001545,0.4016228867959053,True,True,True
Spain,2006,0.39063899999999996,-0.08647800000000005,0.07949978214816385,0.022870776848260554,-0.015207700321106833,0.009575,0.0047759833847923,0.035151862738069584,0.0047562476792584185,-0.08851,-0.07195666666666667,-0.04648969695146654,-0.008704363297724393,0.3356573653984407,0.4184545569766869,0.5210426224082139,True,True,True
Spain,2007,0.357646,-0.09600899999999996,0.07996585592978714,0.027736163149761718,-0.013810772031701835,0.0046,0.010839166930282695,0.0278752481647353,-0.0025145506364712134,-0.09432,-0.08512333333333333,-0.07656179371343319,0.016058308646231145,0.32926853262469247,0.4417174110145843,0.5593298852378858,True,True,True
Spain,2008,0.39712000000000003,-0.027181999999999984,0.1103806260331594,-0.012956306325011845,-0.004604605561966596,0.005166666666666701,0.00907365347570243,0.04075192867008792,0.0070715403637409135,-0.08903,-0.09061999999999999,-0.15607685965911178,0.04275796054358327,0.24088866358155392,0.3769928599734258,0.5139260069386695,True,True,True
Spain,2009,0.532613,0.14197400000000004,0.15982876599857465,-0.07268920611826182,0.03201874208441071,0.03303333333333336,0.017872637933205992,-0.0028700906344411026,-0.038021953372510686,-0.04088000000000001,-0.07474333333333333,-0.08798045964419265,0.10614921430915936,0.1500427967942346,0.2979715486062202,0.45486587214103347,True,True,True
Spain,2010,0.605153,0.24750700000000003,0.16124637742610842,-0.02282127299977462,0.0415831557417312,0.03797499999999997,0.023882684332726414,0.017995108966173845,-0.009880139198561455,-0.03656,-0.05548999999999999,0.09694232689986593,0.07971542711619395,0.0666354123218047,0.1962740629604427,0.37033885036326586,True,True,True
Spain,2011,0.6985039999999999,0.3013839999999999,0.22694951071276304,0.0013391361177525415,0.04981385672072707,0.044225,0.03870393419009814,0.03196317909797286,-0.008788749572115062,-0.027239999999999997,-0.03489333333333333,0.0728908705682001,0.020679107244077732,-0.011189566709988163,0.0708231902543659,0.24864683898131212,True,True,True
Spain,2012,0.863068,0.33045499999999994,0.28051402619202814,-0.030452793719385446,0.042751215709756485,0.055749999999999994,0.033646220323226575,0.024453050966173562,0.027323141600614664,0.00086,-0.02098,0.08630691905957555,-0.06407485038695526,-0.11435578911047872,-0.08545564502881708,0.06742711070585461,True,True,True
Spain,2013,0.9578220000000001,0.352669,0.2436318495153843,-0.005070128153217189,0.04796481477430947,0.044124999999999935,0.022115807309886642,0.014086348006193461,-0.003908760959980384,0.020379999999999995,-0.001999999999999996,-0.03392113900428717,-0.06093928573155494,-0.19833842876632302,-0.21068967903404667,-0.1116809024458687,True,True,True
Spain,2014,1.0070050000000001,0.30850100000000025,0.15009840299628088,-0.00862173511008233,0.03996681075807265,0.0260833333333333,0.014889218476771276,-0.0015070544026809518,-0.03347023350065381,0.01699,0.012743333333333337,0.08272026935554,-0.03625038218552634,-0.20443051631991138,-0.2501666937888478,-0.21761475462193114,True,True,True
Spain,2015,0.99303,0.12996200000000002,0.09552869959547045,-0.0094119364445267,0.011793647964002257,0.01811666666666663,0.014833441250595129,-0.005004617355298002,-0.029457668321471564,0.020259999999999993,0.01921,0.24352478779824915,0.01434830620530203,-0.21248719188645127,-0.29088775324363025,-0.31662582644416903,True,True,True
Spain,2016,0.9916630000000001,0.03384100000000001,0.08012473068152451,-0.011363285664803583,-0.00681701225625023,0.0160083333333,0.016779186402119495,-0.0020258874484795353,-0.016112235454672996,0.03176,0.023003333333333334,0.3615530656992467,0.016743992271098573,-0.19234212016278796,-0.2949939857212245,-0.3667627174508066,True,True,True
Spain,2017,0.985566,-0.021439000000000097,0.09030592975994715,-0.002805611733290383,-0.021496084390408773,0.01841222222222222,0.011373501601259172,0.019560000000000022,0.021067054402680974,0.02772,0.026580000000000003,0.03639956742200989,-0.00035789719347667504,-0.16334932155917015,-0.27006887016105874,-0.3774919444624667,True,True,True
Spain,2018,0.9751430000000001,-0.017886999999999875,0.07824604188446711,0.000752039197297754,-0.02303287495559491,0.01702669585574634,0.0027961876387761625,0.01675232453215103,0.021756941887449033,0.0193,0.026260000000000006,-0.025859868709014466,-0.028284978978537545,-0.15536443714046078,-0.24918704984255502,-0.3844319618529779,True,True,True
Spain,2019,0.95537,-0.03629300000000002,0.036196805491342576,-0.0068794154456267445,-0.02326065023028521,0.010200000003333331,-0.007843691185831978,0.006993749035344887,0.009019636483824423,0.02136,0.022793333333333343,-0.04238466551151476,-0.022909773613897122,-0.1248363190252284,-0.20891046801287927,-0.3536162265392664,True,True,True
Spain,2020,1.199507,0.21394100000000005,0.02587662244402115,-0.07933015451818175,0.02758767354430191,0.00739166666666667,-0.0030892546904282316,-0.0032283094962112235,-0.022788309496211245,0.006870000000000001,0.015843333333333338,0.011243921188325512,-0.029968625971962815,0.03542162796565407,-0.02983658024015523,-0.1586396697799186,True,True,True
Sweden,1870,0.12668299642020614,,0.10656631678507626,0.0016937314849638516,,0.0027749800000000033,,,,0.0035244308372115083,,,,,,,True,True,False
Sweden,1871,0.12349774399416769,,0.09553798944476816,0.007954259937878759,,0.004146799999999992,,0.026184538653366562,,0.003714368824405954,,,,,,,True,True,False
Sweden,1872,0.10968034724418922,,0.0896521967786812,0.0035052934131643114,,0.006037790000000001,,0.04009720534629402,,0.00229416182229483,0.003177653827970764,,,,,,True,True,True
Sweden,1873,0.09245439720073416,-0.03422859921947198,0.07719051609647665,0.004818001385601087,-0.02455237767724893,0.0001853766666666673,-0.0025549554453697526,0.07943925233644866,,-0.01839728990725763,-0.004129586420185616,-0.1930976237567711,0.06470418470418449,,,,True,True,True
Sweden,1874,0.09262275669014625,-0.03087498730402144,0.07079515911441196,-0.006511699918431356,-0.029797369977696365,-0.007250909090909086,-0.007751156889918509,0.03571428571428559,0.009529747060919025,-0.030544242127556895,-0.015549123404173233,-0.17546453941929618,0.12802453554804627,,,,True,True,True
Sweden,1875,0.10314885957475166,-0.006531487669437563,0.07772861018190293,-0.008248156918508751,0.0030720905113239827,-0.010633333333333328,0.00807201814191831,-0.006269592476489172,-0.04636679782278319,-0.028734115199293173,-0.025891882411369235,-0.19328681177925944,0.05619275116549094,0.04866597127470401,,,True,True,True
Sweden,1876,0.12182089481008246,0.0293664976093483,0.09385967745608456,-0.005268134844735352,0.011216861555341018,-0.008175833333333327,0.03431774420990375,0.003154574132492316,-0.07628467820395635,-0.02735437090022038,-0.02887757607569015,-0.10577685830207118,0.03171998906207274,0.043255856306581186,,,True,True,True
Sweden,1877,0.12918112448519528,0.036558367795049035,0.10036683381440581,-0.006264105729573307,0.046065958120219894,-0.009042500000000002,0.0487428694969158,-0.00524109014675056,-0.04095537586103615,-0.04541172449450222,-0.03383340353133859,-0.010447656720887766,0.013422153595759934,0.05222012390210634,0.07056169130004047,,True,True,True
Sweden,1878,0.1669779001291644,0.06382904055441276,0.1214987861369539,-0.013083930842857062,0.06568625397681133,-0.012230000000000005,0.06857614811996172,-0.06533192834562696,-0.05906233586913778,-0.0268440596445205,-0.03320338501308103,0.11170774169454445,0.019337891048033296,0.0722431384652068,0.09739324431795715,,True,True,True
Sweden,1879,0.1753845226043205,0.05356362779423804,0.13636607749769145,-0.010995388628289174,0.09128321297608746,-0.009290833333333345,0.08906909428889097,-0.06200676437429542,-0.06516133850678774,-0.014397818684238175,-0.028884534274420295,0.19266280511454692,0.05303178963893207,0.04184132192071138,0.06961578858748657,,True,True,True
Sweden,1880,0.17823427473940737,0.049053150254212086,0.11781558895934051,0.0027099710224265114,0.0718495816618386,-0.0012616666666666679,0.06729033347074335,0.05168269230769229,0.05692378245444285,-0.018941189592852844,-0.020061022640537173,0.10556880728796703,0.015116115411681896,0.043194735581998434,0.06880569081656779,0.10303708598266847,True,True,True
Sweden,1881,0.17324759333402354,0.0062696932048591225,0.10802627244238794,0.00530489076674132,0.016452527752903384,0.0006499999999999909,0.03571040497458199,0.025142857142857133,0.09047478548848409,-0.041523016001164426,-0.024954008092751816,0.025850036374662544,0.01446964839620879,0.03672724272746508,0.062119516061491964,0.09976422724161366,True,True,True
Sweden,1882,0.17178693246897264,-0.0035975901353478557,0.10761166871405121,0.01067673135555885,0.032561064563425834,-0.003668333333333322,0.02422510113075339,-0.02675585284280957,0.03525091153148585,-0.02856966688958086,-0.029677957494532708,-0.027966195355621948,0.0854015527555052,0.044487170991518554,0.07045509691820484,0.10812220567873176,True,True,True
Sweden,1883,0.1635489853852491,-0.014685289354158276,0.10469502383913766,0.008325031409543465,0.01794197022388607,-0.006522499999999994,0.043424290853783305,-0.00572737686139746,-0.05741006916908975,-0.04533204631467391,-0.03847490973513973,-0.00821220200193018,0.08764855687606143,0.03712676908616064,0.05561453754735873,0.09280628829327842,True,True,True
Sweden,1884,0.1683544747439571,-0.004893118590066442,0.1049840475661176,0.009298166488721907,0.05792560764663787,-0.003996666666666662,0.0641198630504039,-0.03686635944700467,-0.062009216589861804,-0.05591180834963215,-0.04327117385129564,0.026812082869425602,0.12715673481223755,0.04937034879044133,0.06792758783047498,0.10400380290626304,True,True,True
Sweden,1885,0.18306650551991288,0.01127957305094024,0.1107045137344718,0.006559770887090411,0.04664449817858906,-0.004721666666666673,0.07002648467058376,-0.046650717703349165,-0.019894864860539596,-0.06464829874150882,-0.055297384468604965,0.0370131157645619,0.10604400648774392,0.04901394942587345,0.07141063234955142,0.10375648566255569,True,True,True
Sweden,1886,0.1925762385078979,0.02902725312264881,0.11221757710471082,-0.0023178307124419577,0.08238269118738376,-0.0017041666666666594,0.08327935925923552,-0.04893350062735269,-0.04320612376595523,-0.05590566918126892,-0.05882192542413663,0.06715978292636682,0.12277495334320143,0.04951437009956139,0.07298875008888162,0.10459776188577852,True,True,True
Sweden,1887,0.20184855260406742,0.03349407786011033,0.11780447403243173,-0.007512992513610662,0.08386236287498133,-0.0011733333333333318,0.08256142370038351,-0.03562005277044866,0.0012463066765560082,-0.04141803796897068,-0.05399066863058281,0.09808240346279051,0.11064926865200442,0.04504296080666992,0.0677028615467451,0.09902453470835548,True,True,True
Sweden,1888,0.2070607247555612,0.023994219235648317,0.10316859589562681,0.007038614409052349,0.05533116789885521,0.0012175000000000033,0.052962779313174946,0.03556771545827653,0.08221843316162569,-0.033984852988171,-0.04376952004613687,0.031859119780234924,0.05284015852047541,0.007990926419342848,0.029541384617454702,0.06229557983369893,True,True,True
Sweden,1889,0.18892529296040048,-0.003650945547497425,0.09390320308526584,0.008748648806211037,0.020906071103378703,3.999999999999837e-05,0.020919400856589374,0.04491413474240402,0.09384763536975671,-0.04696622660391189,-0.04078970585368452,-0.06030058215719791,0.04409683566994338,-0.012635345751785487,0.004362443018736228,0.03289526731070935,True,True,True
Sweden,1890,0.18211419792071634,-0.01973435468335108,0.0907147284331922,0.009963790518355704,-0.016378796283405557,-0.009275833333333337,0.002149622415196638,0.02149178255372952,0.057111835324178184,-0.048184482355887334,-0.04304518731599008,-0.1335647549312181,0.0032349769630430902,-0.015109440608766067,-0.006164328296813459,0.019375366175367836,True,True,True
Sweden,1891,0.17567056326249833,-0.03139016149306287,0.10075995033579348,0.0005699919400792841,-0.027542364854382384,-0.011462500000000007,0.0052553295481535325,0.030940594059405857,-0.0046271213988706705,-0.027534052332477802,-0.04089492043075901,-0.13078770501046943,0.0009569045009316657,-0.024345078106821072,-0.02433367567700906,-0.00584073952051789,True,True,True
Sweden,1892,0.17949874143663916,-0.009426551523761317,0.10830004640758549,4.281012757630532e-05,0.0037658989022105183,-0.008614166666666666,0.026994108756005684,-0.01800720288115243,-0.06292133762355645,-0.022335245716936857,-0.032684593468434,-0.054086512371192774,0.019978564490739315,-0.010108551733248095,-0.01898956252328121,-0.007436934770174264,True,True,True
Sweden,1893,0.18418448180396205,0.002070283883245705,0.1032133565114327,0.0019249004712632752,0.024792610125455777,-0.00460333333333332,0.04661630237008509,-0.04034229828850866,-0.06183408084223818,0.0050866734450595846,-0.014927541534785024,0.016021708798081846,0.08903548680618756,-0.00013499011985818044,-0.00978939010968849,-0.007745391503652721,True,True,True
Sweden,1894,0.19487058030097365,0.01920001703847532,0.09187633700201518,0.011854338940007878,0.0689489372472942,-0.0036250000000000032,0.07280997172746664,-0.05095541401273884,-0.0818960080721447,-0.006046268840400898,-0.0077649470374260565,0.05125697254079409,0.17206523018956776,0.009279964859410406,0.004827594608587504,-0.0011255644917784746,True,True,True
Sweden,1895,0.17850263353367488,-0.0009961079029642828,0.0849154873931958,0.016474545797881057,0.035027350581244135,-0.004102499999999995,0.06006608866417419,0.01879194630872494,0.03679914918987737,0.0027304702901409347,0.0005902916315998738,-0.002023525618814692,0.12905452035886822,-0.008267937807552195,-0.011455934386820132,-0.021025439588090444,True,True,True
Sweden,1896,0.1741701742046664,-0.010014307599295641,0.083597964953271,0.00016721319738070145,0.0227182431459311,-0.0024883333333333424,0.04878453534797834,-0.007905138339921125,0.032437159948587535,0.01421297319529472,0.003632391548344919,-0.02537990140069668,0.1040787623066104,0.0007852081594219573,0.000683405910300805,-0.007414036903748089,True,True,True
Sweden,1897,0.15958340171991023,-0.03528717858106342,0.07374215330827662,0.016694533874726306,-0.0173443527371651,-0.010957500000000002,0.02103939402367895,0.031872509960159334,0.08282792397289818,0.0017014911275381659,0.006214978204324608,-0.06591808578238267,0.05509873292300038,0.01768116244117779,0.02086612604054383,0.017131855210739566,True,True,True
Sweden,1898,0.14466532332032772,-0.033837310213347155,0.07002819788373578,0.014384711567344683,-0.022435296189615747,-0.013992499999999991,0.011728693586904714,0.04761904761904767,0.028827101310322734,-0.02939491269195283,-0.004493482789706647,-0.0661432574015769,0.07499441590350697,0.027223677460820883,0.031249442501291136,0.03287521678370686,True,True,True
Sweden,1899,0.1479180515031983,-0.026252122701468095,0.07618619389644797,0.011154863572730921,-0.03920693589642688,-0.022109166666666666,-0.004181700601750417,0.04422604422604426,0.052131182565965384,-0.043627229287609315,-0.02377355028400799,-0.11637158042197149,0.027058823529411802,0.02174262456849252,0.025315878305174344,0.03022684969713285,True,True,True
Sweden,1900,0.15493115602332086,-0.004652245696589369,0.08495089968635686,0.0026593233779103973,-0.019486544286329767,-0.02077749999999999,0.003435900757518394,0.0117647058823529,-0.020107804077806435,-0.03472618233755975,-0.0359161081057073,-0.08537640065134489,0.044336369263419106,0.02616755015928307,0.035343106273957314,0.04341145516092071,True,True,True
Sweden,1901,0.1627755993681881,0.01811027604786039,0.09292712972954786,-0.007259591680885086,0.008666552477019921,-0.01649083333333333,0.027151784847588532,-0.024418604651162745,-0.07203765227021042,-0.03105939848561864,-0.036470936703595906,-0.018839745475568992,0.05713834100161952,0.05025274105473265,0.0667979528064474,0.07689958940120567,True,True,True
Sweden,1902,0.16161086089021034,0.013692809387012034,0.08694318219342519,-0.009658518751258498,0.03351265112394495,-0.012061666666666658,0.03812521099206658,0.008343265792610133,-0.035882778433434126,-0.03861789298189977,-0.034801157935026056,0.028321111024085965,0.07032893828243725,0.04926377822519523,0.066771185240868,0.0831837781670951,True,True,True
Sweden,1903,0.14659343455121515,-0.008337721472105708,0.0695851438461911,0.006117388568122225,0.01506033224373799,-0.008304999999999993,0.0365372918338595,0.01654846335697413,0.004783757474621231,-0.02374531606921312,-0.031140869178910513,0.050083414862966746,0.02960526315789469,0.009407862094040431,0.02429196613063689,0.04474816682226124,True,True,True
Sweden,1904,0.16268273748192952,-9.286188625859393e-05,0.07672266493193147,0.0005665341565394312,0.013384489217694289,-0.00912916666666666,0.032699559275719985,-0.011627906976744207,0.012790697674418539,-0.04882270349543323,-0.037061970848848706,0.03588481221170392,0.05199690402476764,0.06774014971169795,0.0880122427393385,0.11398633251907919,True,True,True
Sweden,1905,0.16647685002139195,0.004865989131181608,0.07730261092342058,0.0029020581644165037,0.009751722377335261,-0.010256666666666664,0.028544324343844914,0.021176470588235352,0.01283320479562522,-0.03234693054027235,-0.0349716500349729,0.004003084403445989,0.050111491006391784,0.07244542021567757,0.09898580377943389,0.12742247023568964,True,True,True
Sweden,1906,0.15350559389756532,0.006912159346350172,0.08390493768259659,-0.0006549356275562575,-0.0006191926677832638,-0.013612499999999993,0.02795886973318957,0.02073732718894017,0.004188863831966039,-0.030420145942170136,-0.03719659332595857,-0.004309879549911133,0.09159881435752437,0.04864581092250897,0.07247911448585997,0.10432110348246415,True,True,True
Sweden,1907,0.14968720057373402,-0.012995536908195493,0.08556891296326569,-0.0005961458006451641,-0.038796849753382205,-0.02211166666666667,0.007860822110392164,0.05191873589164797,0.06354664286839218,-0.02993091670982287,-0.03089933106408845,-0.023818765587921842,0.04713082180893324,0.031198498232462568,0.05119857235005343,0.08610662697483784,True,True,True
Sweden,1908,0.1693455389046198,0.00286868888322786,0.10242135333125921,-0.015117677704608076,-0.030304797720190776,-0.018377499999999998,0.010729992563981355,0.015021459227467782,-0.0061550113607675705,-0.02231531883128897,-0.027555460494427326,-0.03858114834446891,0.046663543948044506,0.02866376955981842,0.05861198654533728,0.09309781965980213,True,True,True
Sweden,1909,0.18104126407924767,0.027535670181682348,0.09997659045119127,-0.01293535844246968,0.005539574236027592,-0.007835000000000002,0.019689515650921915,-0.009513742071881492,-0.03025106926082166,-0.031819340027967304,-0.028021858523026383,-0.05246174899015699,0.05033593674201953,0.024045005795499175,0.04999182001102631,0.08181443908620789,True,True,True
Sweden,1910,0.1662171929939813,0.016529992420247275,0.08629592687715218,-0.001399716731503852,0.0399533220756753,-0.0074483333333333415,0.036965760948137895,0.0,-0.05191873589164797,-0.006240222342394256,-0.020124960400550177,-0.007903758288928864,0.09359543727981068,0.010867355944415014,0.02101063785321655,0.05585289326184084,True,True,True
Sweden,1911,0.1829894121954617,0.01364387329084188,0.10001081840368449,-0.0012397411457569577,0.015899725297920535,-0.006696666666666663,0.032763712672128416,0.029882604055496254,0.014861144828028472,0.009867737221693342,-0.009397275049556073,0.007722450479194398,0.06779269171664426,-0.0014443058187965097,0.005108308550058394,0.03480839436186178,True,True,True
Sweden,1912,0.1686146178939246,-0.012426646185323076,0.1068251035570805,0.0018883960199026738,-0.004866719078553176,-0.007979166666666662,0.023484835781155806,0.020725388601036343,0.030239130672917836,0.008257335991203126,0.003961616956834071,0.022066688287041725,0.04858556090721411,-0.019530192724191986,-0.012597399435279488,0.007975723945546687,True,True,True
Sweden,1913,0.16709683229172476,0.0008796392977434564,0.1142260828912844,0.005569668463195588,-0.019099590414448114,-0.011619999999999998,0.0254954406880932,0.003045685279187804,0.003045685279187804,0.008142364311015931,0.0087558125079708,-0.007717422962201237,0.017943933559684266,-0.030316226660920376,-0.02978192449716044,-0.021821831309557393,True,True,True
Sweden,1914,0.18718494264860547,0.004195530453143775,0.1407076719133966,0.0033710741903784907,-0.01008729013122149,-0.006761666666666666,0.03342867712764461,0.013157894736842035,-0.01672470931865422,0.02714735462571228,0.014515684975977113,0.05724983294593389,0.06428597967305816,-0.006157734162237083,-0.012856489216085287,-0.008295547800902914,True,True,True
Sweden,1915,0.18278201440104275,0.014167396507118152,0.11441918382437435,0.0001937465582058269,-0.05033051324147798,-0.0060825000000000115,-0.006100742955726227,0.1488511488511488,0.12812576025011246,0.06113794334099878,0.032142554092575666,-0.14697650236475046,-0.04643324244730329,-0.0788569957098153,-0.09299721126259175,-0.09629393301037503,True,True,True
Sweden,1916,0.16737714814694926,0.00028031585522450553,0.12400019669786448,0.006567572030913151,-0.09001831274675592,-0.0006516666666666615,-0.04563294206556213,0.13043478260869557,0.12738909732950776,0.10381317680346612,0.06403282492339239,-0.22227111354089402,-0.08704997316120666,-0.11123438606494118,-0.13383829489886856,-0.14955622817391012,True,True,True
Sweden,1917,0.1628943656656655,-0.02429057698293996,0.095229363425205,0.006091628901287385,-0.13802014453383754,-0.005616666666666666,-0.12839146433276863,0.2615384615384615,0.24838056680161946,0.09368255214976948,0.08621122409807813,-0.4054765207931872,-0.10902239158963012,-0.0406835316695614,-0.0667544351251883,-0.09176539447179677,True,True,True
Sweden,1918,0.1773384256389295,-0.005443588762113261,0.1107116191061309,-0.06873256535133412,-0.1925454139399869,-0.014908333333333329,-0.23248681308970273,0.4695121951219512,0.3206610462708024,0.03560005352623488,0.0776985941598235,-0.3095811202118519,-0.04403827068052124,-0.014271580140508,-0.04069203867057303,-0.07086942713849909,True,True,True
Sweden,1919,0.1375825710605149,-0.02979457708643435,0.09858442999805887,0.009090692173805624,-0.1675525228320883,-0.009516666666666673,-0.2240283654981459,0.10373443983402497,-0.026700342774670593,-0.053334254653344064,0.02531611700755343,0.04270640427087291,0.18251652815232355,-0.04072424681558684,-0.0769321068617227,-0.11148257374036086,True,True,True
Sweden,1920,0.11597390372312645,-0.04692046194253906,0.10921977446080566,0.0015091308874720958,-0.13078948445453265,-0.009091666666666672,-0.13643954247905973,0.018796992481203034,-0.24274146905725846,-0.0564466509306053,-0.02472695068590483,0.6352467126016734,0.4458747641164833,-0.05153917070775926,-0.0826446741897856,-0.12099757295655111,True,True,True
Sweden,1921,0.1516433609648313,-0.025695064674098184,0.11696537677948404,-0.02317808231735664,0.06542806739056217,-0.005400000000000002,0.07942347090107403,-0.18450184501845013,-0.6540140401404013,-0.005453286695878944,-0.038411397426609435,0.5224454423940694,0.7916978146986566,0.04746710988118785,0.04433571671591452,0.0037860146214745427,True,True,True
Sweden,1922,0.18053748692008675,0.04295491585957184,0.11376590562885805,-0.020024726541384402,0.13940374864862365,-0.0005166666666666792,0.158858555672295,-0.16742081447963797,-0.27115525431366294,0.013498559438193206,-0.016133792729430347,0.1160443951694019,0.29345692808480073,0.06469239297630991,0.06800603913685621,0.03867764755113223,True,True,True
Sweden,1923,0.18771176944572218,0.07173786572259573,0.11553478973392267,-0.010239694710656883,0.17115170318764386,0.0018499999999999905,0.18394016186168152,-0.05434782608695654,-0.07314481856815958,-0.0016405176599131,0.002134918360800387,-0.01330015522240413,0.06703377871454674,0.027738357459406005,0.02417145284895017,0.012615048812369412,True,True,True
Sweden,1924,0.1846946886387418,0.0330513276739105,0.12042817922450992,0.00037056287336288164,0.06961160689345947,-0.006100000000000001,0.12282288018886484,0.0,0.18450184501845013,-0.0007511948318784985,0.003702282315467202,0.09985095995866522,-0.10462041858236026,-0.026702071352287637,-0.02109988258036899,-0.02184303941530885,True,True,True
Sweden,1925,0.19046678335250256,0.009929296432415802,0.13153579222143444,-0.003311777230518339,0.020343207808415253,-0.003108333333333317,0.06051048225887061,0.01724137931034475,0.18466219378998272,0.008206176924223695,0.0019381548108106984,0.08735605119811263,0.043096867001646055,-0.06691854886812632,-0.04658303715716716,-0.048817308780007784,True,True,True
Sweden,1926,0.18728411065779696,-0.0004276587879252225,0.12430605637121042,-0.0008698083741545595,0.0073664637732669125,0.0018250000000000002,0.05237730859146701,-0.03389830508474578,0.020449521002210758,0.012134441889969393,0.006529807994104863,0.03842874717462652,0.0786221325334131,-0.05640515443525729,-0.05337082050941,-0.05568005054300251,True,True,True
Sweden,1927,0.19109403558250115,0.006399346943759349,0.12315418005323915,-0.0010052125671576977,0.022248664086220445,0.0044666666666666535,0.055167610735716514,-0.011695906432748537,-0.011695906432748537,0.025135288700200025,0.015158635838131035,0.04622853227373658,0.07122567073995922,-0.05275952027046227,-0.07894007315021434,-0.07320293378542975,True,True,True
Sweden,1928,0.18573440007322434,-0.004732383279278218,0.11919596370016301,0.008094973837774121,0.021453676600616735,0.005766666666666663,0.05743663066362235,0.01183431952662728,-0.005407059783717472,0.007419010692396461,0.014896247094188625,0.011858508465240503,0.0632858712393296,-0.02934448146330837,-0.06173280054383157,-0.063504518260587,True,True,True
Sweden,1929,0.1779006725174606,-0.009383438140336348,0.114173611262816,0.004749806489005298,0.011786941878857288,-0.002350000000000005,0.05136848218508133,-0.01754385964912275,0.016354445435623033,0.025686962135935198,0.019413753842843894,-0.025039695197382583,0.049335985036193186,-0.025193282539237694,-0.05065101789468962,-0.07067225985136194,True,True,True
Sweden,1930,0.17288505279568822,-0.018208982786812933,0.09661993536005428,0.008015346004213277,0.015347765867624704,0.004683333333333331,0.05557460861226039,-0.0357142857142857,-0.02401837928153716,0.009690839066420976,0.014265603964917543,0.007518322412475298,0.09122750753007725,0.0047460536125725206,-0.010138074345230175,-0.045747480469479296,True,True,True
Sweden,1931,0.18939397423860224,0.0036595741653779046,0.09947166540630485,0.007601211660239036,0.04616452766850006,-0.0015583333333333352,0.07023244763142422,-0.030864197530864224,-0.0426985170574915,-0.009323141480954056,0.008684886573800706,0.390764546085157,0.11280562641091874,0.059055509035206066,0.05324307783348281,0.02317393143294122,True,True,True
Sweden,1932,0.23603301678925778,0.05813234427179717,0.12632833004291577,-0.002823466971774902,0.07609852548540594,-0.0001666666666666622,0.06960577891611154,-0.01273885350318471,0.00480500614593804,0.010304562101448823,0.003557419895638581,0.30569568090939425,0.05573629389441259,0.042042542841843944,0.045565320032352585,0.028833171262639512,True,True,True
Sweden,1933,0.2558308468404424,0.08294579404475416,0.12801512561869105,-0.024216195786404868,0.08075722550393136,0.008550000000000002,0.06335316754898404,-0.02580645161290318,0.009907834101382518,0.018196339028205496,0.0063925865495667545,-0.15059973208055422,0.02213628177795912,-0.007263122445468784,0.0019824057119384175,-0.005339302977585225,True,True,True
Sweden,1934,0.23470215617787418,0.04530818193927194,0.10420807176358683,-0.007723401475638474,0.035817909285763755,0.009716666666666658,0.04535759618659881,0.0066225165562914245,0.03748671408715565,0.0278309902764647,0.018777297135373006,-0.3334583034017755,-0.004985367025807097,-0.05332771912894563,-0.042338520158878734,-0.0432586036414051,True,True,True
Sweden,1935,0.23415295288153595,-0.0018800639077218295,0.08787586169085128,-0.011326040775772149,-0.007266407684337325,0.006899999999999996,0.03171569765044956,0.019736842105263053,0.03247569560844776,-0.000491447430939266,0.015178627291243642,-0.29362831223779984,0.01038475041735576,-0.05636804058779288,-0.04936339787790622,-0.04775559979298727,True,True,True
Sweden,1936,0.21300112973057952,-0.04282971710986286,0.07493514281097138,0.0011416213370940825,-0.02897026580500056,0.006241666666666659,0.018154138510664622,0.012903225806451646,0.03870967741935483,0.010542167683695793,0.012627236843073743,0.07396963635688869,-0.0064614610330931965,-0.044180582977848215,-0.05639010542928502,-0.051781732019214655,True,True,True
Sweden,1937,0.1835643277605597,-0.051137828417314485,0.059128382151780776,0.009542515683206357,-0.02562210727988817,0.005391666666666659,0.008895932776774501,0.031847133757961776,0.025224617201670352,0.01497427670870863,0.008341665653821719,-0.002243165341431097,-2.8947262947998098e-05,-0.045813984766094606,-0.07489213574809755,-0.07484540201303219,True,True,True
Sweden,1938,0.19172531062403175,-0.0424276422575042,0.043888991341988,0.003906874818356267,-0.02283533973908431,-0.001616666666666669,0.0022937073056893235,0.0185185185185186,-0.001218323586744452,0.005439328672451187,0.010318591021618537,0.02144659433055529,0.039187281683317865,-0.022429976585797318,-0.05032978131255572,-0.06385622965621107,True,True,True
Sweden,1939,0.18984689789164844,-0.02315423183893109,0.05290933363035998,-0.004313985864133597,-0.042766843521552855,0.003550000000000001,0.0020771058068297793,0.030303030303030276,0.01739980449657863,-0.019933723519131245,0.0001599606206761905,-0.020723919588491624,0.04051498741586035,-0.005827730834615463,-0.023026526255487123,-0.050673522934013115,True,True,True
Sweden,1940,0.24634996421159094,0.06278563645103125,0.07670842559652714,-0.060723944662302354,-0.03727421667917606,0.005799999999999993,-0.022238555489535898,0.1352941176470588,0.10344698388909701,-0.020599364541958123,-0.011697919796212727,-0.11816140966510558,-0.005843213954368376,-0.044901356308125806,-0.058563227002010054,-0.09403910932107029,True,True,True
Sweden,1941,0.31735388127077574,0.125628570646744,0.08607700136318122,-0.10260243813328335,-0.05093360790288635,0.0022416666666666696,-0.06619572461894162,0.13471502590673579,0.11619650738821719,0.014611499890436263,-0.008640529390217701,-0.20802507118004032,-0.09104311615339467,0.024363608515297785,0.013601247269044714,-0.01368576005226596,True,True,True
Sweden,1942,0.39029007239815666,0.20044317450650823,0.09874263822705708,-0.09033335219147144,-0.0401781089428709,0.0023249999999999937,-0.08050909807957539,0.06849315068493156,0.03819012038190128,0.014241480917553994,0.002751205422010711,-0.15009457635356926,-0.07021823161670382,-0.006895330253583576,-0.01218349299745164,-0.03135228888624764,True,True,True
Sweden,1943,0.45807616074338303,0.2117261965317921,0.10572638880516841,-0.07938672251576032,-0.03708042588000631,0.002741666666666663,-0.03641889362172387,0.004273504273504258,-0.13102061337355453,0.009798027237996087,0.012883669348662115,0.012205879480135406,0.007609575298168414,-0.010140693104163712,-0.01278217624505873,-0.026923310924645172,True,True,True
Sweden,1944,0.4922357250683747,0.17488184379759897,0.10315444137597699,-0.06017874384572944,-0.011166311068561738,0.002783333333333339,0.009946221396833457,-0.004255319148936176,-0.13897034505567196,-0.008824196954569988,0.005071770400326697,0.11866137803031518,0.09890522774008614,0.00726477156250549,0.002057392746492026,-0.006802988425397949,True,True,True
Sweden,1945,0.5264574406865805,0.13616736828842385,0.10245927349461982,-0.05378866222973547,0.005753141490691251,0.004991666666666665,0.03182677304964539,-0.004273504273504258,-0.07276665495843582,0.06204400153156361,0.021005943938329903,0.1090339398088418,0.13286981072445747,0.015045129132432333,0.02024601148205646,0.015804842545900255,True,True,True
Sweden,1946,0.4724346432535895,0.014358482510206494,0.09555999812746238,0.00890524340380712,-0.017816657770786334,0.005116666666666662,0.03152899264295937,0.0042918454935623185,1.834122005806016e-05,-0.004473284600364387,0.016248839992209742,0.0536372039124251,0.16329330854159596,0.023809396861700305,0.027570192965409468,0.025634080377083368,True,True,True
Sweden,1947,0.4326791946020121,-0.05955653046636261,0.09575053210269496,0.0035953593100015394,-0.04826679337167884,0.005233333333333333,0.020255709621804042,0.029914529914529808,0.034169849063465985,-0.054862229486495294,0.0009028291482346429,0.3065829844008965,0.2517653286285728,0.012214898176614808,0.012816159941778316,0.01813393896872051,True,True,True
Sweden,1948,0.3983902088367843,-0.12806723184979624,0.0796584324344739,0.01485250358521666,-0.06414509559762938,0.005775000000000006,9.11276161797911e-06,0.05809128630705396,0.062364790580558216,-0.020379298420141773,-0.026571604169000482,0.5126590982063906,0.21617161727593648,-0.01775129416393334,-0.010721478101620496,-0.008644324286356253,True,True,True
Sweden,1949,0.3926283780500175,-0.07980626520357204,0.07224697161279357,0.005389057213874897,-0.041833283054370854,0.0051750000000000025,-0.000467461616344908,0.0039215686274509665,-0.000370276866111352,0.0240984141609593,-0.017047704581892587,0.857453506325099,0.1843308928770353,-0.02218049518436399,-0.01672320335154759,-0.01259706398341548,True,True,True
Sweden,1950,0.36479656318019016,-0.06788263142182194,0.07513772932376131,-0.003504011674070379,-0.030250827045621157,0.005666666666666667,0.005204048355165022,0.015625,-0.014289529914529808,0.005343978045281607,0.003021031262033045,0.3735823949503321,0.09196275194249748,-0.001611646247718368,-0.0017774899706496927,0.0006023067975115537,True,True,True
Sweden,1951,0.3034387440762246,-0.09495146476055966,0.0667034639348979,0.0016298677908439634,-0.07481604800124489,0.0023166666666666683,-0.03060911261940675,0.1692307692307693,0.11113948292371534,0.02697749602202409,0.018806629409421665,0.08207599111988872,0.1137453793369203,-0.039301625624137526,-0.04791145685614501,-0.04480995655047587,True,True,True
Sweden,1952,0.27701476274117914,-0.11561361530883835,0.052262402836297274,0.0075826495075548535,-0.08879320694123463,0.0028166666666666618,-0.05292473009446698,0.07236842105263164,0.06844685242518067,0.0038703399059292383,0.012063937991078313,-0.2235305672105139,0.17633977988261473,-0.04956945940681495,-0.06438983390196423,-0.06804645651446789,True,True,True
Sweden,1953,0.27472266631930925,-0.09007389686088091,0.051190746030718534,-0.013413779233676325,-0.07162398365917896,0.0031583333333333255,-0.04983638653618477,0.006134969325153339,-0.009490030674846661,0.008508225127708892,0.013118687018554074,-0.19886914509583087,0.1896350858762601,-0.03287888327067845,-0.04682079551538332,-0.059191495630510904,True,True,True
Sweden,1954,0.27983302607802146,-0.023605717998203157,0.05029009831048064,-0.004629172145438577,-0.0171704832694208,0.004941666666666667,0.004241349548868421,0.0060975609756097615,-0.16313320825515953,-0.003477230905899025,0.0029671113759130348,-0.15917085325173874,0.1747194870694524,-0.00996475750448933,-0.021741883548408725,-0.040043755201173925,True,True,True
Sweden,1955,0.27804388191034113,0.001029119169161985,0.05874620502514828,-0.005155697765235941,-0.005865527349943694,0.002024999999999999,0.02385658080883652,0.027272727272727337,-0.0450956937799043,-0.00831880693332284,-0.001095937570504325,-0.12098533100713216,0.10991516805395518,-0.012313575116175757,-0.030640025215984523,-0.04972145468437722,True,True,True
Sweden,1956,0.271501026237332,-0.0032216400819772284,0.05583036661556781,-0.000655017579258222,-0.02254796754062066,-0.0004249999999999948,0.00965240637543142,0.05014749262536866,0.04401252330021532,-0.0028891584149454215,-0.004895065418055762,-0.10450766548725698,0.09492882357574928,-0.01878483458794089,-0.03501760960929784,-0.05371412462635383,True,True,True
Sweden,1957,0.27541810738633454,-0.00441491869168692,0.06577081442628743,-0.006956421966487018,-0.032983295004767196,-0.0017000000000000001,0.0025119866257282616,0.04494382022471921,0.03884625924910945,-0.0025073351084578463,-0.004571766818908703,-0.10556278413932596,0.07492035045689005,-0.010295276237884454,-0.015511957386031061,-0.03670532191494236,True,True,True
Sweden,1958,0.28621066589071303,0.008166783980371906,0.06428020784741828,-0.008143300001268342,-0.028148531707658762,-0.003316666666666669,-0.002684021846086626,0.043010752688172005,0.015738025415444667,-0.0042343702323788725,-0.003210287918594047,-0.06732472230349595,0.05120928409035752,0.006598735706546344,0.005236273982080486,-0.013010017289321718,True,True,True
Sweden,1959,0.2813051356857573,0.009804109448425302,0.06331416213712558,-0.010128379660264704,-0.010043241983903245,-0.0021750000000000033,0.010929489441407397,0.0077319587628865705,-0.04241553386248209,7.820967618688202e-05,-0.0022211652215499457,-0.04941437671433624,0.06033264653209036,0.0253207333945078,0.02201006176013265,0.011213260726234076,True,True,True
Sweden,1960,0.277763387760491,0.002345280374156433,0.06701036395775087,-0.010582726164097353,-0.01144957620209288,-0.004341666666666674,0.015103857478803134,0.04092071611253201,-0.0040231041121872035,-0.006101633845359681,-0.0034192648005172237,-0.0563659589049299,0.06933453158448355,0.021810998380391133,0.021019364441682342,0.019131940232727462,True,True,True
Sweden,1961,0.2512299672757682,-0.03498069861494485,0.053998316029267836,0.016300146083759855,-0.021788508882758566,-0.0044500000000000026,0.02196143433718643,0.02211302211302213,-0.020897730575149875,0.002839395328150073,-0.0010613429470075755,-0.03153866172120978,0.12289825633262463,0.0075443597083234,0.014068681540626182,0.013654409940855539,True,True,True
Sweden,1962,0.22162740544209078,-0.059677730243666544,0.05231581409935123,0.01724518400850425,-0.03704557107596954,0.00655833333333334,0.012854779565840913,0.04807692307692313,0.04034496431403656,0.0003653692660923048,-0.000965623083705768,-0.06800986237022111,0.13038322999632057,0.019019999571972923,0.030213109907540114,0.03201521036201843,True,True,True
Sweden,1963,0.20020835371885987,-0.07755503404163111,0.04516334143647647,0.0134476184371471,-0.031662913729428865,0.011333333333333327,0.015914513682862286,0.029816513761467878,-0.01110420235106413,-0.0014856000085048404,0.0005730548619125123,-0.05779732009847782,0.1478548612683872,0.030502641863395408,0.0420092866725873,0.04970212949737235,True,True,True
Sweden,1964,0.1804181000222017,-0.07081186725356647,0.04935702086118124,0.009327106829351643,-0.034187260182628534,0.010566666666666669,0.020042054090246834,0.031180400890868487,0.009067378777846358,0.0008114434328722859,-0.00010292910318008338,-0.07401252121871715,0.11296871466311487,0.02365936817915637,0.032391671435216374,0.04656723887440245,True,True,True
Sweden,1965,0.1629205588029985,-0.058706846639092286,0.04634335299467597,0.008572396869006592,-0.028782930333775984,0.008041666666666648,0.024180744071971343,0.05183585313174954,0.003758930054826415,-0.008581995986307135,-0.0030853841873132296,-0.06843084265882549,0.11894831725247323,0.02042616063194186,0.028724055727189612,0.04529208713228822,True,True,True
Sweden,1966,0.15319025998027175,-0.04701809373858812,0.04368640773862169,0.007146042194070149,-0.02297760745442852,0.007774999999999976,0.016116775695403797,0.06570841889117052,0.03589190512970264,-0.006857429469884966,-0.004875994007773272,-0.08650836010204455,0.09543263424085735,0.019165506356784212,0.03191122911519123,0.04688189596810871,True,True,True
Sweden,1967,0.15448418459428817,-0.02593391542791354,0.040621199025490544,-0.0029909675319863688,-0.012918007252273336,0.008525000000000012,0.007939433410471763,0.040462427745664664,0.009282026854796177,-0.0018381339629654871,-0.00575918647305253,-0.07499964309696827,0.12148933216543356,0.025265265050973318,0.03934362395080793,0.05377819807626055,True,True,True
Sweden,1968,0.16975058603478424,0.006830027231785746,0.04667235778230017,-0.010229042614731438,-0.0023879348889476737,0.008866666666666662,0.02085292766426481,0.020370370370370372,-0.03146548276137917,-0.004291264353853625,-0.004328942595568025,-0.024670000298370742,0.11936334592206466,0.05489989066467865,0.06726414547385984,0.08580285286834766,True,True,True
Sweden,1969,0.16889578544446784,0.015705525464196096,0.051438451567843026,-0.005625124238537138,0.0011162304111264898,0.0055750000000000105,0.04038965713131561,0.02722323049001818,-0.03848518840115234,-0.006694998256739434,-0.0042747988578528484,0.03392031261617423,0.15536504844817411,0.045411528023126535,0.059409037743874515,0.08123995373631643,True,True,True
Sweden,1970,0.17385335912372116,0.019369174529432986,0.05691391616150136,-0.00931180654419775,-0.014474576551929727,0.003916666666666652,0.035083935166678466,0.06890459363957602,0.028442165893911353,-0.00795495453494246,-0.006313739048511839,0.03976497740072671,0.16284421651352154,0.01359227911610561,0.030325929747714198,0.051480199161583085,True,True,True
Sweden,1971,0.17346343061191782,0.003712844577133584,0.05265573397887726,-0.0015830071690757057,-0.019910165813567776,0.012758333333333337,0.015505670193716542,0.07438016528925617,0.0540097949188858,0.009196251642714067,-0.0018179003829892754,-0.07361320105232538,0.11453651665189857,0.025685352266048733,0.044684163470614546,0.0654784923276649,True,True,True
Sweden,1972,0.1779257852561305,0.009029999811662665,0.0525576056517542,-0.005022042216990041,-0.022166087751658348,0.022925,0.005163413690389251,0.06000000000000005,0.03277676950998187,0.013198406930932773,0.004813234679568127,-0.14107774891523295,0.1495201703777307,0.02147052045467157,0.040564265760857365,0.06282871101595722,True,True,True
Sweden,1973,0.18568143972398932,0.01182808060026816,0.059058624576446464,-0.01365324395602916,-0.015384259448782286,0.02385000000000001,0.006802136485584184,0.06676342525399126,-0.0021411683855847574,0.028911624998108,0.017102094523918282,-0.1646217777396246,0.0944881422499686,0.01688665433292269,0.028566401041824507,0.0530573413419827,True,True,True
Sweden,1974,0.19532731827632518,0.02186388766440736,0.06586426309706205,-0.021465867660382255,-0.031576589289324664,0.016183333333333334,0.0024889489516174285,0.0993197278911564,0.024939562601900223,-0.008794215367563746,0.01110527218715901,-0.17804132423668872,0.1727912633167621,0.051185460077004086,0.05910064279176508,0.08544443393626977,True,True,True
Sweden,1975,0.20287761411665872,0.024951828860528213,0.0765807522280072,-0.017737764248989454,-0.04003655394971306,0.022041666666666668,-7.681012429014422e-05,0.09777227722772275,0.037772277227722695,-0.004986422194118723,0.00504366247880851,-0.075338498021981,0.21838633896629056,0.03673443862111547,0.05147437495498197,0.0738331810614341,True,True,True
Sweden,1976,0.19545888150457802,0.009777441780588703,0.06754303950698697,0.007193545655497102,-0.035135148837224364,0.02989166666666665,-0.0074624703271122805,0.10372040586245768,0.036956980608466417,-0.019989805901733406,-0.011256814487805291,-0.13453483018739332,0.2558439734385374,0.037471684647304104,0.055511314533063794,0.07455513849129725,True,True,True
Sweden,1977,0.21697777598382711,0.02165045770750193,0.07666371839436827,-0.007206332164413749,-0.015470561160732504,0.017375,-0.0075828947038769495,0.11338100102145043,0.014061273130294039,-0.02752361924300301,-0.017499949112951715,0.04265395824432039,0.16462790902004776,0.05109711955180618,0.0695825774217963,0.09128955717815557,True,True,True
Sweden,1978,0.24894324629107906,0.046065632174420335,0.09482118015858053,-0.03592323824205755,-0.009634471104561781,0.03175833333333335,-0.0050812793588562305,0.10091743119266061,0.0031451539649378635,-0.002614063522242696,-0.016709162888993035,-0.12243763409320496,0.04519108280360484,0.03485737771078423,0.05789908252895204,0.08305324795515823,True,True,True
Sweden,1979,0.2927040910806243,0.09724520957604627,0.11853327591119137,-0.05385312553807134,-0.006304239136518994,0.02934166666666667,0.006519967039740726,0.07166666666666677,-0.03205373919579091,-0.02165152376577902,-0.017263068843674907,-0.04027742495810338,0.023984075542264227,0.027332987373278272,0.0471463354487579,0.07530978111922904,True,True,True
Sweden,1980,0.3577076427499937,0.1407298667661666,0.179189622685529,-0.04911057336665693,-0.019957198016543734,0.01742500000000001,0.014536677074366289,0.13608087091757382,0.02269986989612338,-0.03510477248682692,-0.019790119924949542,-0.0845311639525117,0.003936956838413108,-0.021033974870704353,-0.007622836303557312,0.019548510077050718,True,True,True
Sweden,1981,0.430416852995354,0.18147360670427493,0.22408963546030627,-0.04196206169048454,-0.009544447063688469,0.017375,0.025242521695054615,0.12114989733059556,0.020232466137934946,-0.02645970811601932,-0.027738668122875083,0.2659408527450493,-0.0226638875290478,-0.006240623388408806,0.00533997310183798,0.0282792892831657,True,True,True
Sweden,1982,0.4948615004669453,0.20215740938632104,0.25334894771315425,-0.03915786741489671,0.004874377154975101,0.028749999999999998,0.016183048760581728,0.08547008547008539,0.013803418803418621,-0.038246807182262005,-0.03327042926170274,0.641983772846644,-0.05530996125330223,0.01230246469629337,0.01682103461430129,0.03685158938509314,True,True,True
Sweden,1983,0.5626087915002143,0.20490114875022053,0.2677092755823914,-0.04807092242918905,0.02184072322606863,0.010708333333333347,0.02494289849651088,0.08942632170978637,-0.046654549207787444,-0.011236840602636088,-0.025314451966972466,0.6699983276147374,-0.03880675997801131,0.0065810050513825935,0.004915890864486183,0.019437556346631024,True,True,True
Sweden,1984,0.5944387698704712,0.1640219168751172,0.27949258662780885,-0.01850212596324452,0.018090427258270245,0.0059999999999999915,0.040902647443226345,0.08002065049044926,-0.041129246840146294,0.0026768843600656566,-0.015602254474944142,0.45509040637398623,0.0037727921369232753,0.008260833459297401,0.004107402030545382,0.012934863990588297,True,True,True
Sweden,1985,0.6356328323800005,0.14077133191305513,0.2881009058711035,0.00726581938996515,0.019444645786253628,-0.013649999999999995,0.050254753689787615,0.07361376673040154,-0.011856318739683847,-0.01361008008855754,-0.0073900121103759875,-0.07155669962986544,0.03211524396291643,0.004188014061957901,0.007425609447544446,0.010258731292193235,True,True,True
Sweden,1986,0.6156441644656336,0.05303537296541938,0.22694149094778324,0.015090945802695356,0.027654858781483424,0.004991666666666658,0.03761438838260152,0.04229741763134465,-0.047128904078441725,0.00042910167133039604,-0.0035013646857204937,-0.226953066187479,0.08304054563437768,0.05683484032185404,0.06848736333230987,0.06914173016000136,True,True,True
Sweden,1987,0.5824221427724913,-0.012016627097979904,0.22707615064596118,0.05264931056329639,0.04184445324276469,0.02336666666666669,0.06411639860588811,0.04228961982058954,-0.03773103066985972,-0.00011498176609101505,-0.004431986727772717,-0.39280575045905364,0.07690902853058645,0.09202367261381106,0.10520112025452322,0.11608448658592407,True,True,True
Sweden,1988,0.5233268258341948,-0.11230600654580569,0.20813684839136473,0.05451739203880851,0.04145839503097544,0.012958333333333322,0.0658887470788635,0.05819672131147535,-0.01541704541892619,-0.0028210259155915696,-0.0008356353367840605,-0.23306264866431015,0.0709608060643625,0.15616047603637218,0.18144323555438013,0.2052543361332504,True,True,True
Sweden,1989,0.4672615372526519,-0.14838262721298173,0.1837386055838204,0.06365081794039712,0.037875065818327835,-0.003316666666666676,0.05687413725755338,0.064291247095275,0.02199382946393036,-0.01494512740614163,-0.005960378362608068,-0.12978417106803442,0.08124395106671667,0.18049585510500255,0.22616188376957147,0.264608069538238,True,True,True
Sweden,1990,0.4219817081683881,-0.16044043460410318,0.19650060295467098,0.052884563618332686,0.029491998202908418,-0.0032666666666666955,0.05578617938115599,0.10480349344978168,0.06251387362919214,-0.025406969659874858,-0.01439104099386935,-0.11140788805480517,0.046230536294231905,0.1567311586061645,0.2243275543060339,0.2762688917915932,True,True,True
Sweden,1991,0.40893967027624883,-0.11438715555794593,0.16605071819695572,0.01434118948729577,0.02840945479035069,-0.007791666666666683,0.01947183439890289,0.09321475625823461,0.03501803494675926,-0.01671303593160173,-0.01902171099920607,-0.20699997294422035,-0.0034191137335973787,0.07338669668966935,0.14747740621985106,0.21391668979411238,True,True,True
Sweden,1992,0.4648828053739459,-0.0023787318787060197,0.1790302267617002,-0.015524211264833644,0.05039531279820023,-0.03314166666666668,0.026511095633131837,0.022898463392588164,-0.04139278370268684,-0.0404791552649801,-0.027533053618818897,0.02034442459114927,-0.019455053838621672,0.05153723451924641,0.12227943205935288,0.20615856665526167,True,True,True
Sweden,1993,0.5878421007862895,0.16586039261790142,0.22025860967224425,-0.08864283256812516,0.06535634844575522,0.0003833333333333466,0.03117425078895008,0.04653902798232701,-0.058264465467454674,-0.0204293653092006,-0.02587385216859414,0.35595970909330776,-0.012890192391931232,-0.09892352732795084,-0.05277347690022105,0.031496738524184886,True,True,True
Sweden,1994,0.6756596556015623,0.26671998532531344,0.3015259647466795,-0.052126249662522744,0.06714551536633578,0.022491666666666646,0.06471974323528722,0.021953278919223163,-0.07126147733901145,0.0031370709362727902,-0.019257149879302635,0.3230562383570712,0.05569900485831081,-0.14462700174874832,-0.13737761110035196,-0.06479945785431973,True,True,True
Sweden,1995,0.7275582115162654,0.26267540614231955,0.3358256300632593,-0.02128758581366444,0.049427294502354516,0.01642499999999998,0.0711651068246095,0.025337372624621324,0.0024389092320331596,0.017249856039270598,-1.4146111219065968e-05,-0.07599489539867998,0.030069030684227727,-0.14453284408186018,-0.17399096963293947,-0.1313587409142104,True,True,True
Sweden,1996,0.7306489305262613,0.14280682973997183,0.1404568161683907,0.04053102790844833,0.04772021337620428,0.02367499999999998,0.06298937947016447,0.004566210045662045,-0.04197281793666496,0.020692757727084538,0.013693228234209313,-0.15625595222543986,0.10201371346252674,-0.11988341989385609,-0.16990712711133582,-0.16477603582932232,True,True,True
Sweden,1997,0.7092079726196862,0.033548317018123885,0.1480647361327868,0.0438903896843978,0.045891597595179696,0.025067500000000006,0.054425441248942975,0.005347593582887722,-0.01660568533633544,0.028495050481861208,0.022145888082738787,0.09500007000798849,0.12188731526788588,-0.06697275074089759,-0.13686830379369164,-0.17149679708993149,True,True,True
Sweden,1998,0.6830899225237467,-0.044468288992518756,0.10107535504231387,0.032313468319036746,0.035055066534782686,0.008193333333333323,0.04680398035076712,-0.0015957446808511078,-0.02693311730547243,0.017369504066588944,0.022185770758511567,0.27636585837268846,0.15827332730449983,-0.03352709367569495,-0.09699319090602665,-0.15672716344794901,True,True,True
Sweden,1999,0.6050610000000001,-0.12558793052626127,0.08484250571921123,0.057958504663532605,0.014481446585691525,0.019064833333333343,0.0473669218808164,0.004794885455514208,0.00022867540985216372,0.0225201038644463,0.022794886137632156,0.30093373949519253,0.12269155907609974,-0.009248724183756885,-0.0456944885098437,-0.12564305557033884,True,True,True
Sweden,2000,0.503479,-0.20572897261968615,0.0763798538282205,0.06132315302067727,0.0031699465776918595,0.013883083333333372,0.04909307979833606,0.009809119830328727,0.0044615262474410056,0.026199819363411748,0.022029809098149,0.27885654916739044,0.1042376356938215,-0.0004714856290350955,-0.02022954176761671,-0.09359225551156869,True,True,True
Sweden,2001,0.5189710000000001,-0.1641189225237466,0.07074969067771888,0.09221280992677615,0.005117847729571995,0.011118583333333307,0.038068379177931586,0.02441585718036232,0.02601160186121343,0.028529266334628735,0.025749729854162268,0.38266053821269375,0.07081423886236715,0.03266253850484768,0.026948538261810207,-0.029288260491674212,True,True,True
Sweden,2002,0.498057,-0.10700400000000004,0.08778919426637771,0.008616875746047848,0.007906533049781561,0.0123675833333333,0.03444920038478416,0.021527421834956373,0.016732536379442164,0.04341956787795284,0.032716217858664444,0.05811062817857193,0.04769246926475912,0.024506598021811432,0.02752220851052045,-0.0005522223837256535,True,True,True
Sweden,2003,0.49273100000000003,-0.01074799999999998,0.0754850653986551,0.0045459859377740865,0.009520867130422737,0.016055000000000003,0.02462970311464623,0.019317611640742527,0.0095084918104138,0.060746087477575775,0.04423164056338579,-0.24480251682421594,0.025310801871311295,0.010385754569645078,0.017737651466681048,0.0071767983299225735,True,True,True
Sweden,2004,0.484527,-0.034444000000000086,0.07029474187292131,0.014617456267336291,0.004287985750097534,0.023158333333333298,0.029404371071313093,0.0036918533103618145,-0.020724003870000507,0.05949814445319926,0.05455459993624263,-0.3670001401175712,0.052036897149111194,0.015022043558585274,0.024749120143508496,0.026220992377746555,True,True,True
Sweden,2005,0.486885,-0.011172000000000015,0.051115420195749266,0.02115379501561704,0.0014160889726606077,0.0166666666666666,0.024610462802795136,0.004659146640510148,-0.016868275194446225,0.06001002903356772,0.06008475365478092,-0.047247460764741955,0.07331092246630666,0.06189810811294205,0.07754865170912195,0.08896551601867098,True,True,True
Sweden,2006,0.43595999999999996,-0.05677100000000007,0.05058524276850288,0.026309381366723582,-0.006441253256864524,0.013733333333333299,0.02971015403150905,0.013668537954600879,-0.005649073686141648,0.08139670470933827,0.06696829273203508,0.02401570592271196,0.08668721051768102,0.07309916171206166,0.08949501744559596,0.10840745444441702,True,True,True
Sweden,2007,0.38896700000000006,-0.09555999999999992,0.05042180420211947,0.0381890689769908,-0.010553917292097884,0.006150000000000003,0.02826181482273888,0.02191187093667235,0.018220017626310536,0.08119797842651824,0.07420157072314142,0.022673592677705523,0.07833416119316317,0.11316560562226141,0.13477893684366893,0.16321313399380766,True,True,True
Sweden,2008,0.374978,-0.11190700000000003,0.04666221293088944,0.02555057553230516,-0.006132707859890001,-0.00016666666666670382,0.015556027699138875,0.034401508011310034,0.029742361370799886,0.07663524217158767,0.07974330843581473,0.009784548377659963,0.06341302089008738,0.13753304449881276,0.17577168071325422,0.21129899923365458,True,True,True
Sweden,2009,0.407324,-0.02863599999999994,0.04261982044099396,0.005682592832780135,0.028968320666296184,0.02850833333333333,0.01464003541521311,-0.0027334851936217097,-0.01640202314822259,0.058122038360813734,0.07198508631963989,0.04652883647098549,0.06984182282548868,0.12366173961870675,0.1784819144703983,0.22361556187219134,True,True,True
Sweden,2010,0.381025,-0.00794200000000006,0.03550815806897998,0.0068025065557601305,0.018284054788216403,0.02389166666666663,0.014113582770226866,0.012791228871630977,-0.009120642065041373,0.057557297410439946,0.06410485931428045,0.05327924627504932,0.05490776152935606,0.06155814804708881,0.11694781328950832,0.17189487966153316,True,True,True
Sweden,2011,0.371731,-0.003247,0.032036911551510214,0.00473458577791279,0.007426603566704604,0.0095166666666666,0.013985258948406746,0.02616147947677039,-0.008240028534539645,0.05334566976134081,0.056341668510864834,-0.11097244656670413,0.042820066243410615,0.03490852927265231,0.08694783061921463,0.15417396365179126,True,True,True
Sweden,2012,0.37514899999999995,-0.032175000000000065,0.02001581356225721,-0.0056172447653464784,-0.014616996173629899,0.003391670000000001,1.0360953463291883e-05,0.00879120879120876,0.01152469398483047,0.053897810362561416,0.054933592511447395,-0.06653485914382695,0.03352362154204358,0.04701266306312446,0.09277833648865852,0.16423108017421306,True,True,True
Sweden,2013,0.40224800000000005,0.021223000000000047,0.02842646160391751,-0.0037135733080604343,0.006571745895173595,0.0119500003333333,0.009702680526505053,-0.0004357298474944038,-0.013226958719125381,0.051623412512720165,0.05295563087887414,-0.010924927987224997,0.04018767756297592,0.03533256527775097,0.06417391327834832,0.1347456268391225,True,True,True
Sweden,2014,0.449982,0.07825100000000001,0.026113627445080886,-0.004740958352345528,0.01432703089516957,0.0129500003333333,0.014954400073106505,-0.0017436791630339732,-0.02790515863980436,0.041583370338089475,0.04903486440445703,0.17599059894805258,0.06200824840975239,0.03787823447912397,0.05222317290046963,0.11285320571750446,True,True,True
Sweden,2015,0.437387,0.06223800000000007,0.010473330532946636,0.004643967738303267,-0.0013355616139932892,0.01008333366666667,0.008063696744411947,-0.0004366812227074579,-0.009227890013916218,0.03268163724190055,0.04196280669757007,0.3450356068643674,0.06934893726180125,0.010545136001607114,0.02455205193795762,0.07034553564851787,True,True,True
Sweden,2016,0.42255400000000004,0.02030599999999999,0.007345061869602308,0.01693514616384215,-0.011194553050550468,0.01195,0.002850246821459478,0.009829619921362998,0.010265349768857401,0.02374012822109929,0.03266837860036311,0.44459835761327726,0.06541174375250813,0.018300339824429246,0.037461647723720626,0.06593228616218116,True,True,True
Sweden,2017,0.40731,-0.04267199999999999,0.008609674465711493,0.019173505255410166,-0.020456082168619633,0.0135,-0.002565549470321152,0.01795370971230792,0.019697388875341892,0.029214861079460076,0.028545542180819977,0.07017422530271955,0.04644868603382979,0.027387992094841218,0.04109385443340274,0.06343935468811579,True,True,True
Sweden,2018,0.389087,-0.04830000000000001,0.008210328975990475,0.01613244003307563,-0.01895242525193617,0.013374998999999999,-0.009260947631963098,0.019549511262218378,0.019986192484925835,0.02634,0.02643166310018646,0.07305419137065261,0.030875137241526573,0.029090536063989703,0.03849094704229139,0.06129628016615274,True,True,True
Sweden,2019,0.34898,-0.07357400000000003,0.0005354067964223297,0.013538715330319355,-0.02475549914254865,0.0046749997,-0.01800911864359995,0.01792413505627355,0.008094515134910552,0.054619999999999995,0.036724953693153366,0.0348163676715878,0.028760792590485806,0.019217576408448123,0.0276800993395121,0.049121369610169774,True,True,True
Sweden,2020,0.396647,-0.010662999999999978,-0.0005005436336257417,-0.027186418388085182,-0.007322715997401244,0.0009666667000000002,-0.014512550377498924,0.004914004914004844,-0.013039704798303076,0.05711000000000001,0.04602333333333334,0.008696075282346838,0.04270288725306659,0.06435192034679749,0.07969801342193628,0.09988403648605604,True,True,True
Switzerland,1870,,,,,,,,,,,,,,,,,False,False,False
Switzerland,1871,,,,,,,,0.09766276868421686,,,,,,,,,False,False,False
Switzerland,1872,,,,,,,,0.20580981129611398,,,,,,,,,False,False,False
Switzerland,1873,,,,,,,,0.06296669958996937,,,,-0.33761917273842224,-0.13449915151995329,,,,False,False,False
Switzerland,1874,,,,,,,,-0.16437156121807084,-0.2620343299022877,,,-0.12451574590752501,0.09668262111477133,0.06332275031743156,,,False,False,False
Switzerland,1875,,,,,,,,-0.05828680258548824,-0.2640966138816022,,,0.04008649885489213,0.36908619885217675,0.04298647266817207,,,False,False,False
Switzerland,1876,,,,,,,,0.08328800399132774,0.020321304401358375,,,0.06878655980617654,0.2526125469606222,0.04863768816716807,0.0715522611307805,,False,False,False
Switzerland,1877,,,,,,,,0.008525177986800303,0.17289673920487114,,,-0.04765385624847063,0.011462619910161065,0.12533830963451592,0.15866600956949795,,False,False,False
Switzerland,1878,,,,,,,,-0.10591060980416911,-0.04762380721868087,,,0.06517132271370651,0.033024410633163415,0.16948213703358,0.21131300282107252,,False,False,False
Switzerland,1879,,,,,,,,-0.050786273053479714,-0.13407427704480746,,,0.21631689050656133,0.20847154613388952,0.16195621665719806,0.21138524635325723,0.268130537650738,False,False,False
Switzerland,1880,0.02095923140179142,,0.06905246284199491,0.001400396924619724,,0.011299999999999994,0.09301979201855962,0.0006375068019699448,-0.007887671184830358,,,0.20967246844358733,0.22276233591087236,0.06925395765469922,0.1281934462990323,0.1947887512011784,True,True,False
Switzerland,1881,0.022126609356010674,,0.07072368081333565,0.000885064374240427,,-0.0013000000000000095,0.07397207584984722,-0.05176746129803189,0.05414314850613722,,,0.15486001172606034,0.12317789444932803,0.03486945045337608,0.10445405499373706,0.1725363058982371,True,True,False
Switzerland,1882,0.024013545081950007,,0.07685707164028673,0.0009965621209009252,0.04375794595782736,-0.003599999999999999,0.057575754349201244,0.002902691448458228,0.05368896450193794,,,0.07152979858815867,0.04354724993057957,0.030595924766242732,0.08777175708051022,0.16302158730186334,True,True,False
Switzerland,1883,0.021997936051472242,0.001038704649680821,0.06105196159005564,0.0014382161355023543,0.061071071049861314,0.009199999999999996,0.07044207962112053,-0.043961469013787946,-0.04459897581575789,,,0.078864891227447,0.09647981383388915,-0.035392672002458214,-0.010593878856644645,0.06649717609119077,True,True,False
Switzerland,1884,0.021135388753179093,-0.0009912206028315808,0.055573930133325004,0.0013589842370645001,0.050148747790135895,0.008899999999999998,0.08543817545739633,-0.10125574880685928,-0.04948828750882739,,,0.10514460672259318,0.17450508904241802,-0.01300641741043973,-0.013401426375354908,0.05361279990731105,True,True,False
Switzerland,1885,0.022938607449476275,-0.0010749376324737311,0.05794766474799543,0.0019859127107650495,0.038268979808297895,0.0069,0.12097045940292839,-0.10369416038813795,-0.10659685183659617,,,0.2332666638081371,0.2640982797227256,-0.018534374061206504,-0.02213571337619835,0.019098972111557977,True,True,False
Switzerland,1886,0.023585264181076652,0.0015873281296044095,0.05511082510892139,0.0025344939451269993,0.03447231906483152,0.006299999999999997,0.11858230459856806,-0.041297004600706955,0.0026644644130809914,,,0.20846590129524545,0.26909849967271393,0.017728755910051186,0.017300660700237835,0.029932167661099962,True,True,False
Switzerland,1887,0.021380034222382056,0.0002446454692029629,0.043762772744142524,0.002403046553388624,0.03770790292618181,0.005100000000000007,0.07618560020464676,0.021434364374904646,0.12269011318176393,,,0.10588758444538704,0.1422615479486684,0.03289653801691228,0.025135010602636454,0.02717476183668588,True,True,False
Switzerland,1888,0.019073637968880303,-0.003864969480595972,0.03738193948796327,0.0017498976314255649,0.0295334515667945,0.0034000000000000002,0.04705697348508417,-0.01630828022945019,0.08738588015868776,,,0.018908983968697335,0.06722666378373376,0.02495247294123848,0.025908040464317605,0.02548028494001009,True,True,False
Switzerland,1889,0.032694995344562675,0.009109731163486023,0.06416569282844382,0.0016774916075370139,0.01309653870623587,-0.0020000000000000018,0.007913220047498525,0.07763425571204996,0.11893126031275691,,,-0.09336665877156225,-0.0360303025745391,0.022118000271792004,0.033706231425722266,0.0323838424095525,True,True,False
Switzerland,1890,0.038157722481125686,0.01677768825874363,0.0746260927046683,0.0018200303428590634,-0.01962663471892752,-0.003700000000000002,0.0004413046606005361,0.04385011053559862,0.022415746160693972,,,-0.13937224850344576,-0.06518852325247404,-0.018555718299725688,-0.0061820294636822926,-0.004160878736042761,True,True,False
Switzerland,1891,0.03354371446607177,0.014470076497191463,0.06614853714883298,-0.0006647838594500018,-0.0038520954781460157,-0.003499999999999996,-0.013472371393087351,0.026932747931613488,0.04324102816106368,,,-0.17184069565640125,-0.08781098498967543,0.020874824115143853,0.03118525431292729,0.03835336597553751,True,True,False
Switzerland,1892,0.0328606236724742,0.00016562832791152532,0.059404480419488655,-0.003748332648402915,-0.003866319316470329,0.003300000000000008,0.015466786240700848,-0.013683217189314645,-0.0913174729013646,,,-0.0750233696767959,-0.009211560054920409,0.007937713848897299,0.011799268852316191,0.02780890554211035,True,True,False
Switzerland,1893,0.032545853986212014,-0.005611868494913672,0.050376291435499085,-0.002482138705681509,0.03389324530959218,-0.0028000000000000004,0.03368464560376888,-0.021003467553605493,-0.06485357808920411,,,-0.00279299060522753,0.0494169027781044,0.0721217989912748,0.07878913896992634,0.09518185824639058,True,True,False
Switzerland,1894,0.04431279258574821,0.010769078119676444,0.06243503421631496,0.001775679422479697,0.03134356018718758,-0.006099999999999998,0.04374860982373411,-0.005959144728282184,-0.03289189265989567,,,-0.02353635768502682,0.09884893756665636,0.08377811403939195,0.0955442639478239,0.11335368958451764,True,True,False
Switzerland,1895,0.03959408591762137,0.006733462245147169,0.056634318517900385,0.0027761505720798243,0.039286579701869884,-0.0086,0.047180593734270394,-0.026379168920923513,-0.012695951731608868,,,-0.022828959496525414,0.1230070122264173,0.05670344411923567,0.08146268361871967,0.09948426699190704,True,True,False
Switzerland,1896,0.037066055451107104,0.004520201464895089,0.0511513326665775,0.0037106904974208007,0.021502431431424218,-0.012100000000000003,0.043584598836089686,-0.012315482859063365,0.008687984694542128,,,-0.02201075987664436,0.1277843797876117,0.06187120957734682,0.09339296039181488,0.11570889236022652,True,True,False
Switzerland,1897,0.03588940849168755,-0.008423384094060661,0.05311707221084734,0.002465632429002877,-0.0020288351437701066,-0.012199999999999999,0.03721072690441845,0.014962471066731542,0.020921615795013726,,,4.9309478349357505e-06,0.08981454029461133,0.03883632862586295,0.0747492022791939,0.10814781404928175,True,True,False
Switzerland,1898,0.034700512654407885,-0.004893573263213484,0.052780550564526116,0.0013731706830418479,-0.020945460994527397,-0.014099999999999998,0.016123064339844503,0.03808381877279832,0.06446298769372183,,,-0.036198915927298625,0.023230397246532197,0.07051688945962231,0.10447526462291046,0.14529445197740587,True,True,False
Switzerland,1899,0.03591793445356153,-0.0011481209975455764,0.06513831129250398,0.0023631151576216456,-0.0007689818317344263,-0.01075000000000001,0.030324509940984394,-0.030769819662483044,-0.01845433680341968,,,-0.02563251970608227,0.027984050672964722,0.09050914343051764,0.11695343411572601,0.1697210671444066,True,True,False
Switzerland,1900,0.03687269578313036,0.0009832872914428137,0.07335569434580279,0.0010830883776839946,0.01131195400587984,-0.009300000000000003,0.0479718358959854,-0.03662950679827148,-0.051591977865003025,,,0.04358788903686417,0.0705738239507625,0.09350227340463635,0.12574959234809724,0.1770144306871344,True,True,False
Switzerland,1901,0.03555491782507859,0.0008544051706707023,0.06789693192911748,0.0003050974467948232,0.04770964683346277,-0.005875000000000005,0.054266714346805994,0.012674183420336549,-0.025409635352461768,,,0.0662027928742297,0.08746002525721663,0.09680930268083843,0.1356455389607335,0.1869827920434023,True,True,False
Switzerland,1902,0.03522615490611561,-0.0006917795474459185,0.06341062848091492,0.0015365760363025447,0.031366785550050985,-0.005124999999999998,0.04067414756932978,0.0062578806699455924,0.03702770033242864,,,0.04348208965172917,0.05378226075467696,0.04603614442774795,0.08930805025966382,0.13846278490321295,True,True,False
Switzerland,1903,0.046841221856335324,0.009968526073204961,0.08009140043546913,0.002553360639350458,0.034642900412985914,-0.004924999999999999,0.021830878681647015,0.019900299864776816,0.0565298066630483,,,0.005239221944712158,-0.004909096943852442,0.0533970715167249,0.09623064446946983,0.14829661793020432,True,True,False
Switzerland,1904,0.03787981895521752,0.0023249011301389316,0.06966646798937623,0.0013346322878554971,0.0007350908867069447,-0.0036666666666666653,0.026513939821759196,0.0,-0.012674183420336549,,,0.022950310627948944,0.019710858801175846,0.03220468478627825,0.0657436857590592,0.12289670087023485,True,True,False
Switzerland,1905,0.03683570680411825,0.0016095518980026383,0.061135616113214684,0.0045800280106062154,-0.012392180213430935,-0.0050416666666666665,0.017342691619866853,0.03414662527562262,0.02788874460567703,,,-0.025392104318248454,0.007370201774586027,0.03374905967740549,0.05923836161539042,0.11416703508514803,True,True,False
Switzerland,1906,0.032059058039836316,-0.014782163816499008,0.0597083110029935,0.002375262262058365,-0.03733660344286933,-0.010408333333333346,0.014675510970485882,0.028301841812919726,0.00840154194814291,,,-0.03933582713471484,0.06665567931546845,0.01437022056336068,0.029509254612776648,0.07767717057977652,True,True,False
Switzerland,1907,0.0295881195894409,-0.00829169936577662,0.05305277126559189,0.0024889636532191744,-0.021855238996309333,-0.018424999999999997,0.006202181114607037,0.028669989567636556,0.028669989567636556,,,-0.03264243931186439,0.06374732712396813,0.019879166577543517,0.03459272158076421,0.07173659477268579,True,True,False
Switzerland,1908,0.030352917240841742,-0.0064827895632765045,0.0572114460153646,0.0004343059043481301,-0.0017530321615218045,0.002349999999999998,0.013900088772598487,0.013377902301648259,-0.020768722973974363,,,-0.024778275514510395,0.09020449974369815,0.06713769058946717,0.08355489803266591,0.11209214385698019,True,True,False
Switzerland,1909,0.035498845956219376,0.0034397879163830594,0.06513057930878856,0.0006381086107872223,0.013508596473610506,-0.003599999999999999,0.016883495774872557,0.016501620806097517,-0.011800221006822209,,,-0.051831567747052554,0.06920865358499628,0.05133752826257165,0.06731082250765819,0.09453725359104048,True,True,False
Switzerland,1910,0.03289557216989714,0.0033074525804562445,0.06107481391093813,0.002255084627427861,-0.004129813422000653,-0.007999999999999993,0.012970919519806529,0.042207718332834654,0.013537728765198098,,,-0.059736339887594636,0.02849181971463821,0.06599785473262743,0.08540420595831222,0.11139326863908416,True,True,False
Switzerland,1911,0.03026584580782268,-8.707143301906264e-05,0.058708064430256855,0.0011649828482194413,-0.008523149411626997,-0.0015083333333333337,0.010960761362545684,0.023883376773430776,0.010505474471782517,,,-0.04802031533467155,0.0054355670875507744,0.06695626409035027,0.09437031633040815,0.12475193467487555,True,True,False
Switzerland,1912,0.02866979610828219,-0.006829049847937186,0.05799581876445701,0.0015380819884329947,-0.023415411749791566,-0.009808333333333336,0.005990932870711625,0.0365111062815997,0.020009485475502187,,,-0.023630845570044468,-0.03338724085480749,0.04851607743537323,0.08362751424231818,0.11464554470574884,True,True,False
Switzerland,1913,0.029182744022948348,-0.0037128281469487948,0.060524333225229314,-0.0020185761914537715,0.016271174620676152,-0.0032999999999999974,0.028744057028008647,-0.02152665413905641,-0.06373437247189107,,,0.00601232017983655,0.02350608705034629,0.059985104934750844,0.08983643760263371,0.1287966751149101,True,True,False
Switzerland,1914,0.0681250964299269,0.03785925062210421,0.1669042424242424,-0.026268378572175656,0.04305321925871849,-0.008400000000000005,0.03060491954665962,0.01800078921747783,-0.005882587555952945,,,0.0047530290692310295,0.019228762030146784,0.11347198746561915,0.1456134408099492,0.19406172082454498,True,True,False
Switzerland,1915,0.11526580056550552,0.08659600445722333,0.3392052194543298,-0.0358827032474727,0.022775608362477485,0.0025000000000000022,-0.0013246190214438597,0.14999972198591016,0.11348861570431046,,,-0.0718867440387797,-0.1033886987584055,0.012674318883610702,0.04439426588567952,0.09136609074262414,True,True,False
Switzerland,1916,0.14057087099169588,0.11138812696874753,0.22420271629778668,-0.015744014031413244,-0.06811324845736579,0.003499999999999996,-0.06257253006096436,0.1652170789795051,0.18674373311856152,,,-0.1894089373201352,-0.20072947261885132,-0.19657490600557415,-0.18539120028910072,-0.15217376053080334,True,True,False
Switzerland,1917,0.15336862165862528,0.08524352522869838,0.2496492232215863,-0.02019258347422051,-0.15864356617341577,0.005300000000000006,-0.14681216825488877,0.2761197037992511,0.2581189145817733,,,-0.3020875477911561,-0.2399368663482272,-0.2774983197404416,-0.292461543506063,-0.2828606682187772,True,True,False
Switzerland,1918,0.16950577061419622,0.0542399700486907,0.28529249011857705,-0.016395158276178975,-0.13670785376701045,-0.0016000000000000042,-0.15803967567786484,0.19298224425483834,0.04298252226892818,,,-0.30719226406107536,-0.047526570643862676,-0.28599943154773466,-0.3356346257498385,-0.35225925354416543,True,True,False
Switzerland,1919,0.20280242401141196,0.062231553019716085,0.3076968680089485,-0.010797779025904418,-0.08075237042354347,0.005599999999999994,-0.1301790654542787,0.08823524830874674,-0.07698183067075837,,,-0.03323303469484895,0.22686320720752584,-0.1339659358945119,-0.23331869901434887,-0.27563469455017897,True,True,False
Switzerland,1920,0.1879397600095991,0.034571138350973835,0.331520254893036,-0.002820451083661593,-0.020834282655381432,0.020000000000000004,-0.026742218766312345,0.009009163735351988,-0.2671105400638991,,,0.47980214138679433,0.4907200089350505,-0.10957381577281256,-0.24197841138945253,-0.31494828190807556,True,True,False
Switzerland,1921,0.2600444459754796,0.09053867536128338,0.41850879999999996,-0.011706366486832733,0.09300077031104041,0.020999999999999998,0.06429949858577323,-0.10714290780141844,-0.3001251520562568,-0.021104353358084634,,0.5910174259718863,0.5786134321432583,0.1574936296892533,0.06984808512310714,-0.03312477612467424,True,True,False
Switzerland,1922,0.28753504127347,0.08473261726205805,0.27790794979079503,0.008113319375987452,0.1309269794628583,0.018000000000000002,0.14071121360121644,-0.17999989673758288,-0.2682351450463296,0.01000008951131761,,0.3088706784963553,0.44944446561775253,0.19493186328333167,0.17467729420161882,0.057805015660454595,True,True,False
Switzerland,1923,0.27844784620790264,0.09050808619830353,0.32899439197166463,0.002675983119510613,0.13639329365920522,0.007899999999999997,0.1436142681796671,0.0,-0.009009163735351988,-0.0195045117885209,-0.010202925211762642,0.09299233326512835,0.2006293425749308,0.08725486677325245,0.11697514055566516,0.022316117094197896,True,True,True
Switzerland,1924,0.25846235360507214,-0.0015820923704074619,0.3312919882885281,0.013658191670899019,0.015064035506815038,0.013099999999999994,0.10293743384852701,0.030487595192001837,0.13763050299342028,0.0072775236083339415,-0.0007422995562897829,0.07662745318877762,0.04825839546782129,0.03224094545646028,0.0804706157313031,0.03819029861044676,True,True,True
Switzerland,1925,0.2479240930095778,-0.03961094826389222,0.2970132856412877,0.014124888237315,-0.0017702489765648172,0.015499999999999993,0.042309810358586504,-0.0059170262677613605,0.17408287046982152,0.0261709620335914,0.004647991284468147,0.0031006744648283124,-0.031112627414915384,-0.0006306959604951423,0.06903461795686217,0.08704851882439657,True,True,True
Switzerland,1926,0.24456678107577806,-0.03388106513212458,0.2363739873001971,0.019775437204176252,0.015751625133082744,0.012999999999999998,0.05171461729318068,-0.03571442080378251,-0.03571442080378251,0.03023102051536963,0.021226502052431654,-0.020109895023229796,0.06409096262997371,0.06665511920934364,0.11711333171619653,0.16829535837209786,True,True,True
Switzerland,1927,0.2379548205255737,-0.02050753307949843,0.2758208427958617,0.01509978705508465,0.03426171809396033,0.012899999999999995,0.06589228254258948,-0.012345400556224573,-0.04283299574822641,0.04994757188069667,0.03544985147655257,0.016806973986153828,0.06960305483569518,0.10808866442890874,0.11564597258327591,0.1995115025532963,True,True,True
Switzerland,1928,0.2206615289240734,-0.027262564085504398,0.23961253624804818,0.0184631125502216,0.018824193253834033,0.012299999999999998,0.0612366546968277,0.006249857269523984,0.012166883537285345,0.04751364493345306,0.04256407910983979,0.023174407373804495,0.050032772558447736,0.08111910863857741,0.09524004318274204,0.16420858665686766,True,True,True
Switzerland,1929,0.21202196468216084,-0.032544816393617226,0.2000359489756475,0.023292689127283515,0.0011325949267835395,0.0116,0.04863184776223353,0.0,0.03571442080378251,0.04410362345031891,0.04718828008815621,-0.026208143984624233,0.025030447624387442,0.10821211076278603,0.1482843227938171,0.1993071554915713,True,True,True
Switzerland,1930,0.22037243143422908,-0.01758238909134463,0.14741641720497872,0.023761135842196746,0.026863999356258904,0.0162,0.045327917861541174,-0.018633610854147498,-0.006288210297922925,0.026006081736844294,0.03920778337353876,-0.03410884982408924,0.03794329925303952,0.11388690858501005,0.17043452452873642,0.2065327213914172,True,True,True
Switzerland,1931,0.21634447312405666,-0.004317055800016734,0.16945763405648792,0.016923987672166588,0.06144568885478098,0.018599999999999995,0.06168879408117321,-0.050632771389372166,-0.05688262865889615,-0.008068791538426356,0.020680304549578952,-0.05287180089665133,0.11621298255793766,0.10513012008741884,0.15980291306863958,0.21169151522448737,True,True,True
Switzerland,1932,0.23594799725716664,0.023926032575005807,0.1699003603985584,0.013351591222695483,0.11741282431405259,0.018,0.08775555959732018,-0.08000029654844087,-0.08000029654844087,-0.03166111105916461,-0.004574606953582222,-0.07135675485028004,0.1409631537557099,0.19888681675769448,0.2524098917567199,0.33143802004583445,True,True,True
Switzerland,1933,0.24837091316656512,0.027998481732336045,0.20013184814730617,0.008816373537781932,0.11446333816847581,0.020199999999999992,0.1006525727106638,-0.05072465019417838,-0.03209103934003088,-0.013042308225641548,-0.017590736941077503,-0.26727458049718056,0.15615869106664504,0.13202703516186598,0.19645407048533525,0.28407413034971385,True,True,True
Switzerland,1934,0.2654768006525589,0.049132327528502245,0.1963849165464661,0.00967647294830743,0.1004646494687777,0.021599999999999998,0.09026392659779686,-0.015266833050771367,0.0353659383386008,-0.0004635125284200069,-0.015055643937742053,-0.38554951420001105,0.06926490210029401,0.0945969751862048,0.1641181626605499,0.25068379537845464,True,True,True
Switzerland,1935,0.284780437354593,0.04883244009742638,0.2060846359130766,0.015597167884847348,0.07417007506804237,0.021399999999999995,0.07098108153901754,-0.007751761372102872,0.072248535176338,0.0002444467273429983,-0.0044204580089061835,-0.356217462741523,0.012006677697738999,0.06203636125887324,0.12524593824500063,0.21318741431362898,True,True,True
Switzerland,1936,0.3298947391731833,0.08152382600661817,0.22023335178011436,0.017613380028764593,0.06670797261670537,0.0293,0.04676465106276431,0.015624641234581294,0.06634929142875967,0.006365315932098527,0.0020487500436738417,-0.11360458720525879,-0.0601702335459644,-0.024307433060176686,0.03234115589437869,0.11700196522079187,True,True,True
Switzerland,1937,0.2852315009219815,0.01975470026942261,0.16245012424565142,0.012500068612908914,0.005889652823389407,0.0191,0.0135269871970707,0.053846158546309475,0.06911299159708084,-0.00393202888752359,0.0008925779239726473,0.42781289053238636,-0.1038762739263045,-0.21233472320206404,-0.1994562779294453,-0.13158823770895633,True,True,True
Switzerland,1938,0.29949701762535647,0.014716580270763446,0.15801685985247632,0.00592898402756588,-0.0015511642507716195,0.017400000000000006,0.009243066739703081,0.0,0.007751761372102872,0.018226501972879092,0.006886596339151345,0.36628823471018546,-0.05697290709512759,-0.1515996690695145,-0.1766704421608587,-0.1304951648444257,True,True,True
Switzerland,1939,0.32088517992026677,-0.009009559252916521,0.1882722445695897,-0.023250647223009333,-0.011735683434110564,0.022599999999999995,0.017218245477772055,0.007299105020374341,-0.008325536214206952,-0.019178870008087923,-0.0016281323075774713,0.2625607700200918,-0.007917545139147997,-0.1573040175951652,-0.2053925228888347,-0.19973082451246515,True,True,True
Switzerland,1940,0.378042654762915,0.09281115384093347,0.178476364026155,-0.06521022851833533,0.0113396437279581,0.025599999999999998,0.006765936244539389,0.09420308624600748,0.04035692769969801,,,-0.10774034186739401,-0.009329670849682059,-0.21091350461539426,-0.29382461484449807,-0.3293721913442247,True,True,False
Switzerland,1941,0.43682839442508914,0.13733137679973267,0.13665689789555727,-0.057734423069304465,-0.05028449260709582,0.0189,-0.05070676965167635,0.15231811768864723,0.15231811768864723,,,-0.191098440735874,-0.10967388670799871,-0.1972845154862457,-0.3062081263548433,-0.38612766462733483,True,True,False
Switzerland,1942,0.47423793246900253,0.15335275254873576,0.13103585384246247,-0.04779564955584679,-0.06362647963790939,0.0165,-0.08707213211472788,0.10919519240952891,0.10189608738915457,,,-0.1878820441598713,-0.1323490627405568,-0.19143999735535144,-0.2803268053307496,-0.3936660219291811,True,True,False
Switzerland,1943,0.5308873295553999,0.15284467479248487,0.15757035766291597,-0.05495017064014287,-0.04867669105612538,0.0182,-0.07124228114753148,0.051813533344418294,-0.04238955290158919,,,-0.10435572035347929,-0.05441257605055483,-0.15227531652035597,-0.23443363731873157,-0.3749650911963477,True,True,False
Switzerland,1944,0.6297840817884266,0.19295568736333746,0.1796989656100651,-0.05088194229901443,-0.014496555966728025,0.0177,-0.02917969997618733,0.024630374174614778,-0.12768774351403245,,,-0.002753572497775303,0.05206184741171693,-0.09013155630463643,-0.18583620974538284,-0.3180028911613141,True,True,False
Switzerland,1945,0.6876579367238957,0.21342000425489321,0.22184241791304343,-0.031938543367645914,0.012649564659531303,0.0179,0.0042135142085738125,0.009615549855245487,-0.09957964255428342,,,0.012538920961802758,0.12109796863068989,-0.07179186861921161,-0.15016589180137696,-0.27550742777404447,True,True,False
Switzerland,1946,0.8692228980442219,0.33833556848882207,0.20267664867185067,0.03788495863300888,-0.03604125519929129,0.016,0.02275934920044847,-0.009523971631205663,-0.06133750497562396,,,-0.07836612432686674,0.2166547508995127,-0.10223138860087888,-0.1590391311747883,-0.2761612740952182,True,True,False
Switzerland,1947,0.7505140668369393,0.12072998504851273,0.2178585966039726,0.03675413200051771,-0.04611236822762833,0.0167,0.017246340086291015,0.043269401517087136,0.01863902734247236,,,0.17203012390367456,0.2061252798969362,-0.07229851366338536,-0.11605379591964715,-0.22687351965719538,True,True,False
Switzerland,1948,0.7601872396959807,0.07252930297208493,0.23312871019543158,0.040575175651383424,-0.06155182590379297,0.01919999999,0.012232023628283566,0.03215849919926783,0.022542949344022345,-0.02066545040858006,,0.16322780291407346,0.17279522440314476,-0.008164358094325141,-0.04006259778567933,-0.12761234618298067,True,True,False
Switzerland,1949,0.7131570825968692,-0.15606581544735276,0.2705804850347478,0.02372193631138847,0.017641575714659838,0.0144,0.006917552091179703,-0.007980556989894083,0.0015434146413115801,0.02662020610937776,,0.36331501444814385,0.07774807767334968,-0.014885699085945947,-0.04354842429767336,-0.10621867599157564,True,True,False
Switzerland,1950,0.6692545046443965,-0.08125956219254282,0.20997461363264552,0.03238679296057577,0.031205219424672637,0.011699999989999998,0.02379746332162145,-0.015470332204238102,-0.05873973372132524,0.013318165914746225,0.006424307205181311,0.1075954838288482,0.06899596731060131,-0.015902840803296847,-0.04251771237505364,-0.08954424816915929,True,True,True
Switzerland,1951,0.6448388134432221,-0.11534842625275854,0.26531656765703415,0.017818931875854385,-0.0019651790368854297,0.014499999990000002,0.021394021796859744,0.04776882377355296,0.015610324574285128,-0.005159665429443638,0.011592902198226784,0.15345866939578934,0.0341389269804202,-0.0029236966224114314,-0.012736259535124916,-0.050961163819516986,True,True,True
Switzerland,1952,0.6290001635892734,-0.08415691900759581,0.23562810690603156,0.009640841798974184,-0.024475395305730764,0.013399999990000001,0.009235534369525605,0.025194905292108327,0.03317546228200241,0.02562547254630349,0.011261324343868695,0.050189002471452415,0.02042836932013814,0.0021830613581913516,0.00626676311222274,-0.024802509723537036,True,True,True
Switzerland,1953,0.606557823418672,-0.06269668122572447,0.2134548472337137,0.018802280652609235,-0.023605754567907856,0.010499999999999999,0.0033242028860579406,-0.006436337723835117,0.009033994480402985,0.05178362605434354,0.02408314439040114,0.04234856783877672,0.020411574968155488,0.0042985939812955065,0.0014703079401902075,-0.016027373642502396,True,True,True
Switzerland,1954,0.5750950882872641,-0.06974372515595806,0.19094898095237756,0.02733911837206319,-0.002471585676361538,0.01119999999,0.01759148563146854,0.00706697550732116,-0.0407018482662318,0.03537412143114723,0.03759440667726476,-0.010180644285797902,0.037217199126629685,0.00406795691220907,-0.001200175082343713,-0.005542783543697638,True,True,True
Switzerland,1955,0.537785432893255,-0.09121473069601838,0.22490062309686334,0.025345475856518314,-0.017628233247668167,0.014700000000000001,0.026370912610393756,0.00935662438533269,-0.015838280906775637,0.02044462720322022,0.03586745822957033,-0.001308141498594373,0.05088820134050431,0.006428998050021839,0.009474554208752206,0.00863127570127975,True,True,True
Switzerland,1956,0.5236812244851264,-0.0828765989335456,0.2097519350264392,0.03553899085282907,-0.03351531732225568,0.0161,0.020604206818638893,0.015063779651429465,0.021500117375264582,0.003691104251187711,0.01983661762851839,-0.01781942724793839,0.05618827087606659,0.017792986748734085,0.023396763904776074,0.022731324536167552,True,True,True
Switzerland,1957,0.5131653778563717,-0.06192971043089235,0.2646663908528073,0.024516240963609544,-0.026965118108215537,0.01139999999,0.021727592221835117,0.01959681926773249,0.01252984376041133,-0.0055709132109244795,0.006188272747827821,0.0017493198864559911,0.07463370812369785,0.03514583489212697,0.04025448933654385,0.04287529971089554,True,True,True
Switzerland,1958,0.4922768133419797,-0.045508619551275276,0.20403422447628247,0.020682159743374187,0.0015736774053990224,0.006899999999999996,0.014219709234553766,0.018380273377176737,0.009023648991844047,0.026046750712317816,0.008055647250860354,0.0293014784484531,0.07776096774351493,0.009488355546081073,0.015662247615844116,0.023322529661636837,True,True,True
Switzerland,1959,0.4664656444234889,-0.057215580061637517,0.2130892231853017,0.020275022202336238,0.009655387802175838,0.0108,0.020293997468810873,-0.006459085051341851,-0.021522864702771316,0.018732016696756757,0.013069284732716702,0.04962290899293831,0.0836666017069676,0.0013826204583976542,0.009888620305749996,0.018373149160323288,True,True,True
Switzerland,1960,0.40640734329333944,-0.10675803456303229,0.17206156206735648,0.02829519488300851,0.0007636819896800207,0.010899999990000003,0.022131198226687077,0.014385216964103886,-0.005211602303628604,0.008906819512597803,0.01789519564055746,0.03131176526080193,0.09650296724880603,-0.003943947061835762,0.004805809758838264,0.012655546407109863,True,True,True
Switzerland,1961,0.38597950743207293,-0.10629730590990677,0.16900487574828615,0.014181850968103787,-0.029373419948391984,0.00959999999,0.02080672247429076,0.01845370063436569,7.34272571889516e-05,-0.018160565907930474,0.003159423433808034,0.01055849784775953,0.11333216237894894,0.01924292037903086,0.026431840618647562,0.03634935905074832,True,True,True
Switzerland,1962,0.3683375677504981,-0.09812807667299084,0.1551479702272912,0.019340757314178364,-0.03570136017583658,0.01129999999,0.005968331497940894,0.04315608787770775,0.0496151729290496,-0.02634894873266607,-0.011867565042666242,-0.03785806687409221,0.11363195594579234,0.02780164013934272,0.02985803490932737,0.0422139512384575,True,True,True
Switzerland,1963,0.36520055474721697,-0.041206788546122475,0.17317729758819253,0.013922353890570381,-0.03434619776109191,0.0125,0.0004976785119979177,0.03439717595193281,0.020011958987828926,-0.02529462272943861,-0.02326804579001171,-0.05560775183295741,0.1359155780408845,0.02347422742546368,0.02698320857664771,0.03913058655979296,True,True,True
Switzerland,1964,0.3564706000125121,-0.02950890741956086,0.1763903117499275,0.020543564077685234,-0.029640308870203122,0.014699999999999998,0.0035778211672280874,0.030813272668675173,0.012359572034309485,-0.026963422926148523,-0.026202331462751065,-0.0669912082819274,0.13208138252529045,0.02342774649431656,0.03329127026576162,0.041841871047963,True,True,True
Switzerland,1965,0.35260226826024305,-0.01573529949025504,0.19865341271222817,0.014376601936812493,-0.02473865364906573,0.014499999989999998,0.006381521802534394,0.03414498594178883,-0.00901110193591892,-0.004279432778669761,-0.018845826144752293,-0.05511608432322779,0.13843646480866534,0.02073887073761771,0.03504252012670139,0.043988623426353124,True,True,True
Switzerland,1966,0.35472414213285747,-0.010476412614359498,0.19724420011045946,0.014823603906557833,-0.022329468287243255,0.006599999999999995,0.004026831723442932,0.04776124621920719,0.013364070267274375,0.006886404253956163,-0.008118817150287368,-0.04834067060015157,0.10863977618633092,0.022425887144033152,0.03554623431787085,0.04742809747886123,True,True,True
Switzerland,1967,0.35800006156436465,0.0015294615518525734,0.2343209422211418,0.0145847089424104,-0.017958289558989142,0.016100000000000003,0.0053929555563676235,0.04021490116990112,0.009401628501225945,0.014543787801569391,0.005716919758951936,-0.04377221062963188,0.09193888844933862,0.03266009836195627,0.04322461150959056,0.06183511512763751,True,True,True
Switzerland,1968,0.35576448022787904,0.003162211967635997,0.2070858073485276,0.017335104712912712,-0.013882313624954089,0.013699999990000003,0.006333450939599215,0.024123499762094047,-0.010021486179694783,0.035358621543150226,0.01892960453289193,-0.015027160965555675,0.08043566048706774,0.04001290046376249,0.052767039854953346,0.07288668178214608,True,True,True
Switzerland,1969,0.3362980232360563,-0.01842611889680118,0.22715813336350452,0.016756199380782284,-0.013007606041634798,-0.013500000009999999,0.0192571876280733,0.024890036153784934,-0.022871210065422254,0.03481403914055201,0.02823881616175722,0.032567441629371086,0.08640256164945526,0.04402679989070768,0.05975600658033198,0.08033473632033483,True,True,True
Switzerland,1970,0.313485689417964,-0.04451437214640064,0.25464890026972553,0.020131500451680898,-0.01976078578760084,-0.009300000010000004,0.02980871834791333,0.03616030901038103,-0.004054592159520087,0.013920155684574852,0.0280309387894257,0.06786253955517374,0.123857250978757,0.006647676386227097,0.022215215070145344,0.04137340723222138,True,True,True
Switzerland,1971,0.31059874572320695,-0.045165734504672095,0.23815792013014617,0.014041618175937153,-0.03239856539264319,0.0412,0.010439843158678477,0.0657301253297986,0.04160662556770456,0.01319158490996333,0.020641926578363404,-0.06435537845420891,0.16053758165197385,-0.033676777836962324,-0.021325871033044508,-0.003930870831426292,True,True,True
Switzerland,1972,0.306692751431558,-0.02960527180449829,0.2117296620219389,0.013698796695574922,-0.03951293134444899,0.022799999999999994,-0.006464119326297986,0.06660192363871431,0.04171188748492938,0.017157079124948644,0.014756273239828947,-0.15426021018815506,0.17586102635811818,-0.10237941057153621,-0.10135637521028595,-0.08997802690054957,True,True,True
Switzerland,1973,0.3142963906145901,0.0008107011966260735,0.24743460860336755,0.012497983457387755,-0.04732687471566629,0.019599999999999992,-0.0172941924614472,0.08755052838582866,0.05139021937544763,0.017933528868317842,0.01609406430107661,-0.3046075991592241,0.14671595292238515,-0.12445355349828746,-0.14125143609176327,-0.1397959101141938,True,True,True
Switzerland,1974,0.35453353300177626,0.04393478727856931,0.3196482142410083,0.018485704704591252,-0.045910340240997806,0.011799999990000011,-0.012439927876016069,0.09766733157350527,0.03193720624370666,0.020189983200614024,0.018426863731293507,-0.3792784045733355,0.10890561590374337,-0.026138646858552606,-0.05810988752788482,-0.0657391392540485,True,True,True
Switzerland,1975,0.3942409531301706,0.0875482016986126,0.31844304769417564,0.01685828034434328,-0.010094091665272323,0.03689999999,-0.019660836920713354,0.06696465077280611,0.00036272713409180035,-0.04165157714901363,-0.0011760216933605835,-0.2983017959972557,0.06255426001684583,0.02192076362967399,-0.014886161346736149,-0.0325907493768397,True,True,True
Switzerland,1976,0.4230807117779819,0.10878432116339182,0.23282312447213538,0.011128169713982455,0.021146830247975944,0.0348,-0.010696868547606965,0.01715862326650952,-0.07039190511931914,-0.021671892188730793,-0.014377828712376797,-0.1876815489023107,0.028960371037945132,0.0584913417541032,0.029854034826199638,0.0014493218160845922,True,True,True
Switzerland,1977,0.40947202408203315,0.05493849108025689,0.19380950734350494,0.004584407732113495,0.034179924052104,0.015799999999999998,0.008174703969534666,0.01285261405208038,-0.08481471752142489,0.023473050023892363,-0.013283473104617347,-0.11953997025347629,0.03463915708553289,0.07160997059980123,0.06745451371144828,0.03583571102263494,True,True,True
Switzerland,1978,0.38396912742860306,-0.010271825701567538,0.14503047199788166,0.008592846472486,0.019110887186704017,0.026700000010000002,0.01977691482297965,0.010558018212471154,-0.05640663256033496,0.019622944819588928,0.007141367551583505,-0.28012259785311566,0.047134864073933525,0.06127900329949343,0.08976090254821367,0.06417164432699107,True,True,True
Switzerland,1979,0.3740105918693559,-0.049070119908625975,0.15943432335290111,0.0035894842405823236,-0.0011089711445883554,0.024483333329166704,0.01453764314613758,0.03647643826703573,0.019317815000526206,-0.0021061534843833055,0.013663280453032669,-0.2371891345921312,0.04712584610193238,0.051276329769228024,0.08678673309355578,0.0832398070746041,True,True,True
Switzerland,1980,0.3570375643263813,-0.05243445975565186,0.20624656956277126,0.01161209309557712,-0.012690997114704727,0.024791666656666708,0.018615071757558613,0.04022032821781729,0.02736771416573691,-0.0017946739052650987,0.005240705809980181,0.060418983223373024,0.028241861352853004,0.06360436367557631,0.09403322816266002,0.12048790265923193,True,True,True
Switzerland,1981,0.33877350858094696,-0.045195618847656105,0.2270161119302596,0.018044784759356215,-0.026172241320077748,0.0263583333333333,0.00850030887304834,0.06490230689600196,0.054344288683530806,0.02943770207262425,0.008512291560991954,0.28833118870903096,0.010161481787753557,0.07908105618747774,0.1106346594498604,0.15549868425684055,True,True,True
Switzerland,1982,0.3338552693729017,-0.040155322496454204,0.18441598470245035,0.014167250709007827,-0.013312411298691644,0.03509999999999999,-0.005566563825513973,0.05655205636272265,0.02007561809568692,0.023434042077300356,0.017025690081553174,0.3918637995802223,0.025310115312003445,0.061296433519405946,0.0921675479262074,0.14272416871893434,True,True,True
Switzerland,1983,0.3351294632419898,-0.021908101084391507,0.17953988638088866,0.011420874112506916,0.003364270519465619,0.026716666656666697,-0.005227088849941081,0.02967690326109862,-0.010543424956718672,0.011458125000822586,0.02144328971691574,0.29089392105069956,0.022106003621006565,0.03368992907541246,0.0626899024083376,0.1080862339402161,True,True,True
Switzerland,1984,0.32760702504562306,-0.011166483535323901,0.17765044325967136,0.013573634196151305,0.006901735771725863,0.013618333333333295,0.008564746562672636,0.02915180068816081,-0.03575050620784115,0.06495452956914868,0.03328223221575722,0.47847565676484805,0.02046449032511677,0.039166361519082704,0.0693047369131774,0.11298025516400223,True,True,True
Switzerland,1985,0.3220821000623906,-0.011773169310511145,0.1778818422870089,0.012674265122949328,-0.0031984210618035205,0.026516666659999997,0.016682191640816937,0.03442472110828976,-0.02212733525443289,0.048883348668933235,0.041765334412968175,0.066962320116559,0.010481528576996357,0.06576073183167463,0.09556526832508605,0.13886631015568462,True,True,True
Switzerland,1986,0.31706752693726786,-0.018061936304721915,0.14417366407248816,0.021002129233110005,9.497156168734866e-06,0.014183333329166697,0.01923295778719372,0.007524604829468373,-0.022152298431630246,0.02837581920079499,0.04740456581295898,-0.23868801886886104,0.029663948589683464,0.09651946825115121,0.12216720919646606,0.16840312134261048,True,True,True
Switzerland,1987,0.30944312564642296,-0.0181638993992001,0.14464790351418458,0.0162856641281443,0.011693830853440612,0.03555,0.02236693159329139,0.01447487928236768,-0.01467692140579313,0.028423860250705823,0.03522767604014469,-0.4909523627093414,0.04593097045598049,0.11214938138746544,0.14053576277158575,0.18929282457046392,True,True,True
Switzerland,1988,0.30838,-0.013702100062390588,0.14001093414356042,0.016990594048350103,0.01707751897370761,-0.007266666666666706,0.027952036158876516,0.018594407411534286,-0.01583031369675547,0.04359859747253259,0.03346609230801114,-0.24132932149983932,0.061008997979445034,0.11158861698119238,0.15349135078425036,0.2026048150099724,True,True,True
Switzerland,1989,0.28675,-0.030317526937267858,0.17406829673221194,0.017726222593867365,0.0037303335089665032,-0.0449,0.030421157363737152,0.031592241214886574,0.0240676363854182,0.03402554694040859,0.03534933488788234,-0.0003888363399814354,0.03989911034806015,0.12032234505631867,0.17491482300004924,0.22729736315448656,True,True,True
Switzerland,1990,0.33293,0.023486874353577047,0.2507062026146534,0.02542919777850345,-0.010108975873033457,-0.020699999999999996,0.032035711102136426,0.054106218067169864,0.039631338784802184,0.02146947846723978,0.03303120762672699,0.03851350245855234,0.03246408658078215,0.04543144470981186,0.09904188701522831,0.15806311584177402,True,True,True
Switzerland,1991,0.35042,0.04204000000000002,0.25589244127303906,0.01722302861338745,-0.0009680909542018612,-0.012124999999999997,0.015453513572647869,0.058440999999999965,0.03984659258846568,0.033487808931364056,0.02966094477967082,-0.1112080820840371,0.02768646694677379,0.019004571892144995,0.0638272850240742,0.12995408398139774,True,True,True
Switzerland,1992,0.3946,0.10785,0.2442503699331239,0.015983685978852694,0.012653258816459907,-0.00895,0.0037753987111757564,0.040526585799302905,0.008934344584416332,0.049415634394233944,0.034790973930945934,-0.0961460438899,0.026379383911455445,-0.002354858969554563,0.03011437536743422,0.09637652181812739,True,True,True
Switzerland,1993,0.4436,0.11066999999999999,0.22025452932985742,0.0009242434477363913,0.0236473102878251,-0.0007500000000000007,-0.0035484905223779895,0.033177885767831095,-0.02092833229933877,0.06201565559323092,0.04830636630627632,0.09290923329405931,0.023132343983565784,-0.020692172907966988,-0.0027208607027999765,0.05369556884507265,True,True,True
Switzerland,1994,0.47062,0.12019999999999997,0.27910258572385105,0.02383950806463184,0.02769231027068891,0.017300000000000003,0.024923686796298816,0.008424468043969568,-0.0500165319560304,0.0531839073679072,0.054871732451790695,-0.04268660486509612,0.012531227713767024,-0.0019039703824732523,-0.0032778585127275495,0.03891416491228061,True,True,True
Switzerland,1995,0.4997,0.10509999999999997,0.20555412154515668,0.007189173619643878,0.02586334586426835,0.019799999999999998,0.017394585525970545,0.018113889610287703,-0.022412696189015202,0.05703889815357,0.05741282037156938,-0.20156624505612186,0.0074960250181956845,0.021317223483435788,0.016288589133697684,0.043708858055823585,True,True,True
Switzerland,1996,0.51259,0.06899,0.198399941245386,0.006025915397649642,0.028818154610689338,0.0213,0.024745834737998372,0.008124138131747616,-0.02505374763608348,0.06372003329989173,0.057980946273789656,-0.05630046455291304,-0.010379350044565139,0.027517879396421696,0.028726961063032075,0.03852357007250373,True,True,True
Switzerland,1997,0.53592,0.06529999999999997,0.17762288633513884,0.0073266449157791975,0.01806767900139471,0.0208,0.020324455100138313,0.005188606957549746,-0.0032358610864198223,0.08602036588074606,0.06892643244473594,0.15522702978716918,0.0057887248345074305,0.01263840896132451,0.015636668683860933,0.01789986564549384,True,True,True
Switzerland,1998,0.55839,0.058690000000000075,0.16545224231960248,0.012291745767388822,0.01292313623623071,0.0216916666666667,0.025942375397264517,0.0001851287189091888,-0.017928760891378515,0.07871627927353339,0.0761522261513904,0.25485040395422653,0.007647750705217504,-0.014371551840854924,-0.00757637787701948,-0.009066490054369103,True,True,True
Switzerland,1999,0.52576,0.013170000000000015,0.16153296312021,-0.003097705638855565,0.007952719683712025,0.0194625,0.025915811954182334,0.008078828460994059,-4.5309670753557185e-05,0.10088790972973097,0.08854151829467015,0.23964024754963043,0.03524797305830596,-0.0008447901702388627,0.00798778922744292,0.010992690195558152,True,True,True
Switzerland,2000,0.52109,-0.014829999999999899,0.18404794272372021,0.013683999962133622,0.0027508844111784544,0.0042583333333333015,0.03129776650280024,0.015617743311695964,0.010429136354146218,0.10284784323281124,0.09415067741202521,0.17528561778953544,0.025044474759087665,-0.04258919594328736,-0.042357735280552644,-0.03836427890418137,True,True,True
Switzerland,2001,0.5094299999999999,-0.048960000000000115,0.17088608844669564,0.011005441323764485,0.006496522547925165,0.017333333333333298,0.022634216237911613,0.009900779513575042,0.009715650794665853,0.06796053409827242,0.09056542902027155,0.27987007504208683,0.07229823933516255,-0.029343826700381825,-0.03867222347033361,-0.034985979770654874,True,True,True
Switzerland,2002,0.57508,0.04932000000000003,0.18332121781582641,-0.003702522087132395,0.012123883672700758,0.0276,0.021356173561984763,0.006412956488774713,-0.001665871972219346,0.063119479434233,0.07797595225510556,-0.09281973925914855,0.068602371223071,-0.006702142290828883,-0.01894388282296533,-0.019361925197591834,True,True,True
Switzerland,2003,0.56681,0.04571999999999998,0.14940425650727993,0.00943394733323568,0.02330462465245385,0.0257083333333333,0.019049878222396854,0.006361629330459584,-0.00925611398123638,0.10153221340662545,0.0775374089797103,-0.2105109715261444,0.05894896589830334,0.0012932842623589735,-0.007108512451170057,-0.014689682938203497,True,True,True
Switzerland,2004,0.57574,0.06631000000000009,0.1555916914351074,0.01142408651768647,0.01773435716521475,0.0219,0.020473225000503286,0.008005739179255844,-0.001895040334319198,0.11647355025578757,0.09370841436554868,-0.29496360991391946,-0.001573613728802492,0.006049920091852012,-0.003760277214408081,-0.016158717744067852,True,True,True
Switzerland,2005,0.5464,-0.02868000000000004,0.11078352074443108,0.011850153319208957,0.003584630142839787,0.014658333333333301,0.012260019255825353,0.011727573722808415,0.005314617234033703,0.12301172803652644,0.11367249723297983,0.0027617255925522777,0.003759141574807945,-0.0028231807979590684,-0.007264497924938551,-0.01868115303112927,True,True,True
Switzerland,2006,0.4825,-0.08431000000000005,0.11650872563148926,0.017876929420225982,-0.011093274209345149,0.005774999999999999,0.015052792744142373,0.010633308865508617,0.004271679535049033,0.12400548627515177,0.12116358818915528,0.049328653723560656,0.010468820673254164,-0.018592838318975513,-0.015955344127585924,-0.02855317853309347,True,True,True
Switzerland,2007,0.44494999999999996,-0.13079000000000007,0.1275956612710548,0.007039150717197373,-0.014191391442774402,0.009275000000000002,0.019373433211735153,0.007343817776477524,-0.0006619214027783205,0.08048877218340046,0.10916866216502623,0.05994798209215979,0.041934099718828444,-0.03559580578994481,-0.03771073846269246,-0.04607542436177203,True,True,True
Switzerland,2008,0.44572000000000006,-0.10067999999999994,0.11774101199099161,0.022169178063634457,-0.011710816293463301,0.0288666666666667,0.014879544192838252,0.0242842407794992,0.012556667056690785,0.015942598758825807,0.07347895240579269,-0.14433952592907517,0.027471443603263923,-0.013109445290770738,-0.020152341021893116,-0.025971672412457014,True,True,True
Switzerland,2009,0.42765000000000003,-0.054849999999999954,0.08858972306375254,0.013021619489208417,0.013502136212105767,0.0215333333333333,0.01308750817547376,-0.004790583082398103,-0.01542389194790672,0.059748622041640824,0.05205999766128904,-0.12487549225608985,0.04070188319359569,0.02204998128104929,0.014564618460317869,0.012662525703809546,True,True,True
Switzerland,2010,0.41144,-0.033509999999999984,0.06296753134203213,0.01204828141629763,0.013124251658071484,0.015916666666666697,0.007526569700837959,0.006876633200385118,-0.0004671845760924054,0.12205244979366278,0.06591455686470982,-0.1444431214374421,0.010570617140409633,-0.015309568156197884,-0.02371274416518454,-0.02961094488240046,True,True,True
Switzerland,2011,0.41545000000000004,-0.03027000000000002,0.05793210989964413,0.0063764064758777385,0.016858591317993832,0.014016666666666702,0.013260296470060207,0.0022830604718324654,-0.022001180307666734,0.0719115812521056,0.08457088436246973,-0.07972960342877566,0.008847634614332689,0.0021015191500630692,-0.0031831634450099067,-0.012042195568206848,True,True,True
Switzerland,2012,0.42211,-0.005540000000000045,0.02639704194649354,0.003394857237299768,0.0016351044689254472,0.00846666666666667,0.00572374357020623,-0.006930924382836268,-0.0021403413004381644,0.09234081704910976,0.09543494936495939,-0.049672461433437065,0.002375127508376318,0.05223766230059734,0.058286615837122024,0.05176881499442376,True,True,True
Switzerland,2013,0.41566000000000003,0.004220000000000057,0.037676324122652,0.005355874145170586,0.006510592704131915,0.009391666666666671,0.011759796125918074,-0.002156524466750409,-0.009033157667135527,0.09732681650208311,0.0871930716010995,0.02120783294804718,0.02358807532432694,0.050271531330906116,0.06314148247371132,0.06262399225046167,True,True,True
Switzerland,2014,0.41608,0.0006299999999999639,0.02825694655636041,0.002852207939877756,0.0033800707662054565,0.026925,0.009993443891353005,-0.00011788282447233733,-0.0024009432963048027,0.0804831643067317,0.09005026595264154,0.11811909097211326,0.025247109769897857,0.12045486067918998,0.13514866972149786,0.14854290299906237,True,True,True
Switzerland,2015,0.41657,-0.005539999999999989,-0.002672546048775054,0.002918052229734097,0.0019414871081856904,0.009308333333333333,0.0038719133057253177,-0.011416332625953207,-0.0044854082431169395,0.09742836831851436,0.0917461163757764,0.13443112809450386,0.015208614334361492,0.04941961520494309,0.07490406269041072,0.09775695862625655,True,True,True
Switzerland,2016,0.40482999999999997,-0.010830000000000062,-0.013867092978056933,-0.0009245152452929974,-0.002051484459049711,0.005375000000000001,0.0016674006912097685,-0.0043429866232037595,-0.0021864621564533504,0.08251861620866051,0.08681004961130219,0.19483061048303485,-0.00113160423469727,0.00586201954695742,0.04286958210430014,0.06770289536914875,True,True,True
Switzerland,2017,0.41204999999999997,-0.0040300000000000336,-0.0026540953999729822,0.0071806985262463955,-0.0043673985393490305,0.009275,0.002751393335585174,0.005330139242401444,0.005448022066873781,0.062045746898607514,0.08066424380859415,0.032808631466965554,-0.003046164478927249,0.040660614873199385,0.0725188922879334,0.10565260703773927,True,True,True
Switzerland,2018,0.39234,-0.024229999999999974,0.0011703439686404414,0.007520559039854806,-0.016838654447615432,0.009825,-0.003118410977211717,0.009343080312437468,0.020759412938390676,0.06129153543431987,0.06861863284719598,0.041255134008114425,-0.0056869280414074685,-0.014828894455686248,0.00852464622426563,0.04726280521906623,True,True,True
Switzerland,2019,0.39793,-0.006899999999999962,-0.01766099615286425,0.006240503955877874,-0.018681375863282564,0.0051,-0.010994860484990269,0.003611361900131893,0.007954348523335653,0.05300108442822509,0.05877945558705083,-0.003088229482812177,0.009604693420560029,0.017194959287386125,0.02315608306687178,0.06257947570211564,True,True,True
Switzerland,2020,0.42381,0.011760000000000048,-0.02098411228849196,-0.0265815468965998,-0.003625551417386563,0.0032500000000000003,-0.007149464894164112,-0.0072560475300770255,-0.01258618677247847,0.025321715073741275,0.04653811164542876,-0.05192102081809491,-0.00534076264753458,0.07152502487120693,0.07433640343713765,0.11084336282243035,True,True,True
UK,1870,0.773530462257828,,0.3682915324847403,0.02873119127914845,,0.0019000000000000059,,,,0.052357387845242305,,,,,,,True,True,False
UK,1871,0.7171037492062967,,0.355905033307831,0.026928882200128946,,0.006000000000000002,,0.014000000000000234,,0.06700743702524775,,,,,,,True,True,False
UK,1872,0.6740931134755024,,0.3513527321168779,0.02704138078186103,,-0.006599999999999995,,0.04699999999999971,,0.08032290920337906,0.06656257802462304,,,,,,True,True,True
UK,1873,0.6184014348507105,-0.15512902740711743,0.34352872170403176,0.019307886016263896,-0.01666763309008936,-0.012499999999999997,0.0017333333333333853,0.030999999999999917,,0.06747790759724809,0.07160275127529163,-0.1559920597209432,-0.003915374468386523,,,,True,True,True
UK,1874,0.6308106229384807,-0.08629312626781604,0.34403763547277866,0.022041720296678835,0.01193358622847546,-0.0016999999999999932,0.017400000000000103,-0.03299999999999992,-0.04700000000000015,0.06144602192860789,0.06974894624307836,-0.10083110332722933,0.06089531688393279,,,,True,True,True
UK,1875,0.6365434294881772,-0.037549683987325166,0.3292698910017182,0.0215625493239637,0.027908928521347704,0.0030000000000000027,0.03900000000000008,-0.01900000000000024,-0.06599999999999995,0.045946755365035646,0.05829022829696388,-0.10586721400108512,0.13992207718980487,,,,True,True,True
UK,1876,0.654335344016375,0.035933909165664524,0.3255895248839899,0.021886055813130342,0.04402953097515432,0.012700000000000003,0.04993333333333343,-0.0030000000000001137,-0.03400000000000003,0.0258205807998006,0.04440445269781471,-0.031279710070548195,0.14425638933491558,,,,True,True,True
UK,1877,0.6580603431990935,0.027249720260612786,0.31140543175773344,0.020998229561476008,0.03762509622051399,0.008100000000000003,0.04116666666666679,-0.007000000000000006,0.025999999999999912,0.008701390407378011,0.02682290885740475,0.011144850937657713,0.1442441243216599,,,,True,True,True
UK,1878,0.674606596944995,0.038063167456817815,0.33172951678161927,0.014676182797821829,0.04517864957787327,-0.0008000000000000021,0.04216666666666675,-0.02200000000000013,-0.0029999999999998916,0.019657950503215692,0.01805997390346477,0.07319673297065044,0.1271454729169521,,,,True,True,True
UK,1879,0.7027951186587018,0.04845977464232676,0.31674970757760934,0.02029423092216369,0.0632213179175722,0.014099999999999998,0.05603333333333335,-0.04399999999999993,-0.040999999999999814,0.027252074259955628,0.018537138390183113,0.1192850813525963,0.1565672892940928,,,,True,True,True
UK,1880,0.6540119149448563,-0.004048428254237124,0.2936336628903552,0.022321569430612694,0.037460208986205966,0.007800000000000001,0.04300000000000009,0.029999999999999805,0.03699999999999981,0.027047855434923017,0.02465262673269811,0.06200578719399652,-0.0029830571822321295,,,,True,True,True
UK,1881,0.6436049472052683,-0.031001649739726744,0.2659749698451095,0.021542855573943292,0.022162664936856518,0.0003999999999999976,0.03733333333333338,-0.01100000000000001,0.01100000000000012,0.049052924606176204,0.03445095143368495,0.06543639370615906,-0.036909714668707294,,,,True,True,True
UK,1882,0.6154698008532179,-0.08732531780548392,0.2664147071364716,0.017702212611146708,-0.008325680394477914,-0.004399999999999998,0.019733333333333325,0.010000000000000231,0.05400000000000016,0.04774010332684843,0.04128029445598255,-0.00709261260495031,-0.09120612904871372,,,,True,True,True
UK,1883,0.6149621968937513,-0.03904971805110502,0.25354609497932,0.01940265648426035,0.015198566896116537,-0.001999999999999995,0.030300000000000042,-0.0050000000000003375,-0.03500000000000014,0.03873010973374869,0.045174379222257775,-0.011138846537731784,-0.007539715015329129,,,,True,True,True
UK,1884,0.560508150597027,-0.08309679660824132,0.2111201355053034,0.015407736411935045,0.03049714615788595,0.0032000000000000015,0.03453333333333334,-0.026999999999999913,-0.015999999999999903,0.056508235777875525,0.04765948294615755,-0.02362781884116949,0.026397021140716292,0.02104245195627602,,,True,True,True
UK,1885,0.5778604059011005,-0.03760939495211735,0.2198216991767386,0.015227255130497112,0.05485290945329573,0.0072000000000000015,0.04916666666666672,-0.029999999999999916,-0.04000000000000015,0.051574699378486,0.048937681630036735,0.007230999258390325,0.07316823430664754,0.014896030046346376,,,True,True,True
UK,1886,0.5748230292504781,-0.04013916764327319,0.21821819134605874,0.016193626553400835,0.056059641007178536,0.0068000000000000005,0.05243333333333332,-0.016000000000000125,-0.010999999999999788,0.06411511308135252,0.057399349412571354,0.003090094665716192,0.08672449403513349,0.009351590408559707,0.01668256131922341,,True,True,True
UK,1887,0.554303523737496,-0.006204626859530937,0.2128855336006205,0.017342583348007597,0.03637618920346109,0.0032000000000000015,0.044200000000000086,-0.0050000000000002265,0.021999999999999686,0.06973884659400714,0.06180955301794855,0.017732427107007842,0.05904541664464569,0.0020948933207331766,0.008308584238530148,,True,True,True
UK,1888,0.5131931324756,-0.0646672734255006,0.19039622252588187,0.018302276728854237,0.0067037085237040515,0.002400000000000003,0.03086666666666682,0.006999999999999895,0.03699999999999981,0.06916426835897399,0.06767274267811123,-0.006188122925625428,0.01810213123938631,-0.0044040136972606225,0.0009663818970022386,,True,True,True
UK,1889,0.4714817780045919,-0.10334125124588622,0.18041687488996144,0.015996596563047215,-0.016816583436681458,-0.0005999999999999998,0.020966666666666772,0.014000000000000012,0.030000000000000138,0.05926380425201782,0.06605563973499964,-0.03453065614457762,-0.00972625111361447,-0.0061338482789611015,-0.003970129872267053,0.0030900490681896042,True,True,True
UK,1890,0.4590315159461399,-0.09527200779135614,0.17890616881249405,0.015801059361489803,-0.007651083830956858,-0.009900000000000003,0.019033333333333288,0.002000000000000224,0.00700000000000045,0.07474014064490285,0.0677227377519649,-0.06730184218714785,-0.007161362957623707,-0.004952425583070019,-0.006389160828326662,-0.00020107903415020334,True,True,True
UK,1891,0.4643291929944576,-0.04886393948114237,0.1821025997857352,0.013787349517431125,0.007653286829641476,0.0005000000000000004,0.01913333333333329,0.006999999999999895,0.0,0.050453274076098203,0.06148573965767296,-0.06366736324778943,0.0175303807376328,0.025779492350251787,0.02541190598108528,0.029482093343819377,True,True,True
UK,1892,0.47474909051463726,0.0032673125100453615,0.1786332632692692,0.014176199739826013,0.03723938247715317,0.012199999999999999,0.022166666666666626,0.0040000000000000036,-0.010000000000000009,0.044956571839323736,0.05671666218677494,-0.031676160652197916,0.053419659750646664,0.022612131130403168,0.02435065969833161,0.027656937028621098,True,True,True
UK,1893,0.4738917113844173,0.014860195438277435,0.17036425709791672,0.014434623263739494,0.04182426151154268,0.004700000000000003,0.024666666666666667,-0.006999999999999895,-0.009000000000000119,0.04062100953597357,0.0453436184837985,-0.013532102197352236,0.06672137921626176,0.018075896756478582,0.022968524333415674,0.025306596245998625,True,True,True
UK,1894,0.4411556771582658,-0.02317351583619176,0.15413927087303617,0.015662365285461312,0.02887586439844815,0.015799999999999998,0.03316666666666667,-0.02000000000000013,-0.027000000000000024,0.03367378733678559,0.03975045623736096,-0.03610625116198318,0.0875206387617693,-0.004463143256476454,0.002700465828858467,0.005875132425851082,True,True,True
UK,1895,0.4311046877131252,-0.04364440280151205,0.13358630622564194,0.01422726715030144,0.014220459625957485,0.0149,0.03523333333333327,-0.009999999999999787,-0.01399999999999979,0.03616446405646079,0.03681975364307332,-0.040951420885099066,0.08593612395658301,-0.0008716874405151342,0.008831419717259037,0.01385446974666077,True,True,True
UK,1896,0.411028481764663,-0.06286322961975432,0.11460354721970666,0.011771523956012463,-0.0025361073971422246,0.005900000000000001,0.031599999999999934,-0.0029999999999998916,0.0040000000000000036,0.03208094399670305,0.03397306512998314,-0.03455910179552979,0.0775328374735682,0.004913878410247596,0.0099454471273972,0.01773423516061351,True,True,True
UK,1897,0.40378624248468314,-0.03736943467358267,0.10805555487893365,0.01131284102510279,0.0013403863827637051,0.0017999999999999995,0.018933333333333257,0.014999999999999902,0.03500000000000003,0.025567680287802347,0.03127102944698873,-0.028117335713032654,0.031186601563348848,0.005011789930034705,0.00468720918562876,0.015011337017182769,True,True,True
UK,1898,0.3777097713949217,-0.053394916318203534,0.10075235983038501,0.012812689315287335,-0.009562564839491111,-0.006600000000000002,0.015000000000000034,0.0029999999999998916,0.012999999999999678,0.017252586686714113,0.024967070323739834,-0.016513901069285075,0.02495503740321814,0.0007166420354351999,-0.000776545484778568,0.006428505375142501,True,True,True
UK,1899,0.35088183840775966,-0.06014664335690334,0.09980131472837538,0.004098932860535816,-0.012489006193965427,-0.010000000000000002,0.013466666666666844,0.006999999999999673,0.009999999999999565,0.02628607771462873,0.023035448229715063,-0.03289311329406097,0.0361995857420101,-0.002819870502716204,-0.0015250101228201363,0.0017319607177455065,True,True,True
UK,1900,0.3244024830584556,-0.07938375942622755,0.10268816782835302,-0.014996737102431702,-0.015634765216071076,-0.011300000000000001,0.004966666666666834,0.050999999999999934,0.03600000000000003,0.017954137695798192,0.02049760069904701,-0.04845327327651483,0.004876397177472125,-0.006795850434574258,-0.0046427090706887,-0.00603821334786786,True,True,True
UK,1901,0.3579512050763762,-0.0197585663185455,0.11280903240272189,-0.014850237394154165,0.0018978249373391154,-0.004900000000000005,0.005700000000000163,0.004999999999999893,0.0020000000000000018,0.010380521790818359,0.018206912400415092,-0.04608037579867219,-0.0034477930228963283,-0.0104850606390674,-0.011825918486078335,-0.012059769106939788,True,True,True
UK,1902,0.3896844832948539,0.03880264488709423,0.1275108435029526,-0.010882358056661602,0.010777293208966698,-0.0030999999999999986,0.007933333333333393,0.0,-0.006999999999999673,0.012738208060361784,0.013690955848992778,-0.026230696947777687,-0.022185812261753535,-0.007801689315991178,-0.01136248591525335,-0.011671603928325835,True,True,True
UK,1903,0.4119584134019767,0.0875559303435211,0.13847776240286142,0.010110211117258247,0.027748770909600675,-0.006599999999999998,0.024500000000000036,0.0040000000000000036,-0.04699999999999993,0.02314086806856792,0.015419865973249354,0.04012420840373543,0.012060152095549892,0.004174125965728304,0.0010928967300842252,0.0005108591968001619,True,True,True
UK,1904,0.40713666333370424,0.04918545825732806,0.13991868266667087,0.01351738020048959,0.02840120373263465,0.0015000000000000013,0.027633333333333298,-0.0019999999999998908,-0.006999999999999784,0.02806969710465416,0.021316257744527955,0.04795682697160819,0.0071348205193593195,0.003432981316309036,0.0011028727411301897,-0.001707862566808327,True,True,True
UK,1905,0.3903484702923378,0.0006639869974839341,0.13570241651462628,0.014844212922571157,0.026082995049499586,0.002199999999999997,0.02579999999999996,0.0040000000000000036,0.0040000000000000036,0.04573961193363212,0.032316725702284735,0.02453168439204534,0.00035353696315798544,-0.004881601447750239,-0.006854273924706056,-0.010517264075713184,True,True,True
UK,1906,0.3740501253898014,-0.03790828801217527,0.1368020081379515,0.016595045543795924,0.013191490843910756,-0.011600000000000003,0.027633333333333298,0.0,-0.0040000000000000036,0.06011905109489382,0.044642786711060034,0.01927029176610784,0.0013194926081880887,-0.0034677554528251275,-0.003728361549615755,-0.007316626091366074,True,True,True
UK,1907,0.35332448483191975,-0.05381217850178449,0.14404492216970152,0.01517723569488457,0.004657396525074433,-0.014999999999999996,0.02436666666666666,0.01200000000000001,0.013999999999999901,0.07712875893658283,0.06099580732170293,0.041399029443530466,-0.006596347424015825,-0.007595963512337545,-0.006837213197281866,-0.009812172526220075,True,True,True
UK,1908,0.35676566288159434,-0.03358280741074349,0.1510997964600137,0.006175471812200141,0.028142465241731966,0.0058,0.02333333333333329,0.0050000000000001155,0.001000000000000112,0.07514833173632601,0.07079871392260088,0.029105024967833293,-0.007459509816640231,0.0005182567437647667,-0.0006418434630727221,-0.0022253569753884483,True,True,True
UK,1909,0.3487748844064932,-0.025275240983308245,0.11390122861107965,0.024558482815787274,0.030514055100010807,0.0069,0.02246666666666666,0.004999999999999893,0.004999999999999893,0.0697202342803215,0.07399910831774344,-0.016939698219779253,-0.010144122265643096,0.00018160717469950516,-0.002924423134507026,-0.0031507272485420956,True,True,True
UK,1910,0.34513351290005434,-0.00819097193186541,0.11895725293991675,0.02089388919158394,0.02786440207667776,-0.0008000000000000021,0.0244666666666667,0.008999999999999897,-0.0030000000000001137,0.08192188977071721,0.07559681859578825,-0.011055446974270855,-0.00869265273079367,0.00668108172658366,0.005734712081316595,0.005130633627961123,True,True,True
UK,1911,0.3161435577722923,-0.04062210510930203,0.11717578291667831,0.01623507252618481,0.006505670984900937,0.0023999999999999994,0.026500000000000034,0.001000000000000112,-0.0040000000000000036,0.09241796455739483,0.08135336286947785,0.012711648854204727,-0.010213080259312002,-0.00201082476668335,-0.0017922943984282624,-0.003681714042838735,True,True,True
UK,1912,0.29792233287433645,-0.05085255153215673,0.11518890673306592,0.0149047314628985,-6.291724568236595e-05,-0.003400000000000007,0.019466666666666577,0.03000000000000025,0.025000000000000355,0.08788701585345607,0.08740895672718936,0.03336044074666411,-0.016097577882869807,-0.00415504746674783,-0.0033410848561172823,-0.00528520802822946,True,True,True
UK,1913,0.2789861333966599,-0.06614737950339444,0.10346921509847319,0.02093662292384728,0.001707735877514504,-0.009800000000000003,0.024899999999999915,-0.004000000000000115,-0.013000000000000012,0.09765990056931785,0.09265496032672292,0.015524341456517377,-0.008076065208047822,-0.0039576880837892126,-0.0036817080058651475,-0.004786994806551759,True,True,True
UK,1914,0.2727115270579621,-0.043432030714330216,0.07422186372268552,-0.09321559725364068,0.010767324354313063,0.005499999999999998,0.026933333333333326,-0.0030000000000001137,-0.004000000000000226,0.055081748948000345,0.08020955512359142,0.016366617460850108,0.10112996255720774,0.0038782137672417893,0.003874887861587739,0.004543161561367914,True,True,True
UK,1915,0.3928260654747926,0.09490373260045615,0.08542521248176337,-0.34186867138692784,-0.04277667913445775,0.0015999999999999973,-0.0011333333333331877,0.12499999999999978,0.09499999999999953,-0.018787369695949813,0.04465142660712279,-0.049955609175961424,0.015307731797464807,-0.04419251084827436,-0.04869440832130406,-0.050778248549609994,True,True,True
UK,1916,0.6558491332265084,0.3768629998298485,0.1431878530531678,-0.4183470406177565,-0.09745979403994509,-0.008900000000000005,-0.05789999999999998,0.18100000000000027,0.1850000000000004,0.026370524811142344,0.020888301354397624,-0.15101743880577245,-0.07108154639872111,-0.058912873734476734,-0.06826780453313738,-0.07402219599884935,True,True,True
UK,1917,0.9784581549586707,0.7057466279007086,0.22585588820781075,-0.39091111902531417,-0.1811583493667003,-0.0020999999999999977,-0.14020000000000002,0.252,0.2550000000000001,0.011760762841707503,0.0064479726523000115,-0.20356982042067562,-0.23672216005454894,-0.050184936372147826,-0.06343491666042203,-0.07497289968111687,True,True,True
UK,1918,1.1909918579066596,0.798165792431867,0.21663865961052076,-0.21415415900103635,-0.186234173974674,0.008300000000000009,-0.17366666666666666,0.21999999999999975,0.09499999999999997,-0.05421648253093862,-0.005361731626029593,-0.17239854935674193,-0.09957552069935482,-0.05029551615607189,-0.06988917723443269,-0.08630587901718365,True,True,True
UK,1919,1.4276615389660492,0.7718124057395408,0.25586298316173006,0.017939672548843995,-0.11179026769425879,0.0114,-0.14479999999999998,0.1010000000000002,-0.08000000000000007,-0.008260027044390052,-0.016905248911207055,0.016199258620673618,0.10143113873517451,0.02915405637148602,0.005033717894182138,-0.013327729651972403,True,True,True
UK,1920,1.3779383523579827,0.39948019739931195,0.36785088272724326,0.07532791467933439,-0.04834663884461712,-0.008899999999999998,-0.1051333333333333,0.15399999999999991,-0.09800000000000009,0.05363244105514261,-0.0029480228400620215,0.31056379035384474,0.5134753167898305,0.022738715930482045,0.005679358894250253,-0.013991479754305314,True,True,True
UK,1921,1.58409787158857,0.39310601368191045,0.40452348527184556,0.06073592830637937,0.06651240809605863,0.0063,-0.004233333333333457,-0.08599999999999974,-0.3059999999999995,0.037565834935875606,0.027646082982209386,0.26346573471252355,0.15260294163291022,0.04045510540652167,0.03978004880341812,0.01785344488022958,True,True,True
UK,1922,1.8348229936124434,0.4071614546463942,0.4085814386687896,0.0915966218377604,0.09385115086670645,0.018600000000000002,0.06829999999999999,-0.14000000000000012,-0.24100000000000033,0.044136329097714914,0.04511153502957771,0.07009030522997706,-0.06590048224054579,0.037599004729425595,0.04740803654127593,0.03227064864967441,True,True,True
UK,1923,1.9554359963650783,0.5774976440070956,0.42804544220426544,0.09884820490292288,0.12805081423677236,0.0169,0.13843333333333324,-0.05999999999999983,-0.21399999999999975,0.04162546702739436,0.04110921035366163,-0.07308430461030047,-0.20202597840850023,0.036926320090256565,0.058777342431825086,0.0559634237456719,True,True,True
UK,1924,1.888068413375435,0.303970541786865,0.43201082745371494,0.09662489575102844,0.08048568087430358,0.009999999999999995,0.1128999999999999,-0.006999999999999784,0.07899999999999996,0.017077010842934327,0.0342796023226812,0.037062192721744935,0.09861440776441222,0.03555053423310173,0.05518361077956921,0.06760743971540695,True,True,True
UK,1925,1.7697464169260673,-0.06507657668637612,0.42278888399816744,0.08558929780078274,0.030402926045549283,0.0034000000000000002,0.06563333333333324,0.0029999999999998916,0.14300000000000002,0.009417597213075913,0.022706691694468196,0.020485629025993157,0.21129676318734836,0.028806942994841545,0.04500474556898201,0.07045274880462032,True,True,True
UK,1926,1.8712484495277935,-0.0841875468372848,0.42897860537373583,0.0974107315952467,0.035559725850991895,0.0003999999999999976,0.04950000000000004,-0.00800000000000023,0.0519999999999996,-0.005714784112597213,0.006926607981137675,-0.013696634338910108,0.1692121068690724,0.038745158989976214,0.057020992858132336,0.08381809068907975,True,True,True
UK,1927,1.7745223481850443,-0.11354606519039079,0.42884986685840043,0.09532865078559895,0.028037618280096183,0.0030999999999999917,0.05526666666666674,-0.02399999999999991,-0.017000000000000126,0.021165321571655144,0.008289378224044614,-0.0479744931801841,0.037774866942209995,0.017670161115026006,0.03398558366784726,0.06187931666934654,True,True,True
UK,1928,1.757803894646887,-0.011942522279180245,0.42538458251238603,0.0919372578702662,0.042731431880476435,0.0031999999999999945,0.05636666666666671,-0.0030000000000000027,-0.005999999999999894,0.027019559453176776,0.014156698970744903,0.004461142801805096,0.02319224838049272,0.020846256827840748,0.03525934372120715,0.058435687918294565,True,True,True
UK,1929,1.7052392572273447,-0.16600919230044875,0.4195543244470599,0.09280916925199459,0.02081284791782656,-0.006600000000000002,0.05800000000000001,-0.009000000000000119,-0.0009999999999998899,0.02030523862668786,0.022830039883839928,0.0023402950294317826,0.00405584007918014,0.017824247505250967,0.03003197195055346,0.05378146442405857,True,True,True
UK,1930,1.709969934142146,-0.06455241404289835,0.398437867344328,0.08503213329443429,0.050457707081303746,0.0198,0.057933333333333344,-0.027999999999999914,-0.0040000000000000036,0.006955641744914427,0.01809347994159302,-0.000616568447136201,0.021968945475058455,0.004717696731769694,0.015657129964538774,0.03548308226190561,True,True,True
UK,1931,1.8482607514754859,0.09045685682859883,0.4189160048796824,0.08711475331531043,0.08435148642432713,0.009399999999999999,0.07196666666666665,-0.04299999999999993,-0.039999999999999925,-0.025429053096489622,0.0006106090917042221,0.03464744102562323,0.02904989207722175,0.02266739550598723,0.03005384819589707,0.04805991736045084,True,True,True
UK,1932,1.9014744638956764,0.19623520666833172,0.35825583364449015,0.06678709119280585,0.09562131557813668,0.022699999999999994,0.06993333333333329,-0.026000000000000023,-0.016999999999999904,-0.013242230577201346,-0.010571880642925515,0.2248431331460432,0.03389957408773858,-0.006847657000152996,-0.001456008448516788,0.013267084616748859,True,True,True
UK,1933,1.9396630971408908,0.22969316299874487,0.3377230205070103,0.07418519560870003,0.07782090041059245,0.027899999999999998,0.06379999999999998,-0.02100000000000002,0.006999999999999895,-0.0016863709630548988,-0.013452551545581955,-0.021296805247570272,0.008162615124998274,-0.013065852050864801,-0.009155624047044453,0.000451211495612891,True,True,True
UK,1934,1.8663542014932133,0.01809345001772744,0.3004040869853889,0.06888819249826593,0.020075320411539303,0.0235,0.046466666666666684,0.0,0.04299999999999993,-0.005043188503116579,-0.006657263347790941,-0.16771612784827172,0.015252678112081641,-0.006138348417628836,-0.006041623945496344,0.0009891381363877905,True,True,True
UK,1935,1.780880983799712,-0.12059348009596449,0.2654843303532529,0.06345703383610989,-0.004666177221673517,0.0234,0.033566666666666786,0.006999999999999673,0.032999999999999696,0.00504593208232129,-0.0005612091279500626,-0.27444809973539985,0.03859521230055463,-0.002955703712950286,-0.003237656445587045,0.00031428882433054417,True,True,True
UK,1936,1.7019473687834177,-0.23771572835747312,0.2575611067350465,0.05972833924039484,-0.020946031731776362,0.0236,0.024733333333333402,0.007000000000000117,0.028000000000000136,-0.005190726619262108,-0.0017293276800191323,-0.10106460618988067,0.05656486955200868,0.010704142740295852,0.0067857227400557885,0.008957816788068174,True,True,True
UK,1937,1.5869138808482952,-0.2794403206449181,0.2703441575239947,0.06812894498166114,-0.021186017812698788,0.027199999999999995,0.016800000000000054,0.03400000000000003,0.03400000000000003,-0.008929620352943007,-0.0030248049632946084,0.044512364966521334,0.05527200415228539,0.015626807561789247,0.013051431058705043,0.014289250051919278,True,True,True
UK,1938,1.5508120616560712,-0.23006892214364072,0.2530203357541082,0.07024129508267954,-0.013749496935403463,0.027699999999999995,0.014799999999999869,0.016000000000000236,0.009000000000000563,-0.010728186924246541,-0.008282844632150552,-0.024745476970086444,0.0205495803521607,0.009084819775607322,0.012851170054268612,0.011041454589797606,True,True,True
UK,1939,1.4968408125153032,-0.20510655626811447,0.22658886311883178,0.05629922891402912,-0.004258045916950892,0.024000000000000004,0.011199999999999908,0.028000000000000025,0.020999999999999908,-0.0425164304385106,-0.02072474590523338,0.0377941265772932,0.02885888000742698,-0.009037649882265353,-0.004687648360610919,-0.005740816195751175,True,True,True
UK,1940,1.2105860476951518,-0.37632783315314344,0.14242404606281256,-0.2398279603655451,-0.07500939873973052,0.023700000000000002,-0.036666666666666806,0.16800000000000015,0.13400000000000012,-0.12137736792889776,-0.05820732843055163,0.028600822479904142,-0.044131272349822726,-0.07023760817707853,-0.07134085204248802,-0.07438512720568208,True,True,True
UK,1941,1.3368726351728322,-0.21393942648323905,0.12784261582657233,-0.21428286062737933,-0.1375544679963033,0.021200000000000004,-0.07003333333333342,0.1080000000000001,0.09199999999999986,-0.09895447786202376,-0.08761609207647737,-0.0496559220838827,-0.09226256555162893,-0.10062181099051151,-0.11198070236690041,-0.11778996590884847,True,True,True
UK,1942,1.5320391748709963,0.03519836235569307,0.13745610533125213,-0.24116808602367065,-0.16190996249101725,0.0203,-0.08536666666666674,0.07099999999999995,0.04299999999999993,-0.07294830726366845,-0.09776005101819667,-0.07027290884274195,-0.1470682876810968,-0.08898616119049446,-0.11333159178086194,-0.12599789462522637,True,True,True
UK,1943,1.7399243762092007,0.5293383285140489,0.15914435756137482,-0.21237992149089208,-0.086069052506901,0.020999999999999998,-0.04000000000000002,0.03400000000000003,-0.13400000000000012,-0.07161515553875478,-0.081172646888149,-0.04420946013702087,-0.07589417772728335,-0.06665956568477174,-0.10315408992444336,-0.12565027334259063,True,True,True
UK,1944,2.006346111780219,0.6694734766073869,0.1827262270171723,-0.22022136725479197,-0.010374766855544174,0.021400000000000002,-0.012599999999999958,0.026999999999999913,-0.08100000000000018,-0.0750664243969731,-0.07320996239979877,0.051875890757865806,-0.014628210199455038,-0.03224808673443064,-0.07620726336029299,-0.10934957165177384,True,True,True
UK,1945,2.3468643409204324,0.8148251660494361,0.18527788947057258,-0.1460349548055477,0.027253603590768664,0.0202,-0.0004666666666666569,0.028000000000000025,-0.04299999999999993,-0.08831274601001393,-0.07833144198191394,0.012806000971976372,-0.02488825497395053,-0.0028566447232457604,-0.038552159300967975,-0.08136376262302883,True,True,True
UK,1946,2.6979759688585316,0.9580515926493309,0.18778892752763435,0.008236346516949676,0.04645418293553738,0.021,-0.002666666666666616,0.030999999999999917,-0.0030000000000001137,-0.01589326742789587,-0.0597574792782943,0.39297630161226893,0.15969783312682373,0.023652928452615157,0.007104339661255482,-0.04073884354578777,True,True,True
UK,1947,2.641249199995674,0.6349030882154549,0.17979427624822172,0.1559504149119807,0.0233499706680496,0.0225,-0.015400000000000004,0.07000000000000006,0.04300000000000015,-0.02989485232007307,-0.044700288585994286,0.8034965957740352,0.1200368588183256,0.035490540583995644,0.03313031112153292,-0.007110032239478231,True,True,True
UK,1948,2.395733932079708,0.04886959115927558,0.19558583404814273,0.18383922575685802,-0.01585440970425234,0.026999999999999996,-0.027233333333333318,0.07699999999999996,0.04899999999999993,0.0071693875788200745,-0.012872910723049621,0.49351113054925033,0.18183414774167117,0.02685610047022574,0.0336444484799687,0.0095105678072602,True,True,True
UK,1949,2.2027320490367774,-0.4952439198217542,0.19451873558814944,0.16003100588680497,-0.03832877012093043,0.027800000000000002,-0.02533333333333327,0.027999999999999803,-0.0030000000000001137,0.002757278404022383,-0.0066560621124102035,0.2973137230664067,-0.032444855575038956,0.024728616030261052,0.03814181067208619,0.03234546388299703,True,True,True
UK,1950,2.1691815964336785,-0.4720676035619955,0.2004485772337954,0.19624924020727683,-0.03206283715340123,0.030299999999999997,-0.012561650992685372,0.03918495297805635,-0.03081504702194371,0.026128081873158633,0.012018249285333696,-0.07091080294251484,-0.05447216226161089,0.02078528243919922,0.03677098472581333,0.044465742193641494,True,True,True
UK,1951,1.967626063183475,-0.428107868896233,0.20918305045208324,0.1394345322499966,-0.03658989207518786,0.0323,-0.01466089684487245,0.09049773755656121,0.013497737556561251,-0.022863853008219935,0.002007169089653694,0.17553862129840003,-0.015348887156432123,0.012682774251920825,0.02603614272457777,0.041475680239096785,True,True,True
UK,1952,1.8085820113215463,-0.39415003771523116,0.23005069744066892,0.11862837701717695,-0.047295959157671194,0.020300000000000002,-0.03642779403251668,0.10650069156293251,0.07850069156293271,0.014444797963728922,0.005903008942889206,-0.20080152523042583,-0.01543825717671854,-0.013098472755489865,-0.006135060271023618,0.011909588545101657,True,True,True
UK,1953,1.6975748093096028,-0.47160678712407567,0.21349998216299906,0.11111820355866692,-0.0577895780676186,0.017800000000000003,-0.036949476373164605,0.036250000000000115,-0.0029349529780562378,0.011993112865879,0.0011913526071293291,-0.16653408566043948,0.05690425998615889,-0.020323442711393497,-0.017258226481506878,-0.0023138840869899036,True,True,True
UK,1954,1.6322562810983476,-0.33536978208512735,0.18551856980286904,0.11380581657028907,-0.038416440126016825,0.019699999999999995,-0.017623290432517542,0.022919179734619988,-0.06757855782194122,0.008842081549898627,0.011759997459835516,-0.21356160587346862,0.025203033071061087,-0.006506299298519508,-0.0063373708105063375,0.003074984757116983,True,True,True
UK,1955,1.5418590000572707,-0.26672301126427556,0.20334248814322511,0.12152131337723782,-0.033151633005352836,0.004200000000000002,0.005074424365189609,0.050707547169811074,-0.05579314439312144,-0.005805515239477504,0.005009893058766708,-0.11443780673564563,0.039870511795705,-0.009654880277222194,-0.014530367927348964,-0.010358651381145445,True,True,True
UK,1956,1.4375884261475453,-0.25998638316205747,0.22097754083090743,0.11811063994952983,-0.026351945220751412,-0.0020999999999999977,0.0056486293782835595,0.05162738496071828,0.015377384960718166,0.011704008025605504,0.004913524778675542,-0.13214003962511056,0.05680296431402754,-0.006492513416749751,-0.015143835327773858,-0.015596095476944821,True,True,True
UK,1957,1.3573453996983407,-0.27491088140000697,0.2169717603578,0.12480950694645618,-0.018614896723690773,0.001700000000000007,0.0028815256469918588,0.03842049092849509,0.0155013111938751,0.012082957619477008,0.0059938168018683355,-0.1451923692756486,0.028539179228404876,-0.008891189086217222,-0.015095003763542864,-0.01992314486051422,True,True,True
UK,1958,1.3112764932562617,-0.230582506801009,0.2120819984792807,0.11575279411706259,0.005028152290262197,0.004200000000000009,0.010191715231173473,0.02877697841726623,-0.021930568752544843,0.015986248388483025,0.013257738011188513,-0.07229531731989414,0.05422851232392567,0.003907690773287259,0.0030113809329418983,-0.005458309017397384,True,True,True
UK,1959,1.2487041430918049,-0.18888428305574045,0.19959894473324385,0.10165935855008924,0.011672409909490346,0.014400000000000003,0.023802841553410815,0.005994005994006235,-0.045633378966712046,0.007629830174747723,0.011899678727569252,-0.00759970661458953,0.04231868216640522,0.030943716707019453,0.031278924596235436,0.02542651237154453,True,True,True
UK,1960,1.179443546328597,-0.17790185336974362,0.20815875950070886,0.11080897093738518,0.010552850742611246,0.005100000000000007,0.039761542104551,0.00794438927507457,-0.030476101653420518,-0.008324105540494101,0.0050973243409122146,0.028807001372857854,0.06932810736845485,0.035088689614971,0.038017440232363,0.03776609354768498,True,True,True
UK,1961,1.137516613637279,-0.17375987961898276,0.2250461827810169,0.12420816586346503,0.002766790489028531,0.010600000000000005,0.04651642981999443,0.0325123152709359,0.0037353368536696685,0.00250851101953055,0.000604745217928056,-0.013058247622084185,0.04372339967708605,0.019949078608659965,0.027659070738226404,0.03127383900136124,True,True,True
UK,1962,1.1052126306049272,-0.14349151248687764,0.2153489004598667,0.11084944868000766,0.005828667218595228,0.018100000000000005,0.03231952087652072,0.041984732824427384,0.03599072683042115,0.006159321105940323,0.00011457552832558916,-0.043788603110941904,0.0910468928385122,0.016969062465542195,0.029868293694992137,0.036589622885303874,True,True,True
UK,1963,1.0855433082323838,-0.09390023809621328,0.19371783842050802,0.12077957140116008,0.007719950798223414,0.019183333333333344,0.024030226947455248,0.021062271062270987,0.013117881787196417,0.004824702476680605,0.004497511534050491,-0.05500276888039768,0.08915001582086113,0.001223287123531397,0.015522481182940973,0.024726045454100065,True,True,True
UK,1964,1.0108108108108107,-0.12670580282646826,0.19008134649737707,0.13975563457693543,-4.33565427146454e-06,0.014699999999999998,0.02882200019920212,0.03228699551569525,-0.0002253197552406494,-0.010282625301134028,0.00023379942716229897,-0.04877828398995521,0.14346192469563435,0.012600674122673461,0.021967271362671625,0.03638429079601743,True,True,True
UK,1965,0.9460615480261112,-0.15915108257881605,0.18531795557719966,0.1375649062643136,-0.0050146488126307925,0.00523333333333334,0.03235968553975128,0.042571676802779956,0.0005869439783525721,-0.001575316421315661,-0.002344413081923029,-0.051750361664594347,0.07969998420969548,0.013355435188301179,0.017211083260316645,0.034106002006944774,True,True,True
UK,1966,0.9194929428680418,-0.16605036536434192,0.18258854574659217,0.15120178064240086,-0.0010901494454960553,0.006975000000000009,0.029888775893841597,0.040000000000000036,0.018937728937729048,0.0032501333062488888,-0.0028692694720669344,-0.050807104766757094,0.09364076889263195,0.011759815538149032,0.016030258465447256,0.03053797707628811,True,True,True
UK,1967,0.8914785081117244,-0.11933230269908635,0.16280132327108843,0.1570060557487535,0.01453728224685228,0.0092,0.032297475253774216,0.022435897435897356,-0.009851098079797893,-0.007032112513800221,-0.0017857652096223322,0.12465036569710919,0.05882816546320613,0.015550466911291638,0.020798032214432105,0.030708172840773845,True,True,True
UK,1968,0.8854834114630546,-0.06057813656305655,0.17470541924939423,0.17285088907541635,0.013036554935312798,0.004291666666666652,0.04045681684216163,0.03996865203761768,-0.002603024765162276,-0.006399336041584764,-0.0033937717497120328,0.17299872264962146,0.07686250172749598,0.012284981829499664,0.01940365233062924,0.027074686953175775,True,True,True
UK,1969,0.8283739639200389,-0.09111897894800292,0.19028955046786122,0.20100810276179065,0.01609657062655801,0.013108333333333333,0.05127448828149855,0.051996985681989294,0.011996985681989258,0.0084616312256301,-0.0016566057765849621,0.17382124794858522,0.07772254760342201,0.011908812784018175,0.019196152280324674,0.026656437675988576,True,True,True
UK,1970,0.7323539180302461,-0.15912459008147828,0.1847408147149649,0.17663531606087743,0.00856942401284451,0.022133333333333324,0.03994937195401821,0.06518624641833837,0.04275034898244101,0.013263120314173508,0.005108471832739614,0.003913604604006249,0.11796517266456696,0.008027806388281267,0.013626068814807324,0.02332539900191466,True,True,True
UK,1971,0.6555450998843341,-0.22993831157872058,0.17174919079519227,0.14677330409117842,0.00234306924754267,0.03460833333333334,0.019964158006458885,0.09414929388029569,0.05418064184267801,0.016533791632851163,0.012752847724218254,-0.11346116855462951,0.09586494262322343,0.00787347963208157,0.013676254830217727,0.022838795910143983,True,True,True
UK,1972,0.6204161833699773,-0.20795778055006164,0.16849838814889911,0.12883896218858204,-0.010171938547691523,0.03678333333333332,0.014900988718320476,0.07191149354640447,0.019914507864415176,0.0007091997390144962,0.010168703895346387,-0.0672735244616407,0.12372808725582374,0.03587607879600846,0.0428775159376964,0.053511323591086846,True,True,True
UK,1973,0.5456218471233931,-0.18673207090685295,0.16100824840942934,0.1710505969152151,-0.030350515260184646,0.01529999999999998,0.022591969940335424,0.09346330275229353,0.028277056333955164,-0.014726945536009403,0.0008386819452854173,-0.08109000401396405,0.11162973831257328,0.05282819346402584,0.06260248625914971,0.07486001279302451,True,True,True
UK,1974,0.5160144042183782,-0.13953069566595588,0.18835065387398603,0.20252119493285436,-0.01973295130369919,0.03793333333333332,0.04417001633602219,0.15731515469323543,0.06316586081293973,-0.037272786219119454,-0.017096844005371457,-0.023936985907538122,0.10924888511883468,0.04279355954963765,0.056045939389737565,0.07059350350092775,True,True,True
UK,1975,0.4667777969771201,-0.1536383863928572,0.1743054009631695,0.14037625042880236,-0.041505315826067535,0.04420833333333332,-0.013252813862299206,0.2270049841413686,0.15509349059496413,-0.015913203869979815,-0.02263764520836956,-0.03787304078059839,0.09211295970925826,0.00804327830106949,0.0239705025314082,0.039636697675874744,True,True,True
UK,1976,0.48884433921504244,-0.05677750790835068,0.18667932034251572,0.1186512055548026,-0.03659740301147729,0.03077500000000001,-0.038022751841962965,0.15657311669128493,0.0631098139389914,-0.008201754385964913,-0.020462581491688062,0.06486144571260932,0.04881779563615041,-0.00971584080216964,0.008206710860904742,0.024321731280798398,True,True,True
UK,1977,0.5045863978183621,-0.011428006400016066,0.17403245918074783,0.10774251110016796,-0.05774024984280504,0.045316666666666686,-0.05575112939632508,0.14942528735632177,-0.007889867336913658,-0.00285223540031594,-0.008989064552086892,-0.07153435949053466,-0.019246667895092773,-0.014846989686559509,-0.0027901415004160657,0.014410079172470391,True,True,True
UK,1978,0.51626111676186,0.049483319784739965,0.17173100016256185,0.12056497990132405,-0.02881814612443115,0.035166666666666666,-0.0066402087566097,0.07472222222222236,-0.15228276191914625,0.0034654024763636953,-0.0025295291033057216,-0.15620596026952427,-0.0012891647099424475,-0.011012278563075628,-0.010972452715388825,0.007003142220758651,True,True,True
UK,1979,0.487397833538087,-0.001446505676955423,0.14595237334012884,0.13449748173795228,-0.02524777662419765,-0.01654166666666669,0.0008343379375043009,0.11372447660894291,-0.042848640082342015,-0.005394721333176176,-0.0015938514190428092,-0.301966518827507,0.03502892676185243,0.017645280192647772,0.01135039745358396,0.026210441919291894,True,True,True
UK,1980,0.42568,-0.07890639781836212,0.13796135805814094,0.10684965689626291,-0.011458511306878985,-0.031908333333333344,0.005961673221668531,0.15154328150382912,0.0021179941475073516,0.005915244374737474,0.0013286418393083288,-0.24027170402142561,0.1386607324163991,0.01965020549208446,0.016626168517698825,0.023907234716466552,True,True,True
UK,1981,0.44778,-0.06848111676186003,0.15764082393697632,0.10021383657884783,-0.004477952483304903,0.00031666666666665955,0.0023282335244139973,0.11809754131398598,0.04337531909176362,0.015860357047915954,0.0054602933631590815,-0.009240529252291574,0.09415803963871139,0.04365393412933588,0.04858205541065852,0.04933571455979113,True,True,True
UK,1982,0.4305,-0.05689783353808703,0.1393724201354733,0.0842810703739275,0.011675696654110668,0.0036083333333333106,0.00049128905351839,0.08111031002162972,-0.0326141665873132,0.00616929833635842,0.00931496658633728,0.2770636875925303,0.06818904314683283,0.06581772259094443,0.07881297516367436,0.08202915350926493,True,True,True
UK,1983,0.41852,-0.00716,0.12030875416035568,0.07504141761196517,0.021126637994414207,0.006608333333333341,0.01965578846776571,0.04934978326108719,-0.10219349824274193,0.002802062637359505,0.008277239340544624,0.5684891421247935,0.05654060670475625,0.06425558188835168,0.08609747363189196,0.0974045569001099,True,True,True
UK,1984,0.42241999999999996,-0.02536000000000005,0.11869216051519099,0.07861939613147988,0.023350959387109516,0.008733333333333329,0.04405322385756701,0.04258023514458209,-0.07551730616940389,-0.004295336869942181,0.0015586747012585791,0.6064541747945928,0.0635597322098096,0.07610346554789049,0.1033529445304549,0.12584920196995636,True,True,True
UK,1985,0.41305000000000003,-0.017449999999999966,0.12087875896176337,0.065754338013345,0.02300493725481023,-0.015099999999999988,0.053849061222289954,0.04922279792746087,-0.031887512094168846,-0.0021923841211509533,-0.001228552784577879,0.09383926291079003,0.08597380212782846,0.07155884723529132,0.10460902175032943,0.13771447477580206,True,True,True
UK,1986,0.41274,-0.005780000000000007,0.11347120873489712,0.07089866125687949,0.02385166570512691,-0.008766666666666659,0.05294541841195761,0.03326071169208422,-0.016089071569002966,-0.008882944522482924,-0.005123555171192022,-0.045849222571632264,0.09752405138147968,0.08395145212113486,0.12226613159817884,0.16359150932169614,True,True,True
UK,1987,0.39335000000000003,-0.02906999999999993,0.10728992721174158,0.07804305861616484,0.01747655473835151,0.0008499999999999897,0.05497233682722118,0.032049479898791366,-0.010530755245790724,-0.014983092381294007,-0.008686140341642631,-0.3987409587377283,0.12759175609910156,0.08371034441387692,0.1213887255509839,0.171361046878177,True,True,True
UK,1988,0.37079999999999996,-0.042250000000000065,0.10138274426662497,0.09054898617504226,0.013362002476094759,-0.006766666666666671,0.05693262386905438,0.03759193680196127,-0.011630861125499603,-0.0346253462354761,-0.019497127713084345,-0.21321226928925163,0.1435142120879691,0.10608309639536939,0.14702941381725942,0.20317918747975372,True,True,True
UK,1989,0.32539,-0.08734999999999998,0.0898731591826689,0.0986759918097101,0.013738361746882366,-0.04019166666666668,0.051935877201963195,0.052375951693357736,0.019115240001273515,-0.03995285511074985,-0.029853764575839988,-0.08836589874587719,0.1355584321735066,0.11840483915468147,0.1639601530588618,0.225318917436089,True,True,True
UK,1990,0.28559,-0.10776000000000002,0.09438539120715596,0.07502291961267096,0.02124775561111547,-0.03210833333333332,0.05556009367315401,0.069726830485219,0.03767735058642763,-0.030111677885211074,-0.034896626410479005,-0.0569999336104311,0.11494138834390721,0.09462535218354406,0.14365040390507455,0.20812377605080645,True,True,True
UK,1991,0.28498,-0.08581999999999995,0.09021082328788904,0.0411789735888867,0.03364674193518946,-0.008308333333333348,0.034081908428036614,0.07532649253731338,0.037734555735352115,-0.012475577267794816,-0.02751337008791858,-0.09306158115229934,0.06531339378381107,0.0493611733335505,0.09719165774329575,0.16196321427006533,True,True,True
UK,1992,0.33241,0.007019999999999971,0.09890735122258924,0.011582198223008957,0.0436577327080279,0.0022333333333333233,0.029077064088997392,0.04261548471047538,-0.009760466982882354,-0.014540588150950096,-0.019042614434651994,-0.01323863504849676,0.043049854458216075,0.0037233117021994167,0.04620855224023701,0.11032823043994155,True,True,True
UK,1993,0.37994,0.09434999999999999,0.09309600049551077,0.014114824631034702,0.04137889540190808,0.024775000000000012,0.02920600671736908,0.025065002600104025,-0.04466182788511497,-0.012506902908166043,-0.013174356108970317,0.2333288312081021,0.0216495135842365,-0.03192445503720176,-0.002864245299995516,0.05457828737143122,True,True,True
UK,1994,0.4079,0.12291999999999997,0.10367735973284493,0.029077988450542203,0.034238389808981785,0.030274999999999996,0.05261987003067273,0.0197849025974024,-0.055541589939910985,-0.00424233247033999,-0.010429941176485375,0.17830300587433112,0.036701087569799284,-0.040165473649089845,-0.032750936357611726,0.01612547399002917,True,True,True
UK,1995,0.43738,0.10497000000000001,0.11208671764128798,0.032601921382042515,0.026706074444489962,0.01913333333333335,0.05862852461976811,0.026564520943189285,-0.016050963767286097,-0.006188263863820691,-0.007645833080775574,-0.02567838336492001,0.025454174074491354,-0.017217551248096985,-0.02614839562856608,0.007907851286499512,True,True,True
UK,1996,0.43845999999999996,0.05851999999999996,0.1090061131949433,0.04543779375641829,0.026189961847938516,0.022525000000000003,0.05687416406211668,0.024003084273058306,-0.0010619183270457189,-0.005152596985703327,-0.005194397773288002,-0.12660986485496772,0.032509070099162374,-0.005104469289940128,-0.019786822873010257,-0.004332646835311427,True,True,True
UK,1997,0.43267000000000005,0.02477000000000007,0.0918309771748481,0.060490638579273386,0.016674350133766405,0.006458333333333344,0.04832044402430073,0.018246062710850275,-0.0015388398865521236,-0.0013731058120797618,-0.00423798888720126,-0.051935631748313615,0.040485726117205134,-0.00974625025369058,-0.023450106706503826,-0.02711801802536673,True,True,True
UK,1998,0.40929000000000004,-0.02808999999999995,0.0667302966467909,0.06237613926127078,0.009863569538339709,-0.012874166666666659,0.03605145927438033,0.015573975192950451,-0.010990545750238834,-0.003553977790643863,-0.0033598935294756505,-0.06462092215865356,0.07185715193301223,0.002395510996979988,-0.005032645077548081,-0.01940394463642936,True,True,True
UK,1999,0.39431,-0.04414999999999997,0.054563283797507627,0.0740190012802489,0.002373610052101058,-0.0019391666666666654,0.03275845300964528,0.01328710306726344,-0.010715981205794867,-0.024130253270247704,-0.00968577895765711,0.0601634959212487,0.09620617087836436,0.022536478219765343,0.0237136427499558,0.008873454852302287,True,True,True
UK,2000,0.36734,-0.06533000000000005,0.05331755946238453,0.03522871937145352,0.0057046775840493835,-0.008870833333333328,0.036853952602968754,0.007964563930879853,-0.010281498779970422,-0.02228675466545289,-0.01665699524211482,0.14354093900726506,0.09217503911813418,0.0491677133081494,0.05498745185768217,0.04808610446365724,True,True,True
UK,2001,0.33999,-0.06930000000000003,0.05112418037341695,0.023114055933235747,0.007611815082101736,0.0029433333333333325,0.03934773768333653,0.012335119951847107,-0.0032388552411033444,-0.019415545921579513,-0.02194418461909337,0.2046690855634854,0.09591718601346222,0.07325588652044479,0.08353742273973619,0.08831416965540684,True,True,True
UK,2002,0.34215000000000007,-0.05215999999999993,0.0528934401037381,0.0007956354035095793,0.010956702631989237,0.01186750000000001,0.0395045621764737,0.012589129587851966,-0.0006979734794114734,-0.018667838324641108,-0.020123379637224506,0.04836188284879839,0.08127388304548022,0.09563449632713716,0.11810541600694124,0.13365658075584863,True,True,True
UK,2003,0.35398,-0.013359999999999983,0.05308836107248352,-0.013195900789694206,0.010259050243082449,0.013248333333333341,0.03600160794338998,0.013615926630131003,0.00565136269925115,-0.015235283379763011,-0.01777288920866121,-0.14025959624632145,0.07619932785069694,0.08644044716603716,0.12105006331669266,0.14563353787713817,True,True,True
UK,2004,0.38391,0.04391999999999996,0.05412718917864626,-0.008610638768477976,0.009250137757132522,0.0033358333333333295,0.034522404459028086,0.013435230404932774,0.0011001104530856676,-0.016727865171852024,-0.01687699562541872,-0.22974324645884348,0.06950422121583522,0.08461234316606048,0.12624928963345017,0.16194120153148261,True,True,True
UK,2005,0.39592,0.05376999999999993,0.051002032372577916,-0.00949703843034002,0.0041049137973543925,-0.0011125000000000024,0.02851396844181169,0.020569437639501142,0.007980308051649176,-0.011539460067330828,-0.014500869539648622,-0.030408101364099216,0.07169810705038682,0.07286123182642523,0.11679269546901894,0.1644562387395796,True,True,True
UK,2006,0.40515999999999996,0.05117999999999995,0.049757085068179024,-0.009337729143688162,0.003520113750066306,-0.0040891666666666784,0.023313569099607842,0.02328712465674254,0.009671198026611538,-0.02117471169251897,-0.01648067897723394,-0.05830867982053711,0.07983122312594637,0.08859328237677078,0.13297571895409177,0.1914446002402157,True,True,True
UK,2007,0.41547,0.03156000000000003,0.0552744294662471,-0.005395173038568405,-0.0022133966484714357,-0.00897916666666667,0.023959173822962275,0.023228416234869487,0.009793185829936712,-0.0234142017365875,-0.018709457832145764,-0.009718175113312078,0.0738794807615697,0.10212613300196982,0.1441524973127677,0.2088236204858489,True,True,True
UK,2008,0.49327,0.09734999999999999,0.06371545501056519,-0.02516671454885492,0.006025026980732026,0.0027141666666666633,0.018402601258996808,0.036019155331397545,0.015449717691896403,-0.03939468671188527,-0.027994533380330578,0.2004407687248584,0.052168362277315916,0.0779047062115319,0.1188211759503306,0.18490570824816,True,True,True
UK,2009,0.63193,0.22677000000000003,0.08611636980834733,-0.06597411647739418,0.029788646317653746,0.04014999999999999,0.018483074640907482,0.021653204511010493,-0.0016339201457320485,-0.0331358232891492,-0.03198157057920733,0.19095848398628212,0.00411946558492482,0.06858181487696746,0.1101413693345894,0.1732375536769737,True,True,True
UK,2010,0.74273,0.32726,0.09153925098888925,-0.05882929845446697,0.03107242371678736,0.037379,0.012160974799958313,0.03298171575771702,0.009753299522847536,-0.030971054636690972,-0.034500521545908484,0.231156563314044,-0.030948631176479724,-0.08110936000823865,-0.04871582238154759,0.004603547969362909,True,True,True
UK,2011,0.79975,0.30648,0.08813351221816285,-0.04156243279465671,0.017353264912736022,0.033521999999999996,0.00523138226352618,0.04463693294069393,0.008617777609296384,-0.018008380613701396,-0.027371752846513858,-0.10634245676238141,-0.05340676736932526,-0.1138257590934294,-0.0995988311684658,-0.05961700825310434,True,True,True
UK,2012,0.8316100000000001,0.19968000000000008,0.06822465792497716,-0.052633747646603196,-0.008471781410686455,0.025515999999999997,-0.006654356563116033,0.02828242099093714,0.006629216479926647,-0.03477527697656788,-0.027918237408986756,-0.009644540856530992,-0.04491671060962277,-0.11433225059228935,-0.12774237008757827,-0.10111443644648921,True,True,True
UK,2013,0.8415600000000001,0.09883000000000008,0.07684285320146865,-0.026588485370376988,-0.010586177117613997,0.028891999999999994,-0.0009437807156505787,0.02564798821532066,-0.007333727542396362,-0.04857027815219544,-0.03378464524748824,-0.07763213900418742,-0.04950511159082782,-0.1090814660614855,-0.14752071371243336,-0.14161575280320637,True,True,True
UK,2014,0.8606100000000001,0.060860000000000136,0.07809491660087368,-0.029323506109538246,-0.007269199132193767,0.027186,0.008139092235133469,0.014610314088341791,-0.030026618852352138,-0.048447927375141385,-0.04393116083463491,-0.024421282103035513,-0.030560781088992184,-0.08008352841931765,-0.14315137288196378,-0.16349467342236967,True,True,True
UK,2015,0.8672,0.0355899999999999,0.06081793083707104,-0.02339062330523124,-0.002075087803351708,0.019687,0.010533901321837248,0.0004009937308258049,-0.027881427260111336,-0.04983576158064336,-0.04895132236932673,0.05741038972164736,0.004325276583599713,-0.052636720959995165,-0.1091407820451421,-0.15552347534784694,True,True,True
UK,2016,0.86775,0.026189999999999936,0.04767041448566624,-0.013003047120705588,0.0022984695809610926,0.015860999999999997,0.01185834367046024,0.006596661169451679,-0.019051327045868982,-0.053749185565282416,-0.05067762484035573,0.35189272866051535,0.03755746498242951,-0.03223480495907083,-0.06802090693529173,-0.138894186203397,True,True,True
UK,2017,0.8631399999999999,0.00252999999999981,0.044618251942591565,-0.0034550316785752454,-0.0029337357189872966,0.015337,0.0069044483665742,0.026999999999999913,0.012389685911658121,-0.03717984483175444,-0.046921597325893405,0.15770357574628857,0.03659348417245645,-0.024980998834881807,-0.05404620513008329,-0.1233834745077812,True,True,True
UK,2018,0.8577500000000001,-0.009449999999999847,0.044826818889072875,-0.0027569412735883522,-0.010068478352248951,0.012363,-0.0011692203898171667,0.02499999999999991,0.024599006269174106,-0.036268169059685974,-0.04239906648557428,0.16757619293934334,0.018137681027475372,-0.00595220709848332,-0.026154722598809466,-0.08455730109967485,True,True,True
UK,2019,0.85243,-0.01532,0.03186919093546058,-0.007076481503463806,-0.015886342998727928,0.013085,-0.01024833333333328,0.018000000000000016,0.011403338830548337,-0.030434540880235426,-0.034627518257225286,-0.06792987878700685,0.01627967435280908,-0.008386660508066246,-0.018867482162182037,-0.05824496535785051,True,True,True
UK,2020,1.0447,0.18156000000000005,0.02199724345833264,-0.12201082269962332,0.024790617184611168,0.007392999999999999,-0.009940333333333273,0.008999999999999897,-0.018000000000000016,-0.0364295885482332,-0.03437743282938487,0.009796660644526556,0.028649056350120494,0.05572790250686144,0.05441380219001246,0.029113208093920595,True,True,True
USA,1870,0.3118859447004608,,0.32242987510948906,0.02989230397721454,,-0.00281,,,,-0.018326932923707115,,,,,,,True,True,False
USA,1871,0.3029422048271363,,0.3239181913194444,0.028230213368123508,,-0.0020333333333333314,,-0.06369621803705405,,-0.027472146118721463,,,,,,,True,True,False
USA,1872,0.26597556866048866,,0.32864260102495546,0.026346411455449914,,-0.028183333333333345,,0.0,,-0.031527500300878565,-0.025775526447769048,,,,,,True,True,True
USA,1873,0.24343216023537398,-0.06845378446508685,0.35289934505988013,0.018317119073214892,0.06206441507086303,-0.08760833333333334,0.08283758508021727,-0.02044153720359776,,-0.01408385198596809,-0.024361166135189374,0.0,0.03352984140233728,,,,True,True,True
USA,1874,0.2522402195492234,-0.05070198527791292,0.36140518284153006,0.013106222207948926,0.07298877697487255,0.01673333333333333,0.0740408351613551,-0.04858096828046754,0.015115249756586513,-0.013805909143991591,-0.019805753810279412,0.0,-0.018323483403209773,,,,True,True,True
USA,1875,0.26171586357567667,-0.004259705084811993,0.34665147604166674,0.013695305874499328,0.07805747486409692,0.015200000000000002,0.08147337888247577,-0.03649763116336202,-0.03649763116336202,-0.009839179512076707,-0.012576313547345461,0.0,-0.02702987664024359,,,,True,True,True
USA,1876,0.25403505007153077,0.010602889836156787,0.32337158401360544,0.014791517131616591,0.08711505246739523,0.011116666666666664,0.08056437440333075,-0.02276452376616267,-0.0023229865625649104,0.002556390081068193,-0.007029566191666702,0.0,-0.03091504097840292,,,,True,True,True
USA,1877,0.24497443049744305,-0.007265789051780325,0.3262277413997627,0.015303346737951345,0.06359299645870996,0.004791666666666666,0.07097959829493286,-0.02320163995527391,0.02537932832519363,0.011697698744769875,0.0014716364379204535,0.0,-0.03914421799192069,,,,True,True,True
USA,1878,0.25525035460992906,-0.006465508965747602,0.34083351268656714,0.014461392600472814,0.06887248974021354,0.00010000000000000286,0.0735208112910369,-0.0476962701516741,-0.011198638988312082,0.01800496453900709,0.01075301778828172,0.0,-0.019214592518124407,,,,True,True,True
USA,1879,0.2432969626415494,-0.010738087429981363,0.33261453321385903,0.01109106305076375,0.02313711466899121,-0.014033333333333335,0.06399930336898267,0.0,0.02276452376616267,0.012663244787808234,0.014121969357195069,0.0,-0.006620114954917211,,,,True,True,True
USA,1880,0.19985748422863697,-0.04511694626880608,0.23329703213572855,0.013756567456827885,-0.02408702879312523,-0.011333333333333334,0.04481789925954668,0.02504257237303409,0.048244212328308,0.009040432039762951,0.013236213788859426,0.0,0.010951411069449968,,,,True,True,True
USA,1881,0.17200051107325384,-0.08324984353667522,0.20286086500461684,0.01475577276547416,-0.039109267582692835,-0.02133333333333333,0.027919142542321973,0.0,0.0476962701516741,0.0006638841567291311,0.00745585366143344,0.0,0.05466944517076433,,,,True,True,True
USA,1882,0.15058924661422432,-0.09270771602732508,0.16680835767326732,0.017305212594274595,-0.01997614427102211,-0.011508333333333336,0.02794414254232197,0.0,0.0,-0.006026924012651042,0.0012257973946136812,0.0,0.12257282040778628,,,,True,True,True
USA,1883,0.1384767993566546,-0.061380684871982366,0.1566564458752094,0.015709631319528215,0.025603891441375023,-0.0008916666666666656,0.041615675592038874,-0.016222026776116616,-0.041264599149150705,-0.0066339364696421385,-0.003998992108521349,0.0,0.16557464984603154,,,,True,True,True
USA,1884,0.13662634498991258,-0.03537416608334126,0.16478807083333336,0.013563067304135841,0.038633562525972165,0.004983333333333336,0.04896854718569473,-0.024833614780967572,-0.024833614780967572,-0.005967636180228648,-0.006209498887507274,0.0,0.12055363145563813,0.021237357782595584,,,True,True,True
USA,1885,0.13486125587355832,-0.015727990740665998,0.16479780115740741,0.010029430805211449,0.061114526631860885,0.017225,0.053146694786794874,-0.016909442803300423,-0.016909442803300423,-0.007156685177274668,-0.006586085942381817,0.0,0.09817265420311738,0.020852624633575845,,,True,True,True
USA,1886,0.12650727819793445,-0.011969521158720159,0.16239516220238093,0.012081383630153698,0.061632032619519675,-0.005225000000000007,0.05762403632596867,-0.02590405139363805,-0.009682024617521434,-0.013741156379604779,-0.008955159245702697,0.0,0.09574686512815322,0.016599291262846677,0.024242272339673243,,True,True,True
USA,1887,0.11041098470579372,-0.02621536028411886,0.1444747004716981,0.011798396283809236,0.04148571778318847,-0.013525000000000002,0.04790321540068144,0.00882884799489414,0.03366246277586171,-0.01859082347622994,-0.013162888344369794,0.0,0.08325650054436884,0.027862991676804005,0.038912171825948444,,True,True,True
USA,1888,0.09890228571428572,-0.0359589701592726,0.12671148601583113,0.01135883237142857,0.03973814965674184,0.009583333333333333,0.0403750677995813,0.0,0.016909442803300423,-0.018326071428571428,-0.016886017094802048,0.0,0.06439520644570185,0.022126866257792338,0.03380399845563961,,True,True,True
USA,1889,0.08933087867305355,-0.0371763995248809,0.11049908262273901,0.009348905767855867,0.028947474190244554,-0.010575000000000008,0.0400336322795032,-0.02625474483340373,-0.00035069343976568135,-0.01618838921856009,-0.017701761374453815,0.0,0.06424668996406968,0.03591994318600483,0.04740649679439454,0.06310659431570598,True,True,True
USA,1890,0.07373034224528674,-0.03668064246050698,0.10035658866832092,0.008240406308436796,0.04736171199579784,-0.022366666666666667,0.05081270776164897,-0.018083378451543175,-0.026912226446437315,-0.012043158378768968,-0.015519206341966829,0.0,0.08073812674606695,0.028054216568495327,0.04032806067736977,0.05813474595678972,True,True,True
USA,1891,0.06464886232163516,-0.034253423392650556,0.09241279451530611,0.004642358622573598,0.03183043110267292,0.0018166666666666678,0.05079604109498231,0.0,0.0,-0.007592042679007585,-0.01194119675877888,0.0,0.0801130613170642,0.02227158063549306,0.03693653019323795,0.05510951653112589,True,True,True
USA,1892,0.05863019256388519,-0.030700686109168353,0.10193573274647888,0.002796850255843527,0.012080694507028276,0.0065749999999999975,0.043402792817181055,0.0,0.02625474483340373,-0.008270558314157685,-0.009301919790644745,0.0,0.051159545624768654,0.01494630604776942,0.028340726297871266,0.04625076022481306,True,True,True
USA,1893,0.06176808428626493,-0.01196225795902181,0.09226656930051812,0.002480720528716433,0.029501556706470974,-0.008658333333333337,0.040092688575209486,-0.009153065725628462,0.008930312725914713,-0.0046584864448156234,-0.0068403624793269635,0.0,0.0411082798816742,0.025130550684194175,0.038181774871576646,0.05768837652040498,True,True,True
USA,1894,0.07121134453781514,0.006562482216179971,0.1156472235294118,-0.0017935538935574227,0.06697985295108619,0.024100000000000003,0.0532841511980994,-0.04629938786866972,-0.04629938786866972,-0.0070467086834733895,-0.006658584480815566,0.0,0.058233166063717645,0.025756379203015878,0.03703406083829003,0.05655123004255436,True,True,True
USA,1895,0.06962790402437477,0.010997711460489577,0.12111099764102565,0.0005307270682577991,0.06541309748504807,0.01708333333333334,0.06082486967944689,-0.01937215544404247,-0.01937215544404247,-0.008510346578646693,-0.0067385139023119,0.0,0.06801326477657055,0.001135934002993777,0.009183385138277878,0.027844380892790566,True,True,True
USA,1896,0.07816461036885507,0.016396526082590138,0.12359933185404337,0.0017756551918856167,0.05207851239181568,-0.00863333333333334,0.056057181104237394,0.0,0.009153065725628462,3.0237166783864987e-05,-0.005175606031778738,0.0,0.06926097822206323,0.017430795980766467,0.025915309776260664,0.0412927363656827,True,True,True
USA,1897,0.07522190201729106,0.004010557479475929,0.11824343510536398,0.001419382881639993,-0.0004456640292538963,0.016041666666666662,0.04333119509684196,-0.009996429846483412,0.036302958022186305,0.012032926604942056,0.0011842723976930771,0.0,0.04078139399767622,-0.0017950275743655597,0.006606898370310865,0.019728203363381214,True,True,True
USA,1898,0.06749947982259212,-0.00212842420178265,0.09499223323045265,8.059215125298972e-05,0.023228869801779073,0.009408333333333335,0.034540476615494475,0.0,0.01937215544404247,0.017714504736352183,0.009925889502692702,0.0,0.020619215049886064,-0.012200220510890258,-0.00813763314952154,0.0015225547495547609,True,True,True
USA,1899,0.07295120341220676,-0.005213406956648306,0.08758957162467698,-0.002224219612149215,-0.014419786081046618,-0.019341666666666667,0.03479047661549447,0.0,0.0,0.01584015436173454,0.015195861901009597,0.0,0.03071159946127766,0.002862969120351,0.0015561691296161473,0.01072649472356313,True,True,True
USA,1900,0.06084065299046519,-0.014381249026825874,0.0704103579443447,0.003670353913849564,-0.0002677363624153349,0.0016416666666666697,0.02767587750931603,0.010097367472051921,0.020093797318535334,0.016113502841182705,0.01655605397975648,0.0,0.051240904389816544,0.0036116865368861495,0.004427916210138938,0.010438236205876306,True,True,True
USA,1901,0.0543307240704501,-0.01316875575214202,0.06603841817149349,0.004526087505188872,-0.033182435791958065,-0.008266666666666665,0.02507506926622821,0.009877424729263451,0.009877424729263451,0.011874088240526597,0.014609248481147948,0.0,0.06117170548945361,0.015283460658414127,0.015515949496340276,0.018187843814969684,True,True,True
USA,1902,0.048490614966658435,-0.024460588445548326,0.06896302473309608,0.004764848106528364,-0.008742990852331968,-0.018600000000000005,0.02298146411264186,0.00978081546075904,0.00978081546075904,0.0037936527537663616,0.010593747945158556,0.0,0.04849107247053319,0.017017055951349724,0.017074291760382165,0.01971090430608874,True,True,True
USA,1903,0.04428594346829641,-0.01655470952216878,0.06997008333333332,0.003220900948561244,-0.020976745130704702,-0.0031833333333333366,0.017638942304107744,0.02917493289765427,0.01907756542560235,0.0068343009931245225,0.007500680662472495,0.0,0.04533680039896204,0.008466508719146282,0.01428985453003584,0.015652812900598834,True,True,True
USA,1904,0.043823626966985496,-0.010507097103464605,0.07295020813308686,-0.00013629811015118524,0.021330145417469457,0.01693333333333333,0.018610917913110103,0.009411497902256372,-0.0004659268270070793,0.0029926720148102433,0.00454020858723371,0.0,0.02589894191781439,0.01785714282669104,0.025702252371526013,0.029610089626329328,True,True,True
USA,1905,0.03895812977361866,-0.009532485193039772,0.07148350485600491,0.0005465845538315133,0.007497373170183973,-0.010058333333333329,0.024587438890855753,-0.009323747472477883,-0.019104562933236924,0.003319995871464942,0.004382322959799904,0.0,0.02563278779403033,0.009173978802813842,0.016350060076007644,0.022544342351618618,True,True,True
USA,1906,0.03646039698749043,-0.007825546480805981,0.07008754537815126,0.002128608932218535,-0.010048643887992821,-0.028900000000000002,0.030196417921902922,0.018822995804512743,-0.010351937093141528,0.002963683941792188,0.003092117276022459,0.0,0.024955062764390856,0.009781956141300674,0.01608302599743483,0.02534954363882258,True,True,True
USA,1907,0.03356480777108081,-0.010258819195904684,0.06637326166166164,0.0038388610295121642,-0.03055218148475366,-0.031566666666666666,0.019933787933098395,0.04629938786866994,0.03688788996641357,0.0015852887822575927,0.0026229895318382423,0.0,0.030718818276722626,0.0029672239560032954,0.007431876928805314,0.017645506799088162,True,True,True
USA,1908,0.03871051507083457,-0.000247614702784095,0.07373604471207089,-0.00041451865638935607,0.023365604239625686,0.018491666666666674,0.02187010410553524,-0.01765769598978839,-0.008333948517310508,0.005096834631693127,0.00321526911858097,0.0,-0.003162074107846413,0.023116193248584882,0.029504891895979934,0.03891534016950321,True,True,True
USA,1909,0.035289336201598034,-0.0011710607858923944,0.0740986376241722,-0.001390424796404424,0.035670229583948984,0.011875000000000004,0.035455562190887135,-0.018083378451542953,-0.036906374256055696,-0.007184849416103258,-0.00016757533405084481,0.0,0.0076409501095306975,0.020132693927114143,0.026169813701011346,0.03535356305261278,True,True,True
USA,1910,0.03398743554791679,0.0004226277768359793,0.06742796918145957,0.0008173207836978239,0.03897224676150379,0.009941666666666668,0.03636348930429319,0.045875606528451796,-0.0004237813402181434,-0.006772743436259112,-0.0029535860735564134,0.0,-0.000692651380330922,0.03452474792325694,0.04196156260170675,0.052681803049743514,True,True,True
USA,1911,0.03328002883922134,-0.005430486231613227,0.06587742004985755,0.0016509285904830573,-0.004223903884551433,0.014375000000000002,0.03081092397436372,0.0,0.01765769598978839,-0.0005115501081470801,-0.004823047653503149,0.0,0.031024387823454846,0.028717346126873933,0.03923262248940618,0.050576379973437446,True,True,True
USA,1912,0.0317615313286528,-0.0035278048729452324,0.07634741875901875,0.001481222975228507,0.004959624737781297,0.008933333333333328,0.020054735965280557,0.02636018557570652,0.04444356402724947,-0.0004736256457808982,-0.002585973063395696,0.0,0.016974864735292083,0.00854264000555266,0.022077165298844237,0.034650017608597816,True,True,True
USA,1913,0.03019075334666093,-0.003796682201255862,0.06991472931839403,0.0012379258732528617,0.005010865154297717,0.009641666666666673,0.027370395986784264,0.017053626463940708,-0.028821980064511088,0.0023763696636890453,0.0004637313032536899,0.0,0.050687520364940175,0.005939765859223789,0.01765274637416303,0.030645937142950774,True,True,True
USA,1914,0.03226181749070076,-0.0010182113485205785,0.06938199770114943,0.0013385992325305675,0.03975665659395295,0.00803333333333333,0.024495059286447535,0.010101010101010166,0.010101010101010166,-0.00464907279194157,-0.0009154429246778068,0.0,0.031196825396825556,0.04269657631804957,0.05437496540847486,0.07231011455264769,True,True,True
USA,1915,0.030507682851874617,-0.0012538484767781848,0.07091480058565153,-0.0003730073550501931,0.050003214339064614,0.021458333333333333,0.028273454478349704,0.010000000000000009,-0.01636018557570651,0.029041180086047936,0.00892282565259847,0.0,0.007904164462247953,0.02062636610776447,0.030335165336742742,0.04819788125239843,True,True,True
USA,1916,0.02444571702216813,-0.005745036324492799,0.06785795519053878,0.0019881458167887154,-0.008058218567486584,0.01595,0.009047023035636849,0.07920792079207928,0.06215429432813857,0.058702635832152766,0.027698247708753048,0.0,0.02178899082568808,-0.03183682753038369,-0.028187919310269427,-0.012773387516585966,True,True,True
USA,1917,0.04936492584359136,0.017103108352890597,0.12274540985467756,-0.011909109521716048,-0.07849686140282594,0.011116666666666664,-0.04242328246586131,0.17431192660550465,0.1642109165044945,0.052091973854474276,0.04661192992422499,0.0,-0.007755474452554756,-0.047997423501967174,-0.0462188333868086,-0.03845940283011501,True,True,True
USA,1918,0.15990738830044277,0.12939970544856816,0.15135185643118426,-0.1107568859078759,-0.1598495552044063,-0.0077416666666666675,-0.09934411579919464,0.1796875,0.1696875,0.028876670105920307,0.04655709326418245,0.0,0.04481075071300822,-0.08617216006230316,-0.08938916577940414,-0.08979311435994036,True,True,True
USA,1919,0.3221903401188519,0.29774462309668376,0.24492721763807665,-0.15307274463922957,-0.13710477111028777,-0.013891666666666677,-0.11725659694797179,0.14569536423841067,0.0664874434463314,0.04644076368693893,0.04246980254911117,0.0,0.041860289395141415,-0.04117211216629557,-0.06020250438996294,-0.06640576095640166,True,True,True
USA,1920,0.2722735024538915,0.2229085766103001,0.18565280595578273,0.017092144261927705,-0.13566807859971375,-0.026600000000000006,-0.10968407613342018,0.1560693641618498,-0.018242562443654853,0.034276045985254244,0.03653115992603783,0.0,0.08873563218390812,0.007384367638249567,-0.02239928666935531,-0.03096852421729429,True,True,True
USA,1921,0.32265052345453077,0.162743135154088,0.18790442438371321,0.02093569917164553,0.0019134916048440948,-0.01604166666666667,-0.021929909466753425,-0.1050000000000002,-0.2846875000000002,0.020588314449498078,0.03376837470723042,0.0,0.08009189160966956,0.054712119009171445,0.03606192808111092,0.020393034210893723,True,True,True
USA,1922,0.30972999730240086,-0.012460342816451031,0.2483992265524093,0.023429394201510648,0.05772814784906874,0.0006499999999999978,0.04701104993487691,-0.06145251396648033,-0.207147878204891,0.008268141354194767,0.02104416726298236,0.0,0.05011293054771282,0.0341138500646625,0.028475802989437027,0.006161906033121056,True,True,True
USA,1923,0.259163095155268,-0.013110407298623505,0.23695445910978455,0.018854629408729333,0.053554968796981794,-0.007750000000000007,0.09038179036977917,0.017857142857143016,-0.13821222130470678,0.005345671281801526,0.011400709028498124,0.0,0.10636952742215855,0.0006953599799033872,0.010359613377432852,-0.010966900739647567,True,True,True
USA,1924,0.24207519422231336,-0.08057532923221741,0.21281921569792475,0.020354306882266728,0.0008918971285019547,0.00796666666666667,0.05329845703644578,0.0,0.1050000000000002,0.010992641195634839,0.008202151277210377,0.0,0.10790967686857011,0.004559440788462044,0.023445089492403592,0.012490057266437815,True,True,True
USA,1925,0.22434574462268586,-0.085384252679715,0.20820471527053008,0.016130010916467104,-0.01955814694666607,-0.004849999999999993,0.023200348092453305,0.023391812865497075,0.0848443268319774,0.007206202364159258,0.007848171613865208,0.0,0.07906976744186012,0.012600777637596372,0.02731983000499344,0.03440957225755975,True,True,True
USA,1926,0.2006764672830362,-0.05848662787223177,0.1743475605445762,0.015596352784049305,0.0012603462409124452,-0.01131666666666667,0.022076538568643854,0.011428571428571344,-0.006428571428571672,0.004730040353476018,0.007642961304423372,0.0,0.000605326876513379,0.01513822100382578,0.018250693056229117,0.035213629910236854,True,True,True
USA,1927,0.1919008458938901,-0.05017434832842327,0.15365082705997177,0.018375394118048498,0.010074363190632953,-0.007291666666666662,0.02735125608276818,-0.016949152542372947,-0.016949152542372947,0.008116849459913339,0.006684364059182872,0.0,-0.017241379310344862,0.033937302770454814,0.034451672221890994,0.05573357230374931,True,True,True
USA,1928,0.17907830730888558,-0.045267437313800285,0.16148553386538458,0.015958431230100198,0.026312892806365028,-0.024625,0.04336232014138208,-0.01724137931034464,-0.040633192175841715,0.009053456080565587,0.007300115297984982,0.0,0.062210123008671125,0.03599639554918438,0.04639064638141521,0.059711487086574644,True,True,True
USA,1929,0.161865086042065,-0.03881138124097119,0.14530567162997604,0.012396902175245493,0.030408496583185184,-0.04294166666666667,0.044555177284239196,0.0,-0.011428571428571344,0.007326217529362256,0.008165507689947062,0.0,0.07434966727162728,0.019012694676651842,0.033594044403718715,0.04276411759557469,True,True,True
USA,1930,0.17554566160520607,-0.016355184288684016,0.13299180129510382,0.013863723195046997,0.06365646547416373,0.003958333333333324,0.046902730725280596,-0.023391812865497186,-0.0064426603231242385,0.007703993055555555,0.008027888888494468,0.0,0.06347305389221569,0.05281770099390781,0.06811129500461194,0.0814298451571911,True,True,True
USA,1931,0.21707081395348835,0.03799250664460277,0.19687273348106363,0.001969937557687514,0.11319990380410527,0.01911666666666667,0.07425405738231144,-0.08982035928143717,-0.07257897997109253,0.00622811438022509,0.007086108321714301,0.0,0.024086378737541603,0.0513543366882917,0.07039100869900372,0.09157441637701946,True,True,True
USA,1932,0.3275126386554622,0.1656475526133972,0.3384973881570693,-0.03500774545858336,0.20422420974321578,0.012908333333333341,0.1040404608910834,-0.09868421052631582,-0.09868421052631582,-0.004334531769765801,0.0031991918886716156,0.0,-0.017217547348255202,0.056246549112962674,0.07769722058566242,0.10388330554513825,True,True,True
USA,1933,0.39403274475524475,0.21848708315003867,0.3536338683815238,-0.03315241566368227,0.1888914063430997,0.019758333333333336,0.11122482010623394,-0.05109489051094884,-0.027703077645451657,0.0013297407005633901,0.0010744411036742267,0.0,0.0285602910602909,-0.03647948397094258,-0.021166229901234512,0.003665574298753249,True,True,True
USA,1934,0.4049871407185629,0.18791632676507455,0.2579432310236886,-0.04227212204079342,0.09623747831123003,0.018174999999999997,0.06784495675601133,0.03076923076923066,0.12058959005066783,0.0033383233532934134,0.00011117742803033462,0.0,0.17986708791807393,-0.11922509351342969,-0.11093788249774517,-0.09406800666582449,True,True,True
USA,1935,0.38628388963660837,0.05877125098114616,0.21150332176072212,-0.027473828636003738,-0.011258269702488978,0.021016666666666666,0.02592920001340849,0.022388059701492713,0.12107227022780853,-0.0026265809997171375,0.0006804943513798894,0.0,0.2236286919831223,-0.14055304850766703,-0.15083343417740763,-0.14545818509621716,True,True,True
USA,1936,0.3978626972909305,0.0038299525356857433,0.2303529937967378,-0.04009578221543555,-0.08875116786067964,0.017674999999999996,0.0041897231277636705,0.014598540145985606,0.06569343065693445,-0.0014971118708004244,-0.0002617898390747157,0.0,0.1680781956713111,-0.125596726352812,-0.16162103130482314,-0.16842906435137778,True,True,True
USA,1937,0.39166251612903225,-0.013324624589530654,0.17377812826805153,-0.013514157855338075,-0.07968583104675939,0.0157,0.0013807257103129814,0.03597122302158273,0.005201992252352072,0.001161252862810877,-0.0009874800025688945,0.0,0.08728070175438574,-0.0715607296042266,-0.13169516430633166,-0.15577490684293993,True,True,True
USA,1938,0.4252258581235698,0.03894196848696141,0.1307653517515014,0.009087335031532036,-0.027274311735095272,0.013766666666666665,0.013854523388588343,-0.02083333333333337,-0.04322139303482608,0.016278963275025184,0.0053143680890118785,0.0,0.11570066030814363,-0.027997445005935095,-0.0907033311429154,-0.13318169131110885,True,True,True
USA,1939,0.43304312299465236,0.035180425703721874,0.1428552045345927,-0.020834642459140802,0.0031059612246200213,0.012225000000000001,0.021907169158290375,-0.014184397163120477,-0.028782937309106083,0.014576666630992007,0.010672294256276022,0.0,0.1452702702702704,-0.033033927393743,-0.07599735405562752,-0.14274988769839042,True,True,True
USA,1940,0.41756589893100093,0.02590338280196869,0.1233631234821472,-0.02052710198776373,2.0611528434348603e-05,0.008799999999999997,0.028074495297379112,0.007194244604316502,-0.02877697841726623,0.01829949756557401,0.0163850424905304,0.0,0.09652509652509678,-0.024346856684355517,-0.048596036225338674,-0.12156840525241638,True,True,True
USA,1941,0.378372828438949,-0.046853029684620795,0.11625219810641294,-0.03037847984360664,-0.09974617298430685,0.0107,0.0063633841862679764,0.050000000000000044,0.07083333333333341,0.010718511472519314,0.014531558556361776,0.0,0.12912912912912922,-0.036362318269224064,-0.05015603858730425,-0.11390798558907231,True,True,True
USA,1942,0.43627978915662646,0.0032366661619741,0.10439194515030352,-0.1143422692987759,-0.18699776260385992,0.011099999999999997,-0.03424592733976088,0.10884353741496611,0.12302793457808658,0.00248867142306209,0.010502226820385138,0.0,0.14959190690772206,-0.06402383847966678,-0.07801408778274369,-0.12298435708958019,True,True,True
USA,1943,0.6730482028557361,0.25548230392473514,0.12073366984915591,-0.2543591380411574,-0.24581949513882415,0.0112,-0.0521977435555,0.06134969325153383,0.05415544864721733,-0.0053179964940615705,0.0026297288005066115,0.0,0.1762598713669299,-0.08014312647729543,-0.10310760120322163,-0.1351261782179397,True,True,True
USA,1944,0.8949393900267142,0.5165665615877653,0.09642251324067583,-0.1930914840174302,-0.19911621158215434,0.011000000000000001,-0.041511423709642614,0.017341040462427904,-0.03265895953757214,-0.00523508890740353,-0.0026881379928010035,0.0,0.15696022727272707,-0.061168013367647656,-0.08802211378816385,-0.11675849447899006,True,True,True
USA,1945,1.1335766301489922,0.6972968409923658,0.09558092278534439,-0.18962865661114192,-0.08544616457709496,0.006699999999999999,-0.01710600214707815,0.022727272727272707,-0.0861162646876934,-0.002491151587451262,-0.004348078996305454,0.0,0.085874057865305,-0.028059049704585393,-0.05648142776099763,-0.08823156205719093,True,True,True
USA,1946,1.189,0.515951797144264,0.12530058766795601,-0.048397776636561404,0.0482433339976991,0.006600000000000002,-0.022933882174344625,0.08333333333333326,0.021983640081799427,0.024238029314171444,0.005503929606438884,0.0,-0.0010634068773605065,0.031249303443905502,0.004593518017326881,-0.027282768463196577,True,True,True
USA,1947,1.0759999999999998,0.18106060997328566,0.15202764160564988,0.03955352456893789,0.04330244567839937,0.008,-0.06141678321678323,0.14358974358974375,0.12624870312731584,0.03602333183770271,0.019256736521474298,0.0,-0.04651950218434375,0.05176416766687006,0.037297745397617016,0.0068705968132178885,True,True,True
USA,1948,0.96,-0.17357663014899227,0.13440742868142444,0.06332968774501946,0.002321592015488122,0.0057,-0.0800150734555392,0.07672214344354056,0.05399487071626785,0.0072613200810294825,0.02250756041096788,0.0,-0.02188598743889869,0.041442487556561436,0.045603266583907814,0.020787698862809456,True,True,True
USA,1949,0.9129999999999999,-0.27600000000000013,0.11360786883166309,0.01856263565464721,-0.03977550123004471,0.0017000000000000036,-0.0521679627141053,-0.009807998890968395,-0.09314133222430165,0.0028626479493531515,0.01538243328936178,0.0,0.047452801856320725,0.032001794741824796,0.050061311154667165,0.03524391591289261,True,True,True
USA,1950,0.9209999999999999,-0.15499999999999992,0.1526219238039703,0.00967513446287359,-0.03159420673776438,0.005500000000000001,-0.004051434718322113,0.010640159602394172,-0.13294958398734957,-0.00708742041243784,0.0010121825393149316,0.0,0.09500855242318673,0.03407381436303711,0.05889113811718219,0.061400226051004814,True,True,True
USA,1951,0.78,-0.17999999999999994,0.13158482431804092,0.03716737373527732,-0.044859603028011896,0.0033999999999999968,-0.0016478053742269815,0.07941125541125515,0.002689111967714597,0.0008705327545155283,-0.0011180799028563863,0.0,0.08630808360017839,0.01790181731028956,0.0381309342051514,0.05657296141618154,True,True,True
USA,1952,0.725,-0.18799999999999994,0.10143001904272521,0.014134877593298852,-0.06445982703297816,0.00040000000000000105,-0.012431785839594332,0.022843942505133663,0.03265194139610206,-0.00047639659063377076,-0.002231094749518694,0.0,0.07133882280925441,0.021147261616817736,0.03360919548280175,0.062408970438022016,True,True,True
USA,1953,0.695,-0.22599999999999998,0.10065105460579242,0.0013183321660354998,-0.0484858460611646,-0.004700000000000003,-0.010715388013116667,0.007590966122961174,-0.003049193479432999,-0.005007476529862442,-0.0015377801219935616,0.0,0.08590058058689998,0.015002002953911853,0.025830408037820357,0.05323957382429195,True,True,True
USA,1954,0.6990000000000001,-0.08099999999999996,0.09406477697079958,0.013832858411215215,0.005292121404262634,-0.006483299999999997,0.012667986398193701,0.003611232177324064,-0.07580002323393109,-0.0008219199127382224,-0.0021019310110781454,0.0,0.10278492626466074,0.023216853530776627,0.03513898014684913,0.05745894316091968,True,True,True
USA,1955,0.674,-0.050999999999999934,0.123411800233341,0.011949914536291868,0.004211875835522731,0.0103667,0.025290834367262253,-0.0025746014020719965,-0.02541854390720566,-0.0008108527350415296,-0.002213416392547398,0.0,0.11775386169408786,0.03803291006340914,0.0483298644438338,0.06673219813318979,True,True,True
USA,1956,0.621,-0.07399999999999995,0.11906511025681417,0.028547065177544163,0.012934619128759086,0.004524999999999998,0.026565757139084347,0.014741097807494885,0.0071501316845337115,0.0038321764848571168,0.0007331346123591216,0.0,0.10343939637044142,0.04115138628819892,0.053143836651210474,0.07193234223789238,True,True,True
USA,1957,0.586,-0.1130000000000001,0.12666927740530065,0.028572070018817,-0.0011889326367088282,0.005375000000000001,0.021110542909553387,0.033926874865916945,0.03031564268859288,0.00750149249323368,0.003507605414349756,0.0,0.10038372819971131,0.03130059616065034,0.046209226820017435,0.06455764396670172,True,True,True
USA,1958,0.59,-0.08400000000000007,0.11821882031886333,0.013809379681841689,0.016852573355451504,0.0174583,0.007835571301574706,0.02730021342186406,0.029874814823936058,-1.0390063774211447e-05,0.0037744263047721958,0.0,0.052132902443950746,0.03165194608343286,0.049287738780983525,0.06905016658992336,True,True,True
USA,1959,0.569,-0.052000000000000046,0.16230159244023015,2.53786979411523e-05,0.004058969538207308,0.010333299999999997,0.01981763506660866,0.009319906512393006,-0.005421191295101879,-0.004098502072254789,0.001130866785734893,0.0,0.04760880263094691,0.03195846595351293,0.05127750607413595,0.07233653838331339,True,True,True
USA,1960,0.5429999999999999,-0.04300000000000004,0.13108318399552607,0.022908477519744758,0.009176226425824236,0.008966700000000001,0.02398572234324085,0.014922813036020388,-0.019004061829896557,0.005199287586977444,0.00036346515031614787,0.0,0.047696400325494714,0.03168919358924299,0.048697970555779124,0.07369911058723105,True,True,True
USA,1961,0.534,-0.05599999999999994,0.1234907714487011,0.014800602862809282,0.0053416876529713,0.019225,0.027176219373483433,0.010703622331136309,-0.016596591090727753,0.006794614112164493,0.002631799875629049,0.0,0.06210566046045307,0.03361837855224936,0.04814057005327349,0.07458771372307871,True,True,True
USA,1962,0.516,-0.052999999999999936,0.12336092071370042,0.008529465166898993,0.00732842029718378,0.0126583,0.026995897738473273,0.011760771417423488,0.002440864905030482,0.005596758516428472,0.005863553405190136,0.0,0.051942475379248565,0.03306490424859093,0.048818706877517715,0.07491368295362827,True,True,True
USA,1963,0.501,-0.041999999999999926,0.11995591322987051,0.012591559372838072,0.0011322873324194627,0.008225000000000003,0.02835000228948406,0.012560599382988036,-0.0023622136530323523,0.006902491328745268,0.006431287985779411,0.0,0.05162495466086359,0.04340926575897036,0.06122870802698771,0.08575910608189646,True,True,True
USA,1964,0.47700000000000004,-0.056999999999999995,0.12137986615145678,0.011328566851114743,-0.011142044758968163,0.006866700000000003,0.029352612308459175,0.013220892274210971,0.0025172699430746626,0.009964059258393478,0.007487769701189073,0.0,0.05067756235757348,0.04317314433527214,0.06130125884725257,0.08632505987635752,True,True,True
USA,1965,0.45399999999999996,-0.062000000000000055,0.12354358523973392,0.017541673117815293,-0.013604944767442298,0.002124999999999995,0.028968859400883853,0.015786930140149424,0.0040261587227259366,0.0072882664299215,0.008051605672353416,0.0,0.04767543820856601,0.042367180863541964,0.061531191798295914,0.08793230900895987,True,True,True
USA,1966,0.42,-0.08100000000000002,0.12855706274470896,0.016132944975380308,-0.02503654494356273,-0.0018667000000000059,0.029599443739978953,0.029893746365702745,0.01733314698271471,0.003725040385338831,0.006992455357884603,0.0,0.04252949451020971,0.018498828267058565,0.03744691321867133,0.0642645868374685,True,True,True
USA,1967,0.406,-0.07100000000000001,0.1190225499171386,0.010548391809563263,-0.017091576347792944,0.008533300000000008,0.026224573706740865,0.027845502373925246,0.014624610099714275,0.0030117749936624813,0.004675027269640937,0.0,0.04076544025850026,0.01757981759682703,0.03597473289338732,0.062168646791116944,True,True,True
USA,1968,0.41,-0.043999999999999984,0.14233948543110875,-0.003600593519963273,-0.017227275915696387,-0.00014170000000000155,0.02306290331234196,0.04244694132334614,0.02666001118319672,0.0006272251876625869,0.0024546801888879663,0.0,0.04507299584722202,0.003249177030075101,0.01717101010193567,0.041908077391651866,True,True,True
USA,1969,0.37200000000000005,-0.04799999999999993,0.1351259747545189,0.028001368311270983,-0.00875710832033575,-0.015491700000000011,0.025153732939232974,0.05437125748502969,0.024477511119326945,0.0004127297651862443,0.001350576648837104,0.0,0.03834432613952998,-0.00017085976537678516,0.007798359780928632,0.030544951491021766,True,True,True
USA,1970,0.363,-0.04300000000000004,0.14848918463221616,0.024026536981060977,-0.0032631617677583713,0.0016832999999999987,0.021598269623317463,0.058836892321671774,0.030991389947746528,0.002441062775376571,0.0011603392427418007,0.0,0.01676942425770811,-0.0018547499694105962,0.0003431489730412185,0.01828624230132686,True,True,True
USA,1971,0.365,-0.044999999999999984,0.13993319664487358,0.002707609122998677,0.005086564643528309,0.014991699999999997,0.0097671139849076,0.042265608238575725,-0.00018133308477041865,-0.000841310039919303,0.0006708275002145041,0.0,0.01928451584963531,0.006191100335736277,0.00772845722155574,0.020277378825789172,True,True,True
USA,1972,0.35700000000000004,-0.015000000000000013,0.13678848948670824,0.0038976201945102353,0.00386182719353087,0.017800000000000003,0.01748932703981875,0.03272951832029625,-0.021641739164733442,-0.004112234287903308,-0.0008374938508153468,0.0,0.050853686387565045,0.029328467531957725,0.031916938965229125,0.039193325419313196,True,True,True
USA,1973,0.344,-0.019000000000000017,0.14536798410391724,0.013079205320701353,-0.019112813749725885,-0.018875000000000003,0.022564223311018414,0.06258720350807279,0.003750311186401012,0.005317895067687403,0.00012145024662159707,0.0,0.0675345435865835,0.04455119848151168,0.0499796259011282,0.05740030952285319,True,True,True
USA,1974,0.326,-0.03899999999999998,0.1446170031298081,0.020664494860575724,-0.026333708609379766,-0.029433299999999996,0.007090901584003356,0.11011067341962089,0.06784506518104516,0.0011001505912015134,0.0007686037903285361,0.0,0.016375086931506688,0.03696871300176441,0.04758453283061237,0.05541159609781543,True,True,True
USA,1975,0.336,-0.02100000000000002,0.16202462844243795,-0.004761426436164923,-0.0210043356897069,0.021675,-0.008162965284335424,0.09141601892531259,0.058686500605016345,0.01061188055818017,0.005676642072356362,0.0,-0.017912175563848054,0.0001156756618275745,0.013888135935842483,0.023908076022230773,True,True,True
USA,1976,0.35100000000000003,0.007000000000000062,0.16790697538877944,-0.012643052844553342,-0.015241365602143328,0.025708300000000003,-0.01031688996005195,0.0577488775352224,-0.004838325972850388,0.0020497359897342386,0.0045872557130386404,0.0,-0.004312024946404258,-0.011649607161806297,0.0027712284056629066,0.01387770122040699,True,True,True
USA,1977,0.348,0.021999999999999964,0.1511705936156351,4.3742894642304075e-05,-0.017317766987078986,0.0187917,0.0029048843960589876,0.06469555035128804,-0.04541512306833284,-0.007253247869898829,0.0018027895593385262,0.0,0.04574130082791039,0.002809621468427781,0.012725913082521356,0.02746910547452297,True,True,True
USA,1978,0.341,0.0050000000000000044,0.1687837183356234,0.003510118554183775,-0.0319218355894158,0.004800000000000013,0.017852141488109444,0.07629914764916124,-0.015116871276151356,-0.0066962947339235974,-0.003966602204696063,0.0,0.05373768813588775,0.012500101494184346,0.014398977560342585,0.030943038936622536,True,True,True
USA,1979,0.32299999999999995,-0.02800000000000008,0.1729579889205097,0.014998390833769136,-0.03147545103835099,-0.01747499999999999,0.015817571930884802,0.09482758620689635,0.037078708671673954,-5.964220765231981e-05,-0.004669728270491583,0.0,0.02317960475691727,0.012237783947089076,0.008826599591918116,0.022946922248396784,True,True,True
USA,1980,0.325,-0.022999999999999965,0.20579758198417364,0.011406334431336894,-0.01722205143467853,-0.0189,0.020229088131387032,0.11198600174978135,0.047290451398493305,0.0007444072338044179,-0.002003843235923833,0.0,-0.023170898650875738,-0.0052074469860579065,-0.0053598507555734365,0.0013191822655856944,True,True,True
USA,1981,0.317,-0.02400000000000002,0.2359891467245458,0.019473610865062597,0.006083705816525814,-0.02479200000000001,0.038698854893014056,0.09441384736428016,0.01811469971511892,0.0014998244488223103,0.0007281964916581362,0.0,-0.027942020140239943,-0.030159380339959352,-0.026595377712951618,-0.028466554081034712,True,True,True
USA,1982,0.34299999999999997,0.020000000000000018,0.2413676487003429,0.006319695072570644,0.04763931275135001,0.007608000000000004,0.04107864698833941,0.06038820992092031,-0.03443937628597604,-0.003471211849790761,-0.0004089933890546775,0.0,-0.01791001232836764,-0.02403394180181173,-0.02445647054919975,-0.028123369630518424,True,True,True
USA,1983,0.387,0.062,0.2600525657655663,-0.014205770825373873,0.054078672528120444,0.020150000000000015,0.0452120261026733,0.042711864406779654,-0.0692741373430017,-0.01216883257687454,-0.004713406659280997,0.0,0.003558691040415063,-0.006863013627917192,-0.013561421204554391,-0.014999535041256618,True,True,True
USA,1984,0.396,0.07900000000000001,0.29841534462393204,0.0033456216434026853,0.05016629105704354,0.02208299999999999,0.07614548064239224,0.041612483745123274,-0.05280136361915688,-0.024521418967097638,-0.013387154464587646,0.0,-0.0013456468520494091,0.01991208125581201,0.011256431524670374,0.011114798209235444,True,True,True
USA,1985,0.426,0.08300000000000002,0.26750915022210325,-0.003674916587155179,0.03079453428183876,0.025233000000000005,0.06668085565140483,0.03433208489388262,-0.02605612502703769,-0.02868301505953359,-0.02179108886783526,0.0,0.00014145571147250457,0.031589417404835785,0.026598365868394813,0.024226154663551602,True,True,True
USA,1986,0.46799999999999997,0.08099999999999996,0.21407455056146035,-0.012352630389413456,0.030582882275166492,0.008825,0.04567630753674658,0.017501508750754402,-0.025210355656025252,-0.03213665031090933,-0.028447028112513522,0.0,0.005227250975267994,0.0422678853468641,0.04788236858416406,0.0440077302136499,True,True,True
USA,1987,0.49200000000000005,0.09600000000000003,0.23443899286425524,0.010411111330193616,0.03258405549737718,0.017241699999999985,0.05509685245455555,0.03440094899169632,-0.007211534753426951,-0.033087515176979804,-0.031302393515807575,0.0,-0.009475109038953655,0.03704922769724328,0.051897921540603686,0.051237232334063854,True,True,True
USA,1988,0.506,0.08000000000000002,0.2577789755695564,0.015125633147745184,0.024968101392118268,0.012758299999999986,0.059116196348846725,0.03612385321100908,0.0017917683171264631,-0.023156580866611997,-0.02946024878483371,0.0,-0.021508392817818134,0.02178664347303305,0.03990845126573905,0.04755737615027522,True,True,True
USA,1989,0.516,0.04800000000000004,0.24963630158003194,0.016799644255895706,0.018787283086368498,-0.007108300000000026,0.04691047558009796,0.043718871057000674,0.026217362306246272,-0.0176379666689119,-0.02462735423750123,0.0,-0.03717356740031563,-0.007986461847797943,0.006989453129607748,0.02197966970885712,True,True,True
USA,1990,0.544,0.05199999999999999,0.2687684515532609,0.009445143992497948,0.02118332122119461,0.004500000000000004,0.04244885507786029,0.049310710498409405,0.014909761506713082,-0.013239995545973734,-0.01801151436049921,0.0,-0.03687365991560021,-0.032629996651216686,-0.024115946590916204,-0.005958551325945138,True,True,True
USA,1991,0.591,0.08499999999999996,0.2710934383136193,0.0027219833003837013,0.034564270744179657,0.02168329999999999,0.03544610244262148,0.036382011116725455,0.00025815790571637187,0.0004629652935169107,-0.010138332307122909,0.0,-0.024709429498092517,-0.054336886623464586,-0.05599039358583946,-0.04256154589071537,True,True,True
USA,1992,0.624,0.10799999999999998,0.2613752389689225,-0.0007831276307461166,0.03777572690639386,0.034899999999999994,0.03324711977366459,0.024865919063871367,-0.018852951993129308,-0.007914480362718005,-0.006897170205058276,0.0,0.013524627729133654,-0.0670463655248057,-0.08123578832811928,-0.07652153610821233,True,True,True
USA,1993,0.642,0.09799999999999998,0.2240375538865159,0.0005193752401980514,0.033816699271615874,0.0285333,0.029912629330857195,0.025214081826831602,-0.024096628671577802,-0.012361605404283901,-0.0066043734911616645,0.0,0.022769112669926983,-0.04713666381642062,-0.0706696230262302,-0.07761993076379009,True,True,True
USA,1994,0.647,0.05600000000000005,0.26523105804034114,0.01792514909543208,0.021229859161003874,0.028700000000000003,0.0471461095252181,0.02088167053364276,-0.015500340583082695,-0.01669247434829886,-0.012322853371766923,0.0,0.014839676348627817,-0.025321782683142613,-0.051678110223523255,-0.06959699647298506,True,True,True
USA,1995,0.6509999999999999,0.026999999999999913,0.24208994016393076,0.021375409089251486,0.022263797058755835,0.0075,0.04240444618287216,0.024090909090909163,-0.000775009972962204,-0.01486449358480233,-0.014639524445795032,0.0,-0.007065131561633353,-0.003789809287551793,-0.027086460679939195,-0.054169237678708015,True,True,True
USA,1996,0.652,0.010000000000000009,0.23322810775106975,0.028670668132107422,0.02019486987049194,0.011383299999999992,0.04051538730668505,0.026631158455392878,0.0014170766285612757,-0.015449661233906783,-0.015668876389002658,0.0,0.008271510655736503,0.0029521331574622334,-0.013386369933850173,-0.0437292635457634,True,True,True
USA,1997,0.635,-0.01200000000000001,0.21909669330282064,0.037787064323014305,0.01627390431292846,0.008924999999999995,0.03941199492223714,0.02161694768698652,0.0007352771533437608,-0.01640619608018698,-0.01557345029963203,0.0,0.033040864543948834,0.005408128564870329,-0.00014654343603837106,-0.02850606375434439,True,True,True
USA,1998,0.613,-0.03799999999999992,0.16985918996440533,0.03991268094887447,0.009346156026369457,-0.0008582999999999993,0.03204496212238078,0.013542107490478239,-0.010548801600430924,-0.02372739072189144,-0.0185277493453284,0.0,0.06660809721086425,0.013464055492926175,0.015446824029366701,-0.005117364844399841,True,True,True
USA,1999,0.591,-0.061000000000000054,0.17556765702991925,0.04635470823725391,0.004785510454272203,0.006666700000000005,0.03754889385525007,0.02129436325678502,-0.005336795198607858,-0.029759739180995098,-0.023297775327691173,0.0,0.07766173978024948,0.013457594195872447,0.017844273878293848,0.008313959435970575,True,True,True
USA,2000,0.556,-0.07899999999999996,0.16968074640130237,0.05656783928252853,0.0002460913670561671,-0.0021083000000000074,0.03736855916492148,0.033932951757972285,0.012316004070985764,-0.03920866256950541,-0.03089859749079732,0.0,0.08214157104226838,0.016029069210757807,0.02101170610303399,0.02106671925050002,True,True,True
USA,2001,0.5479999999999999,-0.06500000000000006,0.1461310303694172,0.03961432863757927,0.004774034598732296,0.011374999999999996,0.02227597803185428,0.028469750889679846,0.014927643399201607,-0.03724085466693127,-0.03540308547247726,0.0,0.0444778072625176,0.019905941920301595,0.026380936605712668,0.03283145226852491,True,True,True
USA,2002,0.5720000000000001,-0.018999999999999906,0.15554363560751075,0.011939273198631178,0.012601049710472219,0.0294083,0.020053009780014976,0.01576316801230293,-0.00553119524448209,-0.04173344557191351,-0.03939432093611673,0.0,0.029677879309913502,0.025647610420262867,0.034933210150420835,0.04375616990606013,True,True,True
USA,2003,0.599,0.04299999999999993,0.15458954287796647,-0.008908296030637614,0.014247851477784328,0.02885,0.017835670989270948,0.022710068130204375,-0.01122288362776791,-0.045589577968838654,-0.04152129273589448,0.0,0.013766962439791142,0.03162606975126914,0.04215753502411956,0.05360228606147166,True,True,True
USA,2004,0.612,0.06400000000000006,0.16997721686604111,-0.007624533844835135,0.003933231579027918,0.0292417,0.02091161314371397,0.02701702442635079,-0.001452726463329057,-0.05204850538584945,-0.046457176308867205,0.0,0.031129552343755362,0.042842944242046155,0.0555721549102659,0.07042486996566977,True,True,True
USA,2005,0.616,0.04399999999999993,0.16000062912011503,0.0020118653659733712,-0.007540961717943141,0.010700000000000001,0.015033011189857028,0.03387387387387375,0.01811070586157082,-0.057459813485489904,-0.051699298946726,0.0,0.021495446312193245,0.040485973964019095,0.0564407116804162,0.07428372189048205,True,True,True
USA,2006,0.62,0.02100000000000002,0.17052807424184696,0.0117445304961348,-0.008273198390950781,-0.0017832999999999946,0.01681457530808132,0.0324154757755315,0.009705407645327124,-0.05911013636758447,-0.05620615174630794,0.0,0.02323702151315321,0.032453472591097876,0.05052290759093603,0.07091849515061521,True,True,True
USA,2007,0.626,0.014000000000000012,0.16333511017846292,0.017876021673850027,-0.002178495554403817,-0.0039082999999999896,0.014742177868384158,0.028359216745442284,0.0013421923190914953,-0.05088737201365187,-0.055819107288908744,0.0,0.023679401631091723,0.029453968351945692,0.04827364823405533,0.07095396618942951,True,True,True
USA,2008,0.677,0.061000000000000054,0.1452614071553385,-0.006223096682617342,0.0059696560156537945,0.017466699999999998,0.003604792206293929,0.03841103086014441,0.004537156986270663,-0.04715847771481188,-0.05238532869868274,0.0,0.016110430290951827,0.02340415691690423,0.04161573099334426,0.06648710924961976,True,True,True
USA,2009,0.823,0.20299999999999996,0.18434668400604945,-0.07077173510203619,0.03295106712824353,0.030966700000000003,0.011469187809414028,-0.0034777110338287676,-0.03589318680936027,-0.026228303437605762,-0.04142471772202317,0.0,0.016050486540099662,-0.0062651482095017474,0.006738700504278605,0.0308813804632716,True,True,True
USA,2010,0.912,0.28600000000000003,0.203973542538653,-0.05669733508607881,0.028722324843017642,0.030341700000000003,0.014998106081583463,0.016497461928933976,-0.011861754816508308,-0.02870635922652668,-0.03403104679298144,0.0,0.009266993194433581,-0.01590650624359169,-0.009250539833286164,0.01197104449565023,True,True,True
USA,2011,0.958,0.2809999999999999,0.180740117442402,-0.0566204019715392,0.020802707911518024,0.026858299999999998,0.013010684325018984,0.031523096129837835,-0.0068879347303065774,-0.029186266402559023,-0.028040309688897157,0.0,0.016220320819586798,-0.02054563774019247,-0.018673426420407035,-0.0035082850812803157,True,True,True
USA,2012,1.0,0.17700000000000005,0.11958358571552187,-0.048848569582871926,-0.011941542791924501,0.016625,-0.005041862771985959,0.021180030257186067,0.024657741291014834,-0.02572363725852098,-0.027872087629202225,0.0,0.011635635056991722,-0.01836079417924774,-0.022170789178686867,-0.013891742872838009,True,True,True
USA,2013,1.0070000000000001,0.09500000000000008,0.14367995838349787,-0.01667244445533389,-0.011414425097340069,0.022408300000000003,0.00100231959938709,0.014814814814814836,-0.0016826471141191401,-0.020153830626009308,-0.025021244762363105,0.0,-0.004528168712690128,-0.011354557131751153,-0.021536760461815185,-0.01985608123370397,True,True,True
USA,2014,1.026,0.06800000000000006,0.1514248847554199,-0.001544022701943544,-0.009767054543391794,0.0245083333333333,0.007765282786218658,0.016934306569343027,-0.014588789560494808,-0.02108052670263864,-0.022319331529056307,0.0,0.012742019709184316,0.00019221237428757032,-0.00894685025335129,-0.012775643291929706,True,True,True
USA,2015,1.001,0.0009999999999998899,0.1197699260023213,-0.0027006148667483264,-0.0034422354030370743,0.02005833,0.010201071910132881,0.0017226528854434875,-0.01945737737174258,-0.022458749862682634,-0.02123103573044353,0.0,0.032511873186800155,0.0166402769270797,0.012896988545091248,0.00457847758178298,True,True,True
USA,2016,1.052,0.04499999999999993,0.11083519655086914,-0.01189862050721448,-0.0038205101966221483,0.0145166667,0.007898454075776265,0.012897678417884695,-0.0019171363969301414,-0.021266160651721575,-0.02160181240568095,0.0,0.03780243724702337,0.031078261297565968,0.03216860676616873,0.024819550122348044,True,True,True
USA,2017,1.046,0.020000000000000018,0.14316250292655833,-0.009789373740733912,-0.006258471320273778,0.013300000000000001,0.01125809745086194,0.021505376344086002,0.004571069774742975,-0.018568245754532947,-0.02076438542297905,0.0,0.03202736735885181,0.025182462026520414,0.031046390901055654,0.027661562573015663,True,True,True
USA,2018,1.054,0.05300000000000016,0.18907373751879555,-0.007284921368720512,-0.012750284428974735,0.0108,0.009506737978696708,0.02437673130193918,0.022654078416495693,-0.021349282902685215,-0.02039456310297991,0.0,0.013692691185449135,0.010609518573108434,0.02041257865477597,0.022924124000904933,True,True,True
USA,2019,1.068,0.016000000000000014,0.14131526582434187,-0.023121463728958767,-0.01644684590390983,-0.00015833000000000166,0.00010833359518646474,0.018117901568415418,0.005220223150530723,-0.022091135378943135,-0.020669554678720434,0.0,0.028109678411629258,0.00704347092028712,0.018758400405149978,0.02572792886686348,True,True,True
USA,2020,1.281,0.23499999999999988,0.06995347420679882,-0.13831498644451293,-5.014982135535112e-05,0.005241666000000001,-0.009384344868250141,0.012483399734395828,-0.009021976609690174,-0.02948673523598022,-0.024309051172536192,0.0,0.06659783089494353,0.054472137284202304,0.06775481946506712,0.08150379420205345,True,True,True
