country,year,y,outcome_closed,p,fold,model,train_end,grid,spec
Australia,1952,0,True,0.02679816093635072,1950|1951-1955,M1,1950,original,E0_full_drop_onset
Australia,1953,0,True,0.02678658592736321,1950|1951-1955,M1,1950,original,E0_full_drop_onset
Australia,1954,0,True,0.04073716354534501,1950|1951-1955,M1,1950,original,E0_full_drop_onset
Australia,1955,0,True,0.04519932365330687,1950|1951-1955,M1,1950,original,E0_full_drop_onset
Belgium,1954,0,True,0.03455049455497233,1950|1951-1955,M1,1950,original,E0_full_drop_onset
Belgium,1955,0,True,0.02125472305296208,1950|1951-1955,M1,1950,original,E0_full_drop_onset
Canada,1951,0,True,0.013126599343077772,1950|1951-1955,M1,1950,original,E0_full_drop_onset
Canada,1952,0,True,0.006311416673068716,1950|1951-1955,M1,1950,original,E0_full_drop_onset
Canada,1953,0,True,0.008756866182202153,1950|1951-1955,M1,1950,original,E0_full_drop_onset
Canada,1954,0,True,0.021068256424935424,1950|1951-1955,M1,1950,original,E0_full_drop_onset
Canada,1955,0,True,0.02581861423477649,1950|1951-1955,M1,1950,original,E0_full_drop_onset
Finland,1951,0,True,0.003093068635029393,1950|1951-1955,M1,1950,original,E0_full_drop_onset
Finland,1952,0,True,0.0036872739548095756,1950|1951-1955,M1,1950,original,E0_full_drop_onset
Finland,1953,0,True,0.005009042533558359,1950|1951-1955,M1,1950,original,E0_full_drop_onset
Finland,1954,0,True,0.0038594675453421804,1950|1951-1955,M1,1950,original,E0_full_drop_onset
Finland,1955,0,True,0.004618882432070307,1950|1951-1955,M1,1950,original,E0_full_drop_onset
France,1952,0,True,0.4037782303458297,1950|1951-1955,M1,1950,original,E0_full_drop_onset
France,1953,0,True,0.1680836674895935,1950|1951-1955,M1,1950,original,E0_full_drop_onset
France,1954,0,True,0.10695463366305892,1950|1951-1955,M1,1950,original,E0_full_drop_onset
France,1955,0,True,0.09750281083657215,1950|1951-1955,M1,1950,original,E0_full_drop_onset
Germany,1954,0,True,0.05102038277118703,1950|1951-1955,M1,1950,original,E0_full_drop_onset
Germany,1955,0,True,0.05039309931501604,1950|1951-1955,M1,1950,original,E0_full_drop_onset
Ireland,1951,0,True,0.999999,1950|1951-1955,M1,1950,original,E0_full_drop_onset
Ireland,1952,0,True,0.9943738053203536,1950|1951-1955,M1,1950,original,E0_full_drop_onset
Ireland,1953,0,True,8.490775772506194e-06,1950|1951-1955,M1,1950,original,E0_full_drop_onset
Ireland,1954,0,True,0.9077907532495234,1950|1951-1955,M1,1950,original,E0_full_drop_onset
Ireland,1955,0,True,0.9896483122221281,1950|1951-1955,M1,1950,original,E0_full_drop_onset
Italy,1951,0,True,0.1196808375933751,1950|1951-1955,M1,1950,original,E0_full_drop_onset
Italy,1952,0,True,0.07638884676148017,1950|1951-1955,M1,1950,original,E0_full_drop_onset
Italy,1953,0,True,0.05969927413924178,1950|1951-1955,M1,1950,original,E0_full_drop_onset
Italy,1954,0,True,0.06290546488357582,1950|1951-1955,M1,1950,original,E0_full_drop_onset
Italy,1955,0,True,0.062006751108789955,1950|1951-1955,M1,1950,original,E0_full_drop_onset
Norway,1951,0,True,0.0032828637286286123,1950|1951-1955,M1,1950,original,E0_full_drop_onset
Norway,1952,0,True,0.008181544251965961,1950|1951-1955,M1,1950,original,E0_full_drop_onset
Norway,1953,0,True,0.016130211499897427,1950|1951-1955,M1,1950,original,E0_full_drop_onset
Norway,1954,0,True,0.0348663994820732,1950|1951-1955,M1,1950,original,E0_full_drop_onset
Norway,1955,0,True,0.07966970176700937,1950|1951-1955,M1,1950,original,E0_full_drop_onset
Portugal,1951,0,True,0.08570489996854616,1950|1951-1955,M1,1950,original,E0_full_drop_onset
Portugal,1952,0,True,0.1035955749948554,1950|1951-1955,M1,1950,original,E0_full_drop_onset
Portugal,1953,0,True,0.0790159589709681,1950|1951-1955,M1,1950,original,E0_full_drop_onset
Portugal,1954,0,True,0.061044644913174274,1950|1951-1955,M1,1950,original,E0_full_drop_onset
Portugal,1955,0,True,0.026135031207571612,1950|1951-1955,M1,1950,original,E0_full_drop_onset
Spain,1953,0,True,0.008873551427200798,1950|1951-1955,M1,1950,original,E0_full_drop_onset
Spain,1954,0,True,0.050354081871537136,1950|1951-1955,M1,1950,original,E0_full_drop_onset
Spain,1955,0,True,0.0013372150880360339,1950|1951-1955,M1,1950,original,E0_full_drop_onset
Sweden,1951,0,True,0.02900344214086993,1950|1951-1955,M1,1950,original,E0_full_drop_onset
Sweden,1952,0,True,0.016858907880769415,1950|1951-1955,M1,1950,original,E0_full_drop_onset
Sweden,1953,0,True,0.02139804963345333,1950|1951-1955,M1,1950,original,E0_full_drop_onset
Sweden,1954,0,True,0.038471826685569435,1950|1951-1955,M1,1950,original,E0_full_drop_onset
Sweden,1955,0,True,0.05544716107974583,1950|1951-1955,M1,1950,original,E0_full_drop_onset
Switzerland,1951,0,True,0.009788208082231154,1950|1951-1955,M1,1950,original,E0_full_drop_onset
Switzerland,1952,0,True,0.013222572576629038,1950|1951-1955,M1,1950,original,E0_full_drop_onset
Switzerland,1953,0,True,0.01439709687240039,1950|1951-1955,M1,1950,original,E0_full_drop_onset
Switzerland,1954,0,True,0.014876667793262102,1950|1951-1955,M1,1950,original,E0_full_drop_onset
Switzerland,1955,0,True,0.007582242460693167,1950|1951-1955,M1,1950,original,E0_full_drop_onset
UK,1953,0,True,0.006772522879025749,1950|1951-1955,M1,1950,original,E0_full_drop_onset
UK,1954,0,True,0.006697994648548197,1950|1951-1955,M1,1950,original,E0_full_drop_onset
UK,1955,0,True,0.015622494797492241,1950|1951-1955,M1,1950,original,E0_full_drop_onset
Australia,1952,0,True,1e-06,1950|1951-1955,M2,1950,original,E0_full_drop_onset
Australia,1953,0,True,1e-06,1950|1951-1955,M2,1950,original,E0_full_drop_onset
Australia,1954,0,True,1e-06,1950|1951-1955,M2,1950,original,E0_full_drop_onset
Australia,1955,0,True,1e-06,1950|1951-1955,M2,1950,original,E0_full_drop_onset
Belgium,1954,0,True,0.15093466252987062,1950|1951-1955,M2,1950,original,E0_full_drop_onset
Belgium,1955,0,True,0.14424124307429506,1950|1951-1955,M2,1950,original,E0_full_drop_onset
Canada,1951,0,True,1e-06,1950|1951-1955,M2,1950,original,E0_full_drop_onset
Canada,1952,0,True,1e-06,1950|1951-1955,M2,1950,original,E0_full_drop_onset
Canada,1953,0,True,1e-06,1950|1951-1955,M2,1950,original,E0_full_drop_onset
Canada,1954,0,True,1e-06,1950|1951-1955,M2,1950,original,E0_full_drop_onset
Canada,1955,0,True,1e-06,1950|1951-1955,M2,1950,original,E0_full_drop_onset
Finland,1951,0,True,1e-06,1950|1951-1955,M2,1950,original,E0_full_drop_onset
Finland,1952,0,True,1e-06,1950|1951-1955,M2,1950,original,E0_full_drop_onset
Finland,1953,0,True,1e-06,1950|1951-1955,M2,1950,original,E0_full_drop_onset
Finland,1954,0,True,1e-06,1950|1951-1955,M2,1950,original,E0_full_drop_onset
Finland,1955,0,True,1e-06,1950|1951-1955,M2,1950,original,E0_full_drop_onset
France,1952,0,True,0.18993547371501754,1950|1951-1955,M2,1950,original,E0_full_drop_onset
France,1953,0,True,0.19409279202861385,1950|1951-1955,M2,1950,original,E0_full_drop_onset
France,1954,0,True,0.1928560144059593,1950|1951-1955,M2,1950,original,E0_full_drop_onset
France,1955,0,True,0.19071095899987414,1950|1951-1955,M2,1950,original,E0_full_drop_onset
Germany,1954,0,True,0.018485576625446906,1950|1951-1955,M2,1950,original,E0_full_drop_onset
Germany,1955,0,True,0.01667383280688105,1950|1951-1955,M2,1950,original,E0_full_drop_onset
Ireland,1951,0,True,1e-06,1950|1951-1955,M2,1950,original,E0_full_drop_onset
Ireland,1952,0,True,1e-06,1950|1951-1955,M2,1950,original,E0_full_drop_onset
Ireland,1953,0,True,1e-06,1950|1951-1955,M2,1950,original,E0_full_drop_onset
Ireland,1954,0,True,1e-06,1950|1951-1955,M2,1950,original,E0_full_drop_onset
Ireland,1955,0,True,1e-06,1950|1951-1955,M2,1950,original,E0_full_drop_onset
Italy,1951,0,True,0.022367425114344596,1950|1951-1955,M2,1950,original,E0_full_drop_onset
Italy,1952,0,True,0.02336168231392359,1950|1951-1955,M2,1950,original,E0_full_drop_onset
Italy,1953,0,True,0.023749910314784652,1950|1951-1955,M2,1950,original,E0_full_drop_onset
Italy,1954,0,True,0.02462703768775853,1950|1951-1955,M2,1950,original,E0_full_drop_onset
Italy,1955,0,True,0.024540295771250508,1950|1951-1955,M2,1950,original,E0_full_drop_onset
Norway,1951,0,True,1e-06,1950|1951-1955,M2,1950,original,E0_full_drop_onset
Norway,1952,0,True,1e-06,1950|1951-1955,M2,1950,original,E0_full_drop_onset
Norway,1953,0,True,1e-06,1950|1951-1955,M2,1950,original,E0_full_drop_onset
Norway,1954,0,True,1e-06,1950|1951-1955,M2,1950,original,E0_full_drop_onset
Norway,1955,0,True,1e-06,1950|1951-1955,M2,1950,original,E0_full_drop_onset
Portugal,1951,0,True,0.030599883488681073,1950|1951-1955,M2,1950,original,E0_full_drop_onset
Portugal,1952,0,True,0.030394512578669222,1950|1951-1955,M2,1950,original,E0_full_drop_onset
Portugal,1953,0,True,0.030287466745967894,1950|1951-1955,M2,1950,original,E0_full_drop_onset
Portugal,1954,0,True,0.030092652795262662,1950|1951-1955,M2,1950,original,E0_full_drop_onset
Portugal,1955,0,True,0.0294380308787052,1950|1951-1955,M2,1950,original,E0_full_drop_onset
Spain,1953,0,True,0.03572329717939407,1950|1951-1955,M2,1950,original,E0_full_drop_onset
Spain,1954,0,True,0.030757184974520926,1950|1951-1955,M2,1950,original,E0_full_drop_onset
Spain,1955,0,True,0.030490768422311944,1950|1951-1955,M2,1950,original,E0_full_drop_onset
Sweden,1951,0,True,1e-06,1950|1951-1955,M2,1950,original,E0_full_drop_onset
Sweden,1952,0,True,1e-06,1950|1951-1955,M2,1950,original,E0_full_drop_onset
Sweden,1953,0,True,1e-06,1950|1951-1955,M2,1950,original,E0_full_drop_onset
Sweden,1954,0,True,1e-06,1950|1951-1955,M2,1950,original,E0_full_drop_onset
Sweden,1955,0,True,1e-06,1950|1951-1955,M2,1950,original,E0_full_drop_onset
Switzerland,1951,0,True,1e-06,1950|1951-1955,M2,1950,original,E0_full_drop_onset
Switzerland,1952,0,True,1e-06,1950|1951-1955,M2,1950,original,E0_full_drop_onset
Switzerland,1953,0,True,1e-06,1950|1951-1955,M2,1950,original,E0_full_drop_onset
Switzerland,1954,0,True,1e-06,1950|1951-1955,M2,1950,original,E0_full_drop_onset
Switzerland,1955,0,True,1e-06,1950|1951-1955,M2,1950,original,E0_full_drop_onset
UK,1953,0,True,0.15065160220632426,1950|1951-1955,M2,1950,original,E0_full_drop_onset
UK,1954,0,True,0.14451570542110573,1950|1951-1955,M2,1950,original,E0_full_drop_onset
UK,1955,0,True,0.13636814825792856,1950|1951-1955,M2,1950,original,E0_full_drop_onset
USA,1953,0,True,0.10703107591256036,1950|1951-1955,M2,1950,original,E0_full_drop_onset
USA,1954,0,True,0.10786480309143757,1950|1951-1955,M2,1950,original,E0_full_drop_onset
USA,1955,0,True,0.10274652293872558,1950|1951-1955,M2,1950,original,E0_full_drop_onset
Australia,1961,0,True,0.011801571412291566,1960|1961-1965,M1,1960,original,E0_full_drop_onset
Australia,1962,0,True,0.005302137736489986,1960|1961-1965,M1,1960,original,E0_full_drop_onset
Australia,1963,0,True,0.004976095168820284,1960|1961-1965,M1,1960,original,E0_full_drop_onset
Australia,1964,0,True,0.006498278010947441,1960|1961-1965,M1,1960,original,E0_full_drop_onset
Australia,1965,0,True,0.010566834024934371,1960|1961-1965,M1,1960,original,E0_full_drop_onset
Belgium,1961,0,True,0.007875401449446644,1960|1961-1965,M1,1960,original,E0_full_drop_onset
Belgium,1962,0,True,0.010514808768804538,1960|1961-1965,M1,1960,original,E0_full_drop_onset
Belgium,1963,0,True,0.017139933053795693,1960|1961-1965,M1,1960,original,E0_full_drop_onset
Belgium,1964,0,True,0.002193807828759678,1960|1961-1965,M1,1960,original,E0_full_drop_onset
Belgium,1965,0,True,0.0039678037322951965,1960|1961-1965,M1,1960,original,E0_full_drop_onset
Canada,1961,0,True,0.0007603639195512341,1960|1961-1965,M1,1960,original,E0_full_drop_onset
Canada,1962,0,True,0.0050943143262786265,1960|1961-1965,M1,1960,original,E0_full_drop_onset
Canada,1963,0,True,0.0016807209668903548,1960|1961-1965,M1,1960,original,E0_full_drop_onset
Canada,1964,0,True,0.0013665129474295795,1960|1961-1965,M1,1960,original,E0_full_drop_onset
Canada,1965,0,True,0.0010943726402358309,1960|1961-1965,M1,1960,original,E0_full_drop_onset
Denmark,1963,0,True,0.0008956275231510519,1960|1961-1965,M1,1960,original,E0_full_drop_onset
Denmark,1964,0,True,0.0008818172390423069,1960|1961-1965,M1,1960,original,E0_full_drop_onset
Denmark,1965,0,True,0.0004314863770366032,1960|1961-1965,M1,1960,original,E0_full_drop_onset
Finland,1961,0,True,4.069719646872867e-06,1960|1961-1965,M1,1960,original,E0_full_drop_onset
Finland,1962,0,True,0.0011522254896418394,1960|1961-1965,M1,1960,original,E0_full_drop_onset
Finland,1963,0,True,0.003908378819054539,1960|1961-1965,M1,1960,original,E0_full_drop_onset
Finland,1964,0,True,0.0016347414957266673,1960|1961-1965,M1,1960,original,E0_full_drop_onset
Finland,1965,0,True,0.006158133157036065,1960|1961-1965,M1,1960,original,E0_full_drop_onset
France,1961,0,True,0.016774722365318278,1960|1961-1965,M1,1960,original,E0_full_drop_onset
France,1962,0,True,0.027380304471807882,1960|1961-1965,M1,1960,original,E0_full_drop_onset
France,1963,0,True,0.18910970000073862,1960|1961-1965,M1,1960,original,E0_full_drop_onset
France,1964,0,True,0.15988510880080276,1960|1961-1965,M1,1960,original,E0_full_drop_onset
France,1965,0,True,0.08406544556672034,1960|1961-1965,M1,1960,original,E0_full_drop_onset
Germany,1961,0,True,0.0001653873943684843,1960|1961-1965,M1,1960,original,E0_full_drop_onset
Germany,1962,0,True,0.00011628280477898967,1960|1961-1965,M1,1960,original,E0_full_drop_onset
Germany,1963,0,True,0.00036729428314268,1960|1961-1965,M1,1960,original,E0_full_drop_onset
Germany,1964,0,True,0.0008100685553081696,1960|1961-1965,M1,1960,original,E0_full_drop_onset
Germany,1965,0,True,0.0006691156511200851,1960|1961-1965,M1,1960,original,E0_full_drop_onset
Ireland,1961,0,True,0.031253353837956285,1960|1961-1965,M1,1960,original,E0_full_drop_onset
Ireland,1962,0,True,0.011982468461705184,1960|1961-1965,M1,1960,original,E0_full_drop_onset
Ireland,1963,0,True,0.005583092988571225,1960|1961-1965,M1,1960,original,E0_full_drop_onset
Ireland,1964,0,True,0.06470819093092839,1960|1961-1965,M1,1960,original,E0_full_drop_onset
Ireland,1965,0,True,0.02148300382401383,1960|1961-1965,M1,1960,original,E0_full_drop_onset
Italy,1961,0,True,0.007085167502712127,1960|1961-1965,M1,1960,original,E0_full_drop_onset
Italy,1962,0,True,0.003911301921679067,1960|1961-1965,M1,1960,original,E0_full_drop_onset
Italy,1963,0,True,0.0011447843890502434,1960|1961-1965,M1,1960,original,E0_full_drop_onset
Italy,1964,0,True,0.001124360908600756,1960|1961-1965,M1,1960,original,E0_full_drop_onset
Italy,1965,0,True,0.0044822172699080665,1960|1961-1965,M1,1960,original,E0_full_drop_onset
Japan,1961,0,True,3.406386911984833e-06,1960|1961-1965,M1,1960,original,E0_full_drop_onset
Japan,1962,0,True,0.0001097832915610905,1960|1961-1965,M1,1960,original,E0_full_drop_onset
Japan,1963,0,True,4.379147794881587e-05,1960|1961-1965,M1,1960,original,E0_full_drop_onset
Japan,1964,0,True,0.0018215551641132808,1960|1961-1965,M1,1960,original,E0_full_drop_onset
Japan,1965,0,True,0.0003448442415004845,1960|1961-1965,M1,1960,original,E0_full_drop_onset
Netherlands,1963,0,True,0.29799728521608604,1960|1961-1965,M1,1960,original,E0_full_drop_onset
Netherlands,1964,0,True,0.30501102019250176,1960|1961-1965,M1,1960,original,E0_full_drop_onset
Netherlands,1965,0,True,0.27036071230308106,1960|1961-1965,M1,1960,original,E0_full_drop_onset
Norway,1961,0,True,0.00016581674406006223,1960|1961-1965,M1,1960,original,E0_full_drop_onset
Norway,1962,0,True,0.00019820935532636504,1960|1961-1965,M1,1960,original,E0_full_drop_onset
Norway,1963,0,True,0.00014320046305513822,1960|1961-1965,M1,1960,original,E0_full_drop_onset
Norway,1964,0,True,0.00014364626590143408,1960|1961-1965,M1,1960,original,E0_full_drop_onset
Norway,1965,0,True,0.000428426192241737,1960|1961-1965,M1,1960,original,E0_full_drop_onset
Portugal,1961,0,True,0.004376182752619277,1960|1961-1965,M1,1960,original,E0_full_drop_onset
Portugal,1962,0,True,0.016405851820982115,1960|1961-1965,M1,1960,original,E0_full_drop_onset
Portugal,1963,0,True,0.007333575191130587,1960|1961-1965,M1,1960,original,E0_full_drop_onset
Portugal,1964,0,True,0.0041133328422113,1960|1961-1965,M1,1960,original,E0_full_drop_onset
Portugal,1965,0,True,0.004381273247505834,1960|1961-1965,M1,1960,original,E0_full_drop_onset
Spain,1961,0,True,0.011691326544367272,1960|1961-1965,M1,1960,original,E0_full_drop_onset
Spain,1962,0,True,0.007293587395546273,1960|1961-1965,M1,1960,original,E0_full_drop_onset
Spain,1963,0,True,0.009494028944891583,1960|1961-1965,M1,1960,original,E0_full_drop_onset
Spain,1964,0,True,0.004119362503450927,1960|1961-1965,M1,1960,original,E0_full_drop_onset
Spain,1965,0,True,0.0012895256956316323,1960|1961-1965,M1,1960,original,E0_full_drop_onset
Sweden,1961,0,True,0.002681916325830278,1960|1961-1965,M1,1960,original,E0_full_drop_onset
Sweden,1962,0,True,0.0002879504292958803,1960|1961-1965,M1,1960,original,E0_full_drop_onset
Sweden,1963,0,True,0.00011139552609626323,1960|1961-1965,M1,1960,original,E0_full_drop_onset
Sweden,1964,0,True,0.00011572063453538284,1960|1961-1965,M1,1960,original,E0_full_drop_onset
Sweden,1965,0,True,0.00019643282941287098,1960|1961-1965,M1,1960,original,E0_full_drop_onset
Switzerland,1961,0,True,0.008798253485301052,1960|1961-1965,M1,1960,original,E0_full_drop_onset
Switzerland,1962,0,True,0.007650206142394003,1960|1961-1965,M1,1960,original,E0_full_drop_onset
Switzerland,1963,0,True,0.008063588134340471,1960|1961-1965,M1,1960,original,E0_full_drop_onset
Switzerland,1964,0,True,0.0038752020471173525,1960|1961-1965,M1,1960,original,E0_full_drop_onset
Switzerland,1965,0,True,0.005640266969034837,1960|1961-1965,M1,1960,original,E0_full_drop_onset
UK,1961,0,True,0.010228363262901944,1960|1961-1965,M1,1960,original,E0_full_drop_onset
UK,1962,0,True,0.0053403262125243135,1960|1961-1965,M1,1960,original,E0_full_drop_onset
UK,1963,0,True,0.005466379404273346,1960|1961-1965,M1,1960,original,E0_full_drop_onset
UK,1964,0,True,0.004879463775372384,1960|1961-1965,M1,1960,original,E0_full_drop_onset
UK,1965,0,True,0.013751029638796855,1960|1961-1965,M1,1960,original,E0_full_drop_onset
Australia,1961,0,True,1e-06,1960|1961-1965,M2,1960,original,E0_full_drop_onset
Australia,1962,0,True,1e-06,1960|1961-1965,M2,1960,original,E0_full_drop_onset
Australia,1963,0,True,1e-06,1960|1961-1965,M2,1960,original,E0_full_drop_onset
Australia,1964,0,True,1e-06,1960|1961-1965,M2,1960,original,E0_full_drop_onset
Australia,1965,0,True,1e-06,1960|1961-1965,M2,1960,original,E0_full_drop_onset
Belgium,1961,0,True,0.13574181779349231,1960|1961-1965,M2,1960,original,E0_full_drop_onset
Belgium,1962,0,True,0.11894666222196432,1960|1961-1965,M2,1960,original,E0_full_drop_onset
Belgium,1963,0,True,0.11134410352580575,1960|1961-1965,M2,1960,original,E0_full_drop_onset
Belgium,1964,0,True,0.08588445446196594,1960|1961-1965,M2,1960,original,E0_full_drop_onset
Belgium,1965,0,True,0.07774499334183323,1960|1961-1965,M2,1960,original,E0_full_drop_onset
Canada,1961,0,True,1e-06,1960|1961-1965,M2,1960,original,E0_full_drop_onset
Canada,1962,0,True,1e-06,1960|1961-1965,M2,1960,original,E0_full_drop_onset
Canada,1963,0,True,1e-06,1960|1961-1965,M2,1960,original,E0_full_drop_onset
Canada,1964,0,True,1e-06,1960|1961-1965,M2,1960,original,E0_full_drop_onset
Canada,1965,0,True,1e-06,1960|1961-1965,M2,1960,original,E0_full_drop_onset
Denmark,1963,0,True,1e-06,1960|1961-1965,M2,1960,original,E0_full_drop_onset
Denmark,1964,0,True,1e-06,1960|1961-1965,M2,1960,original,E0_full_drop_onset
Denmark,1965,0,True,1e-06,1960|1961-1965,M2,1960,original,E0_full_drop_onset
Finland,1961,0,True,1e-06,1960|1961-1965,M2,1960,original,E0_full_drop_onset
Finland,1962,0,True,1e-06,1960|1961-1965,M2,1960,original,E0_full_drop_onset
Finland,1963,0,True,1e-06,1960|1961-1965,M2,1960,original,E0_full_drop_onset
Finland,1964,0,True,1e-06,1960|1961-1965,M2,1960,original,E0_full_drop_onset
Finland,1965,0,True,1e-06,1960|1961-1965,M2,1960,original,E0_full_drop_onset
France,1961,0,True,0.11050084164182641,1960|1961-1965,M2,1960,original,E0_full_drop_onset
France,1962,0,True,0.1061482461701824,1960|1961-1965,M2,1960,original,E0_full_drop_onset
France,1963,0,True,0.10388916846507334,1960|1961-1965,M2,1960,original,E0_full_drop_onset
France,1964,0,True,0.09994783782232092,1960|1961-1965,M2,1960,original,E0_full_drop_onset
France,1965,0,True,0.09698455807605075,1960|1961-1965,M2,1960,original,E0_full_drop_onset
Germany,1961,0,True,0.0063374916977436725,1960|1961-1965,M2,1960,original,E0_full_drop_onset
Germany,1962,0,True,0.0063374916977436725,1960|1961-1965,M2,1960,original,E0_full_drop_onset
Germany,1963,0,True,0.0068291535911866085,1960|1961-1965,M2,1960,original,E0_full_drop_onset
Germany,1964,0,True,0.0068291535911866085,1960|1961-1965,M2,1960,original,E0_full_drop_onset
Germany,1965,0,True,0.0068291535911866085,1960|1961-1965,M2,1960,original,E0_full_drop_onset
Ireland,1961,0,True,1e-06,1960|1961-1965,M2,1960,original,E0_full_drop_onset
Ireland,1962,0,True,1e-06,1960|1961-1965,M2,1960,original,E0_full_drop_onset
Ireland,1963,0,True,1e-06,1960|1961-1965,M2,1960,original,E0_full_drop_onset
Ireland,1964,0,True,1e-06,1960|1961-1965,M2,1960,original,E0_full_drop_onset
Ireland,1965,0,True,1e-06,1960|1961-1965,M2,1960,original,E0_full_drop_onset
Italy,1961,0,True,0.01838593007199993,1960|1961-1965,M2,1960,original,E0_full_drop_onset
Italy,1962,0,True,0.017891154346159715,1960|1961-1965,M2,1960,original,E0_full_drop_onset
Italy,1963,0,True,0.01703775084625481,1960|1961-1965,M2,1960,original,E0_full_drop_onset
Italy,1964,0,True,0.016987518946864583,1960|1961-1965,M2,1960,original,E0_full_drop_onset
Italy,1965,0,True,0.017473838653082854,1960|1961-1965,M2,1960,original,E0_full_drop_onset
Japan,1961,0,True,1e-06,1960|1961-1965,M2,1960,original,E0_full_drop_onset
Japan,1962,0,True,1e-06,1960|1961-1965,M2,1960,original,E0_full_drop_onset
Japan,1963,0,True,1e-06,1960|1961-1965,M2,1960,original,E0_full_drop_onset
Japan,1964,0,True,1e-06,1960|1961-1965,M2,1960,original,E0_full_drop_onset
Japan,1965,0,True,1e-06,1960|1961-1965,M2,1960,original,E0_full_drop_onset
Netherlands,1963,0,True,0.08043952355836258,1960|1961-1965,M2,1960,original,E0_full_drop_onset
Netherlands,1964,0,True,0.06828343769166403,1960|1961-1965,M2,1960,original,E0_full_drop_onset
Netherlands,1965,0,True,0.06503490451090271,1960|1961-1965,M2,1960,original,E0_full_drop_onset
Norway,1961,0,True,1e-06,1960|1961-1965,M2,1960,original,E0_full_drop_onset
Norway,1962,0,True,1e-06,1960|1961-1965,M2,1960,original,E0_full_drop_onset
Norway,1963,0,True,1e-06,1960|1961-1965,M2,1960,original,E0_full_drop_onset
Norway,1964,0,True,1e-06,1960|1961-1965,M2,1960,original,E0_full_drop_onset
Norway,1965,0,True,1e-06,1960|1961-1965,M2,1960,original,E0_full_drop_onset
Portugal,1961,0,True,0.01835814518751556,1960|1961-1965,M2,1960,original,E0_full_drop_onset
Portugal,1962,0,True,0.01969967410870538,1960|1961-1965,M2,1960,original,E0_full_drop_onset
Portugal,1963,0,True,0.021622712769517907,1960|1961-1965,M2,1960,original,E0_full_drop_onset
Portugal,1964,0,True,0.022711991700624674,1960|1961-1965,M2,1960,original,E0_full_drop_onset
Portugal,1965,0,True,0.021203491582513907,1960|1961-1965,M2,1960,original,E0_full_drop_onset
Spain,1961,0,True,0.02727022024341455,1960|1961-1965,M2,1960,original,E0_full_drop_onset
Spain,1962,0,True,0.02580265011202561,1960|1961-1965,M2,1960,original,E0_full_drop_onset
Spain,1963,0,True,0.023565885568404017,1960|1961-1965,M2,1960,original,E0_full_drop_onset
Spain,1964,0,True,0.02148876617018052,1960|1961-1965,M2,1960,original,E0_full_drop_onset
Spain,1965,0,True,0.020801174343265057,1960|1961-1965,M2,1960,original,E0_full_drop_onset
Sweden,1961,0,True,1e-06,1960|1961-1965,M2,1960,original,E0_full_drop_onset
Sweden,1962,0,True,1e-06,1960|1961-1965,M2,1960,original,E0_full_drop_onset
Sweden,1963,0,True,1e-06,1960|1961-1965,M2,1960,original,E0_full_drop_onset
Sweden,1964,0,True,1e-06,1960|1961-1965,M2,1960,original,E0_full_drop_onset
Sweden,1965,0,True,1e-06,1960|1961-1965,M2,1960,original,E0_full_drop_onset
Switzerland,1961,0,True,1e-06,1960|1961-1965,M2,1960,original,E0_full_drop_onset
Switzerland,1962,0,True,1e-06,1960|1961-1965,M2,1960,original,E0_full_drop_onset
Switzerland,1963,0,True,1e-06,1960|1961-1965,M2,1960,original,E0_full_drop_onset
Switzerland,1964,0,True,1e-06,1960|1961-1965,M2,1960,original,E0_full_drop_onset
Switzerland,1965,0,True,1e-06,1960|1961-1965,M2,1960,original,E0_full_drop_onset
UK,1961,0,True,0.08377364926930368,1960|1961-1965,M2,1960,original,E0_full_drop_onset
UK,1962,0,True,0.08087050684472552,1960|1961-1965,M2,1960,original,E0_full_drop_onset
UK,1963,0,True,0.07914806410586675,1960|1961-1965,M2,1960,original,E0_full_drop_onset
UK,1964,0,True,0.07290558676600037,1960|1961-1965,M2,1960,original,E0_full_drop_onset
UK,1965,0,True,0.0678670995983504,1960|1961-1965,M2,1960,original,E0_full_drop_onset
USA,1961,0,True,0.07032345499358765,1960|1961-1965,M2,1960,original,E0_full_drop_onset
USA,1962,0,True,0.06668364881476256,1960|1961-1965,M2,1960,original,E0_full_drop_onset
USA,1963,0,True,0.06378490552889156,1960|1961-1965,M2,1960,original,E0_full_drop_onset
USA,1964,0,True,0.059390182462547576,1960|1961-1965,M2,1960,original,E0_full_drop_onset
USA,1965,0,True,0.055446138012208934,1960|1961-1965,M2,1960,original,E0_full_drop_onset
Australia,1971,0,True,0.0020307696210854847,1970|1971-1975,M1,1970,original,E0_full_drop_onset
Australia,1972,0,True,0.001101894029095863,1970|1971-1975,M1,1970,original,E0_full_drop_onset
Australia,1973,0,True,0.0002793407025944284,1970|1971-1975,M1,1970,original,E0_full_drop_onset
Australia,1974,0,True,0.0037633818464572646,1970|1971-1975,M1,1970,original,E0_full_drop_onset
Australia,1975,0,True,0.0001570793585568817,1970|1971-1975,M1,1970,original,E0_full_drop_onset
Belgium,1971,0,True,0.001586655299534614,1970|1971-1975,M1,1970,original,E0_full_drop_onset
Belgium,1972,0,True,0.0007545169860908998,1970|1971-1975,M1,1970,original,E0_full_drop_onset
Belgium,1973,0,True,0.0034389131262911416,1970|1971-1975,M1,1970,original,E0_full_drop_onset
Belgium,1974,0,True,0.031153385056803966,1970|1971-1975,M1,1970,original,E0_full_drop_onset
Belgium,1975,0,True,0.0038046384207049465,1970|1971-1975,M1,1970,original,E0_full_drop_onset
Canada,1971,0,True,0.00010264798373991485,1970|1971-1975,M1,1970,original,E0_full_drop_onset
Canada,1972,0,True,5.0074113332776176e-05,1970|1971-1975,M1,1970,original,E0_full_drop_onset
Canada,1973,0,True,0.0003964968442717181,1970|1971-1975,M1,1970,original,E0_full_drop_onset
Canada,1974,0,True,0.0016777617916213748,1970|1971-1975,M1,1970,original,E0_full_drop_onset
Canada,1975,0,True,0.0007544622883321643,1970|1971-1975,M1,1970,original,E0_full_drop_onset
Denmark,1971,0,True,3.296759513341571e-05,1970|1971-1975,M1,1970,original,E0_full_drop_onset
Denmark,1972,0,True,1.3778415665950662e-05,1970|1971-1975,M1,1970,original,E0_full_drop_onset
Denmark,1973,0,True,1.927939575357992e-06,1970|1971-1975,M1,1970,original,E0_full_drop_onset
Denmark,1974,0,True,1.1097757008830411e-05,1970|1971-1975,M1,1970,original,E0_full_drop_onset
Denmark,1975,0,True,1e-06,1970|1971-1975,M1,1970,original,E0_full_drop_onset
Finland,1971,0,True,0.01396400956006634,1970|1971-1975,M1,1970,original,E0_full_drop_onset
Finland,1972,0,True,0.015776098528660083,1970|1971-1975,M1,1970,original,E0_full_drop_onset
Finland,1973,0,True,0.006265217174617063,1970|1971-1975,M1,1970,original,E0_full_drop_onset
Finland,1974,0,True,0.003317914924486958,1970|1971-1975,M1,1970,original,E0_full_drop_onset
Finland,1975,0,True,0.0017620031731309953,1970|1971-1975,M1,1970,original,E0_full_drop_onset
France,1971,0,True,0.014294153119146167,1970|1971-1975,M1,1970,original,E0_full_drop_onset
France,1972,0,True,0.0031326945853535413,1970|1971-1975,M1,1970,original,E0_full_drop_onset
France,1973,0,True,0.06648236019642727,1970|1971-1975,M1,1970,original,E0_full_drop_onset
France,1974,0,True,0.4252790201426063,1970|1971-1975,M1,1970,original,E0_full_drop_onset
France,1975,0,True,0.004924116664198742,1970|1971-1975,M1,1970,original,E0_full_drop_onset
Germany,1971,0,True,0.000800421462931383,1970|1971-1975,M1,1970,original,E0_full_drop_onset
Germany,1972,0,True,0.00015531628125680185,1970|1971-1975,M1,1970,original,E0_full_drop_onset
Germany,1973,0,True,0.00334374734835942,1970|1971-1975,M1,1970,original,E0_full_drop_onset
Germany,1974,0,True,0.0010820336025386713,1970|1971-1975,M1,1970,original,E0_full_drop_onset
Germany,1975,0,True,0.0008999267281251824,1970|1971-1975,M1,1970,original,E0_full_drop_onset
Ireland,1971,0,True,0.0005599383181971325,1970|1971-1975,M1,1970,original,E0_full_drop_onset
Ireland,1972,0,True,0.004663814796800285,1970|1971-1975,M1,1970,original,E0_full_drop_onset
Ireland,1973,0,True,0.014480945589408501,1970|1971-1975,M1,1970,original,E0_full_drop_onset
Ireland,1974,0,True,0.00022619951102973972,1970|1971-1975,M1,1970,original,E0_full_drop_onset
Ireland,1975,0,True,0.00040474444624957225,1970|1971-1975,M1,1970,original,E0_full_drop_onset
Italy,1971,1,True,0.0036381145036718725,1970|1971-1975,M1,1970,original,E0_full_drop_onset
Italy,1972,1,True,0.004133354251876661,1970|1971-1975,M1,1970,original,E0_full_drop_onset
Italy,1973,1,True,0.0411829467696856,1970|1971-1975,M1,1970,original,E0_full_drop_onset
Japan,1971,0,True,0.0003167085980213206,1970|1971-1975,M1,1970,original,E0_full_drop_onset
Japan,1972,0,True,0.00010235079341917646,1970|1971-1975,M1,1970,original,E0_full_drop_onset
Japan,1973,0,True,0.0004204571484107027,1970|1971-1975,M1,1970,original,E0_full_drop_onset
Japan,1974,0,True,0.006463345568207287,1970|1971-1975,M1,1970,original,E0_full_drop_onset
Japan,1975,0,True,0.0036087247089351747,1970|1971-1975,M1,1970,original,E0_full_drop_onset
Netherlands,1971,0,True,0.005401599855277384,1970|1971-1975,M1,1970,original,E0_full_drop_onset
Netherlands,1972,0,True,0.0004832882814034786,1970|1971-1975,M1,1970,original,E0_full_drop_onset
Netherlands,1973,0,True,0.002756659273576711,1970|1971-1975,M1,1970,original,E0_full_drop_onset
Netherlands,1974,0,True,0.0037324417692454607,1970|1971-1975,M1,1970,original,E0_full_drop_onset
Netherlands,1975,0,True,0.00033221444506760994,1970|1971-1975,M1,1970,original,E0_full_drop_onset
Norway,1971,0,True,0.0010595941101543235,1970|1971-1975,M1,1970,original,E0_full_drop_onset
Norway,1972,0,True,0.0013397183500624464,1970|1971-1975,M1,1970,original,E0_full_drop_onset
Norway,1973,0,True,0.0029009375284507243,1970|1971-1975,M1,1970,original,E0_full_drop_onset
Norway,1974,0,True,0.004286190040942538,1970|1971-1975,M1,1970,original,E0_full_drop_onset
Norway,1975,0,True,0.005490391503322083,1970|1971-1975,M1,1970,original,E0_full_drop_onset
Portugal,1971,0,True,0.00034283852074275457,1970|1971-1975,M1,1970,original,E0_full_drop_onset
Portugal,1972,0,True,0.00039114220675286274,1970|1971-1975,M1,1970,original,E0_full_drop_onset
Portugal,1973,0,True,0.0002698679895350655,1970|1971-1975,M1,1970,original,E0_full_drop_onset
Portugal,1974,1,True,0.001235906614639418,1970|1971-1975,M1,1970,original,E0_full_drop_onset
Portugal,1975,1,True,0.0021718293580015955,1970|1971-1975,M1,1970,original,E0_full_drop_onset
Spain,1971,0,True,0.018414169512717016,1970|1971-1975,M1,1970,original,E0_full_drop_onset
Spain,1972,0,True,0.016294531097394586,1970|1971-1975,M1,1970,original,E0_full_drop_onset
Spain,1973,0,True,0.0037415652985660387,1970|1971-1975,M1,1970,original,E0_full_drop_onset
Spain,1974,0,True,0.04115159131561891,1970|1971-1975,M1,1970,original,E0_full_drop_onset
Spain,1975,1,True,0.023113523616111447,1970|1971-1975,M1,1970,original,E0_full_drop_onset
Sweden,1971,0,True,0.00036828044243985165,1970|1971-1975,M1,1970,original,E0_full_drop_onset
Sweden,1972,0,True,9.176913947752131e-05,1970|1971-1975,M1,1970,original,E0_full_drop_onset
Sweden,1973,0,True,0.00010037662385132565,1970|1971-1975,M1,1970,original,E0_full_drop_onset
Sweden,1974,0,True,0.0001460708497886126,1970|1971-1975,M1,1970,original,E0_full_drop_onset
Sweden,1975,0,True,8.075604019173912e-05,1970|1971-1975,M1,1970,original,E0_full_drop_onset
Switzerland,1971,0,True,1.2868477656912744e-05,1970|1971-1975,M1,1970,original,E0_full_drop_onset
Switzerland,1972,0,True,0.0012132769002294072,1970|1971-1975,M1,1970,original,E0_full_drop_onset
Switzerland,1973,0,True,0.001897674490559849,1970|1971-1975,M1,1970,original,E0_full_drop_onset
Switzerland,1974,0,True,0.0025545139110669203,1970|1971-1975,M1,1970,original,E0_full_drop_onset
Switzerland,1975,0,True,2.0678534710233337e-05,1970|1971-1975,M1,1970,original,E0_full_drop_onset
UK,1971,1,True,0.0004320554123980697,1970|1971-1975,M1,1970,original,E0_full_drop_onset
UK,1972,1,True,0.00018487466400648645,1970|1971-1975,M1,1970,original,E0_full_drop_onset
Australia,1971,0,True,1e-06,1970|1971-1975,M2,1970,original,E0_full_drop_onset
Australia,1972,0,True,1e-06,1970|1971-1975,M2,1970,original,E0_full_drop_onset
Australia,1973,0,True,1e-06,1970|1971-1975,M2,1970,original,E0_full_drop_onset
Australia,1974,0,True,1e-06,1970|1971-1975,M2,1970,original,E0_full_drop_onset
Australia,1975,0,True,1e-06,1970|1971-1975,M2,1970,original,E0_full_drop_onset
Belgium,1971,0,True,0.01948140889421068,1970|1971-1975,M2,1970,original,E0_full_drop_onset
Belgium,1972,0,True,0.018113436051092516,1970|1971-1975,M2,1970,original,E0_full_drop_onset
Belgium,1973,0,True,0.014915161945180675,1970|1971-1975,M2,1970,original,E0_full_drop_onset
Belgium,1974,0,True,0.01126789296031609,1970|1971-1975,M2,1970,original,E0_full_drop_onset
Belgium,1975,0,True,0.012194999426648796,1970|1971-1975,M2,1970,original,E0_full_drop_onset
Canada,1971,0,True,1e-06,1970|1971-1975,M2,1970,original,E0_full_drop_onset
Canada,1972,0,True,1e-06,1970|1971-1975,M2,1970,original,E0_full_drop_onset
Canada,1973,0,True,1e-06,1970|1971-1975,M2,1970,original,E0_full_drop_onset
Canada,1974,0,True,1e-06,1970|1971-1975,M2,1970,original,E0_full_drop_onset
Canada,1975,0,True,1e-06,1970|1971-1975,M2,1970,original,E0_full_drop_onset
Denmark,1971,0,True,1e-06,1970|1971-1975,M2,1970,original,E0_full_drop_onset
Denmark,1972,0,True,1e-06,1970|1971-1975,M2,1970,original,E0_full_drop_onset
Denmark,1973,0,True,1e-06,1970|1971-1975,M2,1970,original,E0_full_drop_onset
Denmark,1974,0,True,1e-06,1970|1971-1975,M2,1970,original,E0_full_drop_onset
Denmark,1975,0,True,1e-06,1970|1971-1975,M2,1970,original,E0_full_drop_onset
Finland,1971,0,True,1e-06,1970|1971-1975,M2,1970,original,E0_full_drop_onset
Finland,1972,0,True,1e-06,1970|1971-1975,M2,1970,original,E0_full_drop_onset
Finland,1973,0,True,1e-06,1970|1971-1975,M2,1970,original,E0_full_drop_onset
Finland,1974,0,True,1e-06,1970|1971-1975,M2,1970,original,E0_full_drop_onset
Finland,1975,0,True,1e-06,1970|1971-1975,M2,1970,original,E0_full_drop_onset
France,1971,0,True,0.06710246305671587,1970|1971-1975,M2,1970,original,E0_full_drop_onset
France,1972,0,True,0.0642436312247036,1970|1971-1975,M2,1970,original,E0_full_drop_onset
France,1973,0,True,0.06203866502074778,1970|1971-1975,M2,1970,original,E0_full_drop_onset
France,1974,0,True,0.061567270985618754,1970|1971-1975,M2,1970,original,E0_full_drop_onset
France,1975,0,True,0.062339342076295844,1970|1971-1975,M2,1970,original,E0_full_drop_onset
Germany,1971,0,True,0.005724463879946654,1970|1971-1975,M2,1970,original,E0_full_drop_onset
Germany,1972,0,True,0.005724463879946654,1970|1971-1975,M2,1970,original,E0_full_drop_onset
Germany,1973,0,True,0.005724463879946654,1970|1971-1975,M2,1970,original,E0_full_drop_onset
Germany,1974,0,True,0.006201435440719368,1970|1971-1975,M2,1970,original,E0_full_drop_onset
Germany,1975,0,True,0.009246733809278226,1970|1971-1975,M2,1970,original,E0_full_drop_onset
Ireland,1971,0,True,1e-06,1970|1971-1975,M2,1970,original,E0_full_drop_onset
Ireland,1972,0,True,1e-06,1970|1971-1975,M2,1970,original,E0_full_drop_onset
Ireland,1973,0,True,1e-06,1970|1971-1975,M2,1970,original,E0_full_drop_onset
Ireland,1974,0,True,1e-06,1970|1971-1975,M2,1970,original,E0_full_drop_onset
Ireland,1975,0,True,1e-06,1970|1971-1975,M2,1970,original,E0_full_drop_onset
Italy,1971,1,True,0.020247067000469212,1970|1971-1975,M2,1970,original,E0_full_drop_onset
Italy,1972,1,True,0.023702929443960467,1970|1971-1975,M2,1970,original,E0_full_drop_onset
Italy,1973,1,True,0.02569806409923082,1970|1971-1975,M2,1970,original,E0_full_drop_onset
Japan,1971,0,True,1e-06,1970|1971-1975,M2,1970,original,E0_full_drop_onset
Japan,1972,0,True,1e-06,1970|1971-1975,M2,1970,original,E0_full_drop_onset
Japan,1973,0,True,1e-06,1970|1971-1975,M2,1970,original,E0_full_drop_onset
Japan,1974,0,True,1e-06,1970|1971-1975,M2,1970,original,E0_full_drop_onset
Japan,1975,0,True,1e-06,1970|1971-1975,M2,1970,original,E0_full_drop_onset
Netherlands,1971,0,True,0.033109343518802986,1970|1971-1975,M2,1970,original,E0_full_drop_onset
Netherlands,1972,0,True,0.029753540230831637,1970|1971-1975,M2,1970,original,E0_full_drop_onset
Netherlands,1973,0,True,0.025936453492831607,1970|1971-1975,M2,1970,original,E0_full_drop_onset
Netherlands,1974,0,True,0.022793432295036376,1970|1971-1975,M2,1970,original,E0_full_drop_onset
Netherlands,1975,0,True,0.023427981162434372,1970|1971-1975,M2,1970,original,E0_full_drop_onset
Norway,1971,0,True,1e-06,1970|1971-1975,M2,1970,original,E0_full_drop_onset
Norway,1972,0,True,1e-06,1970|1971-1975,M2,1970,original,E0_full_drop_onset
Norway,1973,0,True,1e-06,1970|1971-1975,M2,1970,original,E0_full_drop_onset
Norway,1974,0,True,1e-06,1970|1971-1975,M2,1970,original,E0_full_drop_onset
Norway,1975,0,True,1e-06,1970|1971-1975,M2,1970,original,E0_full_drop_onset
Portugal,1971,0,True,0.011032779505265461,1970|1971-1975,M2,1970,original,E0_full_drop_onset
Portugal,1972,0,True,0.010307244584136677,1970|1971-1975,M2,1970,original,E0_full_drop_onset
Portugal,1973,0,True,0.009426630377142402,1970|1971-1975,M2,1970,original,E0_full_drop_onset
Portugal,1974,1,True,0.009387336343276022,1970|1971-1975,M2,1970,original,E0_full_drop_onset
Portugal,1975,1,True,0.012676584770247853,1970|1971-1975,M2,1970,original,E0_full_drop_onset
Spain,1971,0,True,0.014779937422742164,1970|1971-1975,M2,1970,original,E0_full_drop_onset
Spain,1972,0,True,0.014215951336496292,1970|1971-1975,M2,1970,original,E0_full_drop_onset
Spain,1973,0,True,0.013559259798144895,1970|1971-1975,M2,1970,original,E0_full_drop_onset
Spain,1974,0,True,0.01336398799188694,1970|1971-1975,M2,1970,original,E0_full_drop_onset
Spain,1975,1,True,0.013459637513171845,1970|1971-1975,M2,1970,original,E0_full_drop_onset
Sweden,1971,0,True,1e-06,1970|1971-1975,M2,1970,original,E0_full_drop_onset
Sweden,1972,0,True,1e-06,1970|1971-1975,M2,1970,original,E0_full_drop_onset
Sweden,1973,0,True,1e-06,1970|1971-1975,M2,1970,original,E0_full_drop_onset
Sweden,1974,0,True,1e-06,1970|1971-1975,M2,1970,original,E0_full_drop_onset
Sweden,1975,0,True,1e-06,1970|1971-1975,M2,1970,original,E0_full_drop_onset
Switzerland,1971,0,True,1e-06,1970|1971-1975,M2,1970,original,E0_full_drop_onset
Switzerland,1972,0,True,1e-06,1970|1971-1975,M2,1970,original,E0_full_drop_onset
Switzerland,1973,0,True,1e-06,1970|1971-1975,M2,1970,original,E0_full_drop_onset
Switzerland,1974,0,True,1e-06,1970|1971-1975,M2,1970,original,E0_full_drop_onset
Switzerland,1975,0,True,1e-06,1970|1971-1975,M2,1970,original,E0_full_drop_onset
UK,1971,1,True,0.030658389634744522,1970|1971-1975,M2,1970,original,E0_full_drop_onset
UK,1972,1,True,0.029037573836944646,1970|1971-1975,M2,1970,original,E0_full_drop_onset
USA,1971,0,True,0.029245164136330853,1970|1971-1975,M2,1970,original,E0_full_drop_onset
USA,1972,0,True,0.02835324972528354,1970|1971-1975,M2,1970,original,E0_full_drop_onset
USA,1973,0,True,0.026959933494472628,1970|1971-1975,M2,1970,original,E0_full_drop_onset
USA,1974,0,True,0.025140137461367076,1970|1971-1975,M2,1970,original,E0_full_drop_onset
USA,1975,0,True,0.026135837285183056,1970|1971-1975,M2,1970,original,E0_full_drop_onset
Australia,1981,0,True,0.0042280559028747555,1980|1981-1985,M1,1980,original,E0_full_drop_onset
Australia,1982,0,True,0.006633744342247268,1980|1981-1985,M1,1980,original,E0_full_drop_onset
Australia,1983,0,True,0.002330579669914095,1980|1981-1985,M1,1980,original,E0_full_drop_onset
Australia,1984,0,True,0.0010483208719576755,1980|1981-1985,M1,1980,original,E0_full_drop_onset
Australia,1985,0,True,0.015215229742943944,1980|1981-1985,M1,1980,original,E0_full_drop_onset
Belgium,1982,0,True,0.5623558348886772,1980|1981-1985,M1,1980,original,E0_full_drop_onset
Belgium,1985,0,True,0.1300815703913704,1980|1981-1985,M1,1980,original,E0_full_drop_onset
Canada,1981,0,True,0.009773609420206688,1980|1981-1985,M1,1980,original,E0_full_drop_onset
Canada,1982,0,True,0.0035663226859799476,1980|1981-1985,M1,1980,original,E0_full_drop_onset
Canada,1983,0,True,0.0005492562256245577,1980|1981-1985,M1,1980,original,E0_full_drop_onset
Canada,1984,0,True,0.0005553065289644534,1980|1981-1985,M1,1980,original,E0_full_drop_onset
Canada,1985,0,True,0.0007621928200685113,1980|1981-1985,M1,1980,original,E0_full_drop_onset
Denmark,1981,0,True,0.7082360950988963,1980|1981-1985,M1,1980,original,E0_full_drop_onset
Denmark,1982,0,True,0.9623853968777168,1980|1981-1985,M1,1980,original,E0_full_drop_onset
Denmark,1983,0,True,0.989166983505913,1980|1981-1985,M1,1980,original,E0_full_drop_onset
Denmark,1984,0,True,0.979219251417305,1980|1981-1985,M1,1980,original,E0_full_drop_onset
Denmark,1985,0,True,0.8868032372973182,1980|1981-1985,M1,1980,original,E0_full_drop_onset
Finland,1981,0,True,0.00012123873503155481,1980|1981-1985,M1,1980,original,E0_full_drop_onset
Finland,1982,0,True,0.00026486828778483863,1980|1981-1985,M1,1980,original,E0_full_drop_onset
Finland,1983,0,True,0.0006001495328865121,1980|1981-1985,M1,1980,original,E0_full_drop_onset
Finland,1984,0,True,0.0004717142791496057,1980|1981-1985,M1,1980,original,E0_full_drop_onset
Finland,1985,0,True,0.0002836915208766006,1980|1981-1985,M1,1980,original,E0_full_drop_onset
France,1981,0,True,0.561989221636235,1980|1981-1985,M1,1980,original,E0_full_drop_onset
France,1982,0,True,0.5016099143751005,1980|1981-1985,M1,1980,original,E0_full_drop_onset
France,1983,0,True,0.4196399692703577,1980|1981-1985,M1,1980,original,E0_full_drop_onset
France,1984,0,True,0.35185986764592947,1980|1981-1985,M1,1980,original,E0_full_drop_onset
France,1985,0,True,0.2134730497326102,1980|1981-1985,M1,1980,original,E0_full_drop_onset
Germany,1981,0,True,0.41716308408790476,1980|1981-1985,M1,1980,original,E0_full_drop_onset
Germany,1982,0,True,0.47837337471509134,1980|1981-1985,M1,1980,original,E0_full_drop_onset
Germany,1983,0,True,0.17571163773346593,1980|1981-1985,M1,1980,original,E0_full_drop_onset
Germany,1984,0,True,0.10426617570421506,1980|1981-1985,M1,1980,original,E0_full_drop_onset
Germany,1985,0,True,0.048218456236583,1980|1981-1985,M1,1980,original,E0_full_drop_onset
Italy,1981,0,True,0.3736827783674192,1980|1981-1985,M1,1980,original,E0_full_drop_onset
Italy,1982,0,True,0.2949077141822505,1980|1981-1985,M1,1980,original,E0_full_drop_onset
Italy,1983,0,True,0.453260541829795,1980|1981-1985,M1,1980,original,E0_full_drop_onset
Italy,1984,0,True,0.3869899254550088,1980|1981-1985,M1,1980,original,E0_full_drop_onset
Italy,1985,0,True,0.444367878069009,1980|1981-1985,M1,1980,original,E0_full_drop_onset
Japan,1981,0,True,0.0005046006453846053,1980|1981-1985,M1,1980,original,E0_full_drop_onset
Japan,1982,0,True,0.00036488776424813043,1980|1981-1985,M1,1980,original,E0_full_drop_onset
Japan,1983,0,True,0.0005230574200650501,1980|1981-1985,M1,1980,original,E0_full_drop_onset
Japan,1984,0,True,0.0005744349880071773,1980|1981-1985,M1,1980,original,E0_full_drop_onset
Japan,1985,0,True,0.000426669273225744,1980|1981-1985,M1,1980,original,E0_full_drop_onset
Netherlands,1981,0,True,0.38789896440698307,1980|1981-1985,M1,1980,original,E0_full_drop_onset
Netherlands,1982,0,True,0.4056551559680344,1980|1981-1985,M1,1980,original,E0_full_drop_onset
Netherlands,1983,0,True,0.2942194584471503,1980|1981-1985,M1,1980,original,E0_full_drop_onset
Netherlands,1984,0,True,0.31969222069611847,1980|1981-1985,M1,1980,original,E0_full_drop_onset
Netherlands,1985,0,True,0.26128476527909983,1980|1981-1985,M1,1980,original,E0_full_drop_onset
Norway,1981,0,True,0.0015313775067874603,1980|1981-1985,M1,1980,original,E0_full_drop_onset
Norway,1982,0,True,0.0009724546894941134,1980|1981-1985,M1,1980,original,E0_full_drop_onset
Norway,1983,0,True,0.0005662820329795452,1980|1981-1985,M1,1980,original,E0_full_drop_onset
Norway,1984,0,True,0.0004988502024408554,1980|1981-1985,M1,1980,original,E0_full_drop_onset
Norway,1985,0,True,0.0003827374446008453,1980|1981-1985,M1,1980,original,E0_full_drop_onset
Spain,1984,0,True,0.6707027569680685,1980|1981-1985,M1,1980,original,E0_full_drop_onset
Spain,1985,0,True,0.6405577470506061,1980|1981-1985,M1,1980,original,E0_full_drop_onset
Sweden,1981,0,True,0.002647476962447256,1980|1981-1985,M1,1980,original,E0_full_drop_onset
Sweden,1982,0,True,0.002189588901930709,1980|1981-1985,M1,1980,original,E0_full_drop_onset
Sweden,1983,0,True,0.012482502693385925,1980|1981-1985,M1,1980,original,E0_full_drop_onset
Sweden,1984,0,True,0.0051201824965368395,1980|1981-1985,M1,1980,original,E0_full_drop_onset
Sweden,1985,0,True,0.00471809174722741,1980|1981-1985,M1,1980,original,E0_full_drop_onset
Switzerland,1981,0,True,0.000772648559925023,1980|1981-1985,M1,1980,original,E0_full_drop_onset
Switzerland,1982,0,True,0.0006968559966258721,1980|1981-1985,M1,1980,original,E0_full_drop_onset
Switzerland,1983,0,True,0.0006823386526118391,1980|1981-1985,M1,1980,original,E0_full_drop_onset
Switzerland,1984,0,True,0.0015608943345628663,1980|1981-1985,M1,1980,original,E0_full_drop_onset
Switzerland,1985,0,True,0.0006252464048693183,1980|1981-1985,M1,1980,original,E0_full_drop_onset
UK,1981,0,True,0.14950567547136984,1980|1981-1985,M1,1980,original,E0_full_drop_onset
UK,1982,0,True,0.08310438095792998,1980|1981-1985,M1,1980,original,E0_full_drop_onset
UK,1983,0,True,0.0667302010230392,1980|1981-1985,M1,1980,original,E0_full_drop_onset
UK,1984,0,True,0.0606115299216387,1980|1981-1985,M1,1980,original,E0_full_drop_onset
UK,1985,0,True,0.09172159599999907,1980|1981-1985,M1,1980,original,E0_full_drop_onset
Australia,1981,0,True,1e-06,1980|1981-1985,M2,1980,original,E0_full_drop_onset
Australia,1982,0,True,1e-06,1980|1981-1985,M2,1980,original,E0_full_drop_onset
Australia,1983,0,True,1e-06,1980|1981-1985,M2,1980,original,E0_full_drop_onset
Australia,1984,0,True,1e-06,1980|1981-1985,M2,1980,original,E0_full_drop_onset
Australia,1985,0,True,1e-06,1980|1981-1985,M2,1980,original,E0_full_drop_onset
Belgium,1982,0,True,0.30248128340427594,1980|1981-1985,M2,1980,original,E0_full_drop_onset
Belgium,1985,0,True,0.5415458550797353,1980|1981-1985,M2,1980,original,E0_full_drop_onset
Canada,1981,0,True,1e-06,1980|1981-1985,M2,1980,original,E0_full_drop_onset
Canada,1982,0,True,1e-06,1980|1981-1985,M2,1980,original,E0_full_drop_onset
Canada,1983,0,True,1e-06,1980|1981-1985,M2,1980,original,E0_full_drop_onset
Canada,1984,0,True,1e-06,1980|1981-1985,M2,1980,original,E0_full_drop_onset
Canada,1985,0,True,1e-06,1980|1981-1985,M2,1980,original,E0_full_drop_onset
Denmark,1981,0,True,1e-06,1980|1981-1985,M2,1980,original,E0_full_drop_onset
Denmark,1982,0,True,1e-06,1980|1981-1985,M2,1980,original,E0_full_drop_onset
Denmark,1983,0,True,1e-06,1980|1981-1985,M2,1980,original,E0_full_drop_onset
Denmark,1984,0,True,1e-06,1980|1981-1985,M2,1980,original,E0_full_drop_onset
Denmark,1985,0,True,1e-06,1980|1981-1985,M2,1980,original,E0_full_drop_onset
Finland,1981,0,True,1e-06,1980|1981-1985,M2,1980,original,E0_full_drop_onset
Finland,1982,0,True,1e-06,1980|1981-1985,M2,1980,original,E0_full_drop_onset
Finland,1983,0,True,1e-06,1980|1981-1985,M2,1980,original,E0_full_drop_onset
Finland,1984,0,True,1e-06,1980|1981-1985,M2,1980,original,E0_full_drop_onset
Finland,1985,0,True,1e-06,1980|1981-1985,M2,1980,original,E0_full_drop_onset
France,1981,0,True,0.09310174784171772,1980|1981-1985,M2,1980,original,E0_full_drop_onset
France,1982,0,True,0.09676522851714561,1980|1981-1985,M2,1980,original,E0_full_drop_onset
France,1983,0,True,0.09827461299257324,1980|1981-1985,M2,1980,original,E0_full_drop_onset
France,1984,0,True,0.10105145135904604,1980|1981-1985,M2,1980,original,E0_full_drop_onset
France,1985,0,True,0.10293928185764402,1980|1981-1985,M2,1980,original,E0_full_drop_onset
Germany,1981,0,True,0.025313547997842092,1980|1981-1985,M2,1980,original,E0_full_drop_onset
Germany,1982,0,True,0.02930110018892774,1980|1981-1985,M2,1980,original,E0_full_drop_onset
Germany,1983,0,True,0.03076101743723737,1980|1981-1985,M2,1980,original,E0_full_drop_onset
Germany,1984,0,True,0.03229125479719917,1980|1981-1985,M2,1980,original,E0_full_drop_onset
Germany,1985,0,True,0.03229125479719917,1980|1981-1985,M2,1980,original,E0_full_drop_onset
Italy,1981,0,True,0.07444722645178319,1980|1981-1985,M2,1980,original,E0_full_drop_onset
Italy,1982,0,True,0.0803249891594605,1980|1981-1985,M2,1980,original,E0_full_drop_onset
Italy,1983,0,True,0.08883440228076651,1980|1981-1985,M2,1980,original,E0_full_drop_onset
Italy,1984,0,True,0.09699048904644977,1980|1981-1985,M2,1980,original,E0_full_drop_onset
Italy,1985,0,True,0.1066370211728753,1980|1981-1985,M2,1980,original,E0_full_drop_onset
Japan,1981,0,True,1e-06,1980|1981-1985,M2,1980,original,E0_full_drop_onset
Japan,1982,0,True,1e-06,1980|1981-1985,M2,1980,original,E0_full_drop_onset
Japan,1983,0,True,1e-06,1980|1981-1985,M2,1980,original,E0_full_drop_onset
Japan,1984,0,True,1e-06,1980|1981-1985,M2,1980,original,E0_full_drop_onset
Japan,1985,0,True,1e-06,1980|1981-1985,M2,1980,original,E0_full_drop_onset
Netherlands,1981,0,True,0.07185922500811291,1980|1981-1985,M2,1980,original,E0_full_drop_onset
Netherlands,1982,0,True,0.08125183884344803,1980|1981-1985,M2,1980,original,E0_full_drop_onset
Netherlands,1983,0,True,0.09264047126934971,1980|1981-1985,M2,1980,original,E0_full_drop_onset
Netherlands,1984,0,True,0.09984086186551204,1980|1981-1985,M2,1980,original,E0_full_drop_onset
Netherlands,1985,0,True,0.11168415032770276,1980|1981-1985,M2,1980,original,E0_full_drop_onset
Norway,1981,0,True,1e-06,1980|1981-1985,M2,1980,original,E0_full_drop_onset
Norway,1982,0,True,1e-06,1980|1981-1985,M2,1980,original,E0_full_drop_onset
Norway,1983,0,True,1e-06,1980|1981-1985,M2,1980,original,E0_full_drop_onset
Norway,1984,0,True,1e-06,1980|1981-1985,M2,1980,original,E0_full_drop_onset
Norway,1985,0,True,1e-06,1980|1981-1985,M2,1980,original,E0_full_drop_onset
Spain,1984,0,True,0.10080855341621374,1980|1981-1985,M2,1980,original,E0_full_drop_onset
Spain,1985,0,True,0.10945881056856835,1980|1981-1985,M2,1980,original,E0_full_drop_onset
Sweden,1981,0,True,1e-06,1980|1981-1985,M2,1980,original,E0_full_drop_onset
Sweden,1982,0,True,1e-06,1980|1981-1985,M2,1980,original,E0_full_drop_onset
Sweden,1983,0,True,1e-06,1980|1981-1985,M2,1980,original,E0_full_drop_onset
Sweden,1984,0,True,1e-06,1980|1981-1985,M2,1980,original,E0_full_drop_onset
Sweden,1985,0,True,1e-06,1980|1981-1985,M2,1980,original,E0_full_drop_onset
Switzerland,1981,0,True,1e-06,1980|1981-1985,M2,1980,original,E0_full_drop_onset
Switzerland,1982,0,True,1e-06,1980|1981-1985,M2,1980,original,E0_full_drop_onset
Switzerland,1983,0,True,1e-06,1980|1981-1985,M2,1980,original,E0_full_drop_onset
Switzerland,1984,0,True,1e-06,1980|1981-1985,M2,1980,original,E0_full_drop_onset
Switzerland,1985,0,True,1e-06,1980|1981-1985,M2,1980,original,E0_full_drop_onset
UK,1981,0,True,0.058122250770038984,1980|1981-1985,M2,1980,original,E0_full_drop_onset
UK,1982,0,True,0.057151090143648296,1980|1981-1985,M2,1980,original,E0_full_drop_onset
UK,1983,0,True,0.056486766032904,1980|1981-1985,M2,1980,original,E0_full_drop_onset
UK,1984,0,True,0.05670223090875782,1980|1981-1985,M2,1980,original,E0_full_drop_onset
UK,1985,0,True,0.05618585939726982,1980|1981-1985,M2,1980,original,E0_full_drop_onset
USA,1981,0,True,0.028953560863152615,1980|1981-1985,M2,1980,original,E0_full_drop_onset
USA,1982,0,True,0.03096700312981348,1980|1981-1985,M2,1980,original,E0_full_drop_onset
USA,1983,0,True,0.03468685881214606,1980|1981-1985,M2,1980,original,E0_full_drop_onset
USA,1984,0,True,0.035499163464994425,1980|1981-1985,M2,1980,original,E0_full_drop_onset
USA,1985,0,True,0.03834120057847818,1980|1981-1985,M2,1980,original,E0_full_drop_onset
Australia,1991,0,True,0.027797140568001814,1990|1991-1995,M1,1990,original,E0_full_drop_onset
Australia,1992,0,True,0.03103400309561414,1990|1991-1995,M1,1990,original,E0_full_drop_onset
Australia,1993,0,True,0.038388161560846935,1990|1991-1995,M1,1990,original,E0_full_drop_onset
Australia,1994,0,True,0.03605768246724577,1990|1991-1995,M1,1990,original,E0_full_drop_onset
Australia,1995,0,True,0.03903459848444946,1990|1991-1995,M1,1990,original,E0_full_drop_onset
Belgium,1991,0,True,0.05207918771067702,1990|1991-1995,M1,1990,original,E0_full_drop_onset
Belgium,1992,0,True,0.06966639657237561,1990|1991-1995,M1,1990,original,E0_full_drop_onset
Belgium,1993,0,True,0.07917729286093919,1990|1991-1995,M1,1990,original,E0_full_drop_onset
Belgium,1994,0,True,0.06265590464484301,1990|1991-1995,M1,1990,original,E0_full_drop_onset
Belgium,1995,0,True,0.05835029709407104,1990|1991-1995,M1,1990,original,E0_full_drop_onset
Canada,1991,0,True,0.05941308522376669,1990|1991-1995,M1,1990,original,E0_full_drop_onset
Canada,1992,0,True,0.05552376305293665,1990|1991-1995,M1,1990,original,E0_full_drop_onset
Canada,1993,0,True,0.06474470916912417,1990|1991-1995,M1,1990,original,E0_full_drop_onset
Canada,1994,0,True,0.05734549744680081,1990|1991-1995,M1,1990,original,E0_full_drop_onset
Canada,1995,0,True,0.0685018118756022,1990|1991-1995,M1,1990,original,E0_full_drop_onset
Denmark,1991,0,True,0.06664078795303349,1990|1991-1995,M1,1990,original,E0_full_drop_onset
Denmark,1992,0,True,0.07097589564011571,1990|1991-1995,M1,1990,original,E0_full_drop_onset
Denmark,1993,0,True,0.0772670893357383,1990|1991-1995,M1,1990,original,E0_full_drop_onset
Denmark,1994,0,True,0.0767793692404063,1990|1991-1995,M1,1990,original,E0_full_drop_onset
Denmark,1995,0,True,0.07491007288155545,1990|1991-1995,M1,1990,original,E0_full_drop_onset
Finland,1991,0,True,0.0903899661603498,1990|1991-1995,M1,1990,original,E0_full_drop_onset
Finland,1992,0,True,0.3589102737755125,1990|1991-1995,M1,1990,original,E0_full_drop_onset
Finland,1993,0,True,0.7349566002310352,1990|1991-1995,M1,1990,original,E0_full_drop_onset
Finland,1994,0,True,0.7715161956079671,1990|1991-1995,M1,1990,original,E0_full_drop_onset
Finland,1995,0,True,0.6380962182529499,1990|1991-1995,M1,1990,original,E0_full_drop_onset
France,1991,0,True,0.05154441007903279,1990|1991-1995,M1,1990,original,E0_full_drop_onset
France,1992,0,True,0.06184225595269561,1990|1991-1995,M1,1990,original,E0_full_drop_onset
France,1993,0,True,0.07565538992687725,1990|1991-1995,M1,1990,original,E0_full_drop_onset
France,1994,0,True,0.07196440816696434,1990|1991-1995,M1,1990,original,E0_full_drop_onset
France,1995,0,True,0.07186893290421804,1990|1991-1995,M1,1990,original,E0_full_drop_onset
Germany,1991,0,True,0.0897907605223936,1990|1991-1995,M1,1990,original,E0_full_drop_onset
Germany,1992,0,True,0.1021894591283986,1990|1991-1995,M1,1990,original,E0_full_drop_onset
Germany,1993,0,True,0.11615078972691817,1990|1991-1995,M1,1990,original,E0_full_drop_onset
Germany,1994,0,True,0.10060059812977679,1990|1991-1995,M1,1990,original,E0_full_drop_onset
Germany,1995,0,True,0.1211429907811261,1990|1991-1995,M1,1990,original,E0_full_drop_onset
Ireland,1991,0,True,0.046768604773850204,1990|1991-1995,M1,1990,original,E0_full_drop_onset
Ireland,1992,0,True,0.05279569259497041,1990|1991-1995,M1,1990,original,E0_full_drop_onset
Ireland,1993,0,True,0.061554542265119035,1990|1991-1995,M1,1990,original,E0_full_drop_onset
Ireland,1994,0,True,0.042279642079285064,1990|1991-1995,M1,1990,original,E0_full_drop_onset
Ireland,1995,0,True,0.036402669085350406,1990|1991-1995,M1,1990,original,E0_full_drop_onset
Italy,1991,0,True,0.05719173392336654,1990|1991-1995,M1,1990,original,E0_full_drop_onset
Italy,1992,0,True,0.04710915298964249,1990|1991-1995,M1,1990,original,E0_full_drop_onset
Italy,1993,0,True,0.060573736673466896,1990|1991-1995,M1,1990,original,E0_full_drop_onset
Italy,1994,0,True,0.06058135001760704,1990|1991-1995,M1,1990,original,E0_full_drop_onset
Italy,1995,0,True,0.05909417140379114,1990|1991-1995,M1,1990,original,E0_full_drop_onset
Japan,1991,0,True,0.05210279864195705,1990|1991-1995,M1,1990,original,E0_full_drop_onset
Japan,1992,0,True,0.06160930879476689,1990|1991-1995,M1,1990,original,E0_full_drop_onset
Japan,1993,0,True,0.05621247231173481,1990|1991-1995,M1,1990,original,E0_full_drop_onset
Japan,1994,0,True,0.0784985930910396,1990|1991-1995,M1,1990,original,E0_full_drop_onset
Japan,1995,0,True,0.10363953918159606,1990|1991-1995,M1,1990,original,E0_full_drop_onset
Netherlands,1991,0,True,0.042239390540574795,1990|1991-1995,M1,1990,original,E0_full_drop_onset
Netherlands,1992,0,True,0.05115380966456544,1990|1991-1995,M1,1990,original,E0_full_drop_onset
Netherlands,1993,0,True,0.043528228623910266,1990|1991-1995,M1,1990,original,E0_full_drop_onset
Netherlands,1994,0,True,0.03912684625612514,1990|1991-1995,M1,1990,original,E0_full_drop_onset
Netherlands,1995,0,True,0.04534732736274961,1990|1991-1995,M1,1990,original,E0_full_drop_onset
Norway,1991,0,True,0.042633609433397335,1990|1991-1995,M1,1990,original,E0_full_drop_onset
Norway,1992,0,True,0.04720778746012448,1990|1991-1995,M1,1990,original,E0_full_drop_onset
Norway,1993,0,True,0.07781122572493032,1990|1991-1995,M1,1990,original,E0_full_drop_onset
Norway,1994,0,True,0.05813453534298027,1990|1991-1995,M1,1990,original,E0_full_drop_onset
Norway,1995,0,True,0.03965061502644924,1990|1991-1995,M1,1990,original,E0_full_drop_onset
Portugal,1991,0,True,0.06990171366919996,1990|1991-1995,M1,1990,original,E0_full_drop_onset
Portugal,1992,0,True,0.053858292995818666,1990|1991-1995,M1,1990,original,E0_full_drop_onset
Portugal,1993,0,True,0.05880728446365263,1990|1991-1995,M1,1990,original,E0_full_drop_onset
Portugal,1994,0,True,0.06036645600135089,1990|1991-1995,M1,1990,original,E0_full_drop_onset
Portugal,1995,0,True,0.06485315215332114,1990|1991-1995,M1,1990,original,E0_full_drop_onset
Spain,1991,0,True,0.06183507120414573,1990|1991-1995,M1,1990,original,E0_full_drop_onset
Spain,1992,0,True,0.07049478948866078,1990|1991-1995,M1,1990,original,E0_full_drop_onset
Spain,1993,0,True,0.09842942607238692,1990|1991-1995,M1,1990,original,E0_full_drop_onset
Spain,1994,0,True,0.09325257088379355,1990|1991-1995,M1,1990,original,E0_full_drop_onset
Spain,1995,0,True,0.08935923565958409,1990|1991-1995,M1,1990,original,E0_full_drop_onset
Sweden,1991,0,True,0.04801447080740851,1990|1991-1995,M1,1990,original,E0_full_drop_onset
Sweden,1992,0,True,0.0794535211446363,1990|1991-1995,M1,1990,original,E0_full_drop_onset
Sweden,1993,0,True,0.23236967847410114,1990|1991-1995,M1,1990,original,E0_full_drop_onset
Sweden,1994,0,True,0.2535047364385005,1990|1991-1995,M1,1990,original,E0_full_drop_onset
Sweden,1995,0,True,0.23255058057132832,1990|1991-1995,M1,1990,original,E0_full_drop_onset
Switzerland,1991,0,True,0.05826400174645978,1990|1991-1995,M1,1990,original,E0_full_drop_onset
Switzerland,1992,0,True,0.0651786450569481,1990|1991-1995,M1,1990,original,E0_full_drop_onset
Switzerland,1993,0,True,0.07621198674247012,1990|1991-1995,M1,1990,original,E0_full_drop_onset
Switzerland,1994,0,True,0.04972469749080589,1990|1991-1995,M1,1990,original,E0_full_drop_onset
Switzerland,1995,0,True,0.0639387089047237,1990|1991-1995,M1,1990,original,E0_full_drop_onset
UK,1991,0,True,0.04393192046721927,1990|1991-1995,M1,1990,original,E0_full_drop_onset
UK,1992,0,True,0.047489892581330885,1990|1991-1995,M1,1990,original,E0_full_drop_onset
UK,1993,0,True,0.04906220322371979,1990|1991-1995,M1,1990,original,E0_full_drop_onset
UK,1994,0,True,0.04815666469824588,1990|1991-1995,M1,1990,original,E0_full_drop_onset
UK,1995,0,True,0.048142776169798895,1990|1991-1995,M1,1990,original,E0_full_drop_onset
Australia,1991,0,True,1e-06,1990|1991-1995,M2,1990,original,E0_full_drop_onset
Australia,1992,0,True,1e-06,1990|1991-1995,M2,1990,original,E0_full_drop_onset
Australia,1993,0,True,1e-06,1990|1991-1995,M2,1990,original,E0_full_drop_onset
Australia,1994,0,True,1e-06,1990|1991-1995,M2,1990,original,E0_full_drop_onset
Australia,1995,0,True,1e-06,1990|1991-1995,M2,1990,original,E0_full_drop_onset
Belgium,1991,0,True,0.2868200200630634,1990|1991-1995,M2,1990,original,E0_full_drop_onset
Belgium,1992,0,True,0.2976657649413139,1990|1991-1995,M2,1990,original,E0_full_drop_onset
Belgium,1993,0,True,0.33740152573272497,1990|1991-1995,M2,1990,original,E0_full_drop_onset
Belgium,1994,0,True,0.3229065269266165,1990|1991-1995,M2,1990,original,E0_full_drop_onset
Belgium,1995,0,True,0.3094440192524274,1990|1991-1995,M2,1990,original,E0_full_drop_onset
Canada,1991,0,True,1e-06,1990|1991-1995,M2,1990,original,E0_full_drop_onset
Canada,1992,0,True,1e-06,1990|1991-1995,M2,1990,original,E0_full_drop_onset
Canada,1993,0,True,1e-06,1990|1991-1995,M2,1990,original,E0_full_drop_onset
Canada,1994,0,True,1e-06,1990|1991-1995,M2,1990,original,E0_full_drop_onset
Canada,1995,0,True,1e-06,1990|1991-1995,M2,1990,original,E0_full_drop_onset
Denmark,1991,0,True,1e-06,1990|1991-1995,M2,1990,original,E0_full_drop_onset
Denmark,1992,0,True,1e-06,1990|1991-1995,M2,1990,original,E0_full_drop_onset
Denmark,1993,0,True,1e-06,1990|1991-1995,M2,1990,original,E0_full_drop_onset
Denmark,1994,0,True,1e-06,1990|1991-1995,M2,1990,original,E0_full_drop_onset
Denmark,1995,0,True,1e-06,1990|1991-1995,M2,1990,original,E0_full_drop_onset
Finland,1991,0,True,1e-06,1990|1991-1995,M2,1990,original,E0_full_drop_onset
Finland,1992,0,True,1e-06,1990|1991-1995,M2,1990,original,E0_full_drop_onset
Finland,1993,0,True,1e-06,1990|1991-1995,M2,1990,original,E0_full_drop_onset
Finland,1994,0,True,1e-06,1990|1991-1995,M2,1990,original,E0_full_drop_onset
Finland,1995,0,True,1e-06,1990|1991-1995,M2,1990,original,E0_full_drop_onset
France,1991,0,True,0.0929061548581762,1990|1991-1995,M2,1990,original,E0_full_drop_onset
France,1992,0,True,0.09718621890161122,1990|1991-1995,M2,1990,original,E0_full_drop_onset
France,1993,0,True,0.1049040811250148,1990|1991-1995,M2,1990,original,E0_full_drop_onset
France,1994,0,True,0.10906482099658178,1990|1991-1995,M2,1990,original,E0_full_drop_onset
France,1995,0,True,0.11751550595909385,1990|1991-1995,M2,1990,original,E0_full_drop_onset
Germany,1991,0,True,0.03633105666441326,1990|1991-1995,M2,1990,original,E0_full_drop_onset
Germany,1992,0,True,0.03155886027551225,1990|1991-1995,M2,1990,original,E0_full_drop_onset
Germany,1993,0,True,0.0379895423374894,1990|1991-1995,M2,1990,original,E0_full_drop_onset
Germany,1994,0,True,0.04280656457968128,1990|1991-1995,M2,1990,original,E0_full_drop_onset
Germany,1995,0,True,0.062216736916894146,1990|1991-1995,M2,1990,original,E0_full_drop_onset
Ireland,1991,0,True,0.310634338659281,1990|1991-1995,M2,1990,original,E0_full_drop_onset
Ireland,1992,0,True,0.2815582325929387,1990|1991-1995,M2,1990,original,E0_full_drop_onset
Ireland,1993,0,True,0.3071022913147681,1990|1991-1995,M2,1990,original,E0_full_drop_onset
Ireland,1994,0,True,0.2596502612676975,1990|1991-1995,M2,1990,original,E0_full_drop_onset
Ireland,1995,0,True,0.1999413249836479,1990|1991-1995,M2,1990,original,E0_full_drop_onset
Italy,1991,0,True,0.12919582190088805,1990|1991-1995,M2,1990,original,E0_full_drop_onset
Italy,1992,0,True,0.14371622406726522,1990|1991-1995,M2,1990,original,E0_full_drop_onset
Italy,1993,0,True,0.16758207810525233,1990|1991-1995,M2,1990,original,E0_full_drop_onset
Italy,1994,0,True,0.18361865017941545,1990|1991-1995,M2,1990,original,E0_full_drop_onset
Italy,1995,0,True,0.18277300460024057,1990|1991-1995,M2,1990,original,E0_full_drop_onset
Japan,1991,0,True,1e-06,1990|1991-1995,M2,1990,original,E0_full_drop_onset
Japan,1992,0,True,1e-06,1990|1991-1995,M2,1990,original,E0_full_drop_onset
Japan,1993,0,True,1e-06,1990|1991-1995,M2,1990,original,E0_full_drop_onset
Japan,1994,0,True,1e-06,1990|1991-1995,M2,1990,original,E0_full_drop_onset
Japan,1995,0,True,1e-06,1990|1991-1995,M2,1990,original,E0_full_drop_onset
Netherlands,1991,0,True,0.11037483346129584,1990|1991-1995,M2,1990,original,E0_full_drop_onset
Netherlands,1992,0,True,0.11217273997501816,1990|1991-1995,M2,1990,original,E0_full_drop_onset
Netherlands,1993,0,True,0.11484250978029581,1990|1991-1995,M2,1990,original,E0_full_drop_onset
Netherlands,1994,0,True,0.10846485046272208,1990|1991-1995,M2,1990,original,E0_full_drop_onset
Netherlands,1995,0,True,0.10923070899118223,1990|1991-1995,M2,1990,original,E0_full_drop_onset
Norway,1991,0,True,1e-06,1990|1991-1995,M2,1990,original,E0_full_drop_onset
Norway,1992,0,True,1e-06,1990|1991-1995,M2,1990,original,E0_full_drop_onset
Norway,1993,0,True,1e-06,1990|1991-1995,M2,1990,original,E0_full_drop_onset
Norway,1994,0,True,1e-06,1990|1991-1995,M2,1990,original,E0_full_drop_onset
Norway,1995,0,True,1e-06,1990|1991-1995,M2,1990,original,E0_full_drop_onset
Portugal,1991,0,True,0.14273130729991165,1990|1991-1995,M2,1990,original,E0_full_drop_onset
Portugal,1992,0,True,0.12124056355583028,1990|1991-1995,M2,1990,original,E0_full_drop_onset
Portugal,1993,0,True,0.13845878368558698,1990|1991-1995,M2,1990,original,E0_full_drop_onset
Portugal,1994,0,True,0.14949969602639449,1990|1991-1995,M2,1990,original,E0_full_drop_onset
Portugal,1995,0,True,0.15763490482191028,1990|1991-1995,M2,1990,original,E0_full_drop_onset
Spain,1991,0,True,0.1025803113809232,1990|1991-1995,M2,1990,original,E0_full_drop_onset
Spain,1992,0,True,0.10686838824281608,1990|1991-1995,M2,1990,original,E0_full_drop_onset
Spain,1993,0,True,0.12887787719376445,1990|1991-1995,M2,1990,original,E0_full_drop_onset
Spain,1994,0,True,0.1346193423061544,1990|1991-1995,M2,1990,original,E0_full_drop_onset
Spain,1995,0,True,0.14237415350773291,1990|1991-1995,M2,1990,original,E0_full_drop_onset
Sweden,1991,0,True,1e-06,1990|1991-1995,M2,1990,original,E0_full_drop_onset
Sweden,1992,0,True,1e-06,1990|1991-1995,M2,1990,original,E0_full_drop_onset
Sweden,1993,0,True,1e-06,1990|1991-1995,M2,1990,original,E0_full_drop_onset
Sweden,1994,0,True,1e-06,1990|1991-1995,M2,1990,original,E0_full_drop_onset
Sweden,1995,0,True,1e-06,1990|1991-1995,M2,1990,original,E0_full_drop_onset
Switzerland,1991,0,True,1e-06,1990|1991-1995,M2,1990,original,E0_full_drop_onset
Switzerland,1992,0,True,1e-06,1990|1991-1995,M2,1990,original,E0_full_drop_onset
Switzerland,1993,0,True,1e-06,1990|1991-1995,M2,1990,original,E0_full_drop_onset
Switzerland,1994,0,True,1e-06,1990|1991-1995,M2,1990,original,E0_full_drop_onset
Switzerland,1995,0,True,1e-06,1990|1991-1995,M2,1990,original,E0_full_drop_onset
UK,1991,0,True,0.04730199269997299,1990|1991-1995,M2,1990,original,E0_full_drop_onset
UK,1992,0,True,0.04952714917509913,1990|1991-1995,M2,1990,original,E0_full_drop_onset
UK,1993,0,True,0.051856290740477304,1990|1991-1995,M2,1990,original,E0_full_drop_onset
UK,1994,0,True,0.05327442525213983,1990|1991-1995,M2,1990,original,E0_full_drop_onset
UK,1995,0,True,0.05480924798231799,1990|1991-1995,M2,1990,original,E0_full_drop_onset
USA,1991,0,True,0.05247062892143661,1990|1991-1995,M2,1990,original,E0_full_drop_onset
USA,1992,0,True,0.057102124083742205,1990|1991-1995,M2,1990,original,E0_full_drop_onset
USA,1993,0,True,0.0597877313987256,1990|1991-1995,M2,1990,original,E0_full_drop_onset
USA,1994,0,True,0.060554475934056114,1990|1991-1995,M2,1990,original,E0_full_drop_onset
USA,1995,0,True,0.06117448506825788,1990|1991-1995,M2,1990,original,E0_full_drop_onset
Australia,2001,0,True,0.007154008089583919,2000|2001-2005,M1,2000,original,E0_full_drop_onset
Australia,2002,0,True,0.005260935927176719,2000|2001-2005,M1,2000,original,E0_full_drop_onset
Australia,2003,0,True,0.004700133093132732,2000|2001-2005,M1,2000,original,E0_full_drop_onset
Australia,2004,0,True,0.004859993855736409,2000|2001-2005,M1,2000,original,E0_full_drop_onset
Australia,2005,0,True,0.005581591847293787,2000|2001-2005,M1,2000,original,E0_full_drop_onset
Belgium,2001,0,True,0.0179580886624838,2000|2001-2005,M1,2000,original,E0_full_drop_onset
Belgium,2002,0,True,0.014215203545597736,2000|2001-2005,M1,2000,original,E0_full_drop_onset
Belgium,2003,0,True,0.02034608665026286,2000|2001-2005,M1,2000,original,E0_full_drop_onset
Belgium,2004,0,True,0.01472827351480402,2000|2001-2005,M1,2000,original,E0_full_drop_onset
Belgium,2005,0,True,0.02613082319983473,2000|2001-2005,M1,2000,original,E0_full_drop_onset
Canada,2001,0,True,0.008423832184646398,2000|2001-2005,M1,2000,original,E0_full_drop_onset
Canada,2002,0,True,0.006601788089759134,2000|2001-2005,M1,2000,original,E0_full_drop_onset
Canada,2003,0,True,0.008698252445888713,2000|2001-2005,M1,2000,original,E0_full_drop_onset
Canada,2004,0,True,0.005748706654183271,2000|2001-2005,M1,2000,original,E0_full_drop_onset
Canada,2005,0,True,0.007888646845265876,2000|2001-2005,M1,2000,original,E0_full_drop_onset
Denmark,2001,0,True,0.005595699679126305,2000|2001-2005,M1,2000,original,E0_full_drop_onset
Denmark,2002,0,True,0.00695266365663886,2000|2001-2005,M1,2000,original,E0_full_drop_onset
Denmark,2003,0,True,0.0074442059258449,2000|2001-2005,M1,2000,original,E0_full_drop_onset
Denmark,2004,0,True,0.0044982470052163815,2000|2001-2005,M1,2000,original,E0_full_drop_onset
Denmark,2005,0,True,0.0017842059300405082,2000|2001-2005,M1,2000,original,E0_full_drop_onset
Finland,2001,0,True,0.004230898311907488,2000|2001-2005,M1,2000,original,E0_full_drop_onset
Finland,2002,0,True,0.004215674528642175,2000|2001-2005,M1,2000,original,E0_full_drop_onset
Finland,2003,0,True,0.00705926286394559,2000|2001-2005,M1,2000,original,E0_full_drop_onset
Finland,2004,0,True,0.006955153673813784,2000|2001-2005,M1,2000,original,E0_full_drop_onset
Finland,2005,0,True,0.007620964327775864,2000|2001-2005,M1,2000,original,E0_full_drop_onset
France,2001,0,True,0.0631131090906866,2000|2001-2005,M1,2000,original,E0_full_drop_onset
France,2002,0,True,0.08600966177446495,2000|2001-2005,M1,2000,original,E0_full_drop_onset
France,2003,0,True,0.11289694358536745,2000|2001-2005,M1,2000,original,E0_full_drop_onset
France,2004,0,True,0.10486007677817259,2000|2001-2005,M1,2000,original,E0_full_drop_onset
France,2005,0,True,0.11596856870471411,2000|2001-2005,M1,2000,original,E0_full_drop_onset
Germany,2001,0,True,0.07245663264171835,2000|2001-2005,M1,2000,original,E0_full_drop_onset
Germany,2002,0,True,0.06189119547651322,2000|2001-2005,M1,2000,original,E0_full_drop_onset
Germany,2003,0,True,0.10241892963150806,2000|2001-2005,M1,2000,original,E0_full_drop_onset
Germany,2004,0,True,0.0876127054569966,2000|2001-2005,M1,2000,original,E0_full_drop_onset
Germany,2005,0,True,0.08713756452876623,2000|2001-2005,M1,2000,original,E0_full_drop_onset
Ireland,2001,0,True,0.007136796738761915,2000|2001-2005,M1,2000,original,E0_full_drop_onset
Ireland,2002,0,True,0.010467589761498685,2000|2001-2005,M1,2000,original,E0_full_drop_onset
Ireland,2003,0,True,0.009854068715830224,2000|2001-2005,M1,2000,original,E0_full_drop_onset
Ireland,2004,0,True,0.004627032564208462,2000|2001-2005,M1,2000,original,E0_full_drop_onset
Ireland,2005,0,True,0.0039144144276965255,2000|2001-2005,M1,2000,original,E0_full_drop_onset
Italy,2001,0,True,0.08328938843813245,2000|2001-2005,M1,2000,original,E0_full_drop_onset
Italy,2002,0,True,0.08625756271157918,2000|2001-2005,M1,2000,original,E0_full_drop_onset
Italy,2003,0,True,0.10154401119172614,2000|2001-2005,M1,2000,original,E0_full_drop_onset
Italy,2004,0,True,0.09777893700834699,2000|2001-2005,M1,2000,original,E0_full_drop_onset
Italy,2005,0,True,0.12131993553500175,2000|2001-2005,M1,2000,original,E0_full_drop_onset
Japan,2001,0,True,0.17488358741773066,2000|2001-2005,M1,2000,original,E0_full_drop_onset
Japan,2002,0,True,0.2235985435946425,2000|2001-2005,M1,2000,original,E0_full_drop_onset
Japan,2003,0,True,0.28528377764107915,2000|2001-2005,M1,2000,original,E0_full_drop_onset
Japan,2004,0,True,0.23072910913989242,2000|2001-2005,M1,2000,original,E0_full_drop_onset
Japan,2005,0,True,0.2108558717308101,2000|2001-2005,M1,2000,original,E0_full_drop_onset
Netherlands,2001,0,True,0.041481274882835255,2000|2001-2005,M1,2000,original,E0_full_drop_onset
Netherlands,2002,0,True,0.04087472283571597,2000|2001-2005,M1,2000,original,E0_full_drop_onset
Netherlands,2003,0,True,0.03976972183148267,2000|2001-2005,M1,2000,original,E0_full_drop_onset
Netherlands,2004,0,True,0.02065583678259829,2000|2001-2005,M1,2000,original,E0_full_drop_onset
Netherlands,2005,0,True,0.01956576147645702,2000|2001-2005,M1,2000,original,E0_full_drop_onset
Norway,2001,0,True,0.0005014802743836528,2000|2001-2005,M1,2000,original,E0_full_drop_onset
Norway,2002,0,True,0.0016441272223863246,2000|2001-2005,M1,2000,original,E0_full_drop_onset
Norway,2003,0,True,0.003836021002994655,2000|2001-2005,M1,2000,original,E0_full_drop_onset
Norway,2004,0,True,0.002384924292068447,2000|2001-2005,M1,2000,original,E0_full_drop_onset
Norway,2005,0,True,0.000997028994370461,2000|2001-2005,M1,2000,original,E0_full_drop_onset
Portugal,2001,0,True,0.09956430420622547,2000|2001-2005,M1,2000,original,E0_full_drop_onset
Portugal,2002,0,True,0.12013502467507763,2000|2001-2005,M1,2000,original,E0_full_drop_onset
Portugal,2003,0,True,0.17919954497698962,2000|2001-2005,M1,2000,original,E0_full_drop_onset
Portugal,2004,0,True,0.2973215961622748,2000|2001-2005,M1,2000,original,E0_full_drop_onset
Portugal,2005,0,True,0.38038588739936163,2000|2001-2005,M1,2000,original,E0_full_drop_onset
Spain,2001,0,True,0.056233845827149576,2000|2001-2005,M1,2000,original,E0_full_drop_onset
Spain,2002,0,True,0.048745650756049155,2000|2001-2005,M1,2000,original,E0_full_drop_onset
Spain,2003,0,True,0.04940869574152101,2000|2001-2005,M1,2000,original,E0_full_drop_onset
Spain,2004,0,True,0.052305113645187626,2000|2001-2005,M1,2000,original,E0_full_drop_onset
Spain,2005,0,True,0.03596107480863573,2000|2001-2005,M1,2000,original,E0_full_drop_onset
Sweden,2001,0,True,0.0018086036903389965,2000|2001-2005,M1,2000,original,E0_full_drop_onset
Sweden,2002,0,True,0.004055737292090292,2000|2001-2005,M1,2000,original,E0_full_drop_onset
Sweden,2003,0,True,0.004493810666411251,2000|2001-2005,M1,2000,original,E0_full_drop_onset
Sweden,2004,0,True,0.002727915309708612,2000|2001-2005,M1,2000,original,E0_full_drop_onset
Sweden,2005,0,True,0.0025720736730042307,2000|2001-2005,M1,2000,original,E0_full_drop_onset
Switzerland,2001,0,True,0.014493039906403191,2000|2001-2005,M1,2000,original,E0_full_drop_onset
Switzerland,2002,0,True,0.03907596974961753,2000|2001-2005,M1,2000,original,E0_full_drop_onset
Switzerland,2003,0,True,0.02231046183133803,2000|2001-2005,M1,2000,original,E0_full_drop_onset
Switzerland,2004,0,True,0.021151731115440334,2000|2001-2005,M1,2000,original,E0_full_drop_onset
Switzerland,2005,0,True,0.013947108624969092,2000|2001-2005,M1,2000,original,E0_full_drop_onset
UK,2001,0,True,0.03178070778837415,2000|2001-2005,M1,2000,original,E0_full_drop_onset
UK,2002,0,True,0.028915983615228912,2000|2001-2005,M1,2000,original,E0_full_drop_onset
UK,2003,0,True,0.03321881744860528,2000|2001-2005,M1,2000,original,E0_full_drop_onset
UK,2004,0,True,0.040608383961187176,2000|2001-2005,M1,2000,original,E0_full_drop_onset
UK,2005,0,True,0.047038978382572816,2000|2001-2005,M1,2000,original,E0_full_drop_onset
Australia,2001,0,True,1e-06,2000|2001-2005,M2,2000,original,E0_full_drop_onset
Australia,2002,0,True,1e-06,2000|2001-2005,M2,2000,original,E0_full_drop_onset
Australia,2003,0,True,1e-06,2000|2001-2005,M2,2000,original,E0_full_drop_onset
Australia,2004,0,True,1e-06,2000|2001-2005,M2,2000,original,E0_full_drop_onset
Australia,2005,0,True,1e-06,2000|2001-2005,M2,2000,original,E0_full_drop_onset
Belgium,2001,0,True,0.07200759945139325,2000|2001-2005,M2,2000,original,E0_full_drop_onset
Belgium,2002,0,True,0.06861768983774594,2000|2001-2005,M2,2000,original,E0_full_drop_onset
Belgium,2003,0,True,0.06436479893083319,2000|2001-2005,M2,2000,original,E0_full_drop_onset
Belgium,2004,0,True,0.05952339231642051,2000|2001-2005,M2,2000,original,E0_full_drop_onset
Belgium,2005,0,True,0.057382668764685944,2000|2001-2005,M2,2000,original,E0_full_drop_onset
Canada,2001,0,True,1e-06,2000|2001-2005,M2,2000,original,E0_full_drop_onset
Canada,2002,0,True,1e-06,2000|2001-2005,M2,2000,original,E0_full_drop_onset
Canada,2003,0,True,1e-06,2000|2001-2005,M2,2000,original,E0_full_drop_onset
Canada,2004,0,True,1e-06,2000|2001-2005,M2,2000,original,E0_full_drop_onset
Canada,2005,0,True,1e-06,2000|2001-2005,M2,2000,original,E0_full_drop_onset
Denmark,2001,0,True,1e-06,2000|2001-2005,M2,2000,original,E0_full_drop_onset
Denmark,2002,0,True,1e-06,2000|2001-2005,M2,2000,original,E0_full_drop_onset
Denmark,2003,0,True,1e-06,2000|2001-2005,M2,2000,original,E0_full_drop_onset
Denmark,2004,0,True,1e-06,2000|2001-2005,M2,2000,original,E0_full_drop_onset
Denmark,2005,0,True,1e-06,2000|2001-2005,M2,2000,original,E0_full_drop_onset
Finland,2001,0,True,1e-06,2000|2001-2005,M2,2000,original,E0_full_drop_onset
Finland,2002,0,True,1e-06,2000|2001-2005,M2,2000,original,E0_full_drop_onset
Finland,2003,0,True,1e-06,2000|2001-2005,M2,2000,original,E0_full_drop_onset
Finland,2004,0,True,1e-06,2000|2001-2005,M2,2000,original,E0_full_drop_onset
Finland,2005,0,True,1e-06,2000|2001-2005,M2,2000,original,E0_full_drop_onset
France,2001,0,True,0.10459844451691772,2000|2001-2005,M2,2000,original,E0_full_drop_onset
France,2002,0,True,0.10691140819255898,2000|2001-2005,M2,2000,original,E0_full_drop_onset
France,2003,0,True,0.11208718623407553,2000|2001-2005,M2,2000,original,E0_full_drop_onset
France,2004,0,True,0.1140430637935518,2000|2001-2005,M2,2000,original,E0_full_drop_onset
France,2005,0,True,0.11592053111815961,2000|2001-2005,M2,2000,original,E0_full_drop_onset
Germany,2001,0,True,0.05351100518435696,2000|2001-2005,M2,2000,original,E0_full_drop_onset
Germany,2002,0,True,0.05769858062561982,2000|2001-2005,M2,2000,original,E0_full_drop_onset
Germany,2003,0,True,0.06721300066282941,2000|2001-2005,M2,2000,original,E0_full_drop_onset
Germany,2004,0,True,0.07212388210241341,2000|2001-2005,M2,2000,original,E0_full_drop_onset
Germany,2005,0,True,0.07958389694089825,2000|2001-2005,M2,2000,original,E0_full_drop_onset
Ireland,2001,0,True,0.027914381290234203,2000|2001-2005,M2,2000,original,E0_full_drop_onset
Ireland,2002,0,True,0.025913398316640145,2000|2001-2005,M2,2000,original,E0_full_drop_onset
Ireland,2003,0,True,0.025165757444112334,2000|2001-2005,M2,2000,original,E0_full_drop_onset
Ireland,2004,0,True,0.023983689259426354,2000|2001-2005,M2,2000,original,E0_full_drop_onset
Ireland,2005,0,True,0.022664401365533094,2000|2001-2005,M2,2000,original,E0_full_drop_onset
Italy,2001,0,True,0.1271819732029344,2000|2001-2005,M2,2000,original,E0_full_drop_onset
Italy,2002,0,True,0.12188705031600389,2000|2001-2005,M2,2000,original,E0_full_drop_onset
Italy,2003,0,True,0.11923404979450722,2000|2001-2005,M2,2000,original,E0_full_drop_onset
Italy,2004,0,True,0.11842187401101195,2000|2001-2005,M2,2000,original,E0_full_drop_onset
Italy,2005,0,True,0.12162748544720671,2000|2001-2005,M2,2000,original,E0_full_drop_onset
Japan,2001,0,True,1e-06,2000|2001-2005,M2,2000,original,E0_full_drop_onset
Japan,2002,0,True,1e-06,2000|2001-2005,M2,2000,original,E0_full_drop_onset
Japan,2003,0,True,1e-06,2000|2001-2005,M2,2000,original,E0_full_drop_onset
Japan,2004,0,True,1e-06,2000|2001-2005,M2,2000,original,E0_full_drop_onset
Japan,2005,0,True,1e-06,2000|2001-2005,M2,2000,original,E0_full_drop_onset
Netherlands,2001,0,True,0.05467212495448524,2000|2001-2005,M2,2000,original,E0_full_drop_onset
Netherlands,2002,0,True,0.05387202611247238,2000|2001-2005,M2,2000,original,E0_full_drop_onset
Netherlands,2003,0,True,0.05533765342980733,2000|2001-2005,M2,2000,original,E0_full_drop_onset
Netherlands,2004,0,True,0.055718047726203604,2000|2001-2005,M2,2000,original,E0_full_drop_onset
Netherlands,2005,0,True,0.055114802357881694,2000|2001-2005,M2,2000,original,E0_full_drop_onset
Norway,2001,0,True,1e-06,2000|2001-2005,M2,2000,original,E0_full_drop_onset
Norway,2002,0,True,1e-06,2000|2001-2005,M2,2000,original,E0_full_drop_onset
Norway,2003,0,True,1e-06,2000|2001-2005,M2,2000,original,E0_full_drop_onset
Norway,2004,0,True,1e-06,2000|2001-2005,M2,2000,original,E0_full_drop_onset
Norway,2005,0,True,1e-06,2000|2001-2005,M2,2000,original,E0_full_drop_onset
Portugal,2001,0,True,0.11133270951094991,2000|2001-2005,M2,2000,original,E0_full_drop_onset
Portugal,2002,0,True,0.11890634714268287,2000|2001-2005,M2,2000,original,E0_full_drop_onset
Portugal,2003,0,True,0.1306498793936338,2000|2001-2005,M2,2000,original,E0_full_drop_onset
Portugal,2004,0,True,0.1411451849089782,2000|2001-2005,M2,2000,original,E0_full_drop_onset
Portugal,2005,0,True,0.1594909972744515,2000|2001-2005,M2,2000,original,E0_full_drop_onset
Spain,2001,0,True,0.10046900107775689,2000|2001-2005,M2,2000,original,E0_full_drop_onset
Spain,2002,0,True,0.09579848753874333,2000|2001-2005,M2,2000,original,E0_full_drop_onset
Spain,2003,0,True,0.09017407676437737,2000|2001-2005,M2,2000,original,E0_full_drop_onset
Spain,2004,0,True,0.0866102599991959,2000|2001-2005,M2,2000,original,E0_full_drop_onset
Spain,2005,0,True,0.08233139571786496,2000|2001-2005,M2,2000,original,E0_full_drop_onset
Sweden,2001,0,True,1e-06,2000|2001-2005,M2,2000,original,E0_full_drop_onset
Sweden,2002,0,True,1e-06,2000|2001-2005,M2,2000,original,E0_full_drop_onset
Sweden,2003,0,True,1e-06,2000|2001-2005,M2,2000,original,E0_full_drop_onset
Sweden,2004,0,True,1e-06,2000|2001-2005,M2,2000,original,E0_full_drop_onset
Sweden,2005,0,True,1e-06,2000|2001-2005,M2,2000,original,E0_full_drop_onset
Switzerland,2001,0,True,1e-06,2000|2001-2005,M2,2000,original,E0_full_drop_onset
Switzerland,2002,0,True,1e-06,2000|2001-2005,M2,2000,original,E0_full_drop_onset
Switzerland,2003,0,True,1e-06,2000|2001-2005,M2,2000,original,E0_full_drop_onset
Switzerland,2004,0,True,1e-06,2000|2001-2005,M2,2000,original,E0_full_drop_onset
Switzerland,2005,0,True,1e-06,2000|2001-2005,M2,2000,original,E0_full_drop_onset
UK,2001,0,True,0.051236100094628104,2000|2001-2005,M2,2000,original,E0_full_drop_onset
UK,2002,0,True,0.05133211600244229,2000|2001-2005,M2,2000,original,E0_full_drop_onset
UK,2003,0,True,0.05186100629335519,2000|2001-2005,M2,2000,original,E0_full_drop_onset
UK,2004,0,True,0.0532221930612567,2000|2001-2005,M2,2000,original,E0_full_drop_onset
UK,2005,0,True,0.05377782134769043,2000|2001-2005,M2,2000,original,E0_full_drop_onset
USA,2001,0,True,0.038924705843090886,2000|2001-2005,M2,2000,original,E0_full_drop_onset
USA,2002,0,True,0.041089689883658506,2000|2001-2005,M2,2000,original,E0_full_drop_onset
USA,2003,0,True,0.043663007701274396,2000|2001-2005,M2,2000,original,E0_full_drop_onset
USA,2004,0,True,0.04495621507989385,2000|2001-2005,M2,2000,original,E0_full_drop_onset
USA,2005,0,True,0.04536141562602911,2000|2001-2005,M2,2000,original,E0_full_drop_onset
Australia,2011,0,True,0.00517540442918066,2010|2011-2015,M1,2010,original,E0_full_drop_onset
Australia,2012,0,True,0.007120067154262587,2010|2011-2015,M1,2010,original,E0_full_drop_onset
Australia,2013,0,True,0.003816061704002677,2010|2011-2015,M1,2010,original,E0_full_drop_onset
Australia,2014,0,True,0.002931774104487974,2010|2011-2015,M1,2010,original,E0_full_drop_onset
Australia,2015,0,True,0.002551678115219551,2010|2011-2015,M1,2010,original,E0_full_drop_onset
Belgium,2011,0,True,0.030292188367027358,2010|2011-2015,M1,2010,original,E0_full_drop_onset
Belgium,2012,0,True,0.036911309851188734,2010|2011-2015,M1,2010,original,E0_full_drop_onset
Belgium,2013,0,True,0.031714200359229006,2010|2011-2015,M1,2010,original,E0_full_drop_onset
Belgium,2014,0,True,0.041768655401255204,2010|2011-2015,M1,2010,original,E0_full_drop_onset
Belgium,2015,0,True,0.03673790731126876,2010|2011-2015,M1,2010,original,E0_full_drop_onset
Canada,2011,0,True,0.0007625937050836915,2010|2011-2015,M1,2010,original,E0_full_drop_onset
Canada,2012,0,True,0.0008336502178739026,2010|2011-2015,M1,2010,original,E0_full_drop_onset
Canada,2013,0,True,0.0006832921285728141,2010|2011-2015,M1,2010,original,E0_full_drop_onset
Canada,2014,0,True,0.0007468599627730038,2010|2011-2015,M1,2010,original,E0_full_drop_onset
Canada,2015,0,True,0.0007385395875945075,2010|2011-2015,M1,2010,original,E0_full_drop_onset
Denmark,2011,0,True,0.0005061556567314363,2010|2011-2015,M1,2010,original,E0_full_drop_onset
Denmark,2012,0,True,0.0006951622523646045,2010|2011-2015,M1,2010,original,E0_full_drop_onset
Denmark,2013,0,True,0.0003556949944962416,2010|2011-2015,M1,2010,original,E0_full_drop_onset
Denmark,2014,0,True,0.0002322376873492005,2010|2011-2015,M1,2010,original,E0_full_drop_onset
Denmark,2015,0,True,0.00028113181195640733,2010|2011-2015,M1,2010,original,E0_full_drop_onset
Finland,2011,0,True,0.0004514727146626635,2010|2011-2015,M1,2010,original,E0_full_drop_onset
Finland,2012,0,True,0.000718624220437343,2010|2011-2015,M1,2010,original,E0_full_drop_onset
Finland,2013,0,True,0.0011245320712075003,2010|2011-2015,M1,2010,original,E0_full_drop_onset
Finland,2014,0,True,0.002127601486468633,2010|2011-2015,M1,2010,original,E0_full_drop_onset
Finland,2015,0,True,0.002084892577107976,2010|2011-2015,M1,2010,original,E0_full_drop_onset
France,2011,0,True,0.11664221087495469,2010|2011-2015,M1,2010,original,E0_full_drop_onset
France,2012,0,True,0.14358992905889234,2010|2011-2015,M1,2010,original,E0_full_drop_onset
France,2013,0,True,0.13118048127612147,2010|2011-2015,M1,2010,original,E0_full_drop_onset
France,2014,0,True,0.13745364238627147,2010|2011-2015,M1,2010,original,E0_full_drop_onset
France,2015,0,True,0.1674515841064816,2010|2011-2015,M1,2010,original,E0_full_drop_onset
Germany,2011,0,True,0.06731178828019957,2010|2011-2015,M1,2010,original,E0_full_drop_onset
Germany,2012,0,True,0.029125433834585227,2010|2011-2015,M1,2010,original,E0_full_drop_onset
Germany,2013,0,True,0.022315734854177285,2010|2011-2015,M1,2010,original,E0_full_drop_onset
Germany,2014,0,True,0.017361894464471374,2010|2011-2015,M1,2010,original,E0_full_drop_onset
Germany,2015,0,True,0.011005092341155336,2010|2011-2015,M1,2010,original,E0_full_drop_onset
Italy,2011,0,True,0.13632511061576996,2010|2011-2015,M1,2010,original,E0_full_drop_onset
Italy,2012,0,True,0.11956847243012192,2010|2011-2015,M1,2010,original,E0_full_drop_onset
Italy,2013,0,True,0.18332842545300024,2010|2011-2015,M1,2010,original,E0_full_drop_onset
Italy,2014,0,True,0.20907883353600565,2010|2011-2015,M1,2010,original,E0_full_drop_onset
Italy,2015,0,True,0.21678806343986548,2010|2011-2015,M1,2010,original,E0_full_drop_onset
Japan,2011,0,True,0.014575772653880114,2010|2011-2015,M1,2010,original,E0_full_drop_onset
Japan,2012,0,True,0.004071465499947848,2010|2011-2015,M1,2010,original,E0_full_drop_onset
Japan,2013,0,True,0.005198384563708273,2010|2011-2015,M1,2010,original,E0_full_drop_onset
Japan,2014,0,True,0.00238319937406905,2010|2011-2015,M1,2010,original,E0_full_drop_onset
Japan,2015,0,True,0.0012166818552405616,2010|2011-2015,M1,2010,original,E0_full_drop_onset
Netherlands,2011,0,True,0.05323930931097387,2010|2011-2015,M1,2010,original,E0_full_drop_onset
Netherlands,2012,0,True,0.07453066484702962,2010|2011-2015,M1,2010,original,E0_full_drop_onset
Netherlands,2013,0,True,0.07109782910025958,2010|2011-2015,M1,2010,original,E0_full_drop_onset
Netherlands,2014,0,True,0.05964015564856273,2010|2011-2015,M1,2010,original,E0_full_drop_onset
Netherlands,2015,0,True,0.09832918091587159,2010|2011-2015,M1,2010,original,E0_full_drop_onset
Norway,2011,0,True,6.106382728051554e-05,2010|2011-2015,M1,2010,original,E0_full_drop_onset
Norway,2012,0,True,8.834588205629841e-05,2010|2011-2015,M1,2010,original,E0_full_drop_onset
Norway,2013,0,True,8.600503553927899e-05,2010|2011-2015,M1,2010,original,E0_full_drop_onset
Norway,2014,0,True,9.1543317741818e-05,2010|2011-2015,M1,2010,original,E0_full_drop_onset
Norway,2015,0,True,0.0001508649015243953,2010|2011-2015,M1,2010,original,E0_full_drop_onset
Spain,2011,0,True,0.194692110264406,2010|2011-2015,M1,2010,original,E0_full_drop_onset
Spain,2012,0,True,0.45762822618406984,2010|2011-2015,M1,2010,original,E0_full_drop_onset
Spain,2013,0,True,0.4628811827046349,2010|2011-2015,M1,2010,original,E0_full_drop_onset
Spain,2014,0,True,0.45398048288533294,2010|2011-2015,M1,2010,original,E0_full_drop_onset
Spain,2015,0,True,0.2592639762008609,2010|2011-2015,M1,2010,original,E0_full_drop_onset
Sweden,2011,0,True,0.00011004170834420734,2010|2011-2015,M1,2010,original,E0_full_drop_onset
Sweden,2012,0,True,0.00010513238669900688,2010|2011-2015,M1,2010,original,E0_full_drop_onset
Sweden,2013,0,True,0.00011923195236538703,2010|2011-2015,M1,2010,original,E0_full_drop_onset
Sweden,2014,0,True,0.00017047460559535874,2010|2011-2015,M1,2010,original,E0_full_drop_onset
Sweden,2015,0,True,0.00017061072494329303,2010|2011-2015,M1,2010,original,E0_full_drop_onset
Switzerland,2011,0,True,0.0006655459556603324,2010|2011-2015,M1,2010,original,E0_full_drop_onset
Switzerland,2012,0,True,0.0006296153861925623,2010|2011-2015,M1,2010,original,E0_full_drop_onset
Switzerland,2013,0,True,0.0006090693659678353,2010|2011-2015,M1,2010,original,E0_full_drop_onset
Switzerland,2014,0,True,0.00038756617315238614,2010|2011-2015,M1,2010,original,E0_full_drop_onset
Switzerland,2015,0,True,0.000584226966578736,2010|2011-2015,M1,2010,original,E0_full_drop_onset
UK,2011,0,True,0.15065613949609052,2010|2011-2015,M1,2010,original,E0_full_drop_onset
UK,2012,0,True,0.17355462061115284,2010|2011-2015,M1,2010,original,E0_full_drop_onset
UK,2013,0,True,0.1391245623287274,2010|2011-2015,M1,2010,original,E0_full_drop_onset
UK,2014,0,True,0.10110672782718652,2010|2011-2015,M1,2010,original,E0_full_drop_onset
UK,2015,0,True,0.07929303670767499,2010|2011-2015,M1,2010,original,E0_full_drop_onset
Australia,2011,0,True,1e-06,2010|2011-2015,M2,2010,original,E0_full_drop_onset
Australia,2012,0,True,1e-06,2010|2011-2015,M2,2010,original,E0_full_drop_onset
Australia,2013,0,True,1e-06,2010|2011-2015,M2,2010,original,E0_full_drop_onset
Australia,2014,0,True,1e-06,2010|2011-2015,M2,2010,original,E0_full_drop_onset
Australia,2015,0,True,1e-06,2010|2011-2015,M2,2010,original,E0_full_drop_onset
Belgium,2011,0,True,0.053114070249724005,2010|2011-2015,M2,2010,original,E0_full_drop_onset
Belgium,2012,0,True,0.05422538627259288,2010|2011-2015,M2,2010,original,E0_full_drop_onset
Belgium,2013,0,True,0.05483283151986133,2010|2011-2015,M2,2010,original,E0_full_drop_onset
Belgium,2014,0,True,0.05615614564788238,2010|2011-2015,M2,2010,original,E0_full_drop_onset
Belgium,2015,0,True,0.05457171686153744,2010|2011-2015,M2,2010,original,E0_full_drop_onset
Canada,2011,0,True,1e-06,2010|2011-2015,M2,2010,original,E0_full_drop_onset
Canada,2012,0,True,1e-06,2010|2011-2015,M2,2010,original,E0_full_drop_onset
Canada,2013,0,True,1e-06,2010|2011-2015,M2,2010,original,E0_full_drop_onset
Canada,2014,0,True,1e-06,2010|2011-2015,M2,2010,original,E0_full_drop_onset
Canada,2015,0,True,1e-06,2010|2011-2015,M2,2010,original,E0_full_drop_onset
Denmark,2011,0,True,1e-06,2010|2011-2015,M2,2010,original,E0_full_drop_onset
Denmark,2012,0,True,1e-06,2010|2011-2015,M2,2010,original,E0_full_drop_onset
Denmark,2013,0,True,1e-06,2010|2011-2015,M2,2010,original,E0_full_drop_onset
Denmark,2014,0,True,1e-06,2010|2011-2015,M2,2010,original,E0_full_drop_onset
Denmark,2015,0,True,1e-06,2010|2011-2015,M2,2010,original,E0_full_drop_onset
Finland,2011,0,True,1e-06,2010|2011-2015,M2,2010,original,E0_full_drop_onset
Finland,2012,0,True,1e-06,2010|2011-2015,M2,2010,original,E0_full_drop_onset
Finland,2013,0,True,1e-06,2010|2011-2015,M2,2010,original,E0_full_drop_onset
Finland,2014,0,True,1e-06,2010|2011-2015,M2,2010,original,E0_full_drop_onset
Finland,2015,0,True,1e-06,2010|2011-2015,M2,2010,original,E0_full_drop_onset
France,2011,0,True,0.1254033397149225,2010|2011-2015,M2,2010,original,E0_full_drop_onset
France,2012,0,True,0.12930614912755511,2010|2011-2015,M2,2010,original,E0_full_drop_onset
France,2013,0,True,0.13336993657712481,2010|2011-2015,M2,2010,original,E0_full_drop_onset
France,2014,0,True,0.13554736922578448,2010|2011-2015,M2,2010,original,E0_full_drop_onset
France,2015,0,True,0.13657736121169206,2010|2011-2015,M2,2010,original,E0_full_drop_onset
Germany,2011,0,True,0.07734316546131513,2010|2011-2015,M2,2010,original,E0_full_drop_onset
Germany,2012,0,True,0.08086475601666465,2010|2011-2015,M2,2010,original,E0_full_drop_onset
Germany,2013,0,True,0.07458617289789421,2010|2011-2015,M2,2010,original,E0_full_drop_onset
Germany,2014,0,True,0.06731355639494255,2010|2011-2015,M2,2010,original,E0_full_drop_onset
Germany,2015,0,True,0.05985201248203093,2010|2011-2015,M2,2010,original,E0_full_drop_onset
Italy,2011,0,True,0.13716712194089564,2010|2011-2015,M2,2010,original,E0_full_drop_onset
Italy,2012,0,True,0.15054484941882884,2010|2011-2015,M2,2010,original,E0_full_drop_onset
Italy,2013,0,True,0.1631390115937916,2010|2011-2015,M2,2010,original,E0_full_drop_onset
Italy,2014,0,True,0.16959017167301244,2010|2011-2015,M2,2010,original,E0_full_drop_onset
Italy,2015,0,True,0.1693967083381339,2010|2011-2015,M2,2010,original,E0_full_drop_onset
Japan,2011,0,True,1e-06,2010|2011-2015,M2,2010,original,E0_full_drop_onset
Japan,2012,0,True,1e-06,2010|2011-2015,M2,2010,original,E0_full_drop_onset
Japan,2013,0,True,1e-06,2010|2011-2015,M2,2010,original,E0_full_drop_onset
Japan,2014,0,True,1e-06,2010|2011-2015,M2,2010,original,E0_full_drop_onset
Japan,2015,0,True,1e-06,2010|2011-2015,M2,2010,original,E0_full_drop_onset
Netherlands,2011,0,True,0.06658571450219881,2010|2011-2015,M2,2010,original,E0_full_drop_onset
Netherlands,2012,0,True,0.07320900886276518,2010|2011-2015,M2,2010,original,E0_full_drop_onset
Netherlands,2013,0,True,0.0754471874566716,2010|2011-2015,M2,2010,original,E0_full_drop_onset
Netherlands,2014,0,True,0.07574851620434248,2010|2011-2015,M2,2010,original,E0_full_drop_onset
Netherlands,2015,0,True,0.07082396204692595,2010|2011-2015,M2,2010,original,E0_full_drop_onset
Norway,2011,0,True,1e-06,2010|2011-2015,M2,2010,original,E0_full_drop_onset
Norway,2012,0,True,1e-06,2010|2011-2015,M2,2010,original,E0_full_drop_onset
Norway,2013,0,True,1e-06,2010|2011-2015,M2,2010,original,E0_full_drop_onset
Norway,2014,0,True,1e-06,2010|2011-2015,M2,2010,original,E0_full_drop_onset
Norway,2015,0,True,1e-06,2010|2011-2015,M2,2010,original,E0_full_drop_onset
Spain,2011,0,True,0.11022608277507825,2010|2011-2015,M2,2010,original,E0_full_drop_onset
Spain,2012,0,True,0.14470302668056031,2010|2011-2015,M2,2010,original,E0_full_drop_onset
Spain,2013,0,True,0.16835790420617303,2010|2011-2015,M2,2010,original,E0_full_drop_onset
Spain,2014,0,True,0.18180557749189344,2010|2011-2015,M2,2010,original,E0_full_drop_onset
Spain,2015,0,True,0.17790160743006994,2010|2011-2015,M2,2010,original,E0_full_drop_onset
Sweden,2011,0,True,1e-06,2010|2011-2015,M2,2010,original,E0_full_drop_onset
Sweden,2012,0,True,1e-06,2010|2011-2015,M2,2010,original,E0_full_drop_onset
Sweden,2013,0,True,1e-06,2010|2011-2015,M2,2010,original,E0_full_drop_onset
Sweden,2014,0,True,1e-06,2010|2011-2015,M2,2010,original,E0_full_drop_onset
Sweden,2015,0,True,1e-06,2010|2011-2015,M2,2010,original,E0_full_drop_onset
Switzerland,2011,0,True,1e-06,2010|2011-2015,M2,2010,original,E0_full_drop_onset
Switzerland,2012,0,True,1e-06,2010|2011-2015,M2,2010,original,E0_full_drop_onset
Switzerland,2013,0,True,1e-06,2010|2011-2015,M2,2010,original,E0_full_drop_onset
Switzerland,2014,0,True,1e-06,2010|2011-2015,M2,2010,original,E0_full_drop_onset
Switzerland,2015,0,True,1e-06,2010|2011-2015,M2,2010,original,E0_full_drop_onset
UK,2011,0,True,0.07274965624749782,2010|2011-2015,M2,2010,original,E0_full_drop_onset
UK,2012,0,True,0.07462204459825046,2010|2011-2015,M2,2010,original,E0_full_drop_onset
UK,2013,0,True,0.07521581940509481,2010|2011-2015,M2,2010,original,E0_full_drop_onset
UK,2014,0,True,0.07636476860033503,2010|2011-2015,M2,2010,original,E0_full_drop_onset
UK,2015,0,True,0.07676596075440616,2010|2011-2015,M2,2010,original,E0_full_drop_onset
USA,2011,0,True,0.07789260632562922,2010|2011-2015,M2,2010,original,E0_full_drop_onset
USA,2012,0,True,0.08467161239785995,2010|2011-2015,M2,2010,original,E0_full_drop_onset
USA,2013,0,True,0.0858522450825853,2010|2011-2015,M2,2010,original,E0_full_drop_onset
USA,2014,0,True,0.08913232671413882,2010|2011-2015,M2,2010,original,E0_full_drop_onset
USA,2015,0,True,0.08483936762033542,2010|2011-2015,M2,2010,original,E0_full_drop_onset
Australia,2016,0,True,0.004253565140019265,2015|2016-2020,M1,2015,original,E0_full_drop_onset
Australia,2017,0,True,0.004217495189803876,2015|2016-2020,M1,2015,original,E0_full_drop_onset
Australia,2018,0,False,0.003821528824806996,2015|2016-2020,M1,2015,original,E0_full_drop_onset
Australia,2019,0,False,0.008736079367873422,2015|2016-2020,M1,2015,original,E0_full_drop_onset
Belgium,2016,0,True,0.045718564062408866,2015|2016-2020,M1,2015,original,E0_full_drop_onset
Belgium,2017,0,True,0.03359783011691581,2015|2016-2020,M1,2015,original,E0_full_drop_onset
Belgium,2018,0,False,0.02693374971788651,2015|2016-2020,M1,2015,original,E0_full_drop_onset
Belgium,2019,0,False,0.03499832137773629,2015|2016-2020,M1,2015,original,E0_full_drop_onset
Belgium,2020,0,False,0.1529183770959201,2015|2016-2020,M1,2015,original,E0_full_drop_onset
Canada,2016,0,True,0.0013158322892999088,2015|2016-2020,M1,2015,original,E0_full_drop_onset
Canada,2017,0,True,0.0011257560534704422,2015|2016-2020,M1,2015,original,E0_full_drop_onset
Canada,2018,0,False,0.0012905128045143334,2015|2016-2020,M1,2015,original,E0_full_drop_onset
Canada,2019,0,False,0.0015259018392130865,2015|2016-2020,M1,2015,original,E0_full_drop_onset
Canada,2020,0,False,0.00929504264682652,2015|2016-2020,M1,2015,original,E0_full_drop_onset
Denmark,2016,0,True,0.00020844907706243468,2015|2016-2020,M1,2015,original,E0_full_drop_onset
Denmark,2017,0,True,0.00015001115922290577,2015|2016-2020,M1,2015,original,E0_full_drop_onset
Denmark,2018,0,False,0.00017947902642969247,2015|2016-2020,M1,2015,original,E0_full_drop_onset
Denmark,2019,0,False,0.0001185655434521169,2015|2016-2020,M1,2015,original,E0_full_drop_onset
Denmark,2020,0,False,0.00040123732861360603,2015|2016-2020,M1,2015,original,E0_full_drop_onset
Finland,2016,0,True,0.0019665317442919116,2015|2016-2020,M1,2015,original,E0_full_drop_onset
Finland,2017,0,True,0.001177458593239212,2015|2016-2020,M1,2015,original,E0_full_drop_onset
Finland,2018,0,False,0.0008652816721447144,2015|2016-2020,M1,2015,original,E0_full_drop_onset
Finland,2019,0,False,0.00085922871351641,2015|2016-2020,M1,2015,original,E0_full_drop_onset
Finland,2020,0,False,0.003233972670427014,2015|2016-2020,M1,2015,original,E0_full_drop_onset
France,2016,0,True,0.23741959316475283,2015|2016-2020,M1,2015,original,E0_full_drop_onset
France,2017,0,True,0.194535604256225,2015|2016-2020,M1,2015,original,E0_full_drop_onset
France,2018,0,False,0.19140852189387475,2015|2016-2020,M1,2015,original,E0_full_drop_onset
France,2019,0,False,0.2452276438659787,2015|2016-2020,M1,2015,original,E0_full_drop_onset
France,2020,0,False,0.54196328302626,2015|2016-2020,M1,2015,original,E0_full_drop_onset
Germany,2016,0,True,0.007311610519650788,2015|2016-2020,M1,2015,original,E0_full_drop_onset
Germany,2017,0,True,0.0057701975992521075,2015|2016-2020,M1,2015,original,E0_full_drop_onset
Germany,2018,0,False,0.005159846683366031,2015|2016-2020,M1,2015,original,E0_full_drop_onset
Germany,2019,0,False,0.006233639947337672,2015|2016-2020,M1,2015,original,E0_full_drop_onset
Germany,2020,0,False,0.058279039646646935,2015|2016-2020,M1,2015,original,E0_full_drop_onset
Ireland,2016,0,True,0.06560234097197444,2015|2016-2020,M1,2015,original,E0_full_drop_onset
Ireland,2017,0,True,0.04925753926058822,2015|2016-2020,M1,2015,original,E0_full_drop_onset
Ireland,2018,0,False,0.05205981330294122,2015|2016-2020,M1,2015,original,E0_full_drop_onset
Ireland,2019,0,False,0.17354766567859511,2015|2016-2020,M1,2015,original,E0_full_drop_onset
Ireland,2020,0,False,0.2230402644785313,2015|2016-2020,M1,2015,original,E0_full_drop_onset
Italy,2016,0,True,0.12087441268455947,2015|2016-2020,M1,2015,original,E0_full_drop_onset
Italy,2017,0,True,0.08745950915521636,2015|2016-2020,M1,2015,original,E0_full_drop_onset
Italy,2018,0,False,0.08096661061906332,2015|2016-2020,M1,2015,original,E0_full_drop_onset
Italy,2019,0,False,0.08624341875177644,2015|2016-2020,M1,2015,original,E0_full_drop_onset
Italy,2020,0,False,0.3371402706424692,2015|2016-2020,M1,2015,original,E0_full_drop_onset
Japan,2016,0,True,0.001008934109426501,2015|2016-2020,M1,2015,original,E0_full_drop_onset
Japan,2017,0,True,0.0007604510298024117,2015|2016-2020,M1,2015,original,E0_full_drop_onset
Netherlands,2016,0,True,0.05891149858440454,2015|2016-2020,M1,2015,original,E0_full_drop_onset
Netherlands,2017,0,True,0.02903713262419606,2015|2016-2020,M1,2015,original,E0_full_drop_onset
Netherlands,2018,0,False,0.03185311030567255,2015|2016-2020,M1,2015,original,E0_full_drop_onset
Netherlands,2019,0,False,0.045362399751354456,2015|2016-2020,M1,2015,original,E0_full_drop_onset
Netherlands,2020,0,False,0.146792659752692,2015|2016-2020,M1,2015,original,E0_full_drop_onset
Norway,2016,0,True,0.00034959520124655427,2015|2016-2020,M1,2015,original,E0_full_drop_onset
Norway,2017,0,True,0.00031704943956813555,2015|2016-2020,M1,2015,original,E0_full_drop_onset
Norway,2018,0,False,0.00025017011178179565,2015|2016-2020,M1,2015,original,E0_full_drop_onset
Norway,2019,0,False,0.000350777352732812,2015|2016-2020,M1,2015,original,E0_full_drop_onset
Norway,2020,0,False,0.0007260833060698402,2015|2016-2020,M1,2015,original,E0_full_drop_onset
Portugal,2017,0,True,0.20377630155432383,2015|2016-2020,M1,2015,original,E0_full_drop_onset
Portugal,2018,0,False,0.1974163321064784,2015|2016-2020,M1,2015,original,E0_full_drop_onset
Portugal,2019,0,False,0.1725586215195282,2015|2016-2020,M1,2015,original,E0_full_drop_onset
Portugal,2020,0,False,0.673856147309753,2015|2016-2020,M1,2015,original,E0_full_drop_onset
Spain,2016,0,True,0.09097818609219242,2015|2016-2020,M1,2015,original,E0_full_drop_onset
Spain,2017,0,True,0.06737186722804758,2015|2016-2020,M1,2015,original,E0_full_drop_onset
Spain,2018,0,False,0.06623972436869374,2015|2016-2020,M1,2015,original,E0_full_drop_onset
Spain,2019,0,False,0.07043509770732212,2015|2016-2020,M1,2015,original,E0_full_drop_onset
Spain,2020,0,False,0.6474916365777541,2015|2016-2020,M1,2015,original,E0_full_drop_onset
Sweden,2016,0,True,0.0001216922780964397,2015|2016-2020,M1,2015,original,E0_full_drop_onset
Sweden,2017,0,True,8.85620555165849e-05,2015|2016-2020,M1,2015,original,E0_full_drop_onset
Sweden,2018,0,False,9.251144039036847e-05,2015|2016-2020,M1,2015,original,E0_full_drop_onset
Sweden,2019,0,False,8.281932422890762e-05,2015|2016-2020,M1,2015,original,E0_full_drop_onset
Sweden,2020,0,False,0.00019451588735832457,2015|2016-2020,M1,2015,original,E0_full_drop_onset
Switzerland,2016,0,True,0.0011581101225296017,2015|2016-2020,M1,2015,original,E0_full_drop_onset
Switzerland,2017,0,True,0.0008872391836699485,2015|2016-2020,M1,2015,original,E0_full_drop_onset
Switzerland,2018,0,False,0.0008681121517400376,2015|2016-2020,M1,2015,original,E0_full_drop_onset
Switzerland,2019,0,False,0.0010103695841992956,2015|2016-2020,M1,2015,original,E0_full_drop_onset
Switzerland,2020,0,False,0.0061846635189627625,2015|2016-2020,M1,2015,original,E0_full_drop_onset
UK,2016,0,True,0.06417236305155351,2015|2016-2020,M1,2015,original,E0_full_drop_onset
UK,2017,0,True,0.07319788647123779,2015|2016-2020,M1,2015,original,E0_full_drop_onset
UK,2018,0,False,0.07886475333100734,2015|2016-2020,M1,2015,original,E0_full_drop_onset
UK,2019,0,False,0.0727797460637815,2015|2016-2020,M1,2015,original,E0_full_drop_onset
UK,2020,0,False,0.11772029004694265,2015|2016-2020,M1,2015,original,E0_full_drop_onset
Australia,2016,0,True,1e-06,2015|2016-2020,M2,2015,original,E0_full_drop_onset
Australia,2017,0,True,1e-06,2015|2016-2020,M2,2015,original,E0_full_drop_onset
Australia,2018,0,False,1e-06,2015|2016-2020,M2,2015,original,E0_full_drop_onset
Australia,2019,0,False,1e-06,2015|2016-2020,M2,2015,original,E0_full_drop_onset
Belgium,2016,0,True,0.05085723291258542,2015|2016-2020,M2,2015,original,E0_full_drop_onset
Belgium,2017,0,True,0.048348268190459204,2015|2016-2020,M2,2015,original,E0_full_drop_onset
Belgium,2018,0,False,0.046662371030421985,2015|2016-2020,M2,2015,original,E0_full_drop_onset
Belgium,2019,0,False,0.0449562335289899,2015|2016-2020,M2,2015,original,E0_full_drop_onset
Belgium,2020,0,False,0.05796876880864577,2015|2016-2020,M2,2015,original,E0_full_drop_onset
Canada,2016,0,True,1e-06,2015|2016-2020,M2,2015,original,E0_full_drop_onset
Canada,2017,0,True,1e-06,2015|2016-2020,M2,2015,original,E0_full_drop_onset
Canada,2018,0,False,1e-06,2015|2016-2020,M2,2015,original,E0_full_drop_onset
Canada,2019,0,False,1e-06,2015|2016-2020,M2,2015,original,E0_full_drop_onset
Canada,2020,0,False,1e-06,2015|2016-2020,M2,2015,original,E0_full_drop_onset
Denmark,2016,0,True,1e-06,2015|2016-2020,M2,2015,original,E0_full_drop_onset
Denmark,2017,0,True,1e-06,2015|2016-2020,M2,2015,original,E0_full_drop_onset
Denmark,2018,0,False,1e-06,2015|2016-2020,M2,2015,original,E0_full_drop_onset
Denmark,2019,0,False,1e-06,2015|2016-2020,M2,2015,original,E0_full_drop_onset
Denmark,2020,0,False,1e-06,2015|2016-2020,M2,2015,original,E0_full_drop_onset
Finland,2016,0,True,1e-06,2015|2016-2020,M2,2015,original,E0_full_drop_onset
Finland,2017,0,True,1e-06,2015|2016-2020,M2,2015,original,E0_full_drop_onset
Finland,2018,0,False,1e-06,2015|2016-2020,M2,2015,original,E0_full_drop_onset
Finland,2019,0,False,1e-06,2015|2016-2020,M2,2015,original,E0_full_drop_onset
Finland,2020,0,False,1e-06,2015|2016-2020,M2,2015,original,E0_full_drop_onset
France,2016,0,True,0.13137187806737033,2015|2016-2020,M2,2015,original,E0_full_drop_onset
France,2017,0,True,0.13164237318407507,2015|2016-2020,M2,2015,original,E0_full_drop_onset
France,2018,0,False,0.13110185484277295,2015|2016-2020,M2,2015,original,E0_full_drop_onset
France,2019,0,False,0.13060647664572433,2015|2016-2020,M2,2015,original,E0_full_drop_onset
France,2020,0,False,0.16002317045971748,2015|2016-2020,M2,2015,original,E0_full_drop_onset
Germany,2016,0,True,0.04387765146591033,2015|2016-2020,M2,2015,original,E0_full_drop_onset
Germany,2017,0,True,0.037824823368168364,2015|2016-2020,M2,2015,original,E0_full_drop_onset
Germany,2018,0,False,0.03390576885737189,2015|2016-2020,M2,2015,original,E0_full_drop_onset
Germany,2019,0,False,0.03142295979682045,2015|2016-2020,M2,2015,original,E0_full_drop_onset
Germany,2020,0,False,0.04310749803588026,2015|2016-2020,M2,2015,original,E0_full_drop_onset
Ireland,2016,0,True,0.14623442383820554,2015|2016-2020,M2,2015,original,E0_full_drop_onset
Ireland,2017,0,True,0.12596242805971072,2015|2016-2020,M2,2015,original,E0_full_drop_onset
Ireland,2018,0,False,0.11299737267463673,2015|2016-2020,M2,2015,original,E0_full_drop_onset
Ireland,2019,0,False,0.09818222847204655,2015|2016-2020,M2,2015,original,E0_full_drop_onset
Ireland,2020,0,False,0.10108305293587022,2015|2016-2020,M2,2015,original,E0_full_drop_onset
Italy,2016,0,True,0.1610791066242093,2015|2016-2020,M2,2015,original,E0_full_drop_onset
Italy,2017,0,True,0.15962097648425008,2015|2016-2020,M2,2015,original,E0_full_drop_onset
Italy,2018,0,False,0.16021506519439155,2015|2016-2020,M2,2015,original,E0_full_drop_onset
Italy,2019,0,False,0.16058137379168544,2015|2016-2020,M2,2015,original,E0_full_drop_onset
Italy,2020,0,False,0.21427952989952745,2015|2016-2020,M2,2015,original,E0_full_drop_onset
Japan,2016,0,True,1e-06,2015|2016-2020,M2,2015,original,E0_full_drop_onset
Japan,2017,0,True,1e-06,2015|2016-2020,M2,2015,original,E0_full_drop_onset
Netherlands,2016,0,True,0.061538887953111,2015|2016-2020,M2,2015,original,E0_full_drop_onset
Netherlands,2017,0,True,0.05488250300435631,2015|2016-2020,M2,2015,original,E0_full_drop_onset
Netherlands,2018,0,False,0.049439968235456794,2015|2016-2020,M2,2015,original,E0_full_drop_onset
Netherlands,2019,0,False,0.04516863584924159,2015|2016-2020,M2,2015,original,E0_full_drop_onset
Netherlands,2020,0,False,0.051689106742955654,2015|2016-2020,M2,2015,original,E0_full_drop_onset
Norway,2016,0,True,1e-06,2015|2016-2020,M2,2015,original,E0_full_drop_onset
Norway,2017,0,True,1e-06,2015|2016-2020,M2,2015,original,E0_full_drop_onset
Norway,2018,0,False,1e-06,2015|2016-2020,M2,2015,original,E0_full_drop_onset
Norway,2019,0,False,1e-06,2015|2016-2020,M2,2015,original,E0_full_drop_onset
Norway,2020,0,False,1e-06,2015|2016-2020,M2,2015,original,E0_full_drop_onset
Portugal,2017,0,True,0.4394827134847779,2015|2016-2020,M2,2015,original,E0_full_drop_onset
Portugal,2018,0,False,0.41113709631341816,2015|2016-2020,M2,2015,original,E0_full_drop_onset
Portugal,2019,0,False,0.38212535198723485,2015|2016-2020,M2,2015,original,E0_full_drop_onset
Portugal,2020,0,False,0.49543728335808207,2015|2016-2020,M2,2015,original,E0_full_drop_onset
Spain,2016,0,True,0.16917883075598333,2015|2016-2020,M2,2015,original,E0_full_drop_onset
Spain,2017,0,True,0.1674576136990528,2015|2016-2020,M2,2015,original,E0_full_drop_onset
Spain,2018,0,False,0.16454758499623331,2015|2016-2020,M2,2015,original,E0_full_drop_onset
Spain,2019,0,False,0.1591388893002013,2015|2016-2020,M2,2015,original,E0_full_drop_onset
Spain,2020,0,False,0.23643841546830388,2015|2016-2020,M2,2015,original,E0_full_drop_onset
Sweden,2016,0,True,1e-06,2015|2016-2020,M2,2015,original,E0_full_drop_onset
Sweden,2017,0,True,1e-06,2015|2016-2020,M2,2015,original,E0_full_drop_onset
Sweden,2018,0,False,1e-06,2015|2016-2020,M2,2015,original,E0_full_drop_onset
Sweden,2019,0,False,1e-06,2015|2016-2020,M2,2015,original,E0_full_drop_onset
Sweden,2020,0,False,1e-06,2015|2016-2020,M2,2015,original,E0_full_drop_onset
Switzerland,2016,0,True,1e-06,2015|2016-2020,M2,2015,original,E0_full_drop_onset
Switzerland,2017,0,True,1e-06,2015|2016-2020,M2,2015,original,E0_full_drop_onset
Switzerland,2018,0,False,1e-06,2015|2016-2020,M2,2015,original,E0_full_drop_onset
Switzerland,2019,0,False,1e-06,2015|2016-2020,M2,2015,original,E0_full_drop_onset
Switzerland,2020,0,False,1e-06,2015|2016-2020,M2,2015,original,E0_full_drop_onset
UK,2016,0,True,0.07279584136112836,2015|2016-2020,M2,2015,original,E0_full_drop_onset
UK,2017,0,True,0.07250937618173904,2015|2016-2020,M2,2015,original,E0_full_drop_onset
UK,2018,0,False,0.07217575979922378,2015|2016-2020,M2,2015,original,E0_full_drop_onset
UK,2019,0,False,0.0718478647246704,2015|2016-2020,M2,2015,original,E0_full_drop_onset
UK,2020,0,False,0.08460890543829774,2015|2016-2020,M2,2015,original,E0_full_drop_onset
USA,2016,0,True,0.08286617677948713,2015|2016-2020,M2,2015,original,E0_full_drop_onset
USA,2017,0,True,0.08190708996103789,2015|2016-2020,M2,2015,original,E0_full_drop_onset
USA,2018,0,False,0.0831881359667478,2015|2016-2020,M2,2015,original,E0_full_drop_onset
USA,2019,0,False,0.08547386167840713,2015|2016-2020,M2,2015,original,E0_full_drop_onset
USA,2020,0,False,0.12788159376035677,2015|2016-2020,M2,2015,original,E0_full_drop_onset
Australia,1952,0,True,0.02679816093635072,1950|1951-1955,M1,1950,tiling,E0_full_drop_onset
Australia,1953,0,True,0.02678658592736321,1950|1951-1955,M1,1950,tiling,E0_full_drop_onset
Australia,1954,0,True,0.04073716354534501,1950|1951-1955,M1,1950,tiling,E0_full_drop_onset
Australia,1955,0,True,0.04519932365330687,1950|1951-1955,M1,1950,tiling,E0_full_drop_onset
Belgium,1954,0,True,0.03455049455497233,1950|1951-1955,M1,1950,tiling,E0_full_drop_onset
Belgium,1955,0,True,0.02125472305296208,1950|1951-1955,M1,1950,tiling,E0_full_drop_onset
Canada,1951,0,True,0.013126599343077772,1950|1951-1955,M1,1950,tiling,E0_full_drop_onset
Canada,1952,0,True,0.006311416673068716,1950|1951-1955,M1,1950,tiling,E0_full_drop_onset
Canada,1953,0,True,0.008756866182202153,1950|1951-1955,M1,1950,tiling,E0_full_drop_onset
Canada,1954,0,True,0.021068256424935424,1950|1951-1955,M1,1950,tiling,E0_full_drop_onset
Canada,1955,0,True,0.02581861423477649,1950|1951-1955,M1,1950,tiling,E0_full_drop_onset
Finland,1951,0,True,0.003093068635029393,1950|1951-1955,M1,1950,tiling,E0_full_drop_onset
Finland,1952,0,True,0.0036872739548095756,1950|1951-1955,M1,1950,tiling,E0_full_drop_onset
Finland,1953,0,True,0.005009042533558359,1950|1951-1955,M1,1950,tiling,E0_full_drop_onset
Finland,1954,0,True,0.0038594675453421804,1950|1951-1955,M1,1950,tiling,E0_full_drop_onset
Finland,1955,0,True,0.004618882432070307,1950|1951-1955,M1,1950,tiling,E0_full_drop_onset
France,1952,0,True,0.4037782303458297,1950|1951-1955,M1,1950,tiling,E0_full_drop_onset
France,1953,0,True,0.1680836674895935,1950|1951-1955,M1,1950,tiling,E0_full_drop_onset
France,1954,0,True,0.10695463366305892,1950|1951-1955,M1,1950,tiling,E0_full_drop_onset
France,1955,0,True,0.09750281083657215,1950|1951-1955,M1,1950,tiling,E0_full_drop_onset
Germany,1954,0,True,0.05102038277118703,1950|1951-1955,M1,1950,tiling,E0_full_drop_onset
Germany,1955,0,True,0.05039309931501604,1950|1951-1955,M1,1950,tiling,E0_full_drop_onset
Ireland,1951,0,True,0.999999,1950|1951-1955,M1,1950,tiling,E0_full_drop_onset
Ireland,1952,0,True,0.9943738053203536,1950|1951-1955,M1,1950,tiling,E0_full_drop_onset
Ireland,1953,0,True,8.490775772506194e-06,1950|1951-1955,M1,1950,tiling,E0_full_drop_onset
Ireland,1954,0,True,0.9077907532495234,1950|1951-1955,M1,1950,tiling,E0_full_drop_onset
Ireland,1955,0,True,0.9896483122221281,1950|1951-1955,M1,1950,tiling,E0_full_drop_onset
Italy,1951,0,True,0.1196808375933751,1950|1951-1955,M1,1950,tiling,E0_full_drop_onset
Italy,1952,0,True,0.07638884676148017,1950|1951-1955,M1,1950,tiling,E0_full_drop_onset
Italy,1953,0,True,0.05969927413924178,1950|1951-1955,M1,1950,tiling,E0_full_drop_onset
Italy,1954,0,True,0.06290546488357582,1950|1951-1955,M1,1950,tiling,E0_full_drop_onset
Italy,1955,0,True,0.062006751108789955,1950|1951-1955,M1,1950,tiling,E0_full_drop_onset
Norway,1951,0,True,0.0032828637286286123,1950|1951-1955,M1,1950,tiling,E0_full_drop_onset
Norway,1952,0,True,0.008181544251965961,1950|1951-1955,M1,1950,tiling,E0_full_drop_onset
Norway,1953,0,True,0.016130211499897427,1950|1951-1955,M1,1950,tiling,E0_full_drop_onset
Norway,1954,0,True,0.0348663994820732,1950|1951-1955,M1,1950,tiling,E0_full_drop_onset
Norway,1955,0,True,0.07966970176700937,1950|1951-1955,M1,1950,tiling,E0_full_drop_onset
Portugal,1951,0,True,0.08570489996854616,1950|1951-1955,M1,1950,tiling,E0_full_drop_onset
Portugal,1952,0,True,0.1035955749948554,1950|1951-1955,M1,1950,tiling,E0_full_drop_onset
Portugal,1953,0,True,0.0790159589709681,1950|1951-1955,M1,1950,tiling,E0_full_drop_onset
Portugal,1954,0,True,0.061044644913174274,1950|1951-1955,M1,1950,tiling,E0_full_drop_onset
Portugal,1955,0,True,0.026135031207571612,1950|1951-1955,M1,1950,tiling,E0_full_drop_onset
Spain,1953,0,True,0.008873551427200798,1950|1951-1955,M1,1950,tiling,E0_full_drop_onset
Spain,1954,0,True,0.050354081871537136,1950|1951-1955,M1,1950,tiling,E0_full_drop_onset
Spain,1955,0,True,0.0013372150880360339,1950|1951-1955,M1,1950,tiling,E0_full_drop_onset
Sweden,1951,0,True,0.02900344214086993,1950|1951-1955,M1,1950,tiling,E0_full_drop_onset
Sweden,1952,0,True,0.016858907880769415,1950|1951-1955,M1,1950,tiling,E0_full_drop_onset
Sweden,1953,0,True,0.02139804963345333,1950|1951-1955,M1,1950,tiling,E0_full_drop_onset
Sweden,1954,0,True,0.038471826685569435,1950|1951-1955,M1,1950,tiling,E0_full_drop_onset
Sweden,1955,0,True,0.05544716107974583,1950|1951-1955,M1,1950,tiling,E0_full_drop_onset
Switzerland,1951,0,True,0.009788208082231154,1950|1951-1955,M1,1950,tiling,E0_full_drop_onset
Switzerland,1952,0,True,0.013222572576629038,1950|1951-1955,M1,1950,tiling,E0_full_drop_onset
Switzerland,1953,0,True,0.01439709687240039,1950|1951-1955,M1,1950,tiling,E0_full_drop_onset
Switzerland,1954,0,True,0.014876667793262102,1950|1951-1955,M1,1950,tiling,E0_full_drop_onset
Switzerland,1955,0,True,0.007582242460693167,1950|1951-1955,M1,1950,tiling,E0_full_drop_onset
UK,1953,0,True,0.006772522879025749,1950|1951-1955,M1,1950,tiling,E0_full_drop_onset
UK,1954,0,True,0.006697994648548197,1950|1951-1955,M1,1950,tiling,E0_full_drop_onset
UK,1955,0,True,0.015622494797492241,1950|1951-1955,M1,1950,tiling,E0_full_drop_onset
Australia,1952,0,True,1e-06,1950|1951-1955,M2,1950,tiling,E0_full_drop_onset
Australia,1953,0,True,1e-06,1950|1951-1955,M2,1950,tiling,E0_full_drop_onset
Australia,1954,0,True,1e-06,1950|1951-1955,M2,1950,tiling,E0_full_drop_onset
Australia,1955,0,True,1e-06,1950|1951-1955,M2,1950,tiling,E0_full_drop_onset
Belgium,1954,0,True,0.15093466252987062,1950|1951-1955,M2,1950,tiling,E0_full_drop_onset
Belgium,1955,0,True,0.14424124307429506,1950|1951-1955,M2,1950,tiling,E0_full_drop_onset
Canada,1951,0,True,1e-06,1950|1951-1955,M2,1950,tiling,E0_full_drop_onset
Canada,1952,0,True,1e-06,1950|1951-1955,M2,1950,tiling,E0_full_drop_onset
Canada,1953,0,True,1e-06,1950|1951-1955,M2,1950,tiling,E0_full_drop_onset
Canada,1954,0,True,1e-06,1950|1951-1955,M2,1950,tiling,E0_full_drop_onset
Canada,1955,0,True,1e-06,1950|1951-1955,M2,1950,tiling,E0_full_drop_onset
Finland,1951,0,True,1e-06,1950|1951-1955,M2,1950,tiling,E0_full_drop_onset
Finland,1952,0,True,1e-06,1950|1951-1955,M2,1950,tiling,E0_full_drop_onset
Finland,1953,0,True,1e-06,1950|1951-1955,M2,1950,tiling,E0_full_drop_onset
Finland,1954,0,True,1e-06,1950|1951-1955,M2,1950,tiling,E0_full_drop_onset
Finland,1955,0,True,1e-06,1950|1951-1955,M2,1950,tiling,E0_full_drop_onset
France,1952,0,True,0.18993547371501754,1950|1951-1955,M2,1950,tiling,E0_full_drop_onset
France,1953,0,True,0.19409279202861385,1950|1951-1955,M2,1950,tiling,E0_full_drop_onset
France,1954,0,True,0.1928560144059593,1950|1951-1955,M2,1950,tiling,E0_full_drop_onset
France,1955,0,True,0.19071095899987414,1950|1951-1955,M2,1950,tiling,E0_full_drop_onset
Germany,1954,0,True,0.018485576625446906,1950|1951-1955,M2,1950,tiling,E0_full_drop_onset
Germany,1955,0,True,0.01667383280688105,1950|1951-1955,M2,1950,tiling,E0_full_drop_onset
Ireland,1951,0,True,1e-06,1950|1951-1955,M2,1950,tiling,E0_full_drop_onset
Ireland,1952,0,True,1e-06,1950|1951-1955,M2,1950,tiling,E0_full_drop_onset
Ireland,1953,0,True,1e-06,1950|1951-1955,M2,1950,tiling,E0_full_drop_onset
Ireland,1954,0,True,1e-06,1950|1951-1955,M2,1950,tiling,E0_full_drop_onset
Ireland,1955,0,True,1e-06,1950|1951-1955,M2,1950,tiling,E0_full_drop_onset
Italy,1951,0,True,0.022367425114344596,1950|1951-1955,M2,1950,tiling,E0_full_drop_onset
Italy,1952,0,True,0.02336168231392359,1950|1951-1955,M2,1950,tiling,E0_full_drop_onset
Italy,1953,0,True,0.023749910314784652,1950|1951-1955,M2,1950,tiling,E0_full_drop_onset
Italy,1954,0,True,0.02462703768775853,1950|1951-1955,M2,1950,tiling,E0_full_drop_onset
Italy,1955,0,True,0.024540295771250508,1950|1951-1955,M2,1950,tiling,E0_full_drop_onset
Norway,1951,0,True,1e-06,1950|1951-1955,M2,1950,tiling,E0_full_drop_onset
Norway,1952,0,True,1e-06,1950|1951-1955,M2,1950,tiling,E0_full_drop_onset
Norway,1953,0,True,1e-06,1950|1951-1955,M2,1950,tiling,E0_full_drop_onset
Norway,1954,0,True,1e-06,1950|1951-1955,M2,1950,tiling,E0_full_drop_onset
Norway,1955,0,True,1e-06,1950|1951-1955,M2,1950,tiling,E0_full_drop_onset
Portugal,1951,0,True,0.030599883488681073,1950|1951-1955,M2,1950,tiling,E0_full_drop_onset
Portugal,1952,0,True,0.030394512578669222,1950|1951-1955,M2,1950,tiling,E0_full_drop_onset
Portugal,1953,0,True,0.030287466745967894,1950|1951-1955,M2,1950,tiling,E0_full_drop_onset
Portugal,1954,0,True,0.030092652795262662,1950|1951-1955,M2,1950,tiling,E0_full_drop_onset
Portugal,1955,0,True,0.0294380308787052,1950|1951-1955,M2,1950,tiling,E0_full_drop_onset
Spain,1953,0,True,0.03572329717939407,1950|1951-1955,M2,1950,tiling,E0_full_drop_onset
Spain,1954,0,True,0.030757184974520926,1950|1951-1955,M2,1950,tiling,E0_full_drop_onset
Spain,1955,0,True,0.030490768422311944,1950|1951-1955,M2,1950,tiling,E0_full_drop_onset
Sweden,1951,0,True,1e-06,1950|1951-1955,M2,1950,tiling,E0_full_drop_onset
Sweden,1952,0,True,1e-06,1950|1951-1955,M2,1950,tiling,E0_full_drop_onset
Sweden,1953,0,True,1e-06,1950|1951-1955,M2,1950,tiling,E0_full_drop_onset
Sweden,1954,0,True,1e-06,1950|1951-1955,M2,1950,tiling,E0_full_drop_onset
Sweden,1955,0,True,1e-06,1950|1951-1955,M2,1950,tiling,E0_full_drop_onset
Switzerland,1951,0,True,1e-06,1950|1951-1955,M2,1950,tiling,E0_full_drop_onset
Switzerland,1952,0,True,1e-06,1950|1951-1955,M2,1950,tiling,E0_full_drop_onset
Switzerland,1953,0,True,1e-06,1950|1951-1955,M2,1950,tiling,E0_full_drop_onset
Switzerland,1954,0,True,1e-06,1950|1951-1955,M2,1950,tiling,E0_full_drop_onset
Switzerland,1955,0,True,1e-06,1950|1951-1955,M2,1950,tiling,E0_full_drop_onset
UK,1953,0,True,0.15065160220632426,1950|1951-1955,M2,1950,tiling,E0_full_drop_onset
UK,1954,0,True,0.14451570542110573,1950|1951-1955,M2,1950,tiling,E0_full_drop_onset
UK,1955,0,True,0.13636814825792856,1950|1951-1955,M2,1950,tiling,E0_full_drop_onset
USA,1953,0,True,0.10703107591256036,1950|1951-1955,M2,1950,tiling,E0_full_drop_onset
USA,1954,0,True,0.10786480309143757,1950|1951-1955,M2,1950,tiling,E0_full_drop_onset
USA,1955,0,True,0.10274652293872558,1950|1951-1955,M2,1950,tiling,E0_full_drop_onset
Australia,1956,0,True,0.080343935937177,1955|1956-1960,M1,1955,tiling,E0_full_drop_onset
Australia,1957,0,True,0.05772864770901412,1955|1956-1960,M1,1955,tiling,E0_full_drop_onset
Australia,1958,0,True,0.03243716072250812,1955|1956-1960,M1,1955,tiling,E0_full_drop_onset
Australia,1959,0,True,0.03896209922097945,1955|1956-1960,M1,1955,tiling,E0_full_drop_onset
Australia,1960,0,True,0.05555941991613992,1955|1956-1960,M1,1955,tiling,E0_full_drop_onset
Belgium,1956,0,True,0.01800675125400759,1955|1956-1960,M1,1955,tiling,E0_full_drop_onset
Belgium,1957,0,True,0.007229445387428955,1955|1956-1960,M1,1955,tiling,E0_full_drop_onset
Belgium,1958,0,True,0.01575950001577474,1955|1956-1960,M1,1955,tiling,E0_full_drop_onset
Belgium,1959,0,True,0.027708299196312923,1955|1956-1960,M1,1955,tiling,E0_full_drop_onset
Belgium,1960,0,True,0.027987018125756494,1955|1956-1960,M1,1955,tiling,E0_full_drop_onset
Canada,1956,0,True,0.12659300671682622,1955|1956-1960,M1,1955,tiling,E0_full_drop_onset
Canada,1957,0,True,0.3033097210329327,1955|1956-1960,M1,1955,tiling,E0_full_drop_onset
Canada,1958,0,True,0.020324239006704055,1955|1956-1960,M1,1955,tiling,E0_full_drop_onset
Canada,1959,0,True,0.22432042711154884,1955|1956-1960,M1,1955,tiling,E0_full_drop_onset
Canada,1960,0,True,0.013704089505676798,1955|1956-1960,M1,1955,tiling,E0_full_drop_onset
Denmark,1956,0,True,0.06029410734132787,1955|1956-1960,M1,1955,tiling,E0_full_drop_onset
Finland,1956,0,True,0.0005036273085101913,1955|1956-1960,M1,1955,tiling,E0_full_drop_onset
Finland,1957,0,True,0.0006098917537876917,1955|1956-1960,M1,1955,tiling,E0_full_drop_onset
Finland,1958,0,True,0.0005574812243644894,1955|1956-1960,M1,1955,tiling,E0_full_drop_onset
Finland,1959,0,True,0.00029344780563229824,1955|1956-1960,M1,1955,tiling,E0_full_drop_onset
Finland,1960,0,True,0.00015495414548917513,1955|1956-1960,M1,1955,tiling,E0_full_drop_onset
France,1956,0,True,0.13445924226898218,1955|1956-1960,M1,1955,tiling,E0_full_drop_onset
France,1957,0,True,0.39763117275573745,1955|1956-1960,M1,1955,tiling,E0_full_drop_onset
France,1958,0,True,0.784711346176462,1955|1956-1960,M1,1955,tiling,E0_full_drop_onset
France,1959,0,True,0.16363085753768555,1955|1956-1960,M1,1955,tiling,E0_full_drop_onset
France,1960,0,True,0.053153685664090025,1955|1956-1960,M1,1955,tiling,E0_full_drop_onset
Germany,1956,0,True,0.008452754844284647,1955|1956-1960,M1,1955,tiling,E0_full_drop_onset
Germany,1957,0,True,0.0036538902691566027,1955|1956-1960,M1,1955,tiling,E0_full_drop_onset
Germany,1958,0,True,0.004004779160546489,1955|1956-1960,M1,1955,tiling,E0_full_drop_onset
Germany,1959,0,True,0.004539484739472492,1955|1956-1960,M1,1955,tiling,E0_full_drop_onset
Germany,1960,0,True,0.006014289096881498,1955|1956-1960,M1,1955,tiling,E0_full_drop_onset
Ireland,1956,0,True,0.16921169283035595,1955|1956-1960,M1,1955,tiling,E0_full_drop_onset
Ireland,1957,0,True,0.09715530946913405,1955|1956-1960,M1,1955,tiling,E0_full_drop_onset
Ireland,1958,0,True,0.06597946428056464,1955|1956-1960,M1,1955,tiling,E0_full_drop_onset
Ireland,1959,0,True,0.014550508331583466,1955|1956-1960,M1,1955,tiling,E0_full_drop_onset
Ireland,1960,0,True,0.055935809383132334,1955|1956-1960,M1,1955,tiling,E0_full_drop_onset
Italy,1956,0,True,0.01300590023115309,1955|1956-1960,M1,1955,tiling,E0_full_drop_onset
Italy,1957,0,True,0.013875491345188973,1955|1956-1960,M1,1955,tiling,E0_full_drop_onset
Italy,1958,0,True,0.017456129646173258,1955|1956-1960,M1,1955,tiling,E0_full_drop_onset
Italy,1959,0,True,0.031565344234463485,1955|1956-1960,M1,1955,tiling,E0_full_drop_onset
Italy,1960,0,True,0.027725705796907578,1955|1956-1960,M1,1955,tiling,E0_full_drop_onset
Japan,1957,0,True,0.0031320962438080207,1955|1956-1960,M1,1955,tiling,E0_full_drop_onset
Japan,1958,0,True,0.004121801072885465,1955|1956-1960,M1,1955,tiling,E0_full_drop_onset
Japan,1959,0,True,0.0011121948659707952,1955|1956-1960,M1,1955,tiling,E0_full_drop_onset
Japan,1960,0,True,0.0020502285293412495,1955|1956-1960,M1,1955,tiling,E0_full_drop_onset
Norway,1956,0,True,0.007512730758783565,1955|1956-1960,M1,1955,tiling,E0_full_drop_onset
Norway,1957,0,True,0.010173952137552598,1955|1956-1960,M1,1955,tiling,E0_full_drop_onset
Norway,1958,0,True,0.008484125876741916,1955|1956-1960,M1,1955,tiling,E0_full_drop_onset
Norway,1959,0,True,0.00791689274702536,1955|1956-1960,M1,1955,tiling,E0_full_drop_onset
Norway,1960,0,True,0.002265322464285299,1955|1956-1960,M1,1955,tiling,E0_full_drop_onset
Portugal,1956,0,True,0.007417831966706553,1955|1956-1960,M1,1955,tiling,E0_full_drop_onset
Portugal,1957,0,True,0.0032308421041959425,1955|1956-1960,M1,1955,tiling,E0_full_drop_onset
Portugal,1958,0,True,0.006874708660587481,1955|1956-1960,M1,1955,tiling,E0_full_drop_onset
Portugal,1959,0,True,0.020084045413307345,1955|1956-1960,M1,1955,tiling,E0_full_drop_onset
Portugal,1960,0,True,0.0072889382609374375,1955|1956-1960,M1,1955,tiling,E0_full_drop_onset
Spain,1956,0,True,0.0011299170424949776,1955|1956-1960,M1,1955,tiling,E0_full_drop_onset
Spain,1957,0,True,0.021166765722428225,1955|1956-1960,M1,1955,tiling,E0_full_drop_onset
Spain,1958,0,True,0.015614518571769997,1955|1956-1960,M1,1955,tiling,E0_full_drop_onset
Spain,1959,0,True,0.012852288003638725,1955|1956-1960,M1,1955,tiling,E0_full_drop_onset
Spain,1960,0,True,0.0005720680370033276,1955|1956-1960,M1,1955,tiling,E0_full_drop_onset
Sweden,1956,0,True,0.03294162564594895,1955|1956-1960,M1,1955,tiling,E0_full_drop_onset
Sweden,1957,0,True,0.022699730040739004,1955|1956-1960,M1,1955,tiling,E0_full_drop_onset
Sweden,1958,0,True,0.025327006775718638,1955|1956-1960,M1,1955,tiling,E0_full_drop_onset
Sweden,1959,0,True,0.01797818225905839,1955|1956-1960,M1,1955,tiling,E0_full_drop_onset
Sweden,1960,0,True,0.02237561019147819,1955|1956-1960,M1,1955,tiling,E0_full_drop_onset
Switzerland,1956,0,True,0.008436451465543587,1955|1956-1960,M1,1955,tiling,E0_full_drop_onset
Switzerland,1957,0,True,0.013862061337129665,1955|1956-1960,M1,1955,tiling,E0_full_drop_onset
Switzerland,1958,0,True,0.08808139992012216,1955|1956-1960,M1,1955,tiling,E0_full_drop_onset
Switzerland,1959,0,True,0.03181279491166093,1955|1956-1960,M1,1955,tiling,E0_full_drop_onset
Switzerland,1960,0,True,0.025540487795847108,1955|1956-1960,M1,1955,tiling,E0_full_drop_onset
UK,1956,0,True,0.03224943489684776,1955|1956-1960,M1,1955,tiling,E0_full_drop_onset
UK,1957,0,True,0.02156657877806452,1955|1956-1960,M1,1955,tiling,E0_full_drop_onset
UK,1958,0,True,0.020298191591999068,1955|1956-1960,M1,1955,tiling,E0_full_drop_onset
UK,1959,0,True,0.008878457550525444,1955|1956-1960,M1,1955,tiling,E0_full_drop_onset
UK,1960,0,True,0.01604868573450113,1955|1956-1960,M1,1955,tiling,E0_full_drop_onset
Australia,1956,0,True,1e-06,1955|1956-1960,M2,1955,tiling,E0_full_drop_onset
Australia,1957,0,True,1e-06,1955|1956-1960,M2,1955,tiling,E0_full_drop_onset
Australia,1958,0,True,1e-06,1955|1956-1960,M2,1955,tiling,E0_full_drop_onset
Australia,1959,0,True,1e-06,1955|1956-1960,M2,1955,tiling,E0_full_drop_onset
Australia,1960,0,True,1e-06,1955|1956-1960,M2,1955,tiling,E0_full_drop_onset
Belgium,1956,0,True,0.13748860759047676,1955|1956-1960,M2,1955,tiling,E0_full_drop_onset
Belgium,1957,0,True,0.12292411403640827,1955|1956-1960,M2,1955,tiling,E0_full_drop_onset
Belgium,1958,0,True,0.14450610380767523,1955|1956-1960,M2,1955,tiling,E0_full_drop_onset
Belgium,1959,0,True,0.16530287610436425,1955|1956-1960,M2,1955,tiling,E0_full_drop_onset
Belgium,1960,0,True,0.16336679844192573,1955|1956-1960,M2,1955,tiling,E0_full_drop_onset
Canada,1956,0,True,1e-06,1955|1956-1960,M2,1955,tiling,E0_full_drop_onset
Canada,1957,0,True,1e-06,1955|1956-1960,M2,1955,tiling,E0_full_drop_onset
Canada,1958,0,True,1e-06,1955|1956-1960,M2,1955,tiling,E0_full_drop_onset
Canada,1959,0,True,1e-06,1955|1956-1960,M2,1955,tiling,E0_full_drop_onset
Canada,1960,0,True,1e-06,1955|1956-1960,M2,1955,tiling,E0_full_drop_onset
Denmark,1956,0,True,1e-06,1955|1956-1960,M2,1955,tiling,E0_full_drop_onset
Finland,1956,0,True,1e-06,1955|1956-1960,M2,1955,tiling,E0_full_drop_onset
Finland,1957,0,True,1e-06,1955|1956-1960,M2,1955,tiling,E0_full_drop_onset
Finland,1958,0,True,1e-06,1955|1956-1960,M2,1955,tiling,E0_full_drop_onset
Finland,1959,0,True,1e-06,1955|1956-1960,M2,1955,tiling,E0_full_drop_onset
Finland,1960,0,True,1e-06,1955|1956-1960,M2,1955,tiling,E0_full_drop_onset
France,1956,0,True,0.15678718359266147,1955|1956-1960,M2,1955,tiling,E0_full_drop_onset
France,1957,0,True,0.15601547623775658,1955|1956-1960,M2,1955,tiling,E0_full_drop_onset
France,1958,0,True,0.15487353867750964,1955|1956-1960,M2,1955,tiling,E0_full_drop_onset
France,1959,0,True,0.153816500679735,1955|1956-1960,M2,1955,tiling,E0_full_drop_onset
France,1960,0,True,0.14808910432759514,1955|1956-1960,M2,1955,tiling,E0_full_drop_onset
Germany,1956,0,True,0.010830805789643962,1955|1956-1960,M2,1955,tiling,E0_full_drop_onset
Germany,1957,0,True,0.010143151797610071,1955|1956-1960,M2,1955,tiling,E0_full_drop_onset
Germany,1958,0,True,0.010143151797610071,1955|1956-1960,M2,1955,tiling,E0_full_drop_onset
Germany,1959,0,True,0.009498738095504595,1955|1956-1960,M2,1955,tiling,E0_full_drop_onset
Germany,1960,0,True,0.008329120298916772,1955|1956-1960,M2,1955,tiling,E0_full_drop_onset
Ireland,1956,0,True,1e-06,1955|1956-1960,M2,1955,tiling,E0_full_drop_onset
Ireland,1957,0,True,1e-06,1955|1956-1960,M2,1955,tiling,E0_full_drop_onset
Ireland,1958,0,True,1e-06,1955|1956-1960,M2,1955,tiling,E0_full_drop_onset
Ireland,1959,0,True,1e-06,1955|1956-1960,M2,1955,tiling,E0_full_drop_onset
Ireland,1960,0,True,1e-06,1955|1956-1960,M2,1955,tiling,E0_full_drop_onset
Italy,1956,0,True,0.023724999714206614,1955|1956-1960,M2,1955,tiling,E0_full_drop_onset
Italy,1957,0,True,0.02331264794252989,1955|1956-1960,M2,1955,tiling,E0_full_drop_onset
Italy,1958,0,True,0.023189116084187073,1955|1956-1960,M2,1955,tiling,E0_full_drop_onset
Italy,1959,0,True,0.023765114933193263,1955|1956-1960,M2,1955,tiling,E0_full_drop_onset
Italy,1960,0,True,0.022877214249005864,1955|1956-1960,M2,1955,tiling,E0_full_drop_onset
Japan,1957,0,True,1e-06,1955|1956-1960,M2,1955,tiling,E0_full_drop_onset
Japan,1958,0,True,1e-06,1955|1956-1960,M2,1955,tiling,E0_full_drop_onset
Japan,1959,0,True,1e-06,1955|1956-1960,M2,1955,tiling,E0_full_drop_onset
Japan,1960,0,True,1e-06,1955|1956-1960,M2,1955,tiling,E0_full_drop_onset
Norway,1956,0,True,1e-06,1955|1956-1960,M2,1955,tiling,E0_full_drop_onset
Norway,1957,0,True,1e-06,1955|1956-1960,M2,1955,tiling,E0_full_drop_onset
Norway,1958,0,True,1e-06,1955|1956-1960,M2,1955,tiling,E0_full_drop_onset
Norway,1959,0,True,1e-06,1955|1956-1960,M2,1955,tiling,E0_full_drop_onset
Norway,1960,0,True,1e-06,1955|1956-1960,M2,1955,tiling,E0_full_drop_onset
Portugal,1956,0,True,0.022212393693764196,1955|1956-1960,M2,1955,tiling,E0_full_drop_onset
Portugal,1957,0,True,0.02150865057664958,1955|1956-1960,M2,1955,tiling,E0_full_drop_onset
Portugal,1958,0,True,0.023709258527574793,1955|1956-1960,M2,1955,tiling,E0_full_drop_onset
Portugal,1959,0,True,0.02336208810090896,1955|1956-1960,M2,1955,tiling,E0_full_drop_onset
Portugal,1960,0,True,0.02330941733560805,1955|1956-1960,M2,1955,tiling,E0_full_drop_onset
Spain,1956,0,True,0.017950377037713006,1955|1956-1960,M2,1955,tiling,E0_full_drop_onset
Spain,1957,0,True,0.017023278614954254,1955|1956-1960,M2,1955,tiling,E0_full_drop_onset
Spain,1958,0,True,0.015167862096454853,1955|1956-1960,M2,1955,tiling,E0_full_drop_onset
Spain,1959,0,True,0.014799371756953901,1955|1956-1960,M2,1955,tiling,E0_full_drop_onset
Spain,1960,0,True,0.015175027578242758,1955|1956-1960,M2,1955,tiling,E0_full_drop_onset
Sweden,1956,0,True,1e-06,1955|1956-1960,M2,1955,tiling,E0_full_drop_onset
Sweden,1957,0,True,1e-06,1955|1956-1960,M2,1955,tiling,E0_full_drop_onset
Sweden,1958,0,True,1e-06,1955|1956-1960,M2,1955,tiling,E0_full_drop_onset
Sweden,1959,0,True,1e-06,1955|1956-1960,M2,1955,tiling,E0_full_drop_onset
Sweden,1960,0,True,1e-06,1955|1956-1960,M2,1955,tiling,E0_full_drop_onset
Switzerland,1956,0,True,1e-06,1955|1956-1960,M2,1955,tiling,E0_full_drop_onset
Switzerland,1957,0,True,1e-06,1955|1956-1960,M2,1955,tiling,E0_full_drop_onset
Switzerland,1958,0,True,1e-06,1955|1956-1960,M2,1955,tiling,E0_full_drop_onset
Switzerland,1959,0,True,1e-06,1955|1956-1960,M2,1955,tiling,E0_full_drop_onset
Switzerland,1960,0,True,1e-06,1955|1956-1960,M2,1955,tiling,E0_full_drop_onset
UK,1956,0,True,0.1296491324095707,1955|1956-1960,M2,1955,tiling,E0_full_drop_onset
UK,1957,0,True,0.12134703973822303,1955|1956-1960,M2,1955,tiling,E0_full_drop_onset
UK,1958,0,True,0.11679063213424552,1955|1956-1960,M2,1955,tiling,E0_full_drop_onset
UK,1959,0,True,0.11084029698185847,1955|1956-1960,M2,1955,tiling,E0_full_drop_onset
UK,1960,0,True,0.10456500759760345,1955|1956-1960,M2,1955,tiling,E0_full_drop_onset
USA,1956,0,True,0.10323082837429981,1955|1956-1960,M2,1955,tiling,E0_full_drop_onset
USA,1957,0,True,0.09467143391080712,1955|1956-1960,M2,1955,tiling,E0_full_drop_onset
USA,1958,0,True,0.09561651254195924,1955|1956-1960,M2,1955,tiling,E0_full_drop_onset
USA,1959,0,True,0.09074759552428988,1955|1956-1960,M2,1955,tiling,E0_full_drop_onset
USA,1960,0,True,0.0850293384587513,1955|1956-1960,M2,1955,tiling,E0_full_drop_onset
Australia,1961,0,True,0.011801571412291566,1960|1961-1965,M1,1960,tiling,E0_full_drop_onset
Australia,1962,0,True,0.005302137736489986,1960|1961-1965,M1,1960,tiling,E0_full_drop_onset
Australia,1963,0,True,0.004976095168820284,1960|1961-1965,M1,1960,tiling,E0_full_drop_onset
Australia,1964,0,True,0.006498278010947441,1960|1961-1965,M1,1960,tiling,E0_full_drop_onset
Australia,1965,0,True,0.010566834024934371,1960|1961-1965,M1,1960,tiling,E0_full_drop_onset
Belgium,1961,0,True,0.007875401449446644,1960|1961-1965,M1,1960,tiling,E0_full_drop_onset
Belgium,1962,0,True,0.010514808768804538,1960|1961-1965,M1,1960,tiling,E0_full_drop_onset
Belgium,1963,0,True,0.017139933053795693,1960|1961-1965,M1,1960,tiling,E0_full_drop_onset
Belgium,1964,0,True,0.002193807828759678,1960|1961-1965,M1,1960,tiling,E0_full_drop_onset
Belgium,1965,0,True,0.0039678037322951965,1960|1961-1965,M1,1960,tiling,E0_full_drop_onset
Canada,1961,0,True,0.0007603639195512341,1960|1961-1965,M1,1960,tiling,E0_full_drop_onset
Canada,1962,0,True,0.0050943143262786265,1960|1961-1965,M1,1960,tiling,E0_full_drop_onset
Canada,1963,0,True,0.0016807209668903548,1960|1961-1965,M1,1960,tiling,E0_full_drop_onset
Canada,1964,0,True,0.0013665129474295795,1960|1961-1965,M1,1960,tiling,E0_full_drop_onset
Canada,1965,0,True,0.0010943726402358309,1960|1961-1965,M1,1960,tiling,E0_full_drop_onset
Denmark,1963,0,True,0.0008956275231510519,1960|1961-1965,M1,1960,tiling,E0_full_drop_onset
Denmark,1964,0,True,0.0008818172390423069,1960|1961-1965,M1,1960,tiling,E0_full_drop_onset
Denmark,1965,0,True,0.0004314863770366032,1960|1961-1965,M1,1960,tiling,E0_full_drop_onset
Finland,1961,0,True,4.069719646872867e-06,1960|1961-1965,M1,1960,tiling,E0_full_drop_onset
Finland,1962,0,True,0.0011522254896418394,1960|1961-1965,M1,1960,tiling,E0_full_drop_onset
Finland,1963,0,True,0.003908378819054539,1960|1961-1965,M1,1960,tiling,E0_full_drop_onset
Finland,1964,0,True,0.0016347414957266673,1960|1961-1965,M1,1960,tiling,E0_full_drop_onset
Finland,1965,0,True,0.006158133157036065,1960|1961-1965,M1,1960,tiling,E0_full_drop_onset
France,1961,0,True,0.016774722365318278,1960|1961-1965,M1,1960,tiling,E0_full_drop_onset
France,1962,0,True,0.027380304471807882,1960|1961-1965,M1,1960,tiling,E0_full_drop_onset
France,1963,0,True,0.18910970000073862,1960|1961-1965,M1,1960,tiling,E0_full_drop_onset
France,1964,0,True,0.15988510880080276,1960|1961-1965,M1,1960,tiling,E0_full_drop_onset
France,1965,0,True,0.08406544556672034,1960|1961-1965,M1,1960,tiling,E0_full_drop_onset
Germany,1961,0,True,0.0001653873943684843,1960|1961-1965,M1,1960,tiling,E0_full_drop_onset
Germany,1962,0,True,0.00011628280477898967,1960|1961-1965,M1,1960,tiling,E0_full_drop_onset
Germany,1963,0,True,0.00036729428314268,1960|1961-1965,M1,1960,tiling,E0_full_drop_onset
Germany,1964,0,True,0.0008100685553081696,1960|1961-1965,M1,1960,tiling,E0_full_drop_onset
Germany,1965,0,True,0.0006691156511200851,1960|1961-1965,M1,1960,tiling,E0_full_drop_onset
Ireland,1961,0,True,0.031253353837956285,1960|1961-1965,M1,1960,tiling,E0_full_drop_onset
Ireland,1962,0,True,0.011982468461705184,1960|1961-1965,M1,1960,tiling,E0_full_drop_onset
Ireland,1963,0,True,0.005583092988571225,1960|1961-1965,M1,1960,tiling,E0_full_drop_onset
Ireland,1964,0,True,0.06470819093092839,1960|1961-1965,M1,1960,tiling,E0_full_drop_onset
Ireland,1965,0,True,0.02148300382401383,1960|1961-1965,M1,1960,tiling,E0_full_drop_onset
Italy,1961,0,True,0.007085167502712127,1960|1961-1965,M1,1960,tiling,E0_full_drop_onset
Italy,1962,0,True,0.003911301921679067,1960|1961-1965,M1,1960,tiling,E0_full_drop_onset
Italy,1963,0,True,0.0011447843890502434,1960|1961-1965,M1,1960,tiling,E0_full_drop_onset
Italy,1964,0,True,0.001124360908600756,1960|1961-1965,M1,1960,tiling,E0_full_drop_onset
Italy,1965,0,True,0.0044822172699080665,1960|1961-1965,M1,1960,tiling,E0_full_drop_onset
Japan,1961,0,True,3.406386911984833e-06,1960|1961-1965,M1,1960,tiling,E0_full_drop_onset
Japan,1962,0,True,0.0001097832915610905,1960|1961-1965,M1,1960,tiling,E0_full_drop_onset
Japan,1963,0,True,4.379147794881587e-05,1960|1961-1965,M1,1960,tiling,E0_full_drop_onset
Japan,1964,0,True,0.0018215551641132808,1960|1961-1965,M1,1960,tiling,E0_full_drop_onset
Japan,1965,0,True,0.0003448442415004845,1960|1961-1965,M1,1960,tiling,E0_full_drop_onset
Netherlands,1963,0,True,0.29799728521608604,1960|1961-1965,M1,1960,tiling,E0_full_drop_onset
Netherlands,1964,0,True,0.30501102019250176,1960|1961-1965,M1,1960,tiling,E0_full_drop_onset
Netherlands,1965,0,True,0.27036071230308106,1960|1961-1965,M1,1960,tiling,E0_full_drop_onset
Norway,1961,0,True,0.00016581674406006223,1960|1961-1965,M1,1960,tiling,E0_full_drop_onset
Norway,1962,0,True,0.00019820935532636504,1960|1961-1965,M1,1960,tiling,E0_full_drop_onset
Norway,1963,0,True,0.00014320046305513822,1960|1961-1965,M1,1960,tiling,E0_full_drop_onset
Norway,1964,0,True,0.00014364626590143408,1960|1961-1965,M1,1960,tiling,E0_full_drop_onset
Norway,1965,0,True,0.000428426192241737,1960|1961-1965,M1,1960,tiling,E0_full_drop_onset
Portugal,1961,0,True,0.004376182752619277,1960|1961-1965,M1,1960,tiling,E0_full_drop_onset
Portugal,1962,0,True,0.016405851820982115,1960|1961-1965,M1,1960,tiling,E0_full_drop_onset
Portugal,1963,0,True,0.007333575191130587,1960|1961-1965,M1,1960,tiling,E0_full_drop_onset
Portugal,1964,0,True,0.0041133328422113,1960|1961-1965,M1,1960,tiling,E0_full_drop_onset
Portugal,1965,0,True,0.004381273247505834,1960|1961-1965,M1,1960,tiling,E0_full_drop_onset
Spain,1961,0,True,0.011691326544367272,1960|1961-1965,M1,1960,tiling,E0_full_drop_onset
Spain,1962,0,True,0.007293587395546273,1960|1961-1965,M1,1960,tiling,E0_full_drop_onset
Spain,1963,0,True,0.009494028944891583,1960|1961-1965,M1,1960,tiling,E0_full_drop_onset
Spain,1964,0,True,0.004119362503450927,1960|1961-1965,M1,1960,tiling,E0_full_drop_onset
Spain,1965,0,True,0.0012895256956316323,1960|1961-1965,M1,1960,tiling,E0_full_drop_onset
Sweden,1961,0,True,0.002681916325830278,1960|1961-1965,M1,1960,tiling,E0_full_drop_onset
Sweden,1962,0,True,0.0002879504292958803,1960|1961-1965,M1,1960,tiling,E0_full_drop_onset
Sweden,1963,0,True,0.00011139552609626323,1960|1961-1965,M1,1960,tiling,E0_full_drop_onset
Sweden,1964,0,True,0.00011572063453538284,1960|1961-1965,M1,1960,tiling,E0_full_drop_onset
Sweden,1965,0,True,0.00019643282941287098,1960|1961-1965,M1,1960,tiling,E0_full_drop_onset
Switzerland,1961,0,True,0.008798253485301052,1960|1961-1965,M1,1960,tiling,E0_full_drop_onset
Switzerland,1962,0,True,0.007650206142394003,1960|1961-1965,M1,1960,tiling,E0_full_drop_onset
Switzerland,1963,0,True,0.008063588134340471,1960|1961-1965,M1,1960,tiling,E0_full_drop_onset
Switzerland,1964,0,True,0.0038752020471173525,1960|1961-1965,M1,1960,tiling,E0_full_drop_onset
Switzerland,1965,0,True,0.005640266969034837,1960|1961-1965,M1,1960,tiling,E0_full_drop_onset
UK,1961,0,True,0.010228363262901944,1960|1961-1965,M1,1960,tiling,E0_full_drop_onset
UK,1962,0,True,0.0053403262125243135,1960|1961-1965,M1,1960,tiling,E0_full_drop_onset
UK,1963,0,True,0.005466379404273346,1960|1961-1965,M1,1960,tiling,E0_full_drop_onset
UK,1964,0,True,0.004879463775372384,1960|1961-1965,M1,1960,tiling,E0_full_drop_onset
UK,1965,0,True,0.013751029638796855,1960|1961-1965,M1,1960,tiling,E0_full_drop_onset
Australia,1961,0,True,1e-06,1960|1961-1965,M2,1960,tiling,E0_full_drop_onset
Australia,1962,0,True,1e-06,1960|1961-1965,M2,1960,tiling,E0_full_drop_onset
Australia,1963,0,True,1e-06,1960|1961-1965,M2,1960,tiling,E0_full_drop_onset
Australia,1964,0,True,1e-06,1960|1961-1965,M2,1960,tiling,E0_full_drop_onset
Australia,1965,0,True,1e-06,1960|1961-1965,M2,1960,tiling,E0_full_drop_onset
Belgium,1961,0,True,0.13574181779349231,1960|1961-1965,M2,1960,tiling,E0_full_drop_onset
Belgium,1962,0,True,0.11894666222196432,1960|1961-1965,M2,1960,tiling,E0_full_drop_onset
Belgium,1963,0,True,0.11134410352580575,1960|1961-1965,M2,1960,tiling,E0_full_drop_onset
Belgium,1964,0,True,0.08588445446196594,1960|1961-1965,M2,1960,tiling,E0_full_drop_onset
Belgium,1965,0,True,0.07774499334183323,1960|1961-1965,M2,1960,tiling,E0_full_drop_onset
Canada,1961,0,True,1e-06,1960|1961-1965,M2,1960,tiling,E0_full_drop_onset
Canada,1962,0,True,1e-06,1960|1961-1965,M2,1960,tiling,E0_full_drop_onset
Canada,1963,0,True,1e-06,1960|1961-1965,M2,1960,tiling,E0_full_drop_onset
Canada,1964,0,True,1e-06,1960|1961-1965,M2,1960,tiling,E0_full_drop_onset
Canada,1965,0,True,1e-06,1960|1961-1965,M2,1960,tiling,E0_full_drop_onset
Denmark,1963,0,True,1e-06,1960|1961-1965,M2,1960,tiling,E0_full_drop_onset
Denmark,1964,0,True,1e-06,1960|1961-1965,M2,1960,tiling,E0_full_drop_onset
Denmark,1965,0,True,1e-06,1960|1961-1965,M2,1960,tiling,E0_full_drop_onset
Finland,1961,0,True,1e-06,1960|1961-1965,M2,1960,tiling,E0_full_drop_onset
Finland,1962,0,True,1e-06,1960|1961-1965,M2,1960,tiling,E0_full_drop_onset
Finland,1963,0,True,1e-06,1960|1961-1965,M2,1960,tiling,E0_full_drop_onset
Finland,1964,0,True,1e-06,1960|1961-1965,M2,1960,tiling,E0_full_drop_onset
Finland,1965,0,True,1e-06,1960|1961-1965,M2,1960,tiling,E0_full_drop_onset
France,1961,0,True,0.11050084164182641,1960|1961-1965,M2,1960,tiling,E0_full_drop_onset
France,1962,0,True,0.1061482461701824,1960|1961-1965,M2,1960,tiling,E0_full_drop_onset
France,1963,0,True,0.10388916846507334,1960|1961-1965,M2,1960,tiling,E0_full_drop_onset
France,1964,0,True,0.09994783782232092,1960|1961-1965,M2,1960,tiling,E0_full_drop_onset
France,1965,0,True,0.09698455807605075,1960|1961-1965,M2,1960,tiling,E0_full_drop_onset
Germany,1961,0,True,0.0063374916977436725,1960|1961-1965,M2,1960,tiling,E0_full_drop_onset
Germany,1962,0,True,0.0063374916977436725,1960|1961-1965,M2,1960,tiling,E0_full_drop_onset
Germany,1963,0,True,0.0068291535911866085,1960|1961-1965,M2,1960,tiling,E0_full_drop_onset
Germany,1964,0,True,0.0068291535911866085,1960|1961-1965,M2,1960,tiling,E0_full_drop_onset
Germany,1965,0,True,0.0068291535911866085,1960|1961-1965,M2,1960,tiling,E0_full_drop_onset
Ireland,1961,0,True,1e-06,1960|1961-1965,M2,1960,tiling,E0_full_drop_onset
Ireland,1962,0,True,1e-06,1960|1961-1965,M2,1960,tiling,E0_full_drop_onset
Ireland,1963,0,True,1e-06,1960|1961-1965,M2,1960,tiling,E0_full_drop_onset
Ireland,1964,0,True,1e-06,1960|1961-1965,M2,1960,tiling,E0_full_drop_onset
Ireland,1965,0,True,1e-06,1960|1961-1965,M2,1960,tiling,E0_full_drop_onset
Italy,1961,0,True,0.01838593007199993,1960|1961-1965,M2,1960,tiling,E0_full_drop_onset
Italy,1962,0,True,0.017891154346159715,1960|1961-1965,M2,1960,tiling,E0_full_drop_onset
Italy,1963,0,True,0.01703775084625481,1960|1961-1965,M2,1960,tiling,E0_full_drop_onset
Italy,1964,0,True,0.016987518946864583,1960|1961-1965,M2,1960,tiling,E0_full_drop_onset
Italy,1965,0,True,0.017473838653082854,1960|1961-1965,M2,1960,tiling,E0_full_drop_onset
Japan,1961,0,True,1e-06,1960|1961-1965,M2,1960,tiling,E0_full_drop_onset
Japan,1962,0,True,1e-06,1960|1961-1965,M2,1960,tiling,E0_full_drop_onset
Japan,1963,0,True,1e-06,1960|1961-1965,M2,1960,tiling,E0_full_drop_onset
Japan,1964,0,True,1e-06,1960|1961-1965,M2,1960,tiling,E0_full_drop_onset
Japan,1965,0,True,1e-06,1960|1961-1965,M2,1960,tiling,E0_full_drop_onset
Netherlands,1963,0,True,0.08043952355836258,1960|1961-1965,M2,1960,tiling,E0_full_drop_onset
Netherlands,1964,0,True,0.06828343769166403,1960|1961-1965,M2,1960,tiling,E0_full_drop_onset
Netherlands,1965,0,True,0.06503490451090271,1960|1961-1965,M2,1960,tiling,E0_full_drop_onset
Norway,1961,0,True,1e-06,1960|1961-1965,M2,1960,tiling,E0_full_drop_onset
Norway,1962,0,True,1e-06,1960|1961-1965,M2,1960,tiling,E0_full_drop_onset
Norway,1963,0,True,1e-06,1960|1961-1965,M2,1960,tiling,E0_full_drop_onset
Norway,1964,0,True,1e-06,1960|1961-1965,M2,1960,tiling,E0_full_drop_onset
Norway,1965,0,True,1e-06,1960|1961-1965,M2,1960,tiling,E0_full_drop_onset
Portugal,1961,0,True,0.01835814518751556,1960|1961-1965,M2,1960,tiling,E0_full_drop_onset
Portugal,1962,0,True,0.01969967410870538,1960|1961-1965,M2,1960,tiling,E0_full_drop_onset
Portugal,1963,0,True,0.021622712769517907,1960|1961-1965,M2,1960,tiling,E0_full_drop_onset
Portugal,1964,0,True,0.022711991700624674,1960|1961-1965,M2,1960,tiling,E0_full_drop_onset
Portugal,1965,0,True,0.021203491582513907,1960|1961-1965,M2,1960,tiling,E0_full_drop_onset
Spain,1961,0,True,0.02727022024341455,1960|1961-1965,M2,1960,tiling,E0_full_drop_onset
Spain,1962,0,True,0.02580265011202561,1960|1961-1965,M2,1960,tiling,E0_full_drop_onset
Spain,1963,0,True,0.023565885568404017,1960|1961-1965,M2,1960,tiling,E0_full_drop_onset
Spain,1964,0,True,0.02148876617018052,1960|1961-1965,M2,1960,tiling,E0_full_drop_onset
Spain,1965,0,True,0.020801174343265057,1960|1961-1965,M2,1960,tiling,E0_full_drop_onset
Sweden,1961,0,True,1e-06,1960|1961-1965,M2,1960,tiling,E0_full_drop_onset
Sweden,1962,0,True,1e-06,1960|1961-1965,M2,1960,tiling,E0_full_drop_onset
Sweden,1963,0,True,1e-06,1960|1961-1965,M2,1960,tiling,E0_full_drop_onset
Sweden,1964,0,True,1e-06,1960|1961-1965,M2,1960,tiling,E0_full_drop_onset
Sweden,1965,0,True,1e-06,1960|1961-1965,M2,1960,tiling,E0_full_drop_onset
Switzerland,1961,0,True,1e-06,1960|1961-1965,M2,1960,tiling,E0_full_drop_onset
Switzerland,1962,0,True,1e-06,1960|1961-1965,M2,1960,tiling,E0_full_drop_onset
Switzerland,1963,0,True,1e-06,1960|1961-1965,M2,1960,tiling,E0_full_drop_onset
Switzerland,1964,0,True,1e-06,1960|1961-1965,M2,1960,tiling,E0_full_drop_onset
Switzerland,1965,0,True,1e-06,1960|1961-1965,M2,1960,tiling,E0_full_drop_onset
UK,1961,0,True,0.08377364926930368,1960|1961-1965,M2,1960,tiling,E0_full_drop_onset
UK,1962,0,True,0.08087050684472552,1960|1961-1965,M2,1960,tiling,E0_full_drop_onset
UK,1963,0,True,0.07914806410586675,1960|1961-1965,M2,1960,tiling,E0_full_drop_onset
UK,1964,0,True,0.07290558676600037,1960|1961-1965,M2,1960,tiling,E0_full_drop_onset
UK,1965,0,True,0.0678670995983504,1960|1961-1965,M2,1960,tiling,E0_full_drop_onset
USA,1961,0,True,0.07032345499358765,1960|1961-1965,M2,1960,tiling,E0_full_drop_onset
USA,1962,0,True,0.06668364881476256,1960|1961-1965,M2,1960,tiling,E0_full_drop_onset
USA,1963,0,True,0.06378490552889156,1960|1961-1965,M2,1960,tiling,E0_full_drop_onset
USA,1964,0,True,0.059390182462547576,1960|1961-1965,M2,1960,tiling,E0_full_drop_onset
USA,1965,0,True,0.055446138012208934,1960|1961-1965,M2,1960,tiling,E0_full_drop_onset
Australia,1966,0,True,0.02954376934807234,1965|1966-1970,M1,1965,tiling,E0_full_drop_onset
Australia,1967,0,True,0.01766467309607872,1965|1966-1970,M1,1965,tiling,E0_full_drop_onset
Australia,1968,0,True,0.01966446106325735,1965|1966-1970,M1,1965,tiling,E0_full_drop_onset
Australia,1969,0,True,0.008223640978679541,1965|1966-1970,M1,1965,tiling,E0_full_drop_onset
Australia,1970,0,True,0.006153842323929745,1965|1966-1970,M1,1965,tiling,E0_full_drop_onset
Belgium,1966,0,True,0.005211370171287915,1965|1966-1970,M1,1965,tiling,E0_full_drop_onset
Belgium,1967,0,True,0.004058524790278394,1965|1966-1970,M1,1965,tiling,E0_full_drop_onset
Belgium,1968,0,True,0.002619594608511763,1965|1966-1970,M1,1965,tiling,E0_full_drop_onset
Belgium,1969,0,True,0.01437599033516129,1965|1966-1970,M1,1965,tiling,E0_full_drop_onset
Belgium,1970,0,True,0.027660926951261957,1965|1966-1970,M1,1965,tiling,E0_full_drop_onset
Canada,1966,0,True,0.01305528342555674,1965|1966-1970,M1,1965,tiling,E0_full_drop_onset
Canada,1967,0,True,0.005931755076005413,1965|1966-1970,M1,1965,tiling,E0_full_drop_onset
Canada,1968,0,True,0.01675193576244794,1965|1966-1970,M1,1965,tiling,E0_full_drop_onset
Canada,1969,0,True,0.017674573523625236,1965|1966-1970,M1,1965,tiling,E0_full_drop_onset
Canada,1970,0,True,0.0022124843372276185,1965|1966-1970,M1,1965,tiling,E0_full_drop_onset
Denmark,1966,0,True,0.0008468870816894633,1965|1966-1970,M1,1965,tiling,E0_full_drop_onset
Denmark,1967,0,True,0.0007439568727476347,1965|1966-1970,M1,1965,tiling,E0_full_drop_onset
Denmark,1968,0,True,0.0003595081346835213,1965|1966-1970,M1,1965,tiling,E0_full_drop_onset
Denmark,1969,0,True,0.0004581769225806882,1965|1966-1970,M1,1965,tiling,E0_full_drop_onset
Denmark,1970,0,True,0.0003627820886269363,1965|1966-1970,M1,1965,tiling,E0_full_drop_onset
Finland,1966,0,True,0.02813642684357496,1965|1966-1970,M1,1965,tiling,E0_full_drop_onset
Finland,1967,0,True,0.012843975099134325,1965|1966-1970,M1,1965,tiling,E0_full_drop_onset
Finland,1968,0,True,0.12580808139536495,1965|1966-1970,M1,1965,tiling,E0_full_drop_onset
Finland,1969,0,True,0.04007861254409986,1965|1966-1970,M1,1965,tiling,E0_full_drop_onset
Finland,1970,0,True,0.02069310492985778,1965|1966-1970,M1,1965,tiling,E0_full_drop_onset
France,1966,0,True,0.045556313989060904,1965|1966-1970,M1,1965,tiling,E0_full_drop_onset
France,1967,0,True,0.02389373070081246,1965|1966-1970,M1,1965,tiling,E0_full_drop_onset
France,1968,0,True,0.07179481118741705,1965|1966-1970,M1,1965,tiling,E0_full_drop_onset
France,1969,0,True,0.5159360422699216,1965|1966-1970,M1,1965,tiling,E0_full_drop_onset
France,1970,0,True,0.3330332177631735,1965|1966-1970,M1,1965,tiling,E0_full_drop_onset
Germany,1966,0,True,0.0032676813038019226,1965|1966-1970,M1,1965,tiling,E0_full_drop_onset
Germany,1967,0,True,0.002490090212337169,1965|1966-1970,M1,1965,tiling,E0_full_drop_onset
Germany,1968,0,True,0.0015994668941557027,1965|1966-1970,M1,1965,tiling,E0_full_drop_onset
Germany,1969,0,True,0.0032755921746072483,1965|1966-1970,M1,1965,tiling,E0_full_drop_onset
Germany,1970,0,True,0.020083785108067496,1965|1966-1970,M1,1965,tiling,E0_full_drop_onset
Ireland,1966,0,True,0.05430477187843907,1965|1966-1970,M1,1965,tiling,E0_full_drop_onset
Ireland,1967,0,True,0.24111769518937412,1965|1966-1970,M1,1965,tiling,E0_full_drop_onset
Ireland,1968,0,True,0.0367108121501137,1965|1966-1970,M1,1965,tiling,E0_full_drop_onset
Ireland,1969,0,True,0.02321917038653131,1965|1966-1970,M1,1965,tiling,E0_full_drop_onset
Ireland,1970,0,True,0.00952505512675006,1965|1966-1970,M1,1965,tiling,E0_full_drop_onset
Italy,1966,0,True,0.003918728278852454,1965|1966-1970,M1,1965,tiling,E0_full_drop_onset
Italy,1967,0,True,0.0030291678918567566,1965|1966-1970,M1,1965,tiling,E0_full_drop_onset
Italy,1968,0,True,0.0035113887809531175,1965|1966-1970,M1,1965,tiling,E0_full_drop_onset
Italy,1969,0,True,0.011605857845922355,1965|1966-1970,M1,1965,tiling,E0_full_drop_onset
Italy,1970,0,True,0.011933116055654768,1965|1966-1970,M1,1965,tiling,E0_full_drop_onset
Japan,1966,0,True,0.0018663326392411874,1965|1966-1970,M1,1965,tiling,E0_full_drop_onset
Japan,1967,0,True,0.002570226514282521,1965|1966-1970,M1,1965,tiling,E0_full_drop_onset
Japan,1968,0,True,0.0052944626753602415,1965|1966-1970,M1,1965,tiling,E0_full_drop_onset
Japan,1969,0,True,0.004255009761312286,1965|1966-1970,M1,1965,tiling,E0_full_drop_onset
Japan,1970,0,True,0.004726687260086122,1965|1966-1970,M1,1965,tiling,E0_full_drop_onset
Netherlands,1966,0,True,0.15448680928957523,1965|1966-1970,M1,1965,tiling,E0_full_drop_onset
Netherlands,1967,0,True,0.1580308472449152,1965|1966-1970,M1,1965,tiling,E0_full_drop_onset
Netherlands,1968,0,True,0.10672037790043461,1965|1966-1970,M1,1965,tiling,E0_full_drop_onset
Netherlands,1969,0,True,0.2367529984536836,1965|1966-1970,M1,1965,tiling,E0_full_drop_onset
Netherlands,1970,0,True,0.07422737079016027,1965|1966-1970,M1,1965,tiling,E0_full_drop_onset
Norway,1967,0,True,0.0021630022571138634,1965|1966-1970,M1,1965,tiling,E0_full_drop_onset
Norway,1968,0,True,0.0022089655046789013,1965|1966-1970,M1,1965,tiling,E0_full_drop_onset
Norway,1969,0,True,0.0039970113676767146,1965|1966-1970,M1,1965,tiling,E0_full_drop_onset
Norway,1970,0,True,0.0030355252218458627,1965|1966-1970,M1,1965,tiling,E0_full_drop_onset
Portugal,1966,0,True,0.0015889302168194017,1965|1966-1970,M1,1965,tiling,E0_full_drop_onset
Portugal,1967,0,True,0.005197695824339682,1965|1966-1970,M1,1965,tiling,E0_full_drop_onset
Portugal,1968,0,True,0.0019369106337715186,1965|1966-1970,M1,1965,tiling,E0_full_drop_onset
Portugal,1969,0,True,0.00027348864590767224,1965|1966-1970,M1,1965,tiling,E0_full_drop_onset
Portugal,1970,0,True,0.0010955016383629263,1965|1966-1970,M1,1965,tiling,E0_full_drop_onset
Spain,1966,0,True,0.0024203467779535972,1965|1966-1970,M1,1965,tiling,E0_full_drop_onset
Spain,1967,0,True,0.007596792441679,1965|1966-1970,M1,1965,tiling,E0_full_drop_onset
Spain,1968,0,True,0.004889307518854545,1965|1966-1970,M1,1965,tiling,E0_full_drop_onset
Spain,1969,0,True,0.007160319444898293,1965|1966-1970,M1,1965,tiling,E0_full_drop_onset
Spain,1970,0,True,0.0018017968552028183,1965|1966-1970,M1,1965,tiling,E0_full_drop_onset
Sweden,1966,0,True,0.001012282082000733,1965|1966-1970,M1,1965,tiling,E0_full_drop_onset
Sweden,1967,0,True,0.0010938525335936493,1965|1966-1970,M1,1965,tiling,E0_full_drop_onset
Sweden,1968,0,True,0.0008839906468086936,1965|1966-1970,M1,1965,tiling,E0_full_drop_onset
Sweden,1969,0,True,0.0016079136734073218,1965|1966-1970,M1,1965,tiling,E0_full_drop_onset
Sweden,1970,0,True,0.003685151670699033,1965|1966-1970,M1,1965,tiling,E0_full_drop_onset
Switzerland,1966,0,True,0.06369893682816494,1965|1966-1970,M1,1965,tiling,E0_full_drop_onset
Switzerland,1967,0,True,0.006243130646839997,1965|1966-1970,M1,1965,tiling,E0_full_drop_onset
Switzerland,1968,0,True,0.010379685896278013,1965|1966-1970,M1,1965,tiling,E0_full_drop_onset
Switzerland,1969,0,True,0.5815763861889616,1965|1966-1970,M1,1965,tiling,E0_full_drop_onset
Switzerland,1970,0,True,0.308057865079141,1965|1966-1970,M1,1965,tiling,E0_full_drop_onset
UK,1966,0,True,0.01375165762001962,1965|1966-1970,M1,1965,tiling,E0_full_drop_onset
UK,1967,0,True,0.019503532507004262,1965|1966-1970,M1,1965,tiling,E0_full_drop_onset
UK,1968,0,True,0.038927493880255584,1965|1966-1970,M1,1965,tiling,E0_full_drop_onset
UK,1969,0,True,0.017039473832659316,1965|1966-1970,M1,1965,tiling,E0_full_drop_onset
UK,1970,1,True,0.004442937794725789,1965|1966-1970,M1,1965,tiling,E0_full_drop_onset
Australia,1966,0,True,1e-06,1965|1966-1970,M2,1965,tiling,E0_full_drop_onset
Australia,1967,0,True,1e-06,1965|1966-1970,M2,1965,tiling,E0_full_drop_onset
Australia,1968,0,True,1e-06,1965|1966-1970,M2,1965,tiling,E0_full_drop_onset
Australia,1969,0,True,1e-06,1965|1966-1970,M2,1965,tiling,E0_full_drop_onset
Australia,1970,0,True,1e-06,1965|1966-1970,M2,1965,tiling,E0_full_drop_onset
Belgium,1966,0,True,0.05239243028178715,1965|1966-1970,M2,1965,tiling,E0_full_drop_onset
Belgium,1967,0,True,0.04756549658853686,1965|1966-1970,M2,1965,tiling,E0_full_drop_onset
Belgium,1968,0,True,0.04894706697715726,1965|1966-1970,M2,1965,tiling,E0_full_drop_onset
Belgium,1969,0,True,0.040443872767160036,1965|1966-1970,M2,1965,tiling,E0_full_drop_onset
Belgium,1970,0,True,0.0309128157454571,1965|1966-1970,M2,1965,tiling,E0_full_drop_onset
Canada,1966,0,True,1e-06,1965|1966-1970,M2,1965,tiling,E0_full_drop_onset
Canada,1967,0,True,1e-06,1965|1966-1970,M2,1965,tiling,E0_full_drop_onset
Canada,1968,0,True,1e-06,1965|1966-1970,M2,1965,tiling,E0_full_drop_onset
Canada,1969,0,True,1e-06,1965|1966-1970,M2,1965,tiling,E0_full_drop_onset
Canada,1970,0,True,1e-06,1965|1966-1970,M2,1965,tiling,E0_full_drop_onset
Denmark,1966,0,True,1e-06,1965|1966-1970,M2,1965,tiling,E0_full_drop_onset
Denmark,1967,0,True,1e-06,1965|1966-1970,M2,1965,tiling,E0_full_drop_onset
Denmark,1968,0,True,1e-06,1965|1966-1970,M2,1965,tiling,E0_full_drop_onset
Denmark,1969,0,True,1e-06,1965|1966-1970,M2,1965,tiling,E0_full_drop_onset
Denmark,1970,0,True,1e-06,1965|1966-1970,M2,1965,tiling,E0_full_drop_onset
Finland,1966,0,True,1e-06,1965|1966-1970,M2,1965,tiling,E0_full_drop_onset
Finland,1967,0,True,1e-06,1965|1966-1970,M2,1965,tiling,E0_full_drop_onset
Finland,1968,0,True,1e-06,1965|1966-1970,M2,1965,tiling,E0_full_drop_onset
Finland,1969,0,True,1e-06,1965|1966-1970,M2,1965,tiling,E0_full_drop_onset
Finland,1970,0,True,1e-06,1965|1966-1970,M2,1965,tiling,E0_full_drop_onset
France,1966,0,True,0.0758022495683071,1965|1966-1970,M2,1965,tiling,E0_full_drop_onset
France,1967,0,True,0.07674227976496446,1965|1966-1970,M2,1965,tiling,E0_full_drop_onset
France,1968,0,True,0.07646170037955388,1965|1966-1970,M2,1965,tiling,E0_full_drop_onset
France,1969,0,True,0.07464830687725203,1965|1966-1970,M2,1965,tiling,E0_full_drop_onset
France,1970,0,True,0.08333719622733345,1965|1966-1970,M2,1965,tiling,E0_full_drop_onset
Germany,1966,0,True,0.007246641886584383,1965|1966-1970,M2,1965,tiling,E0_full_drop_onset
Germany,1967,0,True,0.00906165454134132,1965|1966-1970,M2,1965,tiling,E0_full_drop_onset
Germany,1968,0,True,0.00906165454134132,1965|1966-1970,M2,1965,tiling,E0_full_drop_onset
Germany,1969,0,True,0.007807521276551387,1965|1966-1970,M2,1965,tiling,E0_full_drop_onset
Germany,1970,0,True,0.006725782010472218,1965|1966-1970,M2,1965,tiling,E0_full_drop_onset
Ireland,1966,0,True,1e-06,1965|1966-1970,M2,1965,tiling,E0_full_drop_onset
Ireland,1967,0,True,1e-06,1965|1966-1970,M2,1965,tiling,E0_full_drop_onset
Ireland,1968,0,True,1e-06,1965|1966-1970,M2,1965,tiling,E0_full_drop_onset
Ireland,1969,0,True,1e-06,1965|1966-1970,M2,1965,tiling,E0_full_drop_onset
Ireland,1970,0,True,1e-06,1965|1966-1970,M2,1965,tiling,E0_full_drop_onset
Italy,1966,0,True,0.018435412363185986,1965|1966-1970,M2,1965,tiling,E0_full_drop_onset
Italy,1967,0,True,0.018229428114186794,1965|1966-1970,M2,1965,tiling,E0_full_drop_onset
Italy,1968,0,True,0.01944296710492476,1965|1966-1970,M2,1965,tiling,E0_full_drop_onset
Italy,1969,0,True,0.01976728098654981,1965|1966-1970,M2,1965,tiling,E0_full_drop_onset
Italy,1970,0,True,0.020257348507541233,1965|1966-1970,M2,1965,tiling,E0_full_drop_onset
Japan,1966,0,True,1e-06,1965|1966-1970,M2,1965,tiling,E0_full_drop_onset
Japan,1967,0,True,1e-06,1965|1966-1970,M2,1965,tiling,E0_full_drop_onset
Japan,1968,0,True,1e-06,1965|1966-1970,M2,1965,tiling,E0_full_drop_onset
Japan,1969,0,True,1e-06,1965|1966-1970,M2,1965,tiling,E0_full_drop_onset
Japan,1970,0,True,1e-06,1965|1966-1970,M2,1965,tiling,E0_full_drop_onset
Netherlands,1966,0,True,0.05418777351235785,1965|1966-1970,M2,1965,tiling,E0_full_drop_onset
Netherlands,1967,0,True,0.05298425324765571,1965|1966-1970,M2,1965,tiling,E0_full_drop_onset
Netherlands,1968,0,True,0.05170647227457723,1965|1966-1970,M2,1965,tiling,E0_full_drop_onset
Netherlands,1969,0,True,0.04621704119467013,1965|1966-1970,M2,1965,tiling,E0_full_drop_onset
Netherlands,1970,0,True,0.04215269586666906,1965|1966-1970,M2,1965,tiling,E0_full_drop_onset
Norway,1967,0,True,1e-06,1965|1966-1970,M2,1965,tiling,E0_full_drop_onset
Norway,1968,0,True,1e-06,1965|1966-1970,M2,1965,tiling,E0_full_drop_onset
Norway,1969,0,True,1e-06,1965|1966-1970,M2,1965,tiling,E0_full_drop_onset
Norway,1970,0,True,1e-06,1965|1966-1970,M2,1965,tiling,E0_full_drop_onset
Portugal,1966,0,True,0.01793037973312056,1965|1966-1970,M2,1965,tiling,E0_full_drop_onset
Portugal,1967,0,True,0.01645306116298768,1965|1966-1970,M2,1965,tiling,E0_full_drop_onset
Portugal,1968,0,True,0.01542880146328105,1965|1966-1970,M2,1965,tiling,E0_full_drop_onset
Portugal,1969,0,True,0.015158180186305192,1965|1966-1970,M2,1965,tiling,E0_full_drop_onset
Portugal,1970,0,True,0.014905168706309008,1965|1966-1970,M2,1965,tiling,E0_full_drop_onset
Spain,1966,0,True,0.018661654045591787,1965|1966-1970,M2,1965,tiling,E0_full_drop_onset
Spain,1967,0,True,0.018588955112017285,1965|1966-1970,M2,1965,tiling,E0_full_drop_onset
Spain,1968,0,True,0.018871476007742957,1965|1966-1970,M2,1965,tiling,E0_full_drop_onset
Spain,1969,0,True,0.019098736469369913,1965|1966-1970,M2,1965,tiling,E0_full_drop_onset
Spain,1970,0,True,0.019123043461394908,1965|1966-1970,M2,1965,tiling,E0_full_drop_onset
Sweden,1966,0,True,1e-06,1965|1966-1970,M2,1965,tiling,E0_full_drop_onset
Sweden,1967,0,True,1e-06,1965|1966-1970,M2,1965,tiling,E0_full_drop_onset
Sweden,1968,0,True,1e-06,1965|1966-1970,M2,1965,tiling,E0_full_drop_onset
Sweden,1969,0,True,1e-06,1965|1966-1970,M2,1965,tiling,E0_full_drop_onset
Sweden,1970,0,True,1e-06,1965|1966-1970,M2,1965,tiling,E0_full_drop_onset
Switzerland,1966,0,True,1e-06,1965|1966-1970,M2,1965,tiling,E0_full_drop_onset
Switzerland,1967,0,True,1e-06,1965|1966-1970,M2,1965,tiling,E0_full_drop_onset
Switzerland,1968,0,True,1e-06,1965|1966-1970,M2,1965,tiling,E0_full_drop_onset
Switzerland,1969,0,True,1e-06,1965|1966-1970,M2,1965,tiling,E0_full_drop_onset
Switzerland,1970,0,True,1e-06,1965|1966-1970,M2,1965,tiling,E0_full_drop_onset
UK,1966,0,True,0.055148800669349345,1965|1966-1970,M2,1965,tiling,E0_full_drop_onset
UK,1967,0,True,0.05318060494556071,1965|1966-1970,M2,1965,tiling,E0_full_drop_onset
UK,1968,0,True,0.05276810747644221,1965|1966-1970,M2,1965,tiling,E0_full_drop_onset
UK,1969,0,True,0.04898744290578934,1965|1966-1970,M2,1965,tiling,E0_full_drop_onset
UK,1970,1,True,0.04320404807664119,1965|1966-1970,M2,1965,tiling,E0_full_drop_onset
USA,1966,0,True,0.04239866015985249,1965|1966-1970,M2,1965,tiling,E0_full_drop_onset
USA,1967,0,True,0.04045748054299441,1965|1966-1970,M2,1965,tiling,E0_full_drop_onset
USA,1968,0,True,0.04100324746860928,1965|1966-1970,M2,1965,tiling,E0_full_drop_onset
USA,1969,0,True,0.03609151364875546,1965|1966-1970,M2,1965,tiling,E0_full_drop_onset
USA,1970,0,True,0.035013917139640346,1965|1966-1970,M2,1965,tiling,E0_full_drop_onset
Australia,1971,0,True,0.0020307696210854847,1970|1971-1975,M1,1970,tiling,E0_full_drop_onset
Australia,1972,0,True,0.001101894029095863,1970|1971-1975,M1,1970,tiling,E0_full_drop_onset
Australia,1973,0,True,0.0002793407025944284,1970|1971-1975,M1,1970,tiling,E0_full_drop_onset
Australia,1974,0,True,0.0037633818464572646,1970|1971-1975,M1,1970,tiling,E0_full_drop_onset
Australia,1975,0,True,0.0001570793585568817,1970|1971-1975,M1,1970,tiling,E0_full_drop_onset
Belgium,1971,0,True,0.001586655299534614,1970|1971-1975,M1,1970,tiling,E0_full_drop_onset
Belgium,1972,0,True,0.0007545169860908998,1970|1971-1975,M1,1970,tiling,E0_full_drop_onset
Belgium,1973,0,True,0.0034389131262911416,1970|1971-1975,M1,1970,tiling,E0_full_drop_onset
Belgium,1974,0,True,0.031153385056803966,1970|1971-1975,M1,1970,tiling,E0_full_drop_onset
Belgium,1975,0,True,0.0038046384207049465,1970|1971-1975,M1,1970,tiling,E0_full_drop_onset
Canada,1971,0,True,0.00010264798373991485,1970|1971-1975,M1,1970,tiling,E0_full_drop_onset
Canada,1972,0,True,5.0074113332776176e-05,1970|1971-1975,M1,1970,tiling,E0_full_drop_onset
Canada,1973,0,True,0.0003964968442717181,1970|1971-1975,M1,1970,tiling,E0_full_drop_onset
Canada,1974,0,True,0.0016777617916213748,1970|1971-1975,M1,1970,tiling,E0_full_drop_onset
Canada,1975,0,True,0.0007544622883321643,1970|1971-1975,M1,1970,tiling,E0_full_drop_onset
Denmark,1971,0,True,3.296759513341571e-05,1970|1971-1975,M1,1970,tiling,E0_full_drop_onset
Denmark,1972,0,True,1.3778415665950662e-05,1970|1971-1975,M1,1970,tiling,E0_full_drop_onset
Denmark,1973,0,True,1.927939575357992e-06,1970|1971-1975,M1,1970,tiling,E0_full_drop_onset
Denmark,1974,0,True,1.1097757008830411e-05,1970|1971-1975,M1,1970,tiling,E0_full_drop_onset
Denmark,1975,0,True,1e-06,1970|1971-1975,M1,1970,tiling,E0_full_drop_onset
Finland,1971,0,True,0.01396400956006634,1970|1971-1975,M1,1970,tiling,E0_full_drop_onset
Finland,1972,0,True,0.015776098528660083,1970|1971-1975,M1,1970,tiling,E0_full_drop_onset
Finland,1973,0,True,0.006265217174617063,1970|1971-1975,M1,1970,tiling,E0_full_drop_onset
Finland,1974,0,True,0.003317914924486958,1970|1971-1975,M1,1970,tiling,E0_full_drop_onset
Finland,1975,0,True,0.0017620031731309953,1970|1971-1975,M1,1970,tiling,E0_full_drop_onset
France,1971,0,True,0.014294153119146167,1970|1971-1975,M1,1970,tiling,E0_full_drop_onset
France,1972,0,True,0.0031326945853535413,1970|1971-1975,M1,1970,tiling,E0_full_drop_onset
France,1973,0,True,0.06648236019642727,1970|1971-1975,M1,1970,tiling,E0_full_drop_onset
France,1974,0,True,0.4252790201426063,1970|1971-1975,M1,1970,tiling,E0_full_drop_onset
France,1975,0,True,0.004924116664198742,1970|1971-1975,M1,1970,tiling,E0_full_drop_onset
Germany,1971,0,True,0.000800421462931383,1970|1971-1975,M1,1970,tiling,E0_full_drop_onset
Germany,1972,0,True,0.00015531628125680185,1970|1971-1975,M1,1970,tiling,E0_full_drop_onset
Germany,1973,0,True,0.00334374734835942,1970|1971-1975,M1,1970,tiling,E0_full_drop_onset
Germany,1974,0,True,0.0010820336025386713,1970|1971-1975,M1,1970,tiling,E0_full_drop_onset
Germany,1975,0,True,0.0008999267281251824,1970|1971-1975,M1,1970,tiling,E0_full_drop_onset
Ireland,1971,0,True,0.0005599383181971325,1970|1971-1975,M1,1970,tiling,E0_full_drop_onset
Ireland,1972,0,True,0.004663814796800285,1970|1971-1975,M1,1970,tiling,E0_full_drop_onset
Ireland,1973,0,True,0.014480945589408501,1970|1971-1975,M1,1970,tiling,E0_full_drop_onset
Ireland,1974,0,True,0.00022619951102973972,1970|1971-1975,M1,1970,tiling,E0_full_drop_onset
Ireland,1975,0,True,0.00040474444624957225,1970|1971-1975,M1,1970,tiling,E0_full_drop_onset
Italy,1971,1,True,0.0036381145036718725,1970|1971-1975,M1,1970,tiling,E0_full_drop_onset
Italy,1972,1,True,0.004133354251876661,1970|1971-1975,M1,1970,tiling,E0_full_drop_onset
Italy,1973,1,True,0.0411829467696856,1970|1971-1975,M1,1970,tiling,E0_full_drop_onset
Japan,1971,0,True,0.0003167085980213206,1970|1971-1975,M1,1970,tiling,E0_full_drop_onset
Japan,1972,0,True,0.00010235079341917646,1970|1971-1975,M1,1970,tiling,E0_full_drop_onset
Japan,1973,0,True,0.0004204571484107027,1970|1971-1975,M1,1970,tiling,E0_full_drop_onset
Japan,1974,0,True,0.006463345568207287,1970|1971-1975,M1,1970,tiling,E0_full_drop_onset
Japan,1975,0,True,0.0036087247089351747,1970|1971-1975,M1,1970,tiling,E0_full_drop_onset
Netherlands,1971,0,True,0.005401599855277384,1970|1971-1975,M1,1970,tiling,E0_full_drop_onset
Netherlands,1972,0,True,0.0004832882814034786,1970|1971-1975,M1,1970,tiling,E0_full_drop_onset
Netherlands,1973,0,True,0.002756659273576711,1970|1971-1975,M1,1970,tiling,E0_full_drop_onset
Netherlands,1974,0,True,0.0037324417692454607,1970|1971-1975,M1,1970,tiling,E0_full_drop_onset
Netherlands,1975,0,True,0.00033221444506760994,1970|1971-1975,M1,1970,tiling,E0_full_drop_onset
Norway,1971,0,True,0.0010595941101543235,1970|1971-1975,M1,1970,tiling,E0_full_drop_onset
Norway,1972,0,True,0.0013397183500624464,1970|1971-1975,M1,1970,tiling,E0_full_drop_onset
Norway,1973,0,True,0.0029009375284507243,1970|1971-1975,M1,1970,tiling,E0_full_drop_onset
Norway,1974,0,True,0.004286190040942538,1970|1971-1975,M1,1970,tiling,E0_full_drop_onset
Norway,1975,0,True,0.005490391503322083,1970|1971-1975,M1,1970,tiling,E0_full_drop_onset
Portugal,1971,0,True,0.00034283852074275457,1970|1971-1975,M1,1970,tiling,E0_full_drop_onset
Portugal,1972,0,True,0.00039114220675286274,1970|1971-1975,M1,1970,tiling,E0_full_drop_onset
Portugal,1973,0,True,0.0002698679895350655,1970|1971-1975,M1,1970,tiling,E0_full_drop_onset
Portugal,1974,1,True,0.001235906614639418,1970|1971-1975,M1,1970,tiling,E0_full_drop_onset
Portugal,1975,1,True,0.0021718293580015955,1970|1971-1975,M1,1970,tiling,E0_full_drop_onset
Spain,1971,0,True,0.018414169512717016,1970|1971-1975,M1,1970,tiling,E0_full_drop_onset
Spain,1972,0,True,0.016294531097394586,1970|1971-1975,M1,1970,tiling,E0_full_drop_onset
Spain,1973,0,True,0.0037415652985660387,1970|1971-1975,M1,1970,tiling,E0_full_drop_onset
Spain,1974,0,True,0.04115159131561891,1970|1971-1975,M1,1970,tiling,E0_full_drop_onset
Spain,1975,1,True,0.023113523616111447,1970|1971-1975,M1,1970,tiling,E0_full_drop_onset
Sweden,1971,0,True,0.00036828044243985165,1970|1971-1975,M1,1970,tiling,E0_full_drop_onset
Sweden,1972,0,True,9.176913947752131e-05,1970|1971-1975,M1,1970,tiling,E0_full_drop_onset
Sweden,1973,0,True,0.00010037662385132565,1970|1971-1975,M1,1970,tiling,E0_full_drop_onset
Sweden,1974,0,True,0.0001460708497886126,1970|1971-1975,M1,1970,tiling,E0_full_drop_onset
Sweden,1975,0,True,8.075604019173912e-05,1970|1971-1975,M1,1970,tiling,E0_full_drop_onset
Switzerland,1971,0,True,1.2868477656912744e-05,1970|1971-1975,M1,1970,tiling,E0_full_drop_onset
Switzerland,1972,0,True,0.0012132769002294072,1970|1971-1975,M1,1970,tiling,E0_full_drop_onset
Switzerland,1973,0,True,0.001897674490559849,1970|1971-1975,M1,1970,tiling,E0_full_drop_onset
Switzerland,1974,0,True,0.0025545139110669203,1970|1971-1975,M1,1970,tiling,E0_full_drop_onset
Switzerland,1975,0,True,2.0678534710233337e-05,1970|1971-1975,M1,1970,tiling,E0_full_drop_onset
UK,1971,1,True,0.0004320554123980697,1970|1971-1975,M1,1970,tiling,E0_full_drop_onset
UK,1972,1,True,0.00018487466400648645,1970|1971-1975,M1,1970,tiling,E0_full_drop_onset
Australia,1971,0,True,1e-06,1970|1971-1975,M2,1970,tiling,E0_full_drop_onset
Australia,1972,0,True,1e-06,1970|1971-1975,M2,1970,tiling,E0_full_drop_onset
Australia,1973,0,True,1e-06,1970|1971-1975,M2,1970,tiling,E0_full_drop_onset
Australia,1974,0,True,1e-06,1970|1971-1975,M2,1970,tiling,E0_full_drop_onset
Australia,1975,0,True,1e-06,1970|1971-1975,M2,1970,tiling,E0_full_drop_onset
Belgium,1971,0,True,0.01948140889421068,1970|1971-1975,M2,1970,tiling,E0_full_drop_onset
Belgium,1972,0,True,0.018113436051092516,1970|1971-1975,M2,1970,tiling,E0_full_drop_onset
Belgium,1973,0,True,0.014915161945180675,1970|1971-1975,M2,1970,tiling,E0_full_drop_onset
Belgium,1974,0,True,0.01126789296031609,1970|1971-1975,M2,1970,tiling,E0_full_drop_onset
Belgium,1975,0,True,0.012194999426648796,1970|1971-1975,M2,1970,tiling,E0_full_drop_onset
Canada,1971,0,True,1e-06,1970|1971-1975,M2,1970,tiling,E0_full_drop_onset
Canada,1972,0,True,1e-06,1970|1971-1975,M2,1970,tiling,E0_full_drop_onset
Canada,1973,0,True,1e-06,1970|1971-1975,M2,1970,tiling,E0_full_drop_onset
Canada,1974,0,True,1e-06,1970|1971-1975,M2,1970,tiling,E0_full_drop_onset
Canada,1975,0,True,1e-06,1970|1971-1975,M2,1970,tiling,E0_full_drop_onset
Denmark,1971,0,True,1e-06,1970|1971-1975,M2,1970,tiling,E0_full_drop_onset
Denmark,1972,0,True,1e-06,1970|1971-1975,M2,1970,tiling,E0_full_drop_onset
Denmark,1973,0,True,1e-06,1970|1971-1975,M2,1970,tiling,E0_full_drop_onset
Denmark,1974,0,True,1e-06,1970|1971-1975,M2,1970,tiling,E0_full_drop_onset
Denmark,1975,0,True,1e-06,1970|1971-1975,M2,1970,tiling,E0_full_drop_onset
Finland,1971,0,True,1e-06,1970|1971-1975,M2,1970,tiling,E0_full_drop_onset
Finland,1972,0,True,1e-06,1970|1971-1975,M2,1970,tiling,E0_full_drop_onset
Finland,1973,0,True,1e-06,1970|1971-1975,M2,1970,tiling,E0_full_drop_onset
Finland,1974,0,True,1e-06,1970|1971-1975,M2,1970,tiling,E0_full_drop_onset
Finland,1975,0,True,1e-06,1970|1971-1975,M2,1970,tiling,E0_full_drop_onset
France,1971,0,True,0.06710246305671587,1970|1971-1975,M2,1970,tiling,E0_full_drop_onset
France,1972,0,True,0.0642436312247036,1970|1971-1975,M2,1970,tiling,E0_full_drop_onset
France,1973,0,True,0.06203866502074778,1970|1971-1975,M2,1970,tiling,E0_full_drop_onset
France,1974,0,True,0.061567270985618754,1970|1971-1975,M2,1970,tiling,E0_full_drop_onset
France,1975,0,True,0.062339342076295844,1970|1971-1975,M2,1970,tiling,E0_full_drop_onset
Germany,1971,0,True,0.005724463879946654,1970|1971-1975,M2,1970,tiling,E0_full_drop_onset
Germany,1972,0,True,0.005724463879946654,1970|1971-1975,M2,1970,tiling,E0_full_drop_onset
Germany,1973,0,True,0.005724463879946654,1970|1971-1975,M2,1970,tiling,E0_full_drop_onset
Germany,1974,0,True,0.006201435440719368,1970|1971-1975,M2,1970,tiling,E0_full_drop_onset
Germany,1975,0,True,0.009246733809278226,1970|1971-1975,M2,1970,tiling,E0_full_drop_onset
Ireland,1971,0,True,1e-06,1970|1971-1975,M2,1970,tiling,E0_full_drop_onset
Ireland,1972,0,True,1e-06,1970|1971-1975,M2,1970,tiling,E0_full_drop_onset
Ireland,1973,0,True,1e-06,1970|1971-1975,M2,1970,tiling,E0_full_drop_onset
Ireland,1974,0,True,1e-06,1970|1971-1975,M2,1970,tiling,E0_full_drop_onset
Ireland,1975,0,True,1e-06,1970|1971-1975,M2,1970,tiling,E0_full_drop_onset
Italy,1971,1,True,0.020247067000469212,1970|1971-1975,M2,1970,tiling,E0_full_drop_onset
Italy,1972,1,True,0.023702929443960467,1970|1971-1975,M2,1970,tiling,E0_full_drop_onset
Italy,1973,1,True,0.02569806409923082,1970|1971-1975,M2,1970,tiling,E0_full_drop_onset
Japan,1971,0,True,1e-06,1970|1971-1975,M2,1970,tiling,E0_full_drop_onset
Japan,1972,0,True,1e-06,1970|1971-1975,M2,1970,tiling,E0_full_drop_onset
Japan,1973,0,True,1e-06,1970|1971-1975,M2,1970,tiling,E0_full_drop_onset
Japan,1974,0,True,1e-06,1970|1971-1975,M2,1970,tiling,E0_full_drop_onset
Japan,1975,0,True,1e-06,1970|1971-1975,M2,1970,tiling,E0_full_drop_onset
Netherlands,1971,0,True,0.033109343518802986,1970|1971-1975,M2,1970,tiling,E0_full_drop_onset
Netherlands,1972,0,True,0.029753540230831637,1970|1971-1975,M2,1970,tiling,E0_full_drop_onset
Netherlands,1973,0,True,0.025936453492831607,1970|1971-1975,M2,1970,tiling,E0_full_drop_onset
Netherlands,1974,0,True,0.022793432295036376,1970|1971-1975,M2,1970,tiling,E0_full_drop_onset
Netherlands,1975,0,True,0.023427981162434372,1970|1971-1975,M2,1970,tiling,E0_full_drop_onset
Norway,1971,0,True,1e-06,1970|1971-1975,M2,1970,tiling,E0_full_drop_onset
Norway,1972,0,True,1e-06,1970|1971-1975,M2,1970,tiling,E0_full_drop_onset
Norway,1973,0,True,1e-06,1970|1971-1975,M2,1970,tiling,E0_full_drop_onset
Norway,1974,0,True,1e-06,1970|1971-1975,M2,1970,tiling,E0_full_drop_onset
Norway,1975,0,True,1e-06,1970|1971-1975,M2,1970,tiling,E0_full_drop_onset
Portugal,1971,0,True,0.011032779505265461,1970|1971-1975,M2,1970,tiling,E0_full_drop_onset
Portugal,1972,0,True,0.010307244584136677,1970|1971-1975,M2,1970,tiling,E0_full_drop_onset
Portugal,1973,0,True,0.009426630377142402,1970|1971-1975,M2,1970,tiling,E0_full_drop_onset
Portugal,1974,1,True,0.009387336343276022,1970|1971-1975,M2,1970,tiling,E0_full_drop_onset
Portugal,1975,1,True,0.012676584770247853,1970|1971-1975,M2,1970,tiling,E0_full_drop_onset
Spain,1971,0,True,0.014779937422742164,1970|1971-1975,M2,1970,tiling,E0_full_drop_onset
Spain,1972,0,True,0.014215951336496292,1970|1971-1975,M2,1970,tiling,E0_full_drop_onset
Spain,1973,0,True,0.013559259798144895,1970|1971-1975,M2,1970,tiling,E0_full_drop_onset
Spain,1974,0,True,0.01336398799188694,1970|1971-1975,M2,1970,tiling,E0_full_drop_onset
Spain,1975,1,True,0.013459637513171845,1970|1971-1975,M2,1970,tiling,E0_full_drop_onset
Sweden,1971,0,True,1e-06,1970|1971-1975,M2,1970,tiling,E0_full_drop_onset
Sweden,1972,0,True,1e-06,1970|1971-1975,M2,1970,tiling,E0_full_drop_onset
Sweden,1973,0,True,1e-06,1970|1971-1975,M2,1970,tiling,E0_full_drop_onset
Sweden,1974,0,True,1e-06,1970|1971-1975,M2,1970,tiling,E0_full_drop_onset
Sweden,1975,0,True,1e-06,1970|1971-1975,M2,1970,tiling,E0_full_drop_onset
Switzerland,1971,0,True,1e-06,1970|1971-1975,M2,1970,tiling,E0_full_drop_onset
Switzerland,1972,0,True,1e-06,1970|1971-1975,M2,1970,tiling,E0_full_drop_onset
Switzerland,1973,0,True,1e-06,1970|1971-1975,M2,1970,tiling,E0_full_drop_onset
Switzerland,1974,0,True,1e-06,1970|1971-1975,M2,1970,tiling,E0_full_drop_onset
Switzerland,1975,0,True,1e-06,1970|1971-1975,M2,1970,tiling,E0_full_drop_onset
UK,1971,1,True,0.030658389634744522,1970|1971-1975,M2,1970,tiling,E0_full_drop_onset
UK,1972,1,True,0.029037573836944646,1970|1971-1975,M2,1970,tiling,E0_full_drop_onset
USA,1971,0,True,0.029245164136330853,1970|1971-1975,M2,1970,tiling,E0_full_drop_onset
USA,1972,0,True,0.02835324972528354,1970|1971-1975,M2,1970,tiling,E0_full_drop_onset
USA,1973,0,True,0.026959933494472628,1970|1971-1975,M2,1970,tiling,E0_full_drop_onset
USA,1974,0,True,0.025140137461367076,1970|1971-1975,M2,1970,tiling,E0_full_drop_onset
USA,1975,0,True,0.026135837285183056,1970|1971-1975,M2,1970,tiling,E0_full_drop_onset
Australia,1976,0,True,0.0006289784165337534,1975|1976-1980,M1,1975,tiling,E0_full_drop_onset
Australia,1977,0,True,0.0009365720353830467,1975|1976-1980,M1,1975,tiling,E0_full_drop_onset
Australia,1978,0,True,0.001742579085329232,1975|1976-1980,M1,1975,tiling,E0_full_drop_onset
Australia,1979,0,True,0.0026942314739225324,1975|1976-1980,M1,1975,tiling,E0_full_drop_onset
Australia,1980,0,True,0.004434820218580852,1975|1976-1980,M1,1975,tiling,E0_full_drop_onset
Belgium,1976,0,True,0.043154014970426646,1975|1976-1980,M1,1975,tiling,E0_full_drop_onset
Belgium,1977,0,True,0.02638141116526596,1975|1976-1980,M1,1975,tiling,E0_full_drop_onset
Belgium,1978,0,True,0.04011215890656737,1975|1976-1980,M1,1975,tiling,E0_full_drop_onset
Belgium,1979,0,True,0.11435907716567707,1975|1976-1980,M1,1975,tiling,E0_full_drop_onset
Canada,1976,0,True,0.00031169908259819063,1975|1976-1980,M1,1975,tiling,E0_full_drop_onset
Canada,1977,0,True,0.0003463323017002889,1975|1976-1980,M1,1975,tiling,E0_full_drop_onset
Canada,1978,0,True,0.0009345190968283124,1975|1976-1980,M1,1975,tiling,E0_full_drop_onset
Canada,1979,0,True,0.0034730339716419817,1975|1976-1980,M1,1975,tiling,E0_full_drop_onset
Canada,1980,0,True,0.0035832765767759953,1975|1976-1980,M1,1975,tiling,E0_full_drop_onset
Denmark,1976,0,True,4.68238505501e-05,1975|1976-1980,M1,1975,tiling,E0_full_drop_onset
Denmark,1977,0,True,0.001853409050508832,1975|1976-1980,M1,1975,tiling,E0_full_drop_onset
Denmark,1978,0,True,0.0050929646030526635,1975|1976-1980,M1,1975,tiling,E0_full_drop_onset
Denmark,1979,0,True,0.003010846878004978,1975|1976-1980,M1,1975,tiling,E0_full_drop_onset
Denmark,1980,0,True,0.07789319319527971,1975|1976-1980,M1,1975,tiling,E0_full_drop_onset
Finland,1976,0,True,3.9384592603290794e-05,1975|1976-1980,M1,1975,tiling,E0_full_drop_onset
Finland,1977,0,True,0.00014150916489816164,1975|1976-1980,M1,1975,tiling,E0_full_drop_onset
Finland,1978,0,True,0.0006557069592846172,1975|1976-1980,M1,1975,tiling,E0_full_drop_onset
Finland,1979,0,True,0.000469509661035835,1975|1976-1980,M1,1975,tiling,E0_full_drop_onset
Finland,1980,0,True,0.00035839037662908945,1975|1976-1980,M1,1975,tiling,E0_full_drop_onset
France,1976,0,True,0.046060858013274135,1975|1976-1980,M1,1975,tiling,E0_full_drop_onset
France,1977,0,True,0.09955214818050791,1975|1976-1980,M1,1975,tiling,E0_full_drop_onset
France,1978,0,True,0.13694322950453294,1975|1976-1980,M1,1975,tiling,E0_full_drop_onset
France,1979,0,True,0.18370229916466788,1975|1976-1980,M1,1975,tiling,E0_full_drop_onset
France,1980,0,True,0.43391383571403164,1975|1976-1980,M1,1975,tiling,E0_full_drop_onset
Germany,1976,0,True,0.01713811080376119,1975|1976-1980,M1,1975,tiling,E0_full_drop_onset
Germany,1977,0,True,0.023263876582403975,1975|1976-1980,M1,1975,tiling,E0_full_drop_onset
Germany,1978,0,True,0.009608447009213109,1975|1976-1980,M1,1975,tiling,E0_full_drop_onset
Germany,1979,0,True,0.012219227814389964,1975|1976-1980,M1,1975,tiling,E0_full_drop_onset
Germany,1980,0,True,0.06168000444279261,1975|1976-1980,M1,1975,tiling,E0_full_drop_onset
Ireland,1976,0,True,0.001720833745018871,1975|1976-1980,M1,1975,tiling,E0_full_drop_onset
Ireland,1977,0,True,4.820663607294897e-05,1975|1976-1980,M1,1975,tiling,E0_full_drop_onset
Ireland,1978,1,True,0.00023857972218870824,1975|1976-1980,M1,1975,tiling,E0_full_drop_onset
Ireland,1979,1,True,0.0014783066799170476,1975|1976-1980,M1,1975,tiling,E0_full_drop_onset
Ireland,1980,1,True,0.005378201340043259,1975|1976-1980,M1,1975,tiling,E0_full_drop_onset
Italy,1980,0,True,0.298506631200935,1975|1976-1980,M1,1975,tiling,E0_full_drop_onset
Japan,1976,0,True,0.00015618200839045756,1975|1976-1980,M1,1975,tiling,E0_full_drop_onset
Japan,1977,0,True,0.0002886317291489721,1975|1976-1980,M1,1975,tiling,E0_full_drop_onset
Japan,1978,0,True,0.0003332362446822209,1975|1976-1980,M1,1975,tiling,E0_full_drop_onset
Japan,1979,0,True,0.0002240504947336077,1975|1976-1980,M1,1975,tiling,E0_full_drop_onset
Japan,1980,0,True,0.0004903737926088043,1975|1976-1980,M1,1975,tiling,E0_full_drop_onset
Netherlands,1976,0,True,0.03308150597107189,1975|1976-1980,M1,1975,tiling,E0_full_drop_onset
Netherlands,1977,0,True,0.006864446793911378,1975|1976-1980,M1,1975,tiling,E0_full_drop_onset
Netherlands,1978,0,True,0.013911635927131627,1975|1976-1980,M1,1975,tiling,E0_full_drop_onset
Netherlands,1979,0,True,0.06784921405945782,1975|1976-1980,M1,1975,tiling,E0_full_drop_onset
Netherlands,1980,0,True,0.24286948881154355,1975|1976-1980,M1,1975,tiling,E0_full_drop_onset
Norway,1976,0,True,0.0008618067967864727,1975|1976-1980,M1,1975,tiling,E0_full_drop_onset
Norway,1977,0,True,0.005604565224766592,1975|1976-1980,M1,1975,tiling,E0_full_drop_onset
Norway,1978,0,True,0.016506767537339675,1975|1976-1980,M1,1975,tiling,E0_full_drop_onset
Norway,1979,0,True,0.011998787904261739,1975|1976-1980,M1,1975,tiling,E0_full_drop_onset
Norway,1980,0,True,0.014232587382799885,1975|1976-1980,M1,1975,tiling,E0_full_drop_onset
Portugal,1976,1,True,0.017288562900615038,1975|1976-1980,M1,1975,tiling,E0_full_drop_onset
Spain,1976,1,True,0.1113185832179948,1975|1976-1980,M1,1975,tiling,E0_full_drop_onset
Spain,1977,1,True,0.8054809144090277,1975|1976-1980,M1,1975,tiling,E0_full_drop_onset
Sweden,1976,0,True,2.1205151204262098e-05,1975|1976-1980,M1,1975,tiling,E0_full_drop_onset
Sweden,1977,0,True,8.199934055411242e-05,1975|1976-1980,M1,1975,tiling,E0_full_drop_onset
Sweden,1978,0,True,0.00011600027886440066,1975|1976-1980,M1,1975,tiling,E0_full_drop_onset
Sweden,1979,0,True,0.00014535195111311508,1975|1976-1980,M1,1975,tiling,E0_full_drop_onset
Sweden,1980,0,True,0.0003802925642516535,1975|1976-1980,M1,1975,tiling,E0_full_drop_onset
Switzerland,1976,0,True,0.00024452018216016144,1975|1976-1980,M1,1975,tiling,E0_full_drop_onset
Switzerland,1977,0,True,0.0038321536142759648,1975|1976-1980,M1,1975,tiling,E0_full_drop_onset
Switzerland,1978,0,True,0.0011286045336059542,1975|1976-1980,M1,1975,tiling,E0_full_drop_onset
Switzerland,1979,0,True,0.0008511228060427566,1975|1976-1980,M1,1975,tiling,E0_full_drop_onset
Switzerland,1980,0,True,0.0004752652488922492,1975|1976-1980,M1,1975,tiling,E0_full_drop_onset
UK,1979,0,True,0.09627323343085799,1975|1976-1980,M1,1975,tiling,E0_full_drop_onset
UK,1980,0,True,0.3173674083490905,1975|1976-1980,M1,1975,tiling,E0_full_drop_onset
Australia,1976,0,True,1e-06,1975|1976-1980,M2,1975,tiling,E0_full_drop_onset
Australia,1977,0,True,1e-06,1975|1976-1980,M2,1975,tiling,E0_full_drop_onset
Australia,1978,0,True,1e-06,1975|1976-1980,M2,1975,tiling,E0_full_drop_onset
Australia,1979,0,True,1e-06,1975|1976-1980,M2,1975,tiling,E0_full_drop_onset
Australia,1980,0,True,1e-06,1975|1976-1980,M2,1975,tiling,E0_full_drop_onset
Belgium,1976,0,True,0.015180772642044477,1975|1976-1980,M2,1975,tiling,E0_full_drop_onset
Belgium,1977,0,True,0.018504889896837164,1975|1976-1980,M2,1975,tiling,E0_full_drop_onset
Belgium,1978,0,True,0.0227879609953389,1975|1976-1980,M2,1975,tiling,E0_full_drop_onset
Belgium,1979,0,True,0.028882194480992336,1975|1976-1980,M2,1975,tiling,E0_full_drop_onset
Canada,1976,0,True,1e-06,1975|1976-1980,M2,1975,tiling,E0_full_drop_onset
Canada,1977,0,True,1e-06,1975|1976-1980,M2,1975,tiling,E0_full_drop_onset
Canada,1978,0,True,1e-06,1975|1976-1980,M2,1975,tiling,E0_full_drop_onset
Canada,1979,0,True,1e-06,1975|1976-1980,M2,1975,tiling,E0_full_drop_onset
Canada,1980,0,True,1e-06,1975|1976-1980,M2,1975,tiling,E0_full_drop_onset
Denmark,1976,0,True,1e-06,1975|1976-1980,M2,1975,tiling,E0_full_drop_onset
Denmark,1977,0,True,1e-06,1975|1976-1980,M2,1975,tiling,E0_full_drop_onset
Denmark,1978,0,True,1e-06,1975|1976-1980,M2,1975,tiling,E0_full_drop_onset
Denmark,1979,0,True,1e-06,1975|1976-1980,M2,1975,tiling,E0_full_drop_onset
Denmark,1980,0,True,1e-06,1975|1976-1980,M2,1975,tiling,E0_full_drop_onset
Finland,1976,0,True,1e-06,1975|1976-1980,M2,1975,tiling,E0_full_drop_onset
Finland,1977,0,True,1e-06,1975|1976-1980,M2,1975,tiling,E0_full_drop_onset
Finland,1978,0,True,1e-06,1975|1976-1980,M2,1975,tiling,E0_full_drop_onset
Finland,1979,0,True,1e-06,1975|1976-1980,M2,1975,tiling,E0_full_drop_onset
Finland,1980,0,True,1e-06,1975|1976-1980,M2,1975,tiling,E0_full_drop_onset
France,1976,0,True,0.07079526916413102,1975|1976-1980,M2,1975,tiling,E0_full_drop_onset
France,1977,0,True,0.07067350405662019,1975|1976-1980,M2,1975,tiling,E0_full_drop_onset
France,1978,0,True,0.07320302098537973,1975|1976-1980,M2,1975,tiling,E0_full_drop_onset
France,1979,0,True,0.07620600239715851,1975|1976-1980,M2,1975,tiling,E0_full_drop_onset
France,1980,0,True,0.07764634386012889,1975|1976-1980,M2,1975,tiling,E0_full_drop_onset
Germany,1976,0,True,0.012764558554757664,1975|1976-1980,M2,1975,tiling,E0_full_drop_onset
Germany,1977,0,True,0.013630664643479212,1975|1976-1980,M2,1975,tiling,E0_full_drop_onset
Germany,1978,0,True,0.01554032931702382,1975|1976-1980,M2,1975,tiling,E0_full_drop_onset
Germany,1979,0,True,0.01659161283401738,1975|1976-1980,M2,1975,tiling,E0_full_drop_onset
Germany,1980,0,True,0.01771273476487714,1975|1976-1980,M2,1975,tiling,E0_full_drop_onset
Ireland,1976,0,True,1e-06,1975|1976-1980,M2,1975,tiling,E0_full_drop_onset
Ireland,1977,0,True,1e-06,1975|1976-1980,M2,1975,tiling,E0_full_drop_onset
Ireland,1978,1,True,1e-06,1975|1976-1980,M2,1975,tiling,E0_full_drop_onset
Ireland,1979,1,True,1e-06,1975|1976-1980,M2,1975,tiling,E0_full_drop_onset
Ireland,1980,1,True,1e-06,1975|1976-1980,M2,1975,tiling,E0_full_drop_onset
Italy,1980,0,True,0.04998997883955633,1975|1976-1980,M2,1975,tiling,E0_full_drop_onset
Japan,1976,0,True,1e-06,1975|1976-1980,M2,1975,tiling,E0_full_drop_onset
Japan,1977,0,True,1e-06,1975|1976-1980,M2,1975,tiling,E0_full_drop_onset
Japan,1978,0,True,1e-06,1975|1976-1980,M2,1975,tiling,E0_full_drop_onset
Japan,1979,0,True,1e-06,1975|1976-1980,M2,1975,tiling,E0_full_drop_onset
Japan,1980,0,True,1e-06,1975|1976-1980,M2,1975,tiling,E0_full_drop_onset
Netherlands,1976,0,True,0.037024068560706086,1975|1976-1980,M2,1975,tiling,E0_full_drop_onset
Netherlands,1977,0,True,0.036830322997049775,1975|1976-1980,M2,1975,tiling,E0_full_drop_onset
Netherlands,1978,0,True,0.03824930503186132,1975|1976-1980,M2,1975,tiling,E0_full_drop_onset
Netherlands,1979,0,True,0.04050663982678868,1975|1976-1980,M2,1975,tiling,E0_full_drop_onset
Netherlands,1980,0,True,0.04368072035023801,1975|1976-1980,M2,1975,tiling,E0_full_drop_onset
Norway,1976,0,True,1e-06,1975|1976-1980,M2,1975,tiling,E0_full_drop_onset
Norway,1977,0,True,1e-06,1975|1976-1980,M2,1975,tiling,E0_full_drop_onset
Norway,1978,0,True,1e-06,1975|1976-1980,M2,1975,tiling,E0_full_drop_onset
Norway,1979,0,True,1e-06,1975|1976-1980,M2,1975,tiling,E0_full_drop_onset
Norway,1980,0,True,1e-06,1975|1976-1980,M2,1975,tiling,E0_full_drop_onset
Portugal,1976,1,True,0.02070288284255048,1975|1976-1980,M2,1975,tiling,E0_full_drop_onset
Spain,1976,1,True,0.017739511253511413,1975|1976-1980,M2,1975,tiling,E0_full_drop_onset
Spain,1977,1,True,0.018192609779507884,1975|1976-1980,M2,1975,tiling,E0_full_drop_onset
Sweden,1976,0,True,1e-06,1975|1976-1980,M2,1975,tiling,E0_full_drop_onset
Sweden,1977,0,True,1e-06,1975|1976-1980,M2,1975,tiling,E0_full_drop_onset
Sweden,1978,0,True,1e-06,1975|1976-1980,M2,1975,tiling,E0_full_drop_onset
Sweden,1979,0,True,1e-06,1975|1976-1980,M2,1975,tiling,E0_full_drop_onset
Sweden,1980,0,True,1e-06,1975|1976-1980,M2,1975,tiling,E0_full_drop_onset
Switzerland,1976,0,True,1e-06,1975|1976-1980,M2,1975,tiling,E0_full_drop_onset
Switzerland,1977,0,True,1e-06,1975|1976-1980,M2,1975,tiling,E0_full_drop_onset
Switzerland,1978,0,True,1e-06,1975|1976-1980,M2,1975,tiling,E0_full_drop_onset
Switzerland,1979,0,True,1e-06,1975|1976-1980,M2,1975,tiling,E0_full_drop_onset
Switzerland,1980,0,True,1e-06,1975|1976-1980,M2,1975,tiling,E0_full_drop_onset
UK,1979,0,True,0.044970032256349116,1975|1976-1980,M2,1975,tiling,E0_full_drop_onset
UK,1980,0,True,0.04144650651081687,1975|1976-1980,M2,1975,tiling,E0_full_drop_onset
USA,1976,0,True,0.02929521393827474,1975|1976-1980,M2,1975,tiling,E0_full_drop_onset
USA,1977,0,True,0.029001454614266217,1975|1976-1980,M2,1975,tiling,E0_full_drop_onset
USA,1978,0,True,0.028327087782549148,1975|1976-1980,M2,1975,tiling,E0_full_drop_onset
USA,1979,0,True,0.02666217809883789,1975|1976-1980,M2,1975,tiling,E0_full_drop_onset
USA,1980,0,True,0.02684236358346108,1975|1976-1980,M2,1975,tiling,E0_full_drop_onset
Australia,1981,0,True,0.0042280559028747555,1980|1981-1985,M1,1980,tiling,E0_full_drop_onset
Australia,1982,0,True,0.006633744342247268,1980|1981-1985,M1,1980,tiling,E0_full_drop_onset
Australia,1983,0,True,0.002330579669914095,1980|1981-1985,M1,1980,tiling,E0_full_drop_onset
Australia,1984,0,True,0.0010483208719576755,1980|1981-1985,M1,1980,tiling,E0_full_drop_onset
Australia,1985,0,True,0.015215229742943944,1980|1981-1985,M1,1980,tiling,E0_full_drop_onset
Belgium,1982,0,True,0.5623558348886772,1980|1981-1985,M1,1980,tiling,E0_full_drop_onset
Belgium,1985,0,True,0.1300815703913704,1980|1981-1985,M1,1980,tiling,E0_full_drop_onset
Canada,1981,0,True,0.009773609420206688,1980|1981-1985,M1,1980,tiling,E0_full_drop_onset
Canada,1982,0,True,0.0035663226859799476,1980|1981-1985,M1,1980,tiling,E0_full_drop_onset
Canada,1983,0,True,0.0005492562256245577,1980|1981-1985,M1,1980,tiling,E0_full_drop_onset
Canada,1984,0,True,0.0005553065289644534,1980|1981-1985,M1,1980,tiling,E0_full_drop_onset
Canada,1985,0,True,0.0007621928200685113,1980|1981-1985,M1,1980,tiling,E0_full_drop_onset
Denmark,1981,0,True,0.7082360950988963,1980|1981-1985,M1,1980,tiling,E0_full_drop_onset
Denmark,1982,0,True,0.9623853968777168,1980|1981-1985,M1,1980,tiling,E0_full_drop_onset
Denmark,1983,0,True,0.989166983505913,1980|1981-1985,M1,1980,tiling,E0_full_drop_onset
Denmark,1984,0,True,0.979219251417305,1980|1981-1985,M1,1980,tiling,E0_full_drop_onset
Denmark,1985,0,True,0.8868032372973182,1980|1981-1985,M1,1980,tiling,E0_full_drop_onset
Finland,1981,0,True,0.00012123873503155481,1980|1981-1985,M1,1980,tiling,E0_full_drop_onset
Finland,1982,0,True,0.00026486828778483863,1980|1981-1985,M1,1980,tiling,E0_full_drop_onset
Finland,1983,0,True,0.0006001495328865121,1980|1981-1985,M1,1980,tiling,E0_full_drop_onset
Finland,1984,0,True,0.0004717142791496057,1980|1981-1985,M1,1980,tiling,E0_full_drop_onset
Finland,1985,0,True,0.0002836915208766006,1980|1981-1985,M1,1980,tiling,E0_full_drop_onset
France,1981,0,True,0.561989221636235,1980|1981-1985,M1,1980,tiling,E0_full_drop_onset
France,1982,0,True,0.5016099143751005,1980|1981-1985,M1,1980,tiling,E0_full_drop_onset
France,1983,0,True,0.4196399692703577,1980|1981-1985,M1,1980,tiling,E0_full_drop_onset
France,1984,0,True,0.35185986764592947,1980|1981-1985,M1,1980,tiling,E0_full_drop_onset
France,1985,0,True,0.2134730497326102,1980|1981-1985,M1,1980,tiling,E0_full_drop_onset
Germany,1981,0,True,0.41716308408790476,1980|1981-1985,M1,1980,tiling,E0_full_drop_onset
Germany,1982,0,True,0.47837337471509134,1980|1981-1985,M1,1980,tiling,E0_full_drop_onset
Germany,1983,0,True,0.17571163773346593,1980|1981-1985,M1,1980,tiling,E0_full_drop_onset
Germany,1984,0,True,0.10426617570421506,1980|1981-1985,M1,1980,tiling,E0_full_drop_onset
Germany,1985,0,True,0.048218456236583,1980|1981-1985,M1,1980,tiling,E0_full_drop_onset
Italy,1981,0,True,0.3736827783674192,1980|1981-1985,M1,1980,tiling,E0_full_drop_onset
Italy,1982,0,True,0.2949077141822505,1980|1981-1985,M1,1980,tiling,E0_full_drop_onset
Italy,1983,0,True,0.453260541829795,1980|1981-1985,M1,1980,tiling,E0_full_drop_onset
Italy,1984,0,True,0.3869899254550088,1980|1981-1985,M1,1980,tiling,E0_full_drop_onset
Italy,1985,0,True,0.444367878069009,1980|1981-1985,M1,1980,tiling,E0_full_drop_onset
Japan,1981,0,True,0.0005046006453846053,1980|1981-1985,M1,1980,tiling,E0_full_drop_onset
Japan,1982,0,True,0.00036488776424813043,1980|1981-1985,M1,1980,tiling,E0_full_drop_onset
Japan,1983,0,True,0.0005230574200650501,1980|1981-1985,M1,1980,tiling,E0_full_drop_onset
Japan,1984,0,True,0.0005744349880071773,1980|1981-1985,M1,1980,tiling,E0_full_drop_onset
Japan,1985,0,True,0.000426669273225744,1980|1981-1985,M1,1980,tiling,E0_full_drop_onset
Netherlands,1981,0,True,0.38789896440698307,1980|1981-1985,M1,1980,tiling,E0_full_drop_onset
Netherlands,1982,0,True,0.4056551559680344,1980|1981-1985,M1,1980,tiling,E0_full_drop_onset
Netherlands,1983,0,True,0.2942194584471503,1980|1981-1985,M1,1980,tiling,E0_full_drop_onset
Netherlands,1984,0,True,0.31969222069611847,1980|1981-1985,M1,1980,tiling,E0_full_drop_onset
Netherlands,1985,0,True,0.26128476527909983,1980|1981-1985,M1,1980,tiling,E0_full_drop_onset
Norway,1981,0,True,0.0015313775067874603,1980|1981-1985,M1,1980,tiling,E0_full_drop_onset
Norway,1982,0,True,0.0009724546894941134,1980|1981-1985,M1,1980,tiling,E0_full_drop_onset
Norway,1983,0,True,0.0005662820329795452,1980|1981-1985,M1,1980,tiling,E0_full_drop_onset
Norway,1984,0,True,0.0004988502024408554,1980|1981-1985,M1,1980,tiling,E0_full_drop_onset
Norway,1985,0,True,0.0003827374446008453,1980|1981-1985,M1,1980,tiling,E0_full_drop_onset
Spain,1984,0,True,0.6707027569680685,1980|1981-1985,M1,1980,tiling,E0_full_drop_onset
Spain,1985,0,True,0.6405577470506061,1980|1981-1985,M1,1980,tiling,E0_full_drop_onset
Sweden,1981,0,True,0.002647476962447256,1980|1981-1985,M1,1980,tiling,E0_full_drop_onset
Sweden,1982,0,True,0.002189588901930709,1980|1981-1985,M1,1980,tiling,E0_full_drop_onset
Sweden,1983,0,True,0.012482502693385925,1980|1981-1985,M1,1980,tiling,E0_full_drop_onset
Sweden,1984,0,True,0.0051201824965368395,1980|1981-1985,M1,1980,tiling,E0_full_drop_onset
Sweden,1985,0,True,0.00471809174722741,1980|1981-1985,M1,1980,tiling,E0_full_drop_onset
Switzerland,1981,0,True,0.000772648559925023,1980|1981-1985,M1,1980,tiling,E0_full_drop_onset
Switzerland,1982,0,True,0.0006968559966258721,1980|1981-1985,M1,1980,tiling,E0_full_drop_onset
Switzerland,1983,0,True,0.0006823386526118391,1980|1981-1985,M1,1980,tiling,E0_full_drop_onset
Switzerland,1984,0,True,0.0015608943345628663,1980|1981-1985,M1,1980,tiling,E0_full_drop_onset
Switzerland,1985,0,True,0.0006252464048693183,1980|1981-1985,M1,1980,tiling,E0_full_drop_onset
UK,1981,0,True,0.14950567547136984,1980|1981-1985,M1,1980,tiling,E0_full_drop_onset
UK,1982,0,True,0.08310438095792998,1980|1981-1985,M1,1980,tiling,E0_full_drop_onset
UK,1983,0,True,0.0667302010230392,1980|1981-1985,M1,1980,tiling,E0_full_drop_onset
UK,1984,0,True,0.0606115299216387,1980|1981-1985,M1,1980,tiling,E0_full_drop_onset
UK,1985,0,True,0.09172159599999907,1980|1981-1985,M1,1980,tiling,E0_full_drop_onset
Australia,1981,0,True,1e-06,1980|1981-1985,M2,1980,tiling,E0_full_drop_onset
Australia,1982,0,True,1e-06,1980|1981-1985,M2,1980,tiling,E0_full_drop_onset
Australia,1983,0,True,1e-06,1980|1981-1985,M2,1980,tiling,E0_full_drop_onset
Australia,1984,0,True,1e-06,1980|1981-1985,M2,1980,tiling,E0_full_drop_onset
Australia,1985,0,True,1e-06,1980|1981-1985,M2,1980,tiling,E0_full_drop_onset
Belgium,1982,0,True,0.30248128340427594,1980|1981-1985,M2,1980,tiling,E0_full_drop_onset
Belgium,1985,0,True,0.5415458550797353,1980|1981-1985,M2,1980,tiling,E0_full_drop_onset
Canada,1981,0,True,1e-06,1980|1981-1985,M2,1980,tiling,E0_full_drop_onset
Canada,1982,0,True,1e-06,1980|1981-1985,M2,1980,tiling,E0_full_drop_onset
Canada,1983,0,True,1e-06,1980|1981-1985,M2,1980,tiling,E0_full_drop_onset
Canada,1984,0,True,1e-06,1980|1981-1985,M2,1980,tiling,E0_full_drop_onset
Canada,1985,0,True,1e-06,1980|1981-1985,M2,1980,tiling,E0_full_drop_onset
Denmark,1981,0,True,1e-06,1980|1981-1985,M2,1980,tiling,E0_full_drop_onset
Denmark,1982,0,True,1e-06,1980|1981-1985,M2,1980,tiling,E0_full_drop_onset
Denmark,1983,0,True,1e-06,1980|1981-1985,M2,1980,tiling,E0_full_drop_onset
Denmark,1984,0,True,1e-06,1980|1981-1985,M2,1980,tiling,E0_full_drop_onset
Denmark,1985,0,True,1e-06,1980|1981-1985,M2,1980,tiling,E0_full_drop_onset
Finland,1981,0,True,1e-06,1980|1981-1985,M2,1980,tiling,E0_full_drop_onset
Finland,1982,0,True,1e-06,1980|1981-1985,M2,1980,tiling,E0_full_drop_onset
Finland,1983,0,True,1e-06,1980|1981-1985,M2,1980,tiling,E0_full_drop_onset
Finland,1984,0,True,1e-06,1980|1981-1985,M2,1980,tiling,E0_full_drop_onset
Finland,1985,0,True,1e-06,1980|1981-1985,M2,1980,tiling,E0_full_drop_onset
France,1981,0,True,0.09310174784171772,1980|1981-1985,M2,1980,tiling,E0_full_drop_onset
France,1982,0,True,0.09676522851714561,1980|1981-1985,M2,1980,tiling,E0_full_drop_onset
France,1983,0,True,0.09827461299257324,1980|1981-1985,M2,1980,tiling,E0_full_drop_onset
France,1984,0,True,0.10105145135904604,1980|1981-1985,M2,1980,tiling,E0_full_drop_onset
France,1985,0,True,0.10293928185764402,1980|1981-1985,M2,1980,tiling,E0_full_drop_onset
Germany,1981,0,True,0.025313547997842092,1980|1981-1985,M2,1980,tiling,E0_full_drop_onset
Germany,1982,0,True,0.02930110018892774,1980|1981-1985,M2,1980,tiling,E0_full_drop_onset
Germany,1983,0,True,0.03076101743723737,1980|1981-1985,M2,1980,tiling,E0_full_drop_onset
Germany,1984,0,True,0.03229125479719917,1980|1981-1985,M2,1980,tiling,E0_full_drop_onset
Germany,1985,0,True,0.03229125479719917,1980|1981-1985,M2,1980,tiling,E0_full_drop_onset
Italy,1981,0,True,0.07444722645178319,1980|1981-1985,M2,1980,tiling,E0_full_drop_onset
Italy,1982,0,True,0.0803249891594605,1980|1981-1985,M2,1980,tiling,E0_full_drop_onset
Italy,1983,0,True,0.08883440228076651,1980|1981-1985,M2,1980,tiling,E0_full_drop_onset
Italy,1984,0,True,0.09699048904644977,1980|1981-1985,M2,1980,tiling,E0_full_drop_onset
Italy,1985,0,True,0.1066370211728753,1980|1981-1985,M2,1980,tiling,E0_full_drop_onset
Japan,1981,0,True,1e-06,1980|1981-1985,M2,1980,tiling,E0_full_drop_onset
Japan,1982,0,True,1e-06,1980|1981-1985,M2,1980,tiling,E0_full_drop_onset
Japan,1983,0,True,1e-06,1980|1981-1985,M2,1980,tiling,E0_full_drop_onset
Japan,1984,0,True,1e-06,1980|1981-1985,M2,1980,tiling,E0_full_drop_onset
Japan,1985,0,True,1e-06,1980|1981-1985,M2,1980,tiling,E0_full_drop_onset
Netherlands,1981,0,True,0.07185922500811291,1980|1981-1985,M2,1980,tiling,E0_full_drop_onset
Netherlands,1982,0,True,0.08125183884344803,1980|1981-1985,M2,1980,tiling,E0_full_drop_onset
Netherlands,1983,0,True,0.09264047126934971,1980|1981-1985,M2,1980,tiling,E0_full_drop_onset
Netherlands,1984,0,True,0.09984086186551204,1980|1981-1985,M2,1980,tiling,E0_full_drop_onset
Netherlands,1985,0,True,0.11168415032770276,1980|1981-1985,M2,1980,tiling,E0_full_drop_onset
Norway,1981,0,True,1e-06,1980|1981-1985,M2,1980,tiling,E0_full_drop_onset
Norway,1982,0,True,1e-06,1980|1981-1985,M2,1980,tiling,E0_full_drop_onset
Norway,1983,0,True,1e-06,1980|1981-1985,M2,1980,tiling,E0_full_drop_onset
Norway,1984,0,True,1e-06,1980|1981-1985,M2,1980,tiling,E0_full_drop_onset
Norway,1985,0,True,1e-06,1980|1981-1985,M2,1980,tiling,E0_full_drop_onset
Spain,1984,0,True,0.10080855341621374,1980|1981-1985,M2,1980,tiling,E0_full_drop_onset
Spain,1985,0,True,0.10945881056856835,1980|1981-1985,M2,1980,tiling,E0_full_drop_onset
Sweden,1981,0,True,1e-06,1980|1981-1985,M2,1980,tiling,E0_full_drop_onset
Sweden,1982,0,True,1e-06,1980|1981-1985,M2,1980,tiling,E0_full_drop_onset
Sweden,1983,0,True,1e-06,1980|1981-1985,M2,1980,tiling,E0_full_drop_onset
Sweden,1984,0,True,1e-06,1980|1981-1985,M2,1980,tiling,E0_full_drop_onset
Sweden,1985,0,True,1e-06,1980|1981-1985,M2,1980,tiling,E0_full_drop_onset
Switzerland,1981,0,True,1e-06,1980|1981-1985,M2,1980,tiling,E0_full_drop_onset
Switzerland,1982,0,True,1e-06,1980|1981-1985,M2,1980,tiling,E0_full_drop_onset
Switzerland,1983,0,True,1e-06,1980|1981-1985,M2,1980,tiling,E0_full_drop_onset
Switzerland,1984,0,True,1e-06,1980|1981-1985,M2,1980,tiling,E0_full_drop_onset
Switzerland,1985,0,True,1e-06,1980|1981-1985,M2,1980,tiling,E0_full_drop_onset
UK,1981,0,True,0.058122250770038984,1980|1981-1985,M2,1980,tiling,E0_full_drop_onset
UK,1982,0,True,0.057151090143648296,1980|1981-1985,M2,1980,tiling,E0_full_drop_onset
UK,1983,0,True,0.056486766032904,1980|1981-1985,M2,1980,tiling,E0_full_drop_onset
UK,1984,0,True,0.05670223090875782,1980|1981-1985,M2,1980,tiling,E0_full_drop_onset
UK,1985,0,True,0.05618585939726982,1980|1981-1985,M2,1980,tiling,E0_full_drop_onset
USA,1981,0,True,0.028953560863152615,1980|1981-1985,M2,1980,tiling,E0_full_drop_onset
USA,1982,0,True,0.03096700312981348,1980|1981-1985,M2,1980,tiling,E0_full_drop_onset
USA,1983,0,True,0.03468685881214606,1980|1981-1985,M2,1980,tiling,E0_full_drop_onset
USA,1984,0,True,0.035499163464994425,1980|1981-1985,M2,1980,tiling,E0_full_drop_onset
USA,1985,0,True,0.03834120057847818,1980|1981-1985,M2,1980,tiling,E0_full_drop_onset
Australia,1986,0,True,0.025348324381844492,1985|1986-1990,M1,1985,tiling,E0_full_drop_onset
Australia,1987,0,True,0.006197707798888982,1985|1986-1990,M1,1985,tiling,E0_full_drop_onset
Australia,1988,0,True,0.007298109479040243,1985|1986-1990,M1,1985,tiling,E0_full_drop_onset
Australia,1989,0,True,0.04440016840848133,1985|1986-1990,M1,1985,tiling,E0_full_drop_onset
Australia,1990,0,True,0.011539378110997174,1985|1986-1990,M1,1985,tiling,E0_full_drop_onset
Belgium,1986,0,True,0.7817404800092337,1985|1986-1990,M1,1985,tiling,E0_full_drop_onset
Belgium,1987,0,True,0.7213286343965507,1985|1986-1990,M1,1985,tiling,E0_full_drop_onset
Belgium,1988,0,True,0.6416673236434981,1985|1986-1990,M1,1985,tiling,E0_full_drop_onset
Belgium,1989,0,True,0.5609822007145077,1985|1986-1990,M1,1985,tiling,E0_full_drop_onset
Belgium,1990,0,True,0.17983228777632015,1985|1986-1990,M1,1985,tiling,E0_full_drop_onset
Canada,1986,0,True,0.0005096276683188818,1985|1986-1990,M1,1985,tiling,E0_full_drop_onset
Canada,1987,0,True,0.00038519854979433116,1985|1986-1990,M1,1985,tiling,E0_full_drop_onset
Canada,1988,0,True,0.00047820058309965306,1985|1986-1990,M1,1985,tiling,E0_full_drop_onset
Canada,1989,0,True,0.0012760655505527187,1985|1986-1990,M1,1985,tiling,E0_full_drop_onset
Canada,1990,0,True,0.001032711860832416,1985|1986-1990,M1,1985,tiling,E0_full_drop_onset
Denmark,1986,0,True,0.09684536444119811,1985|1986-1990,M1,1985,tiling,E0_full_drop_onset
Denmark,1987,0,True,0.019678805495324133,1985|1986-1990,M1,1985,tiling,E0_full_drop_onset
Denmark,1988,0,True,0.013586032222923598,1985|1986-1990,M1,1985,tiling,E0_full_drop_onset
Denmark,1989,0,True,0.02206934950582459,1985|1986-1990,M1,1985,tiling,E0_full_drop_onset
Denmark,1990,0,True,0.03252037491281775,1985|1986-1990,M1,1985,tiling,E0_full_drop_onset
Finland,1986,0,True,0.00032364042449710255,1985|1986-1990,M1,1985,tiling,E0_full_drop_onset
Finland,1987,0,True,0.0006018132612150295,1985|1986-1990,M1,1985,tiling,E0_full_drop_onset
Finland,1988,0,True,0.00024204004395849551,1985|1986-1990,M1,1985,tiling,E0_full_drop_onset
Finland,1989,0,True,8.411492644740186e-05,1985|1986-1990,M1,1985,tiling,E0_full_drop_onset
Finland,1990,0,True,6.918727503306589e-05,1985|1986-1990,M1,1985,tiling,E0_full_drop_onset
France,1986,0,True,0.15056164237680655,1985|1986-1990,M1,1985,tiling,E0_full_drop_onset
France,1987,0,True,0.1508349017978862,1985|1986-1990,M1,1985,tiling,E0_full_drop_onset
France,1988,0,True,0.14108606355913209,1985|1986-1990,M1,1985,tiling,E0_full_drop_onset
France,1989,0,True,0.21289725830465542,1985|1986-1990,M1,1985,tiling,E0_full_drop_onset
France,1990,0,True,0.2004860255574932,1985|1986-1990,M1,1985,tiling,E0_full_drop_onset
Germany,1986,0,True,0.022802818107103287,1985|1986-1990,M1,1985,tiling,E0_full_drop_onset
Germany,1987,0,True,0.03012480115687828,1985|1986-1990,M1,1985,tiling,E0_full_drop_onset
Germany,1988,0,True,0.030664509914510793,1985|1986-1990,M1,1985,tiling,E0_full_drop_onset
Germany,1989,0,True,0.04402813821817602,1985|1986-1990,M1,1985,tiling,E0_full_drop_onset
Germany,1990,0,True,0.03163194056083275,1985|1986-1990,M1,1985,tiling,E0_full_drop_onset
Ireland,1987,0,True,0.9801438018756184,1985|1986-1990,M1,1985,tiling,E0_full_drop_onset
Ireland,1988,0,True,0.9710904068336161,1985|1986-1990,M1,1985,tiling,E0_full_drop_onset
Ireland,1989,0,True,0.7811040482625299,1985|1986-1990,M1,1985,tiling,E0_full_drop_onset
Ireland,1990,0,True,0.4813937900768652,1985|1986-1990,M1,1985,tiling,E0_full_drop_onset
Italy,1986,0,True,0.43453478872956247,1985|1986-1990,M1,1985,tiling,E0_full_drop_onset
Italy,1987,0,True,0.47680942493137213,1985|1986-1990,M1,1985,tiling,E0_full_drop_onset
Italy,1988,0,True,0.4598482465919984,1985|1986-1990,M1,1985,tiling,E0_full_drop_onset
Italy,1989,0,True,0.22881907792463158,1985|1986-1990,M1,1985,tiling,E0_full_drop_onset
Italy,1990,0,True,0.1545141369109269,1985|1986-1990,M1,1985,tiling,E0_full_drop_onset
Japan,1986,0,True,0.0012299603476708164,1985|1986-1990,M1,1985,tiling,E0_full_drop_onset
Japan,1987,0,True,0.001953398747188605,1985|1986-1990,M1,1985,tiling,E0_full_drop_onset
Japan,1988,0,True,0.0013303688456239567,1985|1986-1990,M1,1985,tiling,E0_full_drop_onset
Japan,1989,0,True,0.0005626309277570718,1985|1986-1990,M1,1985,tiling,E0_full_drop_onset
Japan,1990,0,True,0.0001696111159572413,1985|1986-1990,M1,1985,tiling,E0_full_drop_onset
Netherlands,1986,0,True,0.2261013448156604,1985|1986-1990,M1,1985,tiling,E0_full_drop_onset
Netherlands,1987,0,True,0.24092410768339895,1985|1986-1990,M1,1985,tiling,E0_full_drop_onset
Netherlands,1988,0,True,0.22206225466495705,1985|1986-1990,M1,1985,tiling,E0_full_drop_onset
Netherlands,1989,0,True,0.25468238329871873,1985|1986-1990,M1,1985,tiling,E0_full_drop_onset
Netherlands,1990,0,True,0.17221343085241192,1985|1986-1990,M1,1985,tiling,E0_full_drop_onset
Norway,1986,0,True,0.000966559584331459,1985|1986-1990,M1,1985,tiling,E0_full_drop_onset
Norway,1987,0,True,0.0004551902465989115,1985|1986-1990,M1,1985,tiling,E0_full_drop_onset
Norway,1988,0,True,0.0004681237019308978,1985|1986-1990,M1,1985,tiling,E0_full_drop_onset
Norway,1989,0,True,0.0003693884278667713,1985|1986-1990,M1,1985,tiling,E0_full_drop_onset
Norway,1990,0,True,0.0004312094303007571,1985|1986-1990,M1,1985,tiling,E0_full_drop_onset
Portugal,1989,0,True,0.242188815329489,1985|1986-1990,M1,1985,tiling,E0_full_drop_onset
Portugal,1990,0,True,0.3841562148626602,1985|1986-1990,M1,1985,tiling,E0_full_drop_onset
Spain,1986,0,True,0.4081718677988765,1985|1986-1990,M1,1985,tiling,E0_full_drop_onset
Spain,1987,0,True,0.3595462535339388,1985|1986-1990,M1,1985,tiling,E0_full_drop_onset
Spain,1988,0,True,0.13521554088333135,1985|1986-1990,M1,1985,tiling,E0_full_drop_onset
Spain,1989,0,True,0.15975890105790236,1985|1986-1990,M1,1985,tiling,E0_full_drop_onset
Spain,1990,0,True,0.14587888309792055,1985|1986-1990,M1,1985,tiling,E0_full_drop_onset
Sweden,1986,0,True,0.0023409189862103885,1985|1986-1990,M1,1985,tiling,E0_full_drop_onset
Sweden,1987,0,True,0.0003576465783779893,1985|1986-1990,M1,1985,tiling,E0_full_drop_onset
Sweden,1988,0,True,0.00018728159950437583,1985|1986-1990,M1,1985,tiling,E0_full_drop_onset
Sweden,1989,0,True,0.00014570997842700993,1985|1986-1990,M1,1985,tiling,E0_full_drop_onset
Sweden,1990,0,True,0.00012397198885617875,1985|1986-1990,M1,1985,tiling,E0_full_drop_onset
Switzerland,1986,0,True,0.0004688064375945853,1985|1986-1990,M1,1985,tiling,E0_full_drop_onset
Switzerland,1987,0,True,0.00034741827729029164,1985|1986-1990,M1,1985,tiling,E0_full_drop_onset
Switzerland,1988,0,True,0.0017164270365607206,1985|1986-1990,M1,1985,tiling,E0_full_drop_onset
Switzerland,1989,0,True,0.0044475616699954975,1985|1986-1990,M1,1985,tiling,E0_full_drop_onset
Switzerland,1990,0,True,0.0019833240006661523,1985|1986-1990,M1,1985,tiling,E0_full_drop_onset
UK,1986,0,True,0.05498863031995242,1985|1986-1990,M1,1985,tiling,E0_full_drop_onset
UK,1987,0,True,0.048508690691102085,1985|1986-1990,M1,1985,tiling,E0_full_drop_onset
UK,1988,0,True,0.05111049766786378,1985|1986-1990,M1,1985,tiling,E0_full_drop_onset
UK,1989,0,True,0.1304982272932979,1985|1986-1990,M1,1985,tiling,E0_full_drop_onset
UK,1990,0,True,0.15027158276968225,1985|1986-1990,M1,1985,tiling,E0_full_drop_onset
Australia,1986,0,True,1e-06,1985|1986-1990,M2,1985,tiling,E0_full_drop_onset
Australia,1987,0,True,1e-06,1985|1986-1990,M2,1985,tiling,E0_full_drop_onset
Australia,1988,0,True,1e-06,1985|1986-1990,M2,1985,tiling,E0_full_drop_onset
Australia,1989,0,True,1e-06,1985|1986-1990,M2,1985,tiling,E0_full_drop_onset
Australia,1990,0,True,1e-06,1985|1986-1990,M2,1985,tiling,E0_full_drop_onset
Belgium,1986,0,True,0.594325184396553,1985|1986-1990,M2,1985,tiling,E0_full_drop_onset
Belgium,1987,0,True,0.6508445743481953,1985|1986-1990,M2,1985,tiling,E0_full_drop_onset
Belgium,1988,0,True,0.6556943928157272,1985|1986-1990,M2,1985,tiling,E0_full_drop_onset
Belgium,1989,0,True,0.6160636371251951,1985|1986-1990,M2,1985,tiling,E0_full_drop_onset
Belgium,1990,0,True,0.6629084533012506,1985|1986-1990,M2,1985,tiling,E0_full_drop_onset
Canada,1986,0,True,1e-06,1985|1986-1990,M2,1985,tiling,E0_full_drop_onset
Canada,1987,0,True,1e-06,1985|1986-1990,M2,1985,tiling,E0_full_drop_onset
Canada,1988,0,True,1e-06,1985|1986-1990,M2,1985,tiling,E0_full_drop_onset
Canada,1989,0,True,1e-06,1985|1986-1990,M2,1985,tiling,E0_full_drop_onset
Canada,1990,0,True,1e-06,1985|1986-1990,M2,1985,tiling,E0_full_drop_onset
Denmark,1986,0,True,1e-06,1985|1986-1990,M2,1985,tiling,E0_full_drop_onset
Denmark,1987,0,True,1e-06,1985|1986-1990,M2,1985,tiling,E0_full_drop_onset
Denmark,1988,0,True,1e-06,1985|1986-1990,M2,1985,tiling,E0_full_drop_onset
Denmark,1989,0,True,1e-06,1985|1986-1990,M2,1985,tiling,E0_full_drop_onset
Denmark,1990,0,True,1e-06,1985|1986-1990,M2,1985,tiling,E0_full_drop_onset
Finland,1986,0,True,1e-06,1985|1986-1990,M2,1985,tiling,E0_full_drop_onset
Finland,1987,0,True,1e-06,1985|1986-1990,M2,1985,tiling,E0_full_drop_onset
Finland,1988,0,True,1e-06,1985|1986-1990,M2,1985,tiling,E0_full_drop_onset
Finland,1989,0,True,1e-06,1985|1986-1990,M2,1985,tiling,E0_full_drop_onset
Finland,1990,0,True,1e-06,1985|1986-1990,M2,1985,tiling,E0_full_drop_onset
France,1986,0,True,0.08961328075743855,1985|1986-1990,M2,1985,tiling,E0_full_drop_onset
France,1987,0,True,0.0923844032568303,1985|1986-1990,M2,1985,tiling,E0_full_drop_onset
France,1988,0,True,0.09223002883737479,1985|1986-1990,M2,1985,tiling,E0_full_drop_onset
France,1989,0,True,0.09310597501336021,1985|1986-1990,M2,1985,tiling,E0_full_drop_onset
France,1990,0,True,0.0944819267448361,1985|1986-1990,M2,1985,tiling,E0_full_drop_onset
Germany,1986,0,True,0.03016985072429261,1985|1986-1990,M2,1985,tiling,E0_full_drop_onset
Germany,1987,0,True,0.03369878606752308,1985|1986-1990,M2,1985,tiling,E0_full_drop_onset
Germany,1988,0,True,0.03369878606752308,1985|1986-1990,M2,1985,tiling,E0_full_drop_onset
Germany,1989,0,True,0.03016985072429261,1985|1986-1990,M2,1985,tiling,E0_full_drop_onset
Germany,1990,0,True,0.03369878606752308,1985|1986-1990,M2,1985,tiling,E0_full_drop_onset
Ireland,1987,0,True,0.7854490221664185,1985|1986-1990,M2,1985,tiling,E0_full_drop_onset
Ireland,1988,0,True,0.7733827961416566,1985|1986-1990,M2,1985,tiling,E0_full_drop_onset
Ireland,1989,0,True,0.6554764053507094,1985|1986-1990,M2,1985,tiling,E0_full_drop_onset
Ireland,1990,0,True,0.5373863705481333,1985|1986-1990,M2,1985,tiling,E0_full_drop_onset
Italy,1986,0,True,0.108688310674166,1985|1986-1990,M2,1985,tiling,E0_full_drop_onset
Italy,1987,0,True,0.11655143044454915,1985|1986-1990,M2,1985,tiling,E0_full_drop_onset
Italy,1988,0,True,0.12007625065916817,1985|1986-1990,M2,1985,tiling,E0_full_drop_onset
Italy,1989,0,True,0.12533945574588398,1985|1986-1990,M2,1985,tiling,E0_full_drop_onset
Italy,1990,0,True,0.12945610537989263,1985|1986-1990,M2,1985,tiling,E0_full_drop_onset
Japan,1986,0,True,1e-06,1985|1986-1990,M2,1985,tiling,E0_full_drop_onset
Japan,1987,0,True,1e-06,1985|1986-1990,M2,1985,tiling,E0_full_drop_onset
Japan,1988,0,True,1e-06,1985|1986-1990,M2,1985,tiling,E0_full_drop_onset
Japan,1989,0,True,1e-06,1985|1986-1990,M2,1985,tiling,E0_full_drop_onset
Japan,1990,0,True,1e-06,1985|1986-1990,M2,1985,tiling,E0_full_drop_onset
Netherlands,1986,0,True,0.10549676491349923,1985|1986-1990,M2,1985,tiling,E0_full_drop_onset
Netherlands,1987,0,True,0.11143346326730577,1985|1986-1990,M2,1985,tiling,E0_full_drop_onset
Netherlands,1988,0,True,0.11816999324823345,1985|1986-1990,M2,1985,tiling,E0_full_drop_onset
Netherlands,1989,0,True,0.11831522568455409,1985|1986-1990,M2,1985,tiling,E0_full_drop_onset
Netherlands,1990,0,True,0.11876838537796461,1985|1986-1990,M2,1985,tiling,E0_full_drop_onset
Norway,1986,0,True,1e-06,1985|1986-1990,M2,1985,tiling,E0_full_drop_onset
Norway,1987,0,True,1e-06,1985|1986-1990,M2,1985,tiling,E0_full_drop_onset
Norway,1988,0,True,1e-06,1985|1986-1990,M2,1985,tiling,E0_full_drop_onset
Norway,1989,0,True,1e-06,1985|1986-1990,M2,1985,tiling,E0_full_drop_onset
Norway,1990,0,True,1e-06,1985|1986-1990,M2,1985,tiling,E0_full_drop_onset
Portugal,1989,0,True,0.13447121434557105,1985|1986-1990,M2,1985,tiling,E0_full_drop_onset
Portugal,1990,0,True,0.13725387299100938,1985|1986-1990,M2,1985,tiling,E0_full_drop_onset
Spain,1986,0,True,0.1079740671795656,1985|1986-1990,M2,1985,tiling,E0_full_drop_onset
Spain,1987,0,True,0.10860353943041294,1985|1986-1990,M2,1985,tiling,E0_full_drop_onset
Spain,1988,0,True,0.10174691445597675,1985|1986-1990,M2,1985,tiling,E0_full_drop_onset
Spain,1989,0,True,0.10436606542182117,1985|1986-1990,M2,1985,tiling,E0_full_drop_onset
Spain,1990,0,True,0.10776528947746901,1985|1986-1990,M2,1985,tiling,E0_full_drop_onset
Sweden,1986,0,True,1e-06,1985|1986-1990,M2,1985,tiling,E0_full_drop_onset
Sweden,1987,0,True,1e-06,1985|1986-1990,M2,1985,tiling,E0_full_drop_onset
Sweden,1988,0,True,1e-06,1985|1986-1990,M2,1985,tiling,E0_full_drop_onset
Sweden,1989,0,True,1e-06,1985|1986-1990,M2,1985,tiling,E0_full_drop_onset
Sweden,1990,0,True,1e-06,1985|1986-1990,M2,1985,tiling,E0_full_drop_onset
Switzerland,1986,0,True,1e-06,1985|1986-1990,M2,1985,tiling,E0_full_drop_onset
Switzerland,1987,0,True,1e-06,1985|1986-1990,M2,1985,tiling,E0_full_drop_onset
Switzerland,1988,0,True,1e-06,1985|1986-1990,M2,1985,tiling,E0_full_drop_onset
Switzerland,1989,0,True,1e-06,1985|1986-1990,M2,1985,tiling,E0_full_drop_onset
Switzerland,1990,0,True,1e-06,1985|1986-1990,M2,1985,tiling,E0_full_drop_onset
UK,1986,0,True,0.049504629005441836,1985|1986-1990,M2,1985,tiling,E0_full_drop_onset
UK,1987,0,True,0.048468706460848554,1985|1986-1990,M2,1985,tiling,E0_full_drop_onset
UK,1988,0,True,0.04728983738067541,1985|1986-1990,M2,1985,tiling,E0_full_drop_onset
UK,1989,0,True,0.044998102003337426,1985|1986-1990,M2,1985,tiling,E0_full_drop_onset
UK,1990,0,True,0.04307686507563179,1985|1986-1990,M2,1985,tiling,E0_full_drop_onset
USA,1986,0,True,0.04028327842769236,1985|1986-1990,M2,1985,tiling,E0_full_drop_onset
USA,1987,0,True,0.04318039290084148,1985|1986-1990,M2,1985,tiling,E0_full_drop_onset
USA,1988,0,True,0.044961193278226855,1985|1986-1990,M2,1985,tiling,E0_full_drop_onset
USA,1989,0,True,0.04627581704650003,1985|1986-1990,M2,1985,tiling,E0_full_drop_onset
USA,1990,0,True,0.05015394475259482,1985|1986-1990,M2,1985,tiling,E0_full_drop_onset
Australia,1991,0,True,0.027797140568001814,1990|1991-1995,M1,1990,tiling,E0_full_drop_onset
Australia,1992,0,True,0.03103400309561414,1990|1991-1995,M1,1990,tiling,E0_full_drop_onset
Australia,1993,0,True,0.038388161560846935,1990|1991-1995,M1,1990,tiling,E0_full_drop_onset
Australia,1994,0,True,0.03605768246724577,1990|1991-1995,M1,1990,tiling,E0_full_drop_onset
Australia,1995,0,True,0.03903459848444946,1990|1991-1995,M1,1990,tiling,E0_full_drop_onset
Belgium,1991,0,True,0.05207918771067702,1990|1991-1995,M1,1990,tiling,E0_full_drop_onset
Belgium,1992,0,True,0.06966639657237561,1990|1991-1995,M1,1990,tiling,E0_full_drop_onset
Belgium,1993,0,True,0.07917729286093919,1990|1991-1995,M1,1990,tiling,E0_full_drop_onset
Belgium,1994,0,True,0.06265590464484301,1990|1991-1995,M1,1990,tiling,E0_full_drop_onset
Belgium,1995,0,True,0.05835029709407104,1990|1991-1995,M1,1990,tiling,E0_full_drop_onset
Canada,1991,0,True,0.05941308522376669,1990|1991-1995,M1,1990,tiling,E0_full_drop_onset
Canada,1992,0,True,0.05552376305293665,1990|1991-1995,M1,1990,tiling,E0_full_drop_onset
Canada,1993,0,True,0.06474470916912417,1990|1991-1995,M1,1990,tiling,E0_full_drop_onset
Canada,1994,0,True,0.05734549744680081,1990|1991-1995,M1,1990,tiling,E0_full_drop_onset
Canada,1995,0,True,0.0685018118756022,1990|1991-1995,M1,1990,tiling,E0_full_drop_onset
Denmark,1991,0,True,0.06664078795303349,1990|1991-1995,M1,1990,tiling,E0_full_drop_onset
Denmark,1992,0,True,0.07097589564011571,1990|1991-1995,M1,1990,tiling,E0_full_drop_onset
Denmark,1993,0,True,0.0772670893357383,1990|1991-1995,M1,1990,tiling,E0_full_drop_onset
Denmark,1994,0,True,0.0767793692404063,1990|1991-1995,M1,1990,tiling,E0_full_drop_onset
Denmark,1995,0,True,0.07491007288155545,1990|1991-1995,M1,1990,tiling,E0_full_drop_onset
Finland,1991,0,True,0.0903899661603498,1990|1991-1995,M1,1990,tiling,E0_full_drop_onset
Finland,1992,0,True,0.3589102737755125,1990|1991-1995,M1,1990,tiling,E0_full_drop_onset
Finland,1993,0,True,0.7349566002310352,1990|1991-1995,M1,1990,tiling,E0_full_drop_onset
Finland,1994,0,True,0.7715161956079671,1990|1991-1995,M1,1990,tiling,E0_full_drop_onset
Finland,1995,0,True,0.6380962182529499,1990|1991-1995,M1,1990,tiling,E0_full_drop_onset
France,1991,0,True,0.05154441007903279,1990|1991-1995,M1,1990,tiling,E0_full_drop_onset
France,1992,0,True,0.06184225595269561,1990|1991-1995,M1,1990,tiling,E0_full_drop_onset
France,1993,0,True,0.07565538992687725,1990|1991-1995,M1,1990,tiling,E0_full_drop_onset
France,1994,0,True,0.07196440816696434,1990|1991-1995,M1,1990,tiling,E0_full_drop_onset
France,1995,0,True,0.07186893290421804,1990|1991-1995,M1,1990,tiling,E0_full_drop_onset
Germany,1991,0,True,0.0897907605223936,1990|1991-1995,M1,1990,tiling,E0_full_drop_onset
Germany,1992,0,True,0.1021894591283986,1990|1991-1995,M1,1990,tiling,E0_full_drop_onset
Germany,1993,0,True,0.11615078972691817,1990|1991-1995,M1,1990,tiling,E0_full_drop_onset
Germany,1994,0,True,0.10060059812977679,1990|1991-1995,M1,1990,tiling,E0_full_drop_onset
Germany,1995,0,True,0.1211429907811261,1990|1991-1995,M1,1990,tiling,E0_full_drop_onset
Ireland,1991,0,True,0.046768604773850204,1990|1991-1995,M1,1990,tiling,E0_full_drop_onset
Ireland,1992,0,True,0.05279569259497041,1990|1991-1995,M1,1990,tiling,E0_full_drop_onset
Ireland,1993,0,True,0.061554542265119035,1990|1991-1995,M1,1990,tiling,E0_full_drop_onset
Ireland,1994,0,True,0.042279642079285064,1990|1991-1995,M1,1990,tiling,E0_full_drop_onset
Ireland,1995,0,True,0.036402669085350406,1990|1991-1995,M1,1990,tiling,E0_full_drop_onset
Italy,1991,0,True,0.05719173392336654,1990|1991-1995,M1,1990,tiling,E0_full_drop_onset
Italy,1992,0,True,0.04710915298964249,1990|1991-1995,M1,1990,tiling,E0_full_drop_onset
Italy,1993,0,True,0.060573736673466896,1990|1991-1995,M1,1990,tiling,E0_full_drop_onset
Italy,1994,0,True,0.06058135001760704,1990|1991-1995,M1,1990,tiling,E0_full_drop_onset
Italy,1995,0,True,0.05909417140379114,1990|1991-1995,M1,1990,tiling,E0_full_drop_onset
Japan,1991,0,True,0.05210279864195705,1990|1991-1995,M1,1990,tiling,E0_full_drop_onset
Japan,1992,0,True,0.06160930879476689,1990|1991-1995,M1,1990,tiling,E0_full_drop_onset
Japan,1993,0,True,0.05621247231173481,1990|1991-1995,M1,1990,tiling,E0_full_drop_onset
Japan,1994,0,True,0.0784985930910396,1990|1991-1995,M1,1990,tiling,E0_full_drop_onset
Japan,1995,0,True,0.10363953918159606,1990|1991-1995,M1,1990,tiling,E0_full_drop_onset
Netherlands,1991,0,True,0.042239390540574795,1990|1991-1995,M1,1990,tiling,E0_full_drop_onset
Netherlands,1992,0,True,0.05115380966456544,1990|1991-1995,M1,1990,tiling,E0_full_drop_onset
Netherlands,1993,0,True,0.043528228623910266,1990|1991-1995,M1,1990,tiling,E0_full_drop_onset
Netherlands,1994,0,True,0.03912684625612514,1990|1991-1995,M1,1990,tiling,E0_full_drop_onset
Netherlands,1995,0,True,0.04534732736274961,1990|1991-1995,M1,1990,tiling,E0_full_drop_onset
Norway,1991,0,True,0.042633609433397335,1990|1991-1995,M1,1990,tiling,E0_full_drop_onset
Norway,1992,0,True,0.04720778746012448,1990|1991-1995,M1,1990,tiling,E0_full_drop_onset
Norway,1993,0,True,0.07781122572493032,1990|1991-1995,M1,1990,tiling,E0_full_drop_onset
Norway,1994,0,True,0.05813453534298027,1990|1991-1995,M1,1990,tiling,E0_full_drop_onset
Norway,1995,0,True,0.03965061502644924,1990|1991-1995,M1,1990,tiling,E0_full_drop_onset
Portugal,1991,0,True,0.06990171366919996,1990|1991-1995,M1,1990,tiling,E0_full_drop_onset
Portugal,1992,0,True,0.053858292995818666,1990|1991-1995,M1,1990,tiling,E0_full_drop_onset
Portugal,1993,0,True,0.05880728446365263,1990|1991-1995,M1,1990,tiling,E0_full_drop_onset
Portugal,1994,0,True,0.06036645600135089,1990|1991-1995,M1,1990,tiling,E0_full_drop_onset
Portugal,1995,0,True,0.06485315215332114,1990|1991-1995,M1,1990,tiling,E0_full_drop_onset
Spain,1991,0,True,0.06183507120414573,1990|1991-1995,M1,1990,tiling,E0_full_drop_onset
Spain,1992,0,True,0.07049478948866078,1990|1991-1995,M1,1990,tiling,E0_full_drop_onset
Spain,1993,0,True,0.09842942607238692,1990|1991-1995,M1,1990,tiling,E0_full_drop_onset
Spain,1994,0,True,0.09325257088379355,1990|1991-1995,M1,1990,tiling,E0_full_drop_onset
Spain,1995,0,True,0.08935923565958409,1990|1991-1995,M1,1990,tiling,E0_full_drop_onset
Sweden,1991,0,True,0.04801447080740851,1990|1991-1995,M1,1990,tiling,E0_full_drop_onset
Sweden,1992,0,True,0.0794535211446363,1990|1991-1995,M1,1990,tiling,E0_full_drop_onset
Sweden,1993,0,True,0.23236967847410114,1990|1991-1995,M1,1990,tiling,E0_full_drop_onset
Sweden,1994,0,True,0.2535047364385005,1990|1991-1995,M1,1990,tiling,E0_full_drop_onset
Sweden,1995,0,True,0.23255058057132832,1990|1991-1995,M1,1990,tiling,E0_full_drop_onset
Switzerland,1991,0,True,0.05826400174645978,1990|1991-1995,M1,1990,tiling,E0_full_drop_onset
Switzerland,1992,0,True,0.0651786450569481,1990|1991-1995,M1,1990,tiling,E0_full_drop_onset
Switzerland,1993,0,True,0.07621198674247012,1990|1991-1995,M1,1990,tiling,E0_full_drop_onset
Switzerland,1994,0,True,0.04972469749080589,1990|1991-1995,M1,1990,tiling,E0_full_drop_onset
Switzerland,1995,0,True,0.0639387089047237,1990|1991-1995,M1,1990,tiling,E0_full_drop_onset
UK,1991,0,True,0.04393192046721927,1990|1991-1995,M1,1990,tiling,E0_full_drop_onset
UK,1992,0,True,0.047489892581330885,1990|1991-1995,M1,1990,tiling,E0_full_drop_onset
UK,1993,0,True,0.04906220322371979,1990|1991-1995,M1,1990,tiling,E0_full_drop_onset
UK,1994,0,True,0.04815666469824588,1990|1991-1995,M1,1990,tiling,E0_full_drop_onset
UK,1995,0,True,0.048142776169798895,1990|1991-1995,M1,1990,tiling,E0_full_drop_onset
Australia,1991,0,True,1e-06,1990|1991-1995,M2,1990,tiling,E0_full_drop_onset
Australia,1992,0,True,1e-06,1990|1991-1995,M2,1990,tiling,E0_full_drop_onset
Australia,1993,0,True,1e-06,1990|1991-1995,M2,1990,tiling,E0_full_drop_onset
Australia,1994,0,True,1e-06,1990|1991-1995,M2,1990,tiling,E0_full_drop_onset
Australia,1995,0,True,1e-06,1990|1991-1995,M2,1990,tiling,E0_full_drop_onset
Belgium,1991,0,True,0.2868200200630634,1990|1991-1995,M2,1990,tiling,E0_full_drop_onset
Belgium,1992,0,True,0.2976657649413139,1990|1991-1995,M2,1990,tiling,E0_full_drop_onset
Belgium,1993,0,True,0.33740152573272497,1990|1991-1995,M2,1990,tiling,E0_full_drop_onset
Belgium,1994,0,True,0.3229065269266165,1990|1991-1995,M2,1990,tiling,E0_full_drop_onset
Belgium,1995,0,True,0.3094440192524274,1990|1991-1995,M2,1990,tiling,E0_full_drop_onset
Canada,1991,0,True,1e-06,1990|1991-1995,M2,1990,tiling,E0_full_drop_onset
Canada,1992,0,True,1e-06,1990|1991-1995,M2,1990,tiling,E0_full_drop_onset
Canada,1993,0,True,1e-06,1990|1991-1995,M2,1990,tiling,E0_full_drop_onset
Canada,1994,0,True,1e-06,1990|1991-1995,M2,1990,tiling,E0_full_drop_onset
Canada,1995,0,True,1e-06,1990|1991-1995,M2,1990,tiling,E0_full_drop_onset
Denmark,1991,0,True,1e-06,1990|1991-1995,M2,1990,tiling,E0_full_drop_onset
Denmark,1992,0,True,1e-06,1990|1991-1995,M2,1990,tiling,E0_full_drop_onset
Denmark,1993,0,True,1e-06,1990|1991-1995,M2,1990,tiling,E0_full_drop_onset
Denmark,1994,0,True,1e-06,1990|1991-1995,M2,1990,tiling,E0_full_drop_onset
Denmark,1995,0,True,1e-06,1990|1991-1995,M2,1990,tiling,E0_full_drop_onset
Finland,1991,0,True,1e-06,1990|1991-1995,M2,1990,tiling,E0_full_drop_onset
Finland,1992,0,True,1e-06,1990|1991-1995,M2,1990,tiling,E0_full_drop_onset
Finland,1993,0,True,1e-06,1990|1991-1995,M2,1990,tiling,E0_full_drop_onset
Finland,1994,0,True,1e-06,1990|1991-1995,M2,1990,tiling,E0_full_drop_onset
Finland,1995,0,True,1e-06,1990|1991-1995,M2,1990,tiling,E0_full_drop_onset
France,1991,0,True,0.0929061548581762,1990|1991-1995,M2,1990,tiling,E0_full_drop_onset
France,1992,0,True,0.09718621890161122,1990|1991-1995,M2,1990,tiling,E0_full_drop_onset
France,1993,0,True,0.1049040811250148,1990|1991-1995,M2,1990,tiling,E0_full_drop_onset
France,1994,0,True,0.10906482099658178,1990|1991-1995,M2,1990,tiling,E0_full_drop_onset
France,1995,0,True,0.11751550595909385,1990|1991-1995,M2,1990,tiling,E0_full_drop_onset
Germany,1991,0,True,0.03633105666441326,1990|1991-1995,M2,1990,tiling,E0_full_drop_onset
Germany,1992,0,True,0.03155886027551225,1990|1991-1995,M2,1990,tiling,E0_full_drop_onset
Germany,1993,0,True,0.0379895423374894,1990|1991-1995,M2,1990,tiling,E0_full_drop_onset
Germany,1994,0,True,0.04280656457968128,1990|1991-1995,M2,1990,tiling,E0_full_drop_onset
Germany,1995,0,True,0.062216736916894146,1990|1991-1995,M2,1990,tiling,E0_full_drop_onset
Ireland,1991,0,True,0.310634338659281,1990|1991-1995,M2,1990,tiling,E0_full_drop_onset
Ireland,1992,0,True,0.2815582325929387,1990|1991-1995,M2,1990,tiling,E0_full_drop_onset
Ireland,1993,0,True,0.3071022913147681,1990|1991-1995,M2,1990,tiling,E0_full_drop_onset
Ireland,1994,0,True,0.2596502612676975,1990|1991-1995,M2,1990,tiling,E0_full_drop_onset
Ireland,1995,0,True,0.1999413249836479,1990|1991-1995,M2,1990,tiling,E0_full_drop_onset
Italy,1991,0,True,0.12919582190088805,1990|1991-1995,M2,1990,tiling,E0_full_drop_onset
Italy,1992,0,True,0.14371622406726522,1990|1991-1995,M2,1990,tiling,E0_full_drop_onset
Italy,1993,0,True,0.16758207810525233,1990|1991-1995,M2,1990,tiling,E0_full_drop_onset
Italy,1994,0,True,0.18361865017941545,1990|1991-1995,M2,1990,tiling,E0_full_drop_onset
Italy,1995,0,True,0.18277300460024057,1990|1991-1995,M2,1990,tiling,E0_full_drop_onset
Japan,1991,0,True,1e-06,1990|1991-1995,M2,1990,tiling,E0_full_drop_onset
Japan,1992,0,True,1e-06,1990|1991-1995,M2,1990,tiling,E0_full_drop_onset
Japan,1993,0,True,1e-06,1990|1991-1995,M2,1990,tiling,E0_full_drop_onset
Japan,1994,0,True,1e-06,1990|1991-1995,M2,1990,tiling,E0_full_drop_onset
Japan,1995,0,True,1e-06,1990|1991-1995,M2,1990,tiling,E0_full_drop_onset
Netherlands,1991,0,True,0.11037483346129584,1990|1991-1995,M2,1990,tiling,E0_full_drop_onset
Netherlands,1992,0,True,0.11217273997501816,1990|1991-1995,M2,1990,tiling,E0_full_drop_onset
Netherlands,1993,0,True,0.11484250978029581,1990|1991-1995,M2,1990,tiling,E0_full_drop_onset
Netherlands,1994,0,True,0.10846485046272208,1990|1991-1995,M2,1990,tiling,E0_full_drop_onset
Netherlands,1995,0,True,0.10923070899118223,1990|1991-1995,M2,1990,tiling,E0_full_drop_onset
Norway,1991,0,True,1e-06,1990|1991-1995,M2,1990,tiling,E0_full_drop_onset
Norway,1992,0,True,1e-06,1990|1991-1995,M2,1990,tiling,E0_full_drop_onset
Norway,1993,0,True,1e-06,1990|1991-1995,M2,1990,tiling,E0_full_drop_onset
Norway,1994,0,True,1e-06,1990|1991-1995,M2,1990,tiling,E0_full_drop_onset
Norway,1995,0,True,1e-06,1990|1991-1995,M2,1990,tiling,E0_full_drop_onset
Portugal,1991,0,True,0.14273130729991165,1990|1991-1995,M2,1990,tiling,E0_full_drop_onset
Portugal,1992,0,True,0.12124056355583028,1990|1991-1995,M2,1990,tiling,E0_full_drop_onset
Portugal,1993,0,True,0.13845878368558698,1990|1991-1995,M2,1990,tiling,E0_full_drop_onset
Portugal,1994,0,True,0.14949969602639449,1990|1991-1995,M2,1990,tiling,E0_full_drop_onset
Portugal,1995,0,True,0.15763490482191028,1990|1991-1995,M2,1990,tiling,E0_full_drop_onset
Spain,1991,0,True,0.1025803113809232,1990|1991-1995,M2,1990,tiling,E0_full_drop_onset
Spain,1992,0,True,0.10686838824281608,1990|1991-1995,M2,1990,tiling,E0_full_drop_onset
Spain,1993,0,True,0.12887787719376445,1990|1991-1995,M2,1990,tiling,E0_full_drop_onset
Spain,1994,0,True,0.1346193423061544,1990|1991-1995,M2,1990,tiling,E0_full_drop_onset
Spain,1995,0,True,0.14237415350773291,1990|1991-1995,M2,1990,tiling,E0_full_drop_onset
Sweden,1991,0,True,1e-06,1990|1991-1995,M2,1990,tiling,E0_full_drop_onset
Sweden,1992,0,True,1e-06,1990|1991-1995,M2,1990,tiling,E0_full_drop_onset
Sweden,1993,0,True,1e-06,1990|1991-1995,M2,1990,tiling,E0_full_drop_onset
Sweden,1994,0,True,1e-06,1990|1991-1995,M2,1990,tiling,E0_full_drop_onset
Sweden,1995,0,True,1e-06,1990|1991-1995,M2,1990,tiling,E0_full_drop_onset
Switzerland,1991,0,True,1e-06,1990|1991-1995,M2,1990,tiling,E0_full_drop_onset
Switzerland,1992,0,True,1e-06,1990|1991-1995,M2,1990,tiling,E0_full_drop_onset
Switzerland,1993,0,True,1e-06,1990|1991-1995,M2,1990,tiling,E0_full_drop_onset
Switzerland,1994,0,True,1e-06,1990|1991-1995,M2,1990,tiling,E0_full_drop_onset
Switzerland,1995,0,True,1e-06,1990|1991-1995,M2,1990,tiling,E0_full_drop_onset
UK,1991,0,True,0.04730199269997299,1990|1991-1995,M2,1990,tiling,E0_full_drop_onset
UK,1992,0,True,0.04952714917509913,1990|1991-1995,M2,1990,tiling,E0_full_drop_onset
UK,1993,0,True,0.051856290740477304,1990|1991-1995,M2,1990,tiling,E0_full_drop_onset
UK,1994,0,True,0.05327442525213983,1990|1991-1995,M2,1990,tiling,E0_full_drop_onset
UK,1995,0,True,0.05480924798231799,1990|1991-1995,M2,1990,tiling,E0_full_drop_onset
USA,1991,0,True,0.05247062892143661,1990|1991-1995,M2,1990,tiling,E0_full_drop_onset
USA,1992,0,True,0.057102124083742205,1990|1991-1995,M2,1990,tiling,E0_full_drop_onset
USA,1993,0,True,0.0597877313987256,1990|1991-1995,M2,1990,tiling,E0_full_drop_onset
USA,1994,0,True,0.060554475934056114,1990|1991-1995,M2,1990,tiling,E0_full_drop_onset
USA,1995,0,True,0.06117448506825788,1990|1991-1995,M2,1990,tiling,E0_full_drop_onset
Australia,1996,0,True,0.009802250078266243,1995|1996-2000,M1,1995,tiling,E0_full_drop_onset
Australia,1997,0,True,0.005375571791923313,1995|1996-2000,M1,1995,tiling,E0_full_drop_onset
Australia,1998,0,True,0.005711963003808724,1995|1996-2000,M1,1995,tiling,E0_full_drop_onset
Australia,1999,0,True,0.004966515888245592,1995|1996-2000,M1,1995,tiling,E0_full_drop_onset
Australia,2000,0,True,0.008382295501905924,1995|1996-2000,M1,1995,tiling,E0_full_drop_onset
Belgium,1996,0,True,0.027778591820484387,1995|1996-2000,M1,1995,tiling,E0_full_drop_onset
Belgium,1997,0,True,0.02495397796065843,1995|1996-2000,M1,1995,tiling,E0_full_drop_onset
Belgium,1998,0,True,0.03294818296348205,1995|1996-2000,M1,1995,tiling,E0_full_drop_onset
Belgium,1999,0,True,0.020311511559633007,1995|1996-2000,M1,1995,tiling,E0_full_drop_onset
Belgium,2000,0,True,0.017743916094744055,1995|1996-2000,M1,1995,tiling,E0_full_drop_onset
Canada,1996,0,True,0.016067897679641792,1995|1996-2000,M1,1995,tiling,E0_full_drop_onset
Canada,1997,0,True,0.013800377642441835,1995|1996-2000,M1,1995,tiling,E0_full_drop_onset
Canada,1998,0,True,0.014624610174101747,1995|1996-2000,M1,1995,tiling,E0_full_drop_onset
Canada,1999,0,True,0.0147318118299493,1995|1996-2000,M1,1995,tiling,E0_full_drop_onset
Canada,2000,0,True,0.014499048904138704,1995|1996-2000,M1,1995,tiling,E0_full_drop_onset
Denmark,1996,0,True,0.027315193474726232,1995|1996-2000,M1,1995,tiling,E0_full_drop_onset
Denmark,1998,0,True,0.03213585695848848,1995|1996-2000,M1,1995,tiling,E0_full_drop_onset
Denmark,1999,0,True,0.02011727444350121,1995|1996-2000,M1,1995,tiling,E0_full_drop_onset
Finland,1996,0,True,0.7626512837121281,1995|1996-2000,M1,1995,tiling,E0_full_drop_onset
Finland,1997,0,True,0.5893193717931184,1995|1996-2000,M1,1995,tiling,E0_full_drop_onset
Finland,1998,0,True,0.3590673859372495,1995|1996-2000,M1,1995,tiling,E0_full_drop_onset
Finland,1999,0,True,0.22326035582671333,1995|1996-2000,M1,1995,tiling,E0_full_drop_onset
Finland,2000,0,True,0.13237543198849638,1995|1996-2000,M1,1995,tiling,E0_full_drop_onset
France,1996,0,True,0.029624376405032373,1995|1996-2000,M1,1995,tiling,E0_full_drop_onset
France,1997,0,True,0.029140667232516293,1995|1996-2000,M1,1995,tiling,E0_full_drop_onset
France,1998,0,True,0.024743930674037396,1995|1996-2000,M1,1995,tiling,E0_full_drop_onset
France,1999,0,True,0.016363968107002264,1995|1996-2000,M1,1995,tiling,E0_full_drop_onset
France,2000,0,True,0.01586368625767319,1995|1996-2000,M1,1995,tiling,E0_full_drop_onset
Germany,1996,0,True,0.07967725974681934,1995|1996-2000,M1,1995,tiling,E0_full_drop_onset
Germany,1997,0,True,0.09217537998141678,1995|1996-2000,M1,1995,tiling,E0_full_drop_onset
Germany,1998,0,True,0.08235157401401794,1995|1996-2000,M1,1995,tiling,E0_full_drop_onset
Germany,1999,0,True,0.06545289994660158,1995|1996-2000,M1,1995,tiling,E0_full_drop_onset
Germany,2000,0,True,0.045411182608324,1995|1996-2000,M1,1995,tiling,E0_full_drop_onset
Ireland,1996,0,True,0.010871325278098507,1995|1996-2000,M1,1995,tiling,E0_full_drop_onset
Ireland,1997,0,True,0.007071407502297905,1995|1996-2000,M1,1995,tiling,E0_full_drop_onset
Ireland,1998,0,True,0.006766438005385623,1995|1996-2000,M1,1995,tiling,E0_full_drop_onset
Ireland,1999,0,True,0.0026394063845581947,1995|1996-2000,M1,1995,tiling,E0_full_drop_onset
Ireland,2000,0,True,0.003147173525756791,1995|1996-2000,M1,1995,tiling,E0_full_drop_onset
Italy,1996,0,True,0.15896622172413705,1995|1996-2000,M1,1995,tiling,E0_full_drop_onset
Italy,1997,0,True,0.1295709820591857,1995|1996-2000,M1,1995,tiling,E0_full_drop_onset
Italy,1998,0,True,0.13255940505686584,1995|1996-2000,M1,1995,tiling,E0_full_drop_onset
Italy,1999,0,True,0.10040944969962305,1995|1996-2000,M1,1995,tiling,E0_full_drop_onset
Italy,2000,0,True,0.08246925983338471,1995|1996-2000,M1,1995,tiling,E0_full_drop_onset
Japan,1996,0,True,0.06930887747807929,1995|1996-2000,M1,1995,tiling,E0_full_drop_onset
Japan,1997,0,True,0.0947766306736559,1995|1996-2000,M1,1995,tiling,E0_full_drop_onset
Japan,1998,0,True,0.15651831294881766,1995|1996-2000,M1,1995,tiling,E0_full_drop_onset
Japan,1999,0,True,0.18252885675783825,1995|1996-2000,M1,1995,tiling,E0_full_drop_onset
Japan,2000,0,True,0.24147038218093395,1995|1996-2000,M1,1995,tiling,E0_full_drop_onset
Netherlands,1996,0,True,0.030522084771002364,1995|1996-2000,M1,1995,tiling,E0_full_drop_onset
Netherlands,1997,0,True,0.0329249507254239,1995|1996-2000,M1,1995,tiling,E0_full_drop_onset
Netherlands,1998,0,True,0.03362459840995514,1995|1996-2000,M1,1995,tiling,E0_full_drop_onset
Netherlands,1999,0,True,0.026017454243724727,1995|1996-2000,M1,1995,tiling,E0_full_drop_onset
Netherlands,2000,0,True,0.023448251085226513,1995|1996-2000,M1,1995,tiling,E0_full_drop_onset
Norway,1996,0,True,0.002656674789635528,1995|1996-2000,M1,1995,tiling,E0_full_drop_onset
Norway,1997,0,True,0.0014727995138366227,1995|1996-2000,M1,1995,tiling,E0_full_drop_onset
Norway,1998,0,True,0.0025681721462522404,1995|1996-2000,M1,1995,tiling,E0_full_drop_onset
Norway,1999,0,True,0.002934918993609767,1995|1996-2000,M1,1995,tiling,E0_full_drop_onset
Norway,2000,0,True,0.00094779384887738,1995|1996-2000,M1,1995,tiling,E0_full_drop_onset
Portugal,1996,0,True,0.1388710566809614,1995|1996-2000,M1,1995,tiling,E0_full_drop_onset
Portugal,1997,0,True,0.08556332069525187,1995|1996-2000,M1,1995,tiling,E0_full_drop_onset
Portugal,1998,0,True,0.03894243813953123,1995|1996-2000,M1,1995,tiling,E0_full_drop_onset
Portugal,1999,0,True,0.021646742562649177,1995|1996-2000,M1,1995,tiling,E0_full_drop_onset
Portugal,2000,0,True,0.024113402407668,1995|1996-2000,M1,1995,tiling,E0_full_drop_onset
Spain,1996,0,True,0.0366537751385946,1995|1996-2000,M1,1995,tiling,E0_full_drop_onset
Spain,1997,0,True,0.02371660193042588,1995|1996-2000,M1,1995,tiling,E0_full_drop_onset
Spain,1998,0,True,0.015749700077227497,1995|1996-2000,M1,1995,tiling,E0_full_drop_onset
Spain,1999,0,True,0.00923705514405624,1995|1996-2000,M1,1995,tiling,E0_full_drop_onset
Spain,2000,0,True,0.008774731484821968,1995|1996-2000,M1,1995,tiling,E0_full_drop_onset
Sweden,1996,0,True,0.08368229540461199,1995|1996-2000,M1,1995,tiling,E0_full_drop_onset
Sweden,1997,0,True,0.03898229394249251,1995|1996-2000,M1,1995,tiling,E0_full_drop_onset
Sweden,1998,0,True,0.03311360630629786,1995|1996-2000,M1,1995,tiling,E0_full_drop_onset
Sweden,1999,0,True,0.008461979792819195,1995|1996-2000,M1,1995,tiling,E0_full_drop_onset
Sweden,2000,0,True,0.0037925694698016485,1995|1996-2000,M1,1995,tiling,E0_full_drop_onset
Switzerland,1996,0,True,0.046994430707744686,1995|1996-2000,M1,1995,tiling,E0_full_drop_onset
Switzerland,1997,0,True,0.050693192797951946,1995|1996-2000,M1,1995,tiling,E0_full_drop_onset
Switzerland,1998,0,True,0.04398800473536789,1995|1996-2000,M1,1995,tiling,E0_full_drop_onset
Switzerland,1999,0,True,0.05051992659021122,1995|1996-2000,M1,1995,tiling,E0_full_drop_onset
Switzerland,2000,0,True,0.032309309609809704,1995|1996-2000,M1,1995,tiling,E0_full_drop_onset
UK,1996,0,True,0.03824737879307741,1995|1996-2000,M1,1995,tiling,E0_full_drop_onset
UK,1997,0,True,0.04458491049048417,1995|1996-2000,M1,1995,tiling,E0_full_drop_onset
UK,1998,0,True,0.04907241327881956,1995|1996-2000,M1,1995,tiling,E0_full_drop_onset
UK,1999,0,True,0.03735701880983213,1995|1996-2000,M1,1995,tiling,E0_full_drop_onset
UK,2000,0,True,0.03691331427065879,1995|1996-2000,M1,1995,tiling,E0_full_drop_onset
Australia,1996,0,True,1e-06,1995|1996-2000,M2,1995,tiling,E0_full_drop_onset
Australia,1997,0,True,1e-06,1995|1996-2000,M2,1995,tiling,E0_full_drop_onset
Australia,1998,0,True,1e-06,1995|1996-2000,M2,1995,tiling,E0_full_drop_onset
Australia,1999,0,True,1e-06,1995|1996-2000,M2,1995,tiling,E0_full_drop_onset
Australia,2000,0,True,1e-06,1995|1996-2000,M2,1995,tiling,E0_full_drop_onset
Belgium,1996,0,True,0.14786128263485213,1995|1996-2000,M2,1995,tiling,E0_full_drop_onset
Belgium,1997,0,True,0.13486056981936825,1995|1996-2000,M2,1995,tiling,E0_full_drop_onset
Belgium,1998,0,True,0.12185873907409506,1995|1996-2000,M2,1995,tiling,E0_full_drop_onset
Belgium,1999,0,True,0.11288583519673119,1995|1996-2000,M2,1995,tiling,E0_full_drop_onset
Belgium,2000,0,True,0.10030371099922275,1995|1996-2000,M2,1995,tiling,E0_full_drop_onset
Canada,1996,0,True,1e-06,1995|1996-2000,M2,1995,tiling,E0_full_drop_onset
Canada,1997,0,True,1e-06,1995|1996-2000,M2,1995,tiling,E0_full_drop_onset
Canada,1998,0,True,1e-06,1995|1996-2000,M2,1995,tiling,E0_full_drop_onset
Canada,1999,0,True,1e-06,1995|1996-2000,M2,1995,tiling,E0_full_drop_onset
Canada,2000,0,True,1e-06,1995|1996-2000,M2,1995,tiling,E0_full_drop_onset
Denmark,1996,0,True,1e-06,1995|1996-2000,M2,1995,tiling,E0_full_drop_onset
Denmark,1998,0,True,1e-06,1995|1996-2000,M2,1995,tiling,E0_full_drop_onset
Denmark,1999,0,True,1e-06,1995|1996-2000,M2,1995,tiling,E0_full_drop_onset
Finland,1996,0,True,1e-06,1995|1996-2000,M2,1995,tiling,E0_full_drop_onset
Finland,1997,0,True,1e-06,1995|1996-2000,M2,1995,tiling,E0_full_drop_onset
Finland,1998,0,True,1e-06,1995|1996-2000,M2,1995,tiling,E0_full_drop_onset
Finland,1999,0,True,1e-06,1995|1996-2000,M2,1995,tiling,E0_full_drop_onset
Finland,2000,0,True,1e-06,1995|1996-2000,M2,1995,tiling,E0_full_drop_onset
France,1996,0,True,0.11529221345458641,1995|1996-2000,M2,1995,tiling,E0_full_drop_onset
France,1997,0,True,0.1171822897131098,1995|1996-2000,M2,1995,tiling,E0_full_drop_onset
France,1998,0,True,0.11707879148920074,1995|1996-2000,M2,1995,tiling,E0_full_drop_onset
France,1999,0,True,0.11594910564206296,1995|1996-2000,M2,1995,tiling,E0_full_drop_onset
France,2000,0,True,0.11383217958785202,1995|1996-2000,M2,1995,tiling,E0_full_drop_onset
Germany,1996,0,True,0.06388592025110615,1995|1996-2000,M2,1995,tiling,E0_full_drop_onset
Germany,1997,0,True,0.06712765812828751,1995|1996-2000,M2,1995,tiling,E0_full_drop_onset
Germany,1998,0,True,0.06922317707662788,1995|1996-2000,M2,1995,tiling,E0_full_drop_onset
Germany,1999,0,True,0.07117188423587563,1995|1996-2000,M2,1995,tiling,E0_full_drop_onset
Germany,2000,0,True,0.06774621918893044,1995|1996-2000,M2,1995,tiling,E0_full_drop_onset
Ireland,1996,0,True,0.09129937999460404,1995|1996-2000,M2,1995,tiling,E0_full_drop_onset
Ireland,1997,0,True,0.07257621567875243,1995|1996-2000,M2,1995,tiling,E0_full_drop_onset
Ireland,1998,0,True,0.05455115094299301,1995|1996-2000,M2,1995,tiling,E0_full_drop_onset
Ireland,1999,0,True,0.047170538808018095,1995|1996-2000,M2,1995,tiling,E0_full_drop_onset
Ireland,2000,0,True,0.03430242931429922,1995|1996-2000,M2,1995,tiling,E0_full_drop_onset
Italy,1996,0,True,0.16673801493770624,1995|1996-2000,M2,1995,tiling,E0_full_drop_onset
Italy,1997,0,True,0.16013369036763192,1995|1996-2000,M2,1995,tiling,E0_full_drop_onset
Italy,1998,0,True,0.15287844425515673,1995|1996-2000,M2,1995,tiling,E0_full_drop_onset
Italy,1999,0,True,0.1505954696496478,1995|1996-2000,M2,1995,tiling,E0_full_drop_onset
Italy,2000,0,True,0.14071222416227552,1995|1996-2000,M2,1995,tiling,E0_full_drop_onset
Japan,1996,0,True,1e-06,1995|1996-2000,M2,1995,tiling,E0_full_drop_onset
Japan,1997,0,True,1e-06,1995|1996-2000,M2,1995,tiling,E0_full_drop_onset
Japan,1998,0,True,1e-06,1995|1996-2000,M2,1995,tiling,E0_full_drop_onset
Japan,1999,0,True,1e-06,1995|1996-2000,M2,1995,tiling,E0_full_drop_onset
Japan,2000,0,True,1e-06,1995|1996-2000,M2,1995,tiling,E0_full_drop_onset
Netherlands,1996,0,True,0.09618054315099259,1995|1996-2000,M2,1995,tiling,E0_full_drop_onset
Netherlands,1997,0,True,0.08518752365841314,1995|1996-2000,M2,1995,tiling,E0_full_drop_onset
Netherlands,1998,0,True,0.07958121862313702,1995|1996-2000,M2,1995,tiling,E0_full_drop_onset
Netherlands,1999,0,True,0.07268496851466112,1995|1996-2000,M2,1995,tiling,E0_full_drop_onset
Netherlands,2000,0,True,0.06287231939868876,1995|1996-2000,M2,1995,tiling,E0_full_drop_onset
Norway,1996,0,True,1e-06,1995|1996-2000,M2,1995,tiling,E0_full_drop_onset
Norway,1997,0,True,1e-06,1995|1996-2000,M2,1995,tiling,E0_full_drop_onset
Norway,1998,0,True,1e-06,1995|1996-2000,M2,1995,tiling,E0_full_drop_onset
Norway,1999,0,True,1e-06,1995|1996-2000,M2,1995,tiling,E0_full_drop_onset
Norway,2000,0,True,1e-06,1995|1996-2000,M2,1995,tiling,E0_full_drop_onset
Portugal,1996,0,True,0.14581592948188926,1995|1996-2000,M2,1995,tiling,E0_full_drop_onset
Portugal,1997,0,True,0.1296918632971638,1995|1996-2000,M2,1995,tiling,E0_full_drop_onset
Portugal,1998,0,True,0.1196951652899006,1995|1996-2000,M2,1995,tiling,E0_full_drop_onset
Portugal,1999,0,True,0.11904228585650892,1995|1996-2000,M2,1995,tiling,E0_full_drop_onset
Portugal,2000,0,True,0.1153344081798839,1995|1996-2000,M2,1995,tiling,E0_full_drop_onset
Spain,1996,0,True,0.13745624230583237,1995|1996-2000,M2,1995,tiling,E0_full_drop_onset
Spain,1997,0,True,0.13485516975826622,1995|1996-2000,M2,1995,tiling,E0_full_drop_onset
Spain,1998,0,True,0.1305835519715132,1995|1996-2000,M2,1995,tiling,E0_full_drop_onset
Spain,1999,0,True,0.1273613372791589,1995|1996-2000,M2,1995,tiling,E0_full_drop_onset
Spain,2000,0,True,0.12115219260474645,1995|1996-2000,M2,1995,tiling,E0_full_drop_onset
Sweden,1996,0,True,1e-06,1995|1996-2000,M2,1995,tiling,E0_full_drop_onset
Sweden,1997,0,True,1e-06,1995|1996-2000,M2,1995,tiling,E0_full_drop_onset
Sweden,1998,0,True,1e-06,1995|1996-2000,M2,1995,tiling,E0_full_drop_onset
Sweden,1999,0,True,1e-06,1995|1996-2000,M2,1995,tiling,E0_full_drop_onset
Sweden,2000,0,True,1e-06,1995|1996-2000,M2,1995,tiling,E0_full_drop_onset
Switzerland,1996,0,True,1e-06,1995|1996-2000,M2,1995,tiling,E0_full_drop_onset
Switzerland,1997,0,True,1e-06,1995|1996-2000,M2,1995,tiling,E0_full_drop_onset
Switzerland,1998,0,True,1e-06,1995|1996-2000,M2,1995,tiling,E0_full_drop_onset
Switzerland,1999,0,True,1e-06,1995|1996-2000,M2,1995,tiling,E0_full_drop_onset
Switzerland,2000,0,True,1e-06,1995|1996-2000,M2,1995,tiling,E0_full_drop_onset
UK,1996,0,True,0.056111461484975825,1995|1996-2000,M2,1995,tiling,E0_full_drop_onset
UK,1997,0,True,0.05582062945466746,1995|1996-2000,M2,1995,tiling,E0_full_drop_onset
UK,1998,0,True,0.054660619876922924,1995|1996-2000,M2,1995,tiling,E0_full_drop_onset
UK,1999,0,True,0.053929357216645206,1995|1996-2000,M2,1995,tiling,E0_full_drop_onset
UK,2000,0,True,0.052635997074074944,1995|1996-2000,M2,1995,tiling,E0_full_drop_onset
USA,1996,0,True,0.055061728265467985,1995|1996-2000,M2,1995,tiling,E0_full_drop_onset
USA,1997,0,True,0.05287429049097643,1995|1996-2000,M2,1995,tiling,E0_full_drop_onset
USA,1998,0,True,0.050165157140006196,1995|1996-2000,M2,1995,tiling,E0_full_drop_onset
USA,1999,0,True,0.04758785797133477,1995|1996-2000,M2,1995,tiling,E0_full_drop_onset
USA,2000,0,True,0.043745280416338135,1995|1996-2000,M2,1995,tiling,E0_full_drop_onset
Australia,2001,0,True,0.007154008089583919,2000|2001-2005,M1,2000,tiling,E0_full_drop_onset
Australia,2002,0,True,0.005260935927176719,2000|2001-2005,M1,2000,tiling,E0_full_drop_onset
Australia,2003,0,True,0.004700133093132732,2000|2001-2005,M1,2000,tiling,E0_full_drop_onset
Australia,2004,0,True,0.004859993855736409,2000|2001-2005,M1,2000,tiling,E0_full_drop_onset
Australia,2005,0,True,0.005581591847293787,2000|2001-2005,M1,2000,tiling,E0_full_drop_onset
Belgium,2001,0,True,0.0179580886624838,2000|2001-2005,M1,2000,tiling,E0_full_drop_onset
Belgium,2002,0,True,0.014215203545597736,2000|2001-2005,M1,2000,tiling,E0_full_drop_onset
Belgium,2003,0,True,0.02034608665026286,2000|2001-2005,M1,2000,tiling,E0_full_drop_onset
Belgium,2004,0,True,0.01472827351480402,2000|2001-2005,M1,2000,tiling,E0_full_drop_onset
Belgium,2005,0,True,0.02613082319983473,2000|2001-2005,M1,2000,tiling,E0_full_drop_onset
Canada,2001,0,True,0.008423832184646398,2000|2001-2005,M1,2000,tiling,E0_full_drop_onset
Canada,2002,0,True,0.006601788089759134,2000|2001-2005,M1,2000,tiling,E0_full_drop_onset
Canada,2003,0,True,0.008698252445888713,2000|2001-2005,M1,2000,tiling,E0_full_drop_onset
Canada,2004,0,True,0.005748706654183271,2000|2001-2005,M1,2000,tiling,E0_full_drop_onset
Canada,2005,0,True,0.007888646845265876,2000|2001-2005,M1,2000,tiling,E0_full_drop_onset
Denmark,2001,0,True,0.005595699679126305,2000|2001-2005,M1,2000,tiling,E0_full_drop_onset
Denmark,2002,0,True,0.00695266365663886,2000|2001-2005,M1,2000,tiling,E0_full_drop_onset
Denmark,2003,0,True,0.0074442059258449,2000|2001-2005,M1,2000,tiling,E0_full_drop_onset
Denmark,2004,0,True,0.0044982470052163815,2000|2001-2005,M1,2000,tiling,E0_full_drop_onset
Denmark,2005,0,True,0.0017842059300405082,2000|2001-2005,M1,2000,tiling,E0_full_drop_onset
Finland,2001,0,True,0.004230898311907488,2000|2001-2005,M1,2000,tiling,E0_full_drop_onset
Finland,2002,0,True,0.004215674528642175,2000|2001-2005,M1,2000,tiling,E0_full_drop_onset
Finland,2003,0,True,0.00705926286394559,2000|2001-2005,M1,2000,tiling,E0_full_drop_onset
Finland,2004,0,True,0.006955153673813784,2000|2001-2005,M1,2000,tiling,E0_full_drop_onset
Finland,2005,0,True,0.007620964327775864,2000|2001-2005,M1,2000,tiling,E0_full_drop_onset
France,2001,0,True,0.0631131090906866,2000|2001-2005,M1,2000,tiling,E0_full_drop_onset
France,2002,0,True,0.08600966177446495,2000|2001-2005,M1,2000,tiling,E0_full_drop_onset
France,2003,0,True,0.11289694358536745,2000|2001-2005,M1,2000,tiling,E0_full_drop_onset
France,2004,0,True,0.10486007677817259,2000|2001-2005,M1,2000,tiling,E0_full_drop_onset
France,2005,0,True,0.11596856870471411,2000|2001-2005,M1,2000,tiling,E0_full_drop_onset
Germany,2001,0,True,0.07245663264171835,2000|2001-2005,M1,2000,tiling,E0_full_drop_onset
Germany,2002,0,True,0.06189119547651322,2000|2001-2005,M1,2000,tiling,E0_full_drop_onset
Germany,2003,0,True,0.10241892963150806,2000|2001-2005,M1,2000,tiling,E0_full_drop_onset
Germany,2004,0,True,0.0876127054569966,2000|2001-2005,M1,2000,tiling,E0_full_drop_onset
Germany,2005,0,True,0.08713756452876623,2000|2001-2005,M1,2000,tiling,E0_full_drop_onset
Ireland,2001,0,True,0.007136796738761915,2000|2001-2005,M1,2000,tiling,E0_full_drop_onset
Ireland,2002,0,True,0.010467589761498685,2000|2001-2005,M1,2000,tiling,E0_full_drop_onset
Ireland,2003,0,True,0.009854068715830224,2000|2001-2005,M1,2000,tiling,E0_full_drop_onset
Ireland,2004,0,True,0.004627032564208462,2000|2001-2005,M1,2000,tiling,E0_full_drop_onset
Ireland,2005,0,True,0.0039144144276965255,2000|2001-2005,M1,2000,tiling,E0_full_drop_onset
Italy,2001,0,True,0.08328938843813245,2000|2001-2005,M1,2000,tiling,E0_full_drop_onset
Italy,2002,0,True,0.08625756271157918,2000|2001-2005,M1,2000,tiling,E0_full_drop_onset
Italy,2003,0,True,0.10154401119172614,2000|2001-2005,M1,2000,tiling,E0_full_drop_onset
Italy,2004,0,True,0.09777893700834699,2000|2001-2005,M1,2000,tiling,E0_full_drop_onset
Italy,2005,0,True,0.12131993553500175,2000|2001-2005,M1,2000,tiling,E0_full_drop_onset
Japan,2001,0,True,0.17488358741773066,2000|2001-2005,M1,2000,tiling,E0_full_drop_onset
Japan,2002,0,True,0.2235985435946425,2000|2001-2005,M1,2000,tiling,E0_full_drop_onset
Japan,2003,0,True,0.28528377764107915,2000|2001-2005,M1,2000,tiling,E0_full_drop_onset
Japan,2004,0,True,0.23072910913989242,2000|2001-2005,M1,2000,tiling,E0_full_drop_onset
Japan,2005,0,True,0.2108558717308101,2000|2001-2005,M1,2000,tiling,E0_full_drop_onset
Netherlands,2001,0,True,0.041481274882835255,2000|2001-2005,M1,2000,tiling,E0_full_drop_onset
Netherlands,2002,0,True,0.04087472283571597,2000|2001-2005,M1,2000,tiling,E0_full_drop_onset
Netherlands,2003,0,True,0.03976972183148267,2000|2001-2005,M1,2000,tiling,E0_full_drop_onset
Netherlands,2004,0,True,0.02065583678259829,2000|2001-2005,M1,2000,tiling,E0_full_drop_onset
Netherlands,2005,0,True,0.01956576147645702,2000|2001-2005,M1,2000,tiling,E0_full_drop_onset
Norway,2001,0,True,0.0005014802743836528,2000|2001-2005,M1,2000,tiling,E0_full_drop_onset
Norway,2002,0,True,0.0016441272223863246,2000|2001-2005,M1,2000,tiling,E0_full_drop_onset
Norway,2003,0,True,0.003836021002994655,2000|2001-2005,M1,2000,tiling,E0_full_drop_onset
Norway,2004,0,True,0.002384924292068447,2000|2001-2005,M1,2000,tiling,E0_full_drop_onset
Norway,2005,0,True,0.000997028994370461,2000|2001-2005,M1,2000,tiling,E0_full_drop_onset
Portugal,2001,0,True,0.09956430420622547,2000|2001-2005,M1,2000,tiling,E0_full_drop_onset
Portugal,2002,0,True,0.12013502467507763,2000|2001-2005,M1,2000,tiling,E0_full_drop_onset
Portugal,2003,0,True,0.17919954497698962,2000|2001-2005,M1,2000,tiling,E0_full_drop_onset
Portugal,2004,0,True,0.2973215961622748,2000|2001-2005,M1,2000,tiling,E0_full_drop_onset
Portugal,2005,0,True,0.38038588739936163,2000|2001-2005,M1,2000,tiling,E0_full_drop_onset
Spain,2001,0,True,0.056233845827149576,2000|2001-2005,M1,2000,tiling,E0_full_drop_onset
Spain,2002,0,True,0.048745650756049155,2000|2001-2005,M1,2000,tiling,E0_full_drop_onset
Spain,2003,0,True,0.04940869574152101,2000|2001-2005,M1,2000,tiling,E0_full_drop_onset
Spain,2004,0,True,0.052305113645187626,2000|2001-2005,M1,2000,tiling,E0_full_drop_onset
Spain,2005,0,True,0.03596107480863573,2000|2001-2005,M1,2000,tiling,E0_full_drop_onset
Sweden,2001,0,True,0.0018086036903389965,2000|2001-2005,M1,2000,tiling,E0_full_drop_onset
Sweden,2002,0,True,0.004055737292090292,2000|2001-2005,M1,2000,tiling,E0_full_drop_onset
Sweden,2003,0,True,0.004493810666411251,2000|2001-2005,M1,2000,tiling,E0_full_drop_onset
Sweden,2004,0,True,0.002727915309708612,2000|2001-2005,M1,2000,tiling,E0_full_drop_onset
Sweden,2005,0,True,0.0025720736730042307,2000|2001-2005,M1,2000,tiling,E0_full_drop_onset
Switzerland,2001,0,True,0.014493039906403191,2000|2001-2005,M1,2000,tiling,E0_full_drop_onset
Switzerland,2002,0,True,0.03907596974961753,2000|2001-2005,M1,2000,tiling,E0_full_drop_onset
Switzerland,2003,0,True,0.02231046183133803,2000|2001-2005,M1,2000,tiling,E0_full_drop_onset
Switzerland,2004,0,True,0.021151731115440334,2000|2001-2005,M1,2000,tiling,E0_full_drop_onset
Switzerland,2005,0,True,0.013947108624969092,2000|2001-2005,M1,2000,tiling,E0_full_drop_onset
UK,2001,0,True,0.03178070778837415,2000|2001-2005,M1,2000,tiling,E0_full_drop_onset
UK,2002,0,True,0.028915983615228912,2000|2001-2005,M1,2000,tiling,E0_full_drop_onset
UK,2003,0,True,0.03321881744860528,2000|2001-2005,M1,2000,tiling,E0_full_drop_onset
UK,2004,0,True,0.040608383961187176,2000|2001-2005,M1,2000,tiling,E0_full_drop_onset
UK,2005,0,True,0.047038978382572816,2000|2001-2005,M1,2000,tiling,E0_full_drop_onset
Australia,2001,0,True,1e-06,2000|2001-2005,M2,2000,tiling,E0_full_drop_onset
Australia,2002,0,True,1e-06,2000|2001-2005,M2,2000,tiling,E0_full_drop_onset
Australia,2003,0,True,1e-06,2000|2001-2005,M2,2000,tiling,E0_full_drop_onset
Australia,2004,0,True,1e-06,2000|2001-2005,M2,2000,tiling,E0_full_drop_onset
Australia,2005,0,True,1e-06,2000|2001-2005,M2,2000,tiling,E0_full_drop_onset
Belgium,2001,0,True,0.07200759945139325,2000|2001-2005,M2,2000,tiling,E0_full_drop_onset
Belgium,2002,0,True,0.06861768983774594,2000|2001-2005,M2,2000,tiling,E0_full_drop_onset
Belgium,2003,0,True,0.06436479893083319,2000|2001-2005,M2,2000,tiling,E0_full_drop_onset
Belgium,2004,0,True,0.05952339231642051,2000|2001-2005,M2,2000,tiling,E0_full_drop_onset
Belgium,2005,0,True,0.057382668764685944,2000|2001-2005,M2,2000,tiling,E0_full_drop_onset
Canada,2001,0,True,1e-06,2000|2001-2005,M2,2000,tiling,E0_full_drop_onset
Canada,2002,0,True,1e-06,2000|2001-2005,M2,2000,tiling,E0_full_drop_onset
Canada,2003,0,True,1e-06,2000|2001-2005,M2,2000,tiling,E0_full_drop_onset
Canada,2004,0,True,1e-06,2000|2001-2005,M2,2000,tiling,E0_full_drop_onset
Canada,2005,0,True,1e-06,2000|2001-2005,M2,2000,tiling,E0_full_drop_onset
Denmark,2001,0,True,1e-06,2000|2001-2005,M2,2000,tiling,E0_full_drop_onset
Denmark,2002,0,True,1e-06,2000|2001-2005,M2,2000,tiling,E0_full_drop_onset
Denmark,2003,0,True,1e-06,2000|2001-2005,M2,2000,tiling,E0_full_drop_onset
Denmark,2004,0,True,1e-06,2000|2001-2005,M2,2000,tiling,E0_full_drop_onset
Denmark,2005,0,True,1e-06,2000|2001-2005,M2,2000,tiling,E0_full_drop_onset
Finland,2001,0,True,1e-06,2000|2001-2005,M2,2000,tiling,E0_full_drop_onset
Finland,2002,0,True,1e-06,2000|2001-2005,M2,2000,tiling,E0_full_drop_onset
Finland,2003,0,True,1e-06,2000|2001-2005,M2,2000,tiling,E0_full_drop_onset
Finland,2004,0,True,1e-06,2000|2001-2005,M2,2000,tiling,E0_full_drop_onset
Finland,2005,0,True,1e-06,2000|2001-2005,M2,2000,tiling,E0_full_drop_onset
France,2001,0,True,0.10459844451691772,2000|2001-2005,M2,2000,tiling,E0_full_drop_onset
France,2002,0,True,0.10691140819255898,2000|2001-2005,M2,2000,tiling,E0_full_drop_onset
France,2003,0,True,0.11208718623407553,2000|2001-2005,M2,2000,tiling,E0_full_drop_onset
France,2004,0,True,0.1140430637935518,2000|2001-2005,M2,2000,tiling,E0_full_drop_onset
France,2005,0,True,0.11592053111815961,2000|2001-2005,M2,2000,tiling,E0_full_drop_onset
Germany,2001,0,True,0.05351100518435696,2000|2001-2005,M2,2000,tiling,E0_full_drop_onset
Germany,2002,0,True,0.05769858062561982,2000|2001-2005,M2,2000,tiling,E0_full_drop_onset
Germany,2003,0,True,0.06721300066282941,2000|2001-2005,M2,2000,tiling,E0_full_drop_onset
Germany,2004,0,True,0.07212388210241341,2000|2001-2005,M2,2000,tiling,E0_full_drop_onset
Germany,2005,0,True,0.07958389694089825,2000|2001-2005,M2,2000,tiling,E0_full_drop_onset
Ireland,2001,0,True,0.027914381290234203,2000|2001-2005,M2,2000,tiling,E0_full_drop_onset
Ireland,2002,0,True,0.025913398316640145,2000|2001-2005,M2,2000,tiling,E0_full_drop_onset
Ireland,2003,0,True,0.025165757444112334,2000|2001-2005,M2,2000,tiling,E0_full_drop_onset
Ireland,2004,0,True,0.023983689259426354,2000|2001-2005,M2,2000,tiling,E0_full_drop_onset
Ireland,2005,0,True,0.022664401365533094,2000|2001-2005,M2,2000,tiling,E0_full_drop_onset
Italy,2001,0,True,0.1271819732029344,2000|2001-2005,M2,2000,tiling,E0_full_drop_onset
Italy,2002,0,True,0.12188705031600389,2000|2001-2005,M2,2000,tiling,E0_full_drop_onset
Italy,2003,0,True,0.11923404979450722,2000|2001-2005,M2,2000,tiling,E0_full_drop_onset
Italy,2004,0,True,0.11842187401101195,2000|2001-2005,M2,2000,tiling,E0_full_drop_onset
Italy,2005,0,True,0.12162748544720671,2000|2001-2005,M2,2000,tiling,E0_full_drop_onset
Japan,2001,0,True,1e-06,2000|2001-2005,M2,2000,tiling,E0_full_drop_onset
Japan,2002,0,True,1e-06,2000|2001-2005,M2,2000,tiling,E0_full_drop_onset
Japan,2003,0,True,1e-06,2000|2001-2005,M2,2000,tiling,E0_full_drop_onset
Japan,2004,0,True,1e-06,2000|2001-2005,M2,2000,tiling,E0_full_drop_onset
Japan,2005,0,True,1e-06,2000|2001-2005,M2,2000,tiling,E0_full_drop_onset
Netherlands,2001,0,True,0.05467212495448524,2000|2001-2005,M2,2000,tiling,E0_full_drop_onset
Netherlands,2002,0,True,0.05387202611247238,2000|2001-2005,M2,2000,tiling,E0_full_drop_onset
Netherlands,2003,0,True,0.05533765342980733,2000|2001-2005,M2,2000,tiling,E0_full_drop_onset
Netherlands,2004,0,True,0.055718047726203604,2000|2001-2005,M2,2000,tiling,E0_full_drop_onset
Netherlands,2005,0,True,0.055114802357881694,2000|2001-2005,M2,2000,tiling,E0_full_drop_onset
Norway,2001,0,True,1e-06,2000|2001-2005,M2,2000,tiling,E0_full_drop_onset
Norway,2002,0,True,1e-06,2000|2001-2005,M2,2000,tiling,E0_full_drop_onset
Norway,2003,0,True,1e-06,2000|2001-2005,M2,2000,tiling,E0_full_drop_onset
Norway,2004,0,True,1e-06,2000|2001-2005,M2,2000,tiling,E0_full_drop_onset
Norway,2005,0,True,1e-06,2000|2001-2005,M2,2000,tiling,E0_full_drop_onset
Portugal,2001,0,True,0.11133270951094991,2000|2001-2005,M2,2000,tiling,E0_full_drop_onset
Portugal,2002,0,True,0.11890634714268287,2000|2001-2005,M2,2000,tiling,E0_full_drop_onset
Portugal,2003,0,True,0.1306498793936338,2000|2001-2005,M2,2000,tiling,E0_full_drop_onset
Portugal,2004,0,True,0.1411451849089782,2000|2001-2005,M2,2000,tiling,E0_full_drop_onset
Portugal,2005,0,True,0.1594909972744515,2000|2001-2005,M2,2000,tiling,E0_full_drop_onset
Spain,2001,0,True,0.10046900107775689,2000|2001-2005,M2,2000,tiling,E0_full_drop_onset
Spain,2002,0,True,0.09579848753874333,2000|2001-2005,M2,2000,tiling,E0_full_drop_onset
Spain,2003,0,True,0.09017407676437737,2000|2001-2005,M2,2000,tiling,E0_full_drop_onset
Spain,2004,0,True,0.0866102599991959,2000|2001-2005,M2,2000,tiling,E0_full_drop_onset
Spain,2005,0,True,0.08233139571786496,2000|2001-2005,M2,2000,tiling,E0_full_drop_onset
Sweden,2001,0,True,1e-06,2000|2001-2005,M2,2000,tiling,E0_full_drop_onset
Sweden,2002,0,True,1e-06,2000|2001-2005,M2,2000,tiling,E0_full_drop_onset
Sweden,2003,0,True,1e-06,2000|2001-2005,M2,2000,tiling,E0_full_drop_onset
Sweden,2004,0,True,1e-06,2000|2001-2005,M2,2000,tiling,E0_full_drop_onset
Sweden,2005,0,True,1e-06,2000|2001-2005,M2,2000,tiling,E0_full_drop_onset
Switzerland,2001,0,True,1e-06,2000|2001-2005,M2,2000,tiling,E0_full_drop_onset
Switzerland,2002,0,True,1e-06,2000|2001-2005,M2,2000,tiling,E0_full_drop_onset
Switzerland,2003,0,True,1e-06,2000|2001-2005,M2,2000,tiling,E0_full_drop_onset
Switzerland,2004,0,True,1e-06,2000|2001-2005,M2,2000,tiling,E0_full_drop_onset
Switzerland,2005,0,True,1e-06,2000|2001-2005,M2,2000,tiling,E0_full_drop_onset
UK,2001,0,True,0.051236100094628104,2000|2001-2005,M2,2000,tiling,E0_full_drop_onset
UK,2002,0,True,0.05133211600244229,2000|2001-2005,M2,2000,tiling,E0_full_drop_onset
UK,2003,0,True,0.05186100629335519,2000|2001-2005,M2,2000,tiling,E0_full_drop_onset
UK,2004,0,True,0.0532221930612567,2000|2001-2005,M2,2000,tiling,E0_full_drop_onset
UK,2005,0,True,0.05377782134769043,2000|2001-2005,M2,2000,tiling,E0_full_drop_onset
USA,2001,0,True,0.038924705843090886,2000|2001-2005,M2,2000,tiling,E0_full_drop_onset
USA,2002,0,True,0.041089689883658506,2000|2001-2005,M2,2000,tiling,E0_full_drop_onset
USA,2003,0,True,0.043663007701274396,2000|2001-2005,M2,2000,tiling,E0_full_drop_onset
USA,2004,0,True,0.04495621507989385,2000|2001-2005,M2,2000,tiling,E0_full_drop_onset
USA,2005,0,True,0.04536141562602911,2000|2001-2005,M2,2000,tiling,E0_full_drop_onset
Australia,2006,0,True,0.004595274717910545,2005|2006-2010,M1,2005,tiling,E0_full_drop_onset
Australia,2007,0,True,0.00341654872186073,2005|2006-2010,M1,2005,tiling,E0_full_drop_onset
Australia,2008,0,True,0.004392702985525172,2005|2006-2010,M1,2005,tiling,E0_full_drop_onset
Australia,2009,0,True,0.004403233802426893,2005|2006-2010,M1,2005,tiling,E0_full_drop_onset
Australia,2010,0,True,0.010155879187118114,2005|2006-2010,M1,2005,tiling,E0_full_drop_onset
Belgium,2006,0,True,0.012822045179976111,2005|2006-2010,M1,2005,tiling,E0_full_drop_onset
Belgium,2007,0,True,0.010001892959891661,2005|2006-2010,M1,2005,tiling,E0_full_drop_onset
Belgium,2008,0,True,0.012381467974827432,2005|2006-2010,M1,2005,tiling,E0_full_drop_onset
Belgium,2009,0,True,0.011970302227025742,2005|2006-2010,M1,2005,tiling,E0_full_drop_onset
Belgium,2010,0,True,0.021087630240348657,2005|2006-2010,M1,2005,tiling,E0_full_drop_onset
Canada,2006,0,True,0.007286032723338219,2005|2006-2010,M1,2005,tiling,E0_full_drop_onset
Canada,2007,0,True,0.007321879073147387,2005|2006-2010,M1,2005,tiling,E0_full_drop_onset
Canada,2008,0,True,0.005954387835813476,2005|2006-2010,M1,2005,tiling,E0_full_drop_onset
Canada,2009,0,True,0.006892856354294728,2005|2006-2010,M1,2005,tiling,E0_full_drop_onset
Canada,2010,0,True,0.011753288694836621,2005|2006-2010,M1,2005,tiling,E0_full_drop_onset
Denmark,2006,0,True,0.0009488203754828561,2005|2006-2010,M1,2005,tiling,E0_full_drop_onset
Denmark,2007,0,True,0.000831716011555894,2005|2006-2010,M1,2005,tiling,E0_full_drop_onset
Denmark,2008,0,True,0.0026894013762433773,2005|2006-2010,M1,2005,tiling,E0_full_drop_onset
Denmark,2009,0,True,0.003715755571328522,2005|2006-2010,M1,2005,tiling,E0_full_drop_onset
Denmark,2010,0,True,0.006128138669294973,2005|2006-2010,M1,2005,tiling,E0_full_drop_onset
Finland,2006,0,True,0.004044460215298643,2005|2006-2010,M1,2005,tiling,E0_full_drop_onset
Finland,2007,0,True,0.0030651460923126223,2005|2006-2010,M1,2005,tiling,E0_full_drop_onset
Finland,2008,0,True,0.002593886463254595,2005|2006-2010,M1,2005,tiling,E0_full_drop_onset
Finland,2009,0,True,0.006106013772325102,2005|2006-2010,M1,2005,tiling,E0_full_drop_onset
Finland,2010,0,True,0.010619040215760022,2005|2006-2010,M1,2005,tiling,E0_full_drop_onset
France,2006,0,True,0.06404459979016112,2005|2006-2010,M1,2005,tiling,E0_full_drop_onset
France,2007,0,True,0.055574268282428105,2005|2006-2010,M1,2005,tiling,E0_full_drop_onset
France,2008,0,True,0.07074701914434135,2005|2006-2010,M1,2005,tiling,E0_full_drop_onset
France,2009,0,True,0.08837791014107427,2005|2006-2010,M1,2005,tiling,E0_full_drop_onset
France,2010,0,True,0.13628141742767508,2005|2006-2010,M1,2005,tiling,E0_full_drop_onset
Germany,2006,0,True,0.049750905292257494,2005|2006-2010,M1,2005,tiling,E0_full_drop_onset
Germany,2007,0,True,0.03136599938261288,2005|2006-2010,M1,2005,tiling,E0_full_drop_onset
Germany,2008,0,True,0.02862793726044622,2005|2006-2010,M1,2005,tiling,E0_full_drop_onset
Germany,2009,0,True,0.03174831715514376,2005|2006-2010,M1,2005,tiling,E0_full_drop_onset
Germany,2010,0,True,0.10525001360908465,2005|2006-2010,M1,2005,tiling,E0_full_drop_onset
Ireland,2006,0,True,0.0015552916029333984,2005|2006-2010,M1,2005,tiling,E0_full_drop_onset
Ireland,2007,1,True,0.002930372657120743,2005|2006-2010,M1,2005,tiling,E0_full_drop_onset
Ireland,2008,1,True,0.018795014561742943,2005|2006-2010,M1,2005,tiling,E0_full_drop_onset
Ireland,2009,1,True,0.036763001142669866,2005|2006-2010,M1,2005,tiling,E0_full_drop_onset
Italy,2006,0,True,0.07944895413033214,2005|2006-2010,M1,2005,tiling,E0_full_drop_onset
Italy,2007,0,True,0.06861035035215216,2005|2006-2010,M1,2005,tiling,E0_full_drop_onset
Italy,2008,0,True,0.10059321870625246,2005|2006-2010,M1,2005,tiling,E0_full_drop_onset
Italy,2009,0,True,0.09929067105083286,2005|2006-2010,M1,2005,tiling,E0_full_drop_onset
Italy,2010,0,True,0.12334299951572666,2005|2006-2010,M1,2005,tiling,E0_full_drop_onset
Japan,2006,0,True,0.03449765991761319,2005|2006-2010,M1,2005,tiling,E0_full_drop_onset
Japan,2007,0,True,0.03370242131198133,2005|2006-2010,M1,2005,tiling,E0_full_drop_onset
Japan,2008,0,True,0.04862603879792834,2005|2006-2010,M1,2005,tiling,E0_full_drop_onset
Japan,2009,0,True,0.12109177199806509,2005|2006-2010,M1,2005,tiling,E0_full_drop_onset
Japan,2010,0,True,0.169861030183231,2005|2006-2010,M1,2005,tiling,E0_full_drop_onset
Netherlands,2006,0,True,0.014800099734380413,2005|2006-2010,M1,2005,tiling,E0_full_drop_onset
Netherlands,2007,0,True,0.023047904941964924,2005|2006-2010,M1,2005,tiling,E0_full_drop_onset
Netherlands,2008,0,True,0.04893065212641743,2005|2006-2010,M1,2005,tiling,E0_full_drop_onset
Netherlands,2009,0,True,0.03186154175384467,2005|2006-2010,M1,2005,tiling,E0_full_drop_onset
Netherlands,2010,0,True,0.05251920813819626,2005|2006-2010,M1,2005,tiling,E0_full_drop_onset
Norway,2006,0,True,0.0031108602994033966,2005|2006-2010,M1,2005,tiling,E0_full_drop_onset
Norway,2007,0,True,0.0023204598131762533,2005|2006-2010,M1,2005,tiling,E0_full_drop_onset
Norway,2008,0,True,0.002823872188932056,2005|2006-2010,M1,2005,tiling,E0_full_drop_onset
Norway,2009,0,True,0.0014509019986063282,2005|2006-2010,M1,2005,tiling,E0_full_drop_onset
Norway,2010,0,True,0.0027757854557030753,2005|2006-2010,M1,2005,tiling,E0_full_drop_onset
Portugal,2006,0,True,0.25313344862315224,2005|2006-2010,M1,2005,tiling,E0_full_drop_onset
Portugal,2007,0,True,0.19302988287236855,2005|2006-2010,M1,2005,tiling,E0_full_drop_onset
Portugal,2008,1,True,0.20095719011647437,2005|2006-2010,M1,2005,tiling,E0_full_drop_onset
Portugal,2009,1,True,0.30221552838786,2005|2006-2010,M1,2005,tiling,E0_full_drop_onset
Portugal,2010,1,True,0.5536599478378703,2005|2006-2010,M1,2005,tiling,E0_full_drop_onset
Spain,2006,0,True,0.01120584191359019,2005|2006-2010,M1,2005,tiling,E0_full_drop_onset
Spain,2007,0,True,0.011478662958339313,2005|2006-2010,M1,2005,tiling,E0_full_drop_onset
Spain,2008,0,True,0.05320129853072784,2005|2006-2010,M1,2005,tiling,E0_full_drop_onset
Spain,2009,0,True,0.13162110067419314,2005|2006-2010,M1,2005,tiling,E0_full_drop_onset
Spain,2010,0,True,0.14526130527577488,2005|2006-2010,M1,2005,tiling,E0_full_drop_onset
Sweden,2006,0,True,0.0011686289497877874,2005|2006-2010,M1,2005,tiling,E0_full_drop_onset
Sweden,2007,0,True,0.0008169193310202019,2005|2006-2010,M1,2005,tiling,E0_full_drop_onset
Sweden,2008,0,True,0.0009417473819563778,2005|2006-2010,M1,2005,tiling,E0_full_drop_onset
Sweden,2009,0,True,0.0009933525621990474,2005|2006-2010,M1,2005,tiling,E0_full_drop_onset
Sweden,2010,0,True,0.0014953347102812412,2005|2006-2010,M1,2005,tiling,E0_full_drop_onset
Switzerland,2006,0,True,0.0059340121506686215,2005|2006-2010,M1,2005,tiling,E0_full_drop_onset
Switzerland,2007,0,True,0.007070309343982747,2005|2006-2010,M1,2005,tiling,E0_full_drop_onset
Switzerland,2008,0,True,0.007723670589061631,2005|2006-2010,M1,2005,tiling,E0_full_drop_onset
Switzerland,2009,0,True,0.0074197361645767035,2005|2006-2010,M1,2005,tiling,E0_full_drop_onset
Switzerland,2010,0,True,0.008258328849820131,2005|2006-2010,M1,2005,tiling,E0_full_drop_onset
UK,2006,0,True,0.03932238225408357,2005|2006-2010,M1,2005,tiling,E0_full_drop_onset
UK,2007,0,True,0.037719385596752475,2005|2006-2010,M1,2005,tiling,E0_full_drop_onset
UK,2008,0,True,0.04685375140977187,2005|2006-2010,M1,2005,tiling,E0_full_drop_onset
UK,2009,0,True,0.032618094143365264,2005|2006-2010,M1,2005,tiling,E0_full_drop_onset
UK,2010,0,True,0.11080359334622705,2005|2006-2010,M1,2005,tiling,E0_full_drop_onset
Australia,2006,0,True,1e-06,2005|2006-2010,M2,2005,tiling,E0_full_drop_onset
Australia,2007,0,True,1e-06,2005|2006-2010,M2,2005,tiling,E0_full_drop_onset
Australia,2008,0,True,1e-06,2005|2006-2010,M2,2005,tiling,E0_full_drop_onset
Australia,2009,0,True,1e-06,2005|2006-2010,M2,2005,tiling,E0_full_drop_onset
Australia,2010,0,True,1e-06,2005|2006-2010,M2,2005,tiling,E0_full_drop_onset
Belgium,2006,0,True,0.047655789056202186,2005|2006-2010,M2,2005,tiling,E0_full_drop_onset
Belgium,2007,0,True,0.044369504902043305,2005|2006-2010,M2,2005,tiling,E0_full_drop_onset
Belgium,2008,0,True,0.049050658928059696,2005|2006-2010,M2,2005,tiling,E0_full_drop_onset
Belgium,2009,0,True,0.05521202961527226,2005|2006-2010,M2,2005,tiling,E0_full_drop_onset
Belgium,2010,0,True,0.05530512427749136,2005|2006-2010,M2,2005,tiling,E0_full_drop_onset
Canada,2006,0,True,1e-06,2005|2006-2010,M2,2005,tiling,E0_full_drop_onset
Canada,2007,0,True,1e-06,2005|2006-2010,M2,2005,tiling,E0_full_drop_onset
Canada,2008,0,True,1e-06,2005|2006-2010,M2,2005,tiling,E0_full_drop_onset
Canada,2009,0,True,1e-06,2005|2006-2010,M2,2005,tiling,E0_full_drop_onset
Canada,2010,0,True,1e-06,2005|2006-2010,M2,2005,tiling,E0_full_drop_onset
Denmark,2006,0,True,1e-06,2005|2006-2010,M2,2005,tiling,E0_full_drop_onset
Denmark,2007,0,True,1e-06,2005|2006-2010,M2,2005,tiling,E0_full_drop_onset
Denmark,2008,0,True,1e-06,2005|2006-2010,M2,2005,tiling,E0_full_drop_onset
Denmark,2009,0,True,1e-06,2005|2006-2010,M2,2005,tiling,E0_full_drop_onset
Denmark,2010,0,True,1e-06,2005|2006-2010,M2,2005,tiling,E0_full_drop_onset
Finland,2006,0,True,1e-06,2005|2006-2010,M2,2005,tiling,E0_full_drop_onset
Finland,2007,0,True,1e-06,2005|2006-2010,M2,2005,tiling,E0_full_drop_onset
Finland,2008,0,True,1e-06,2005|2006-2010,M2,2005,tiling,E0_full_drop_onset
Finland,2009,0,True,1e-06,2005|2006-2010,M2,2005,tiling,E0_full_drop_onset
Finland,2010,0,True,1e-06,2005|2006-2010,M2,2005,tiling,E0_full_drop_onset
France,2006,0,True,0.1036985731837163,2005|2006-2010,M2,2005,tiling,E0_full_drop_onset
France,2007,0,True,0.10360642396521313,2005|2006-2010,M2,2005,tiling,E0_full_drop_onset
France,2008,0,True,0.10891272312369094,2005|2006-2010,M2,2005,tiling,E0_full_drop_onset
France,2009,0,True,0.12852544775279204,2005|2006-2010,M2,2005,tiling,E0_full_drop_onset
France,2010,0,True,0.13183335730297524,2005|2006-2010,M2,2005,tiling,E0_full_drop_onset
Germany,2006,0,True,0.06392518050975933,2005|2006-2010,M2,2005,tiling,E0_full_drop_onset
Germany,2007,0,True,0.05742330121183042,2005|2006-2010,M2,2005,tiling,E0_full_drop_onset
Germany,2008,0,True,0.06100827432641652,2005|2006-2010,M2,2005,tiling,E0_full_drop_onset
Germany,2009,0,True,0.08172046348135958,2005|2006-2010,M2,2005,tiling,E0_full_drop_onset
Germany,2010,0,True,0.1167511464227131,2005|2006-2010,M2,2005,tiling,E0_full_drop_onset
Ireland,2006,0,True,0.020174685899400344,2005|2006-2010,M2,2005,tiling,E0_full_drop_onset
Ireland,2007,1,True,0.02034124118030215,2005|2006-2010,M2,2005,tiling,E0_full_drop_onset
Ireland,2008,1,True,0.03389956704002682,2005|2006-2010,M2,2005,tiling,E0_full_drop_onset
Ireland,2009,1,True,0.05698554331707754,2005|2006-2010,M2,2005,tiling,E0_full_drop_onset
Italy,2006,0,True,0.11453164926601865,2005|2006-2010,M2,2005,tiling,E0_full_drop_onset
Italy,2007,0,True,0.10979168805167748,2005|2006-2010,M2,2005,tiling,E0_full_drop_onset
Italy,2008,0,True,0.12163565926002858,2005|2006-2010,M2,2005,tiling,E0_full_drop_onset
Italy,2009,0,True,0.1417489757987005,2005|2006-2010,M2,2005,tiling,E0_full_drop_onset
Italy,2010,0,True,0.14714297510153934,2005|2006-2010,M2,2005,tiling,E0_full_drop_onset
Japan,2006,0,True,1e-06,2005|2006-2010,M2,2005,tiling,E0_full_drop_onset
Japan,2007,0,True,1e-06,2005|2006-2010,M2,2005,tiling,E0_full_drop_onset
Japan,2008,0,True,1e-06,2005|2006-2010,M2,2005,tiling,E0_full_drop_onset
Japan,2009,0,True,1e-06,2005|2006-2010,M2,2005,tiling,E0_full_drop_onset
Japan,2010,0,True,1e-06,2005|2006-2010,M2,2005,tiling,E0_full_drop_onset
Netherlands,2006,0,True,0.046557729888197875,2005|2006-2010,M2,2005,tiling,E0_full_drop_onset
Netherlands,2007,0,True,0.044248499057424215,2005|2006-2010,M2,2005,tiling,E0_full_drop_onset
Netherlands,2008,0,True,0.05782477197366624,2005|2006-2010,M2,2005,tiling,E0_full_drop_onset
Netherlands,2009,0,True,0.06061549442079234,2005|2006-2010,M2,2005,tiling,E0_full_drop_onset
Netherlands,2010,0,True,0.06410664311171727,2005|2006-2010,M2,2005,tiling,E0_full_drop_onset
Norway,2006,0,True,1e-06,2005|2006-2010,M2,2005,tiling,E0_full_drop_onset
Norway,2007,0,True,1e-06,2005|2006-2010,M2,2005,tiling,E0_full_drop_onset
Norway,2008,0,True,1e-06,2005|2006-2010,M2,2005,tiling,E0_full_drop_onset
Norway,2009,0,True,1e-06,2005|2006-2010,M2,2005,tiling,E0_full_drop_onset
Norway,2010,0,True,1e-06,2005|2006-2010,M2,2005,tiling,E0_full_drop_onset
Portugal,2006,0,True,0.15228430007465277,2005|2006-2010,M2,2005,tiling,E0_full_drop_onset
Portugal,2007,0,True,0.1488779905700555,2005|2006-2010,M2,2005,tiling,E0_full_drop_onset
Portugal,2008,1,True,0.1595146512942117,2005|2006-2010,M2,2005,tiling,E0_full_drop_onset
Portugal,2009,1,True,0.21056084802073005,2005|2006-2010,M2,2005,tiling,E0_full_drop_onset
Portugal,2010,1,True,0.2740823600702558,2005|2006-2010,M2,2005,tiling,E0_full_drop_onset
Spain,2006,0,True,0.06892550912478038,2005|2006-2010,M2,2005,tiling,E0_full_drop_onset
Spain,2007,0,True,0.0649113866044557,2005|2006-2010,M2,2005,tiling,E0_full_drop_onset
Spain,2008,0,True,0.06974058285558521,2005|2006-2010,M2,2005,tiling,E0_full_drop_onset
Spain,2009,0,True,0.08894401220853179,2005|2006-2010,M2,2005,tiling,E0_full_drop_onset
Spain,2010,0,True,0.10108629094033247,2005|2006-2010,M2,2005,tiling,E0_full_drop_onset
Sweden,2006,0,True,1e-06,2005|2006-2010,M2,2005,tiling,E0_full_drop_onset
Sweden,2007,0,True,1e-06,2005|2006-2010,M2,2005,tiling,E0_full_drop_onset
Sweden,2008,0,True,1e-06,2005|2006-2010,M2,2005,tiling,E0_full_drop_onset
Sweden,2009,0,True,1e-06,2005|2006-2010,M2,2005,tiling,E0_full_drop_onset
Sweden,2010,0,True,1e-06,2005|2006-2010,M2,2005,tiling,E0_full_drop_onset
Switzerland,2006,0,True,1e-06,2005|2006-2010,M2,2005,tiling,E0_full_drop_onset
Switzerland,2007,0,True,1e-06,2005|2006-2010,M2,2005,tiling,E0_full_drop_onset
Switzerland,2008,0,True,1e-06,2005|2006-2010,M2,2005,tiling,E0_full_drop_onset
Switzerland,2009,0,True,1e-06,2005|2006-2010,M2,2005,tiling,E0_full_drop_onset
Switzerland,2010,0,True,1e-06,2005|2006-2010,M2,2005,tiling,E0_full_drop_onset
UK,2006,0,True,0.052512624022658556,2005|2006-2010,M2,2005,tiling,E0_full_drop_onset
UK,2007,0,True,0.052983789160927296,2005|2006-2010,M2,2005,tiling,E0_full_drop_onset
UK,2008,0,True,0.05666994550450307,2005|2006-2010,M2,2005,tiling,E0_full_drop_onset
UK,2009,0,True,0.06384337263898256,2005|2006-2010,M2,2005,tiling,E0_full_drop_onset
UK,2010,0,True,0.07017467005436094,2005|2006-2010,M2,2005,tiling,E0_full_drop_onset
USA,2006,0,True,0.04272313440470202,2005|2006-2010,M2,2005,tiling,E0_full_drop_onset
USA,2007,0,True,0.04329919912753033,2005|2006-2010,M2,2005,tiling,E0_full_drop_onset
USA,2008,0,True,0.04850375410929203,2005|2006-2010,M2,2005,tiling,E0_full_drop_onset
USA,2009,0,True,0.06686734717515046,2005|2006-2010,M2,2005,tiling,E0_full_drop_onset
USA,2010,0,True,0.08104473033112378,2005|2006-2010,M2,2005,tiling,E0_full_drop_onset
Australia,2011,0,True,0.00517540442918066,2010|2011-2015,M1,2010,tiling,E0_full_drop_onset
Australia,2012,0,True,0.007120067154262587,2010|2011-2015,M1,2010,tiling,E0_full_drop_onset
Australia,2013,0,True,0.003816061704002677,2010|2011-2015,M1,2010,tiling,E0_full_drop_onset
Australia,2014,0,True,0.002931774104487974,2010|2011-2015,M1,2010,tiling,E0_full_drop_onset
Australia,2015,0,True,0.002551678115219551,2010|2011-2015,M1,2010,tiling,E0_full_drop_onset
Belgium,2011,0,True,0.030292188367027358,2010|2011-2015,M1,2010,tiling,E0_full_drop_onset
Belgium,2012,0,True,0.036911309851188734,2010|2011-2015,M1,2010,tiling,E0_full_drop_onset
Belgium,2013,0,True,0.031714200359229006,2010|2011-2015,M1,2010,tiling,E0_full_drop_onset
Belgium,2014,0,True,0.041768655401255204,2010|2011-2015,M1,2010,tiling,E0_full_drop_onset
Belgium,2015,0,True,0.03673790731126876,2010|2011-2015,M1,2010,tiling,E0_full_drop_onset
Canada,2011,0,True,0.0007625937050836915,2010|2011-2015,M1,2010,tiling,E0_full_drop_onset
Canada,2012,0,True,0.0008336502178739026,2010|2011-2015,M1,2010,tiling,E0_full_drop_onset
Canada,2013,0,True,0.0006832921285728141,2010|2011-2015,M1,2010,tiling,E0_full_drop_onset
Canada,2014,0,True,0.0007468599627730038,2010|2011-2015,M1,2010,tiling,E0_full_drop_onset
Canada,2015,0,True,0.0007385395875945075,2010|2011-2015,M1,2010,tiling,E0_full_drop_onset
Denmark,2011,0,True,0.0005061556567314363,2010|2011-2015,M1,2010,tiling,E0_full_drop_onset
Denmark,2012,0,True,0.0006951622523646045,2010|2011-2015,M1,2010,tiling,E0_full_drop_onset
Denmark,2013,0,True,0.0003556949944962416,2010|2011-2015,M1,2010,tiling,E0_full_drop_onset
Denmark,2014,0,True,0.0002322376873492005,2010|2011-2015,M1,2010,tiling,E0_full_drop_onset
Denmark,2015,0,True,0.00028113181195640733,2010|2011-2015,M1,2010,tiling,E0_full_drop_onset
Finland,2011,0,True,0.0004514727146626635,2010|2011-2015,M1,2010,tiling,E0_full_drop_onset
Finland,2012,0,True,0.000718624220437343,2010|2011-2015,M1,2010,tiling,E0_full_drop_onset
Finland,2013,0,True,0.0011245320712075003,2010|2011-2015,M1,2010,tiling,E0_full_drop_onset
Finland,2014,0,True,0.002127601486468633,2010|2011-2015,M1,2010,tiling,E0_full_drop_onset
Finland,2015,0,True,0.002084892577107976,2010|2011-2015,M1,2010,tiling,E0_full_drop_onset
France,2011,0,True,0.11664221087495469,2010|2011-2015,M1,2010,tiling,E0_full_drop_onset
France,2012,0,True,0.14358992905889234,2010|2011-2015,M1,2010,tiling,E0_full_drop_onset
France,2013,0,True,0.13118048127612147,2010|2011-2015,M1,2010,tiling,E0_full_drop_onset
France,2014,0,True,0.13745364238627147,2010|2011-2015,M1,2010,tiling,E0_full_drop_onset
France,2015,0,True,0.1674515841064816,2010|2011-2015,M1,2010,tiling,E0_full_drop_onset
Germany,2011,0,True,0.06731178828019957,2010|2011-2015,M1,2010,tiling,E0_full_drop_onset
Germany,2012,0,True,0.029125433834585227,2010|2011-2015,M1,2010,tiling,E0_full_drop_onset
Germany,2013,0,True,0.022315734854177285,2010|2011-2015,M1,2010,tiling,E0_full_drop_onset
Germany,2014,0,True,0.017361894464471374,2010|2011-2015,M1,2010,tiling,E0_full_drop_onset
Germany,2015,0,True,0.011005092341155336,2010|2011-2015,M1,2010,tiling,E0_full_drop_onset
Italy,2011,0,True,0.13632511061576996,2010|2011-2015,M1,2010,tiling,E0_full_drop_onset
Italy,2012,0,True,0.11956847243012192,2010|2011-2015,M1,2010,tiling,E0_full_drop_onset
Italy,2013,0,True,0.18332842545300024,2010|2011-2015,M1,2010,tiling,E0_full_drop_onset
Italy,2014,0,True,0.20907883353600565,2010|2011-2015,M1,2010,tiling,E0_full_drop_onset
Italy,2015,0,True,0.21678806343986548,2010|2011-2015,M1,2010,tiling,E0_full_drop_onset
Japan,2011,0,True,0.014575772653880114,2010|2011-2015,M1,2010,tiling,E0_full_drop_onset
Japan,2012,0,True,0.004071465499947848,2010|2011-2015,M1,2010,tiling,E0_full_drop_onset
Japan,2013,0,True,0.005198384563708273,2010|2011-2015,M1,2010,tiling,E0_full_drop_onset
Japan,2014,0,True,0.00238319937406905,2010|2011-2015,M1,2010,tiling,E0_full_drop_onset
Japan,2015,0,True,0.0012166818552405616,2010|2011-2015,M1,2010,tiling,E0_full_drop_onset
Netherlands,2011,0,True,0.05323930931097387,2010|2011-2015,M1,2010,tiling,E0_full_drop_onset
Netherlands,2012,0,True,0.07453066484702962,2010|2011-2015,M1,2010,tiling,E0_full_drop_onset
Netherlands,2013,0,True,0.07109782910025958,2010|2011-2015,M1,2010,tiling,E0_full_drop_onset
Netherlands,2014,0,True,0.05964015564856273,2010|2011-2015,M1,2010,tiling,E0_full_drop_onset
Netherlands,2015,0,True,0.09832918091587159,2010|2011-2015,M1,2010,tiling,E0_full_drop_onset
Norway,2011,0,True,6.106382728051554e-05,2010|2011-2015,M1,2010,tiling,E0_full_drop_onset
Norway,2012,0,True,8.834588205629841e-05,2010|2011-2015,M1,2010,tiling,E0_full_drop_onset
Norway,2013,0,True,8.600503553927899e-05,2010|2011-2015,M1,2010,tiling,E0_full_drop_onset
Norway,2014,0,True,9.1543317741818e-05,2010|2011-2015,M1,2010,tiling,E0_full_drop_onset
Norway,2015,0,True,0.0001508649015243953,2010|2011-2015,M1,2010,tiling,E0_full_drop_onset
Spain,2011,0,True,0.194692110264406,2010|2011-2015,M1,2010,tiling,E0_full_drop_onset
Spain,2012,0,True,0.45762822618406984,2010|2011-2015,M1,2010,tiling,E0_full_drop_onset
Spain,2013,0,True,0.4628811827046349,2010|2011-2015,M1,2010,tiling,E0_full_drop_onset
Spain,2014,0,True,0.45398048288533294,2010|2011-2015,M1,2010,tiling,E0_full_drop_onset
Spain,2015,0,True,0.2592639762008609,2010|2011-2015,M1,2010,tiling,E0_full_drop_onset
Sweden,2011,0,True,0.00011004170834420734,2010|2011-2015,M1,2010,tiling,E0_full_drop_onset
Sweden,2012,0,True,0.00010513238669900688,2010|2011-2015,M1,2010,tiling,E0_full_drop_onset
Sweden,2013,0,True,0.00011923195236538703,2010|2011-2015,M1,2010,tiling,E0_full_drop_onset
Sweden,2014,0,True,0.00017047460559535874,2010|2011-2015,M1,2010,tiling,E0_full_drop_onset
Sweden,2015,0,True,0.00017061072494329303,2010|2011-2015,M1,2010,tiling,E0_full_drop_onset
Switzerland,2011,0,True,0.0006655459556603324,2010|2011-2015,M1,2010,tiling,E0_full_drop_onset
Switzerland,2012,0,True,0.0006296153861925623,2010|2011-2015,M1,2010,tiling,E0_full_drop_onset
Switzerland,2013,0,True,0.0006090693659678353,2010|2011-2015,M1,2010,tiling,E0_full_drop_onset
Switzerland,2014,0,True,0.00038756617315238614,2010|2011-2015,M1,2010,tiling,E0_full_drop_onset
Switzerland,2015,0,True,0.000584226966578736,2010|2011-2015,M1,2010,tiling,E0_full_drop_onset
UK,2011,0,True,0.15065613949609052,2010|2011-2015,M1,2010,tiling,E0_full_drop_onset
UK,2012,0,True,0.17355462061115284,2010|2011-2015,M1,2010,tiling,E0_full_drop_onset
UK,2013,0,True,0.1391245623287274,2010|2011-2015,M1,2010,tiling,E0_full_drop_onset
UK,2014,0,True,0.10110672782718652,2010|2011-2015,M1,2010,tiling,E0_full_drop_onset
UK,2015,0,True,0.07929303670767499,2010|2011-2015,M1,2010,tiling,E0_full_drop_onset
Australia,2011,0,True,1e-06,2010|2011-2015,M2,2010,tiling,E0_full_drop_onset
Australia,2012,0,True,1e-06,2010|2011-2015,M2,2010,tiling,E0_full_drop_onset
Australia,2013,0,True,1e-06,2010|2011-2015,M2,2010,tiling,E0_full_drop_onset
Australia,2014,0,True,1e-06,2010|2011-2015,M2,2010,tiling,E0_full_drop_onset
Australia,2015,0,True,1e-06,2010|2011-2015,M2,2010,tiling,E0_full_drop_onset
Belgium,2011,0,True,0.053114070249724005,2010|2011-2015,M2,2010,tiling,E0_full_drop_onset
Belgium,2012,0,True,0.05422538627259288,2010|2011-2015,M2,2010,tiling,E0_full_drop_onset
Belgium,2013,0,True,0.05483283151986133,2010|2011-2015,M2,2010,tiling,E0_full_drop_onset
Belgium,2014,0,True,0.05615614564788238,2010|2011-2015,M2,2010,tiling,E0_full_drop_onset
Belgium,2015,0,True,0.05457171686153744,2010|2011-2015,M2,2010,tiling,E0_full_drop_onset
Canada,2011,0,True,1e-06,2010|2011-2015,M2,2010,tiling,E0_full_drop_onset
Canada,2012,0,True,1e-06,2010|2011-2015,M2,2010,tiling,E0_full_drop_onset
Canada,2013,0,True,1e-06,2010|2011-2015,M2,2010,tiling,E0_full_drop_onset
Canada,2014,0,True,1e-06,2010|2011-2015,M2,2010,tiling,E0_full_drop_onset
Canada,2015,0,True,1e-06,2010|2011-2015,M2,2010,tiling,E0_full_drop_onset
Denmark,2011,0,True,1e-06,2010|2011-2015,M2,2010,tiling,E0_full_drop_onset
Denmark,2012,0,True,1e-06,2010|2011-2015,M2,2010,tiling,E0_full_drop_onset
Denmark,2013,0,True,1e-06,2010|2011-2015,M2,2010,tiling,E0_full_drop_onset
Denmark,2014,0,True,1e-06,2010|2011-2015,M2,2010,tiling,E0_full_drop_onset
Denmark,2015,0,True,1e-06,2010|2011-2015,M2,2010,tiling,E0_full_drop_onset
Finland,2011,0,True,1e-06,2010|2011-2015,M2,2010,tiling,E0_full_drop_onset
Finland,2012,0,True,1e-06,2010|2011-2015,M2,2010,tiling,E0_full_drop_onset
Finland,2013,0,True,1e-06,2010|2011-2015,M2,2010,tiling,E0_full_drop_onset
Finland,2014,0,True,1e-06,2010|2011-2015,M2,2010,tiling,E0_full_drop_onset
Finland,2015,0,True,1e-06,2010|2011-2015,M2,2010,tiling,E0_full_drop_onset
France,2011,0,True,0.1254033397149225,2010|2011-2015,M2,2010,tiling,E0_full_drop_onset
France,2012,0,True,0.12930614912755511,2010|2011-2015,M2,2010,tiling,E0_full_drop_onset
France,2013,0,True,0.13336993657712481,2010|2011-2015,M2,2010,tiling,E0_full_drop_onset
France,2014,0,True,0.13554736922578448,2010|2011-2015,M2,2010,tiling,E0_full_drop_onset
France,2015,0,True,0.13657736121169206,2010|2011-2015,M2,2010,tiling,E0_full_drop_onset
Germany,2011,0,True,0.07734316546131513,2010|2011-2015,M2,2010,tiling,E0_full_drop_onset
Germany,2012,0,True,0.08086475601666465,2010|2011-2015,M2,2010,tiling,E0_full_drop_onset
Germany,2013,0,True,0.07458617289789421,2010|2011-2015,M2,2010,tiling,E0_full_drop_onset
Germany,2014,0,True,0.06731355639494255,2010|2011-2015,M2,2010,tiling,E0_full_drop_onset
Germany,2015,0,True,0.05985201248203093,2010|2011-2015,M2,2010,tiling,E0_full_drop_onset
Italy,2011,0,True,0.13716712194089564,2010|2011-2015,M2,2010,tiling,E0_full_drop_onset
Italy,2012,0,True,0.15054484941882884,2010|2011-2015,M2,2010,tiling,E0_full_drop_onset
Italy,2013,0,True,0.1631390115937916,2010|2011-2015,M2,2010,tiling,E0_full_drop_onset
Italy,2014,0,True,0.16959017167301244,2010|2011-2015,M2,2010,tiling,E0_full_drop_onset
Italy,2015,0,True,0.1693967083381339,2010|2011-2015,M2,2010,tiling,E0_full_drop_onset
Japan,2011,0,True,1e-06,2010|2011-2015,M2,2010,tiling,E0_full_drop_onset
Japan,2012,0,True,1e-06,2010|2011-2015,M2,2010,tiling,E0_full_drop_onset
Japan,2013,0,True,1e-06,2010|2011-2015,M2,2010,tiling,E0_full_drop_onset
Japan,2014,0,True,1e-06,2010|2011-2015,M2,2010,tiling,E0_full_drop_onset
Japan,2015,0,True,1e-06,2010|2011-2015,M2,2010,tiling,E0_full_drop_onset
Netherlands,2011,0,True,0.06658571450219881,2010|2011-2015,M2,2010,tiling,E0_full_drop_onset
Netherlands,2012,0,True,0.07320900886276518,2010|2011-2015,M2,2010,tiling,E0_full_drop_onset
Netherlands,2013,0,True,0.0754471874566716,2010|2011-2015,M2,2010,tiling,E0_full_drop_onset
Netherlands,2014,0,True,0.07574851620434248,2010|2011-2015,M2,2010,tiling,E0_full_drop_onset
Netherlands,2015,0,True,0.07082396204692595,2010|2011-2015,M2,2010,tiling,E0_full_drop_onset
Norway,2011,0,True,1e-06,2010|2011-2015,M2,2010,tiling,E0_full_drop_onset
Norway,2012,0,True,1e-06,2010|2011-2015,M2,2010,tiling,E0_full_drop_onset
Norway,2013,0,True,1e-06,2010|2011-2015,M2,2010,tiling,E0_full_drop_onset
Norway,2014,0,True,1e-06,2010|2011-2015,M2,2010,tiling,E0_full_drop_onset
Norway,2015,0,True,1e-06,2010|2011-2015,M2,2010,tiling,E0_full_drop_onset
Spain,2011,0,True,0.11022608277507825,2010|2011-2015,M2,2010,tiling,E0_full_drop_onset
Spain,2012,0,True,0.14470302668056031,2010|2011-2015,M2,2010,tiling,E0_full_drop_onset
Spain,2013,0,True,0.16835790420617303,2010|2011-2015,M2,2010,tiling,E0_full_drop_onset
Spain,2014,0,True,0.18180557749189344,2010|2011-2015,M2,2010,tiling,E0_full_drop_onset
Spain,2015,0,True,0.17790160743006994,2010|2011-2015,M2,2010,tiling,E0_full_drop_onset
Sweden,2011,0,True,1e-06,2010|2011-2015,M2,2010,tiling,E0_full_drop_onset
Sweden,2012,0,True,1e-06,2010|2011-2015,M2,2010,tiling,E0_full_drop_onset
Sweden,2013,0,True,1e-06,2010|2011-2015,M2,2010,tiling,E0_full_drop_onset
Sweden,2014,0,True,1e-06,2010|2011-2015,M2,2010,tiling,E0_full_drop_onset
Sweden,2015,0,True,1e-06,2010|2011-2015,M2,2010,tiling,E0_full_drop_onset
Switzerland,2011,0,True,1e-06,2010|2011-2015,M2,2010,tiling,E0_full_drop_onset
Switzerland,2012,0,True,1e-06,2010|2011-2015,M2,2010,tiling,E0_full_drop_onset
Switzerland,2013,0,True,1e-06,2010|2011-2015,M2,2010,tiling,E0_full_drop_onset
Switzerland,2014,0,True,1e-06,2010|2011-2015,M2,2010,tiling,E0_full_drop_onset
Switzerland,2015,0,True,1e-06,2010|2011-2015,M2,2010,tiling,E0_full_drop_onset
UK,2011,0,True,0.07274965624749782,2010|2011-2015,M2,2010,tiling,E0_full_drop_onset
UK,2012,0,True,0.07462204459825046,2010|2011-2015,M2,2010,tiling,E0_full_drop_onset
UK,2013,0,True,0.07521581940509481,2010|2011-2015,M2,2010,tiling,E0_full_drop_onset
UK,2014,0,True,0.07636476860033503,2010|2011-2015,M2,2010,tiling,E0_full_drop_onset
UK,2015,0,True,0.07676596075440616,2010|2011-2015,M2,2010,tiling,E0_full_drop_onset
USA,2011,0,True,0.07789260632562922,2010|2011-2015,M2,2010,tiling,E0_full_drop_onset
USA,2012,0,True,0.08467161239785995,2010|2011-2015,M2,2010,tiling,E0_full_drop_onset
USA,2013,0,True,0.0858522450825853,2010|2011-2015,M2,2010,tiling,E0_full_drop_onset
USA,2014,0,True,0.08913232671413882,2010|2011-2015,M2,2010,tiling,E0_full_drop_onset
USA,2015,0,True,0.08483936762033542,2010|2011-2015,M2,2010,tiling,E0_full_drop_onset
Australia,2016,0,True,0.004253565140019265,2015|2016-2020,M1,2015,tiling,E0_full_drop_onset
Australia,2017,0,True,0.004217495189803876,2015|2016-2020,M1,2015,tiling,E0_full_drop_onset
Australia,2018,0,False,0.003821528824806996,2015|2016-2020,M1,2015,tiling,E0_full_drop_onset
Australia,2019,0,False,0.008736079367873422,2015|2016-2020,M1,2015,tiling,E0_full_drop_onset
Belgium,2016,0,True,0.045718564062408866,2015|2016-2020,M1,2015,tiling,E0_full_drop_onset
Belgium,2017,0,True,0.03359783011691581,2015|2016-2020,M1,2015,tiling,E0_full_drop_onset
Belgium,2018,0,False,0.02693374971788651,2015|2016-2020,M1,2015,tiling,E0_full_drop_onset
Belgium,2019,0,False,0.03499832137773629,2015|2016-2020,M1,2015,tiling,E0_full_drop_onset
Belgium,2020,0,False,0.1529183770959201,2015|2016-2020,M1,2015,tiling,E0_full_drop_onset
Canada,2016,0,True,0.0013158322892999088,2015|2016-2020,M1,2015,tiling,E0_full_drop_onset
Canada,2017,0,True,0.0011257560534704422,2015|2016-2020,M1,2015,tiling,E0_full_drop_onset
Canada,2018,0,False,0.0012905128045143334,2015|2016-2020,M1,2015,tiling,E0_full_drop_onset
Canada,2019,0,False,0.0015259018392130865,2015|2016-2020,M1,2015,tiling,E0_full_drop_onset
Canada,2020,0,False,0.00929504264682652,2015|2016-2020,M1,2015,tiling,E0_full_drop_onset
Denmark,2016,0,True,0.00020844907706243468,2015|2016-2020,M1,2015,tiling,E0_full_drop_onset
Denmark,2017,0,True,0.00015001115922290577,2015|2016-2020,M1,2015,tiling,E0_full_drop_onset
Denmark,2018,0,False,0.00017947902642969247,2015|2016-2020,M1,2015,tiling,E0_full_drop_onset
Denmark,2019,0,False,0.0001185655434521169,2015|2016-2020,M1,2015,tiling,E0_full_drop_onset
Denmark,2020,0,False,0.00040123732861360603,2015|2016-2020,M1,2015,tiling,E0_full_drop_onset
Finland,2016,0,True,0.0019665317442919116,2015|2016-2020,M1,2015,tiling,E0_full_drop_onset
Finland,2017,0,True,0.001177458593239212,2015|2016-2020,M1,2015,tiling,E0_full_drop_onset
Finland,2018,0,False,0.0008652816721447144,2015|2016-2020,M1,2015,tiling,E0_full_drop_onset
Finland,2019,0,False,0.00085922871351641,2015|2016-2020,M1,2015,tiling,E0_full_drop_onset
Finland,2020,0,False,0.003233972670427014,2015|2016-2020,M1,2015,tiling,E0_full_drop_onset
France,2016,0,True,0.23741959316475283,2015|2016-2020,M1,2015,tiling,E0_full_drop_onset
France,2017,0,True,0.194535604256225,2015|2016-2020,M1,2015,tiling,E0_full_drop_onset
France,2018,0,False,0.19140852189387475,2015|2016-2020,M1,2015,tiling,E0_full_drop_onset
France,2019,0,False,0.2452276438659787,2015|2016-2020,M1,2015,tiling,E0_full_drop_onset
France,2020,0,False,0.54196328302626,2015|2016-2020,M1,2015,tiling,E0_full_drop_onset
Germany,2016,0,True,0.007311610519650788,2015|2016-2020,M1,2015,tiling,E0_full_drop_onset
Germany,2017,0,True,0.0057701975992521075,2015|2016-2020,M1,2015,tiling,E0_full_drop_onset
Germany,2018,0,False,0.005159846683366031,2015|2016-2020,M1,2015,tiling,E0_full_drop_onset
Germany,2019,0,False,0.006233639947337672,2015|2016-2020,M1,2015,tiling,E0_full_drop_onset
Germany,2020,0,False,0.058279039646646935,2015|2016-2020,M1,2015,tiling,E0_full_drop_onset
Ireland,2016,0,True,0.06560234097197444,2015|2016-2020,M1,2015,tiling,E0_full_drop_onset
Ireland,2017,0,True,0.04925753926058822,2015|2016-2020,M1,2015,tiling,E0_full_drop_onset
Ireland,2018,0,False,0.05205981330294122,2015|2016-2020,M1,2015,tiling,E0_full_drop_onset
Ireland,2019,0,False,0.17354766567859511,2015|2016-2020,M1,2015,tiling,E0_full_drop_onset
Ireland,2020,0,False,0.2230402644785313,2015|2016-2020,M1,2015,tiling,E0_full_drop_onset
Italy,2016,0,True,0.12087441268455947,2015|2016-2020,M1,2015,tiling,E0_full_drop_onset
Italy,2017,0,True,0.08745950915521636,2015|2016-2020,M1,2015,tiling,E0_full_drop_onset
Italy,2018,0,False,0.08096661061906332,2015|2016-2020,M1,2015,tiling,E0_full_drop_onset
Italy,2019,0,False,0.08624341875177644,2015|2016-2020,M1,2015,tiling,E0_full_drop_onset
Italy,2020,0,False,0.3371402706424692,2015|2016-2020,M1,2015,tiling,E0_full_drop_onset
Japan,2016,0,True,0.001008934109426501,2015|2016-2020,M1,2015,tiling,E0_full_drop_onset
Japan,2017,0,True,0.0007604510298024117,2015|2016-2020,M1,2015,tiling,E0_full_drop_onset
Netherlands,2016,0,True,0.05891149858440454,2015|2016-2020,M1,2015,tiling,E0_full_drop_onset
Netherlands,2017,0,True,0.02903713262419606,2015|2016-2020,M1,2015,tiling,E0_full_drop_onset
Netherlands,2018,0,False,0.03185311030567255,2015|2016-2020,M1,2015,tiling,E0_full_drop_onset
Netherlands,2019,0,False,0.045362399751354456,2015|2016-2020,M1,2015,tiling,E0_full_drop_onset
Netherlands,2020,0,False,0.146792659752692,2015|2016-2020,M1,2015,tiling,E0_full_drop_onset
Norway,2016,0,True,0.00034959520124655427,2015|2016-2020,M1,2015,tiling,E0_full_drop_onset
Norway,2017,0,True,0.00031704943956813555,2015|2016-2020,M1,2015,tiling,E0_full_drop_onset
Norway,2018,0,False,0.00025017011178179565,2015|2016-2020,M1,2015,tiling,E0_full_drop_onset
Norway,2019,0,False,0.000350777352732812,2015|2016-2020,M1,2015,tiling,E0_full_drop_onset
Norway,2020,0,False,0.0007260833060698402,2015|2016-2020,M1,2015,tiling,E0_full_drop_onset
Portugal,2017,0,True,0.20377630155432383,2015|2016-2020,M1,2015,tiling,E0_full_drop_onset
Portugal,2018,0,False,0.1974163321064784,2015|2016-2020,M1,2015,tiling,E0_full_drop_onset
Portugal,2019,0,False,0.1725586215195282,2015|2016-2020,M1,2015,tiling,E0_full_drop_onset
Portugal,2020,0,False,0.673856147309753,2015|2016-2020,M1,2015,tiling,E0_full_drop_onset
Spain,2016,0,True,0.09097818609219242,2015|2016-2020,M1,2015,tiling,E0_full_drop_onset
Spain,2017,0,True,0.06737186722804758,2015|2016-2020,M1,2015,tiling,E0_full_drop_onset
Spain,2018,0,False,0.06623972436869374,2015|2016-2020,M1,2015,tiling,E0_full_drop_onset
Spain,2019,0,False,0.07043509770732212,2015|2016-2020,M1,2015,tiling,E0_full_drop_onset
Spain,2020,0,False,0.6474916365777541,2015|2016-2020,M1,2015,tiling,E0_full_drop_onset
Sweden,2016,0,True,0.0001216922780964397,2015|2016-2020,M1,2015,tiling,E0_full_drop_onset
Sweden,2017,0,True,8.85620555165849e-05,2015|2016-2020,M1,2015,tiling,E0_full_drop_onset
Sweden,2018,0,False,9.251144039036847e-05,2015|2016-2020,M1,2015,tiling,E0_full_drop_onset
Sweden,2019,0,False,8.281932422890762e-05,2015|2016-2020,M1,2015,tiling,E0_full_drop_onset
Sweden,2020,0,False,0.00019451588735832457,2015|2016-2020,M1,2015,tiling,E0_full_drop_onset
Switzerland,2016,0,True,0.0011581101225296017,2015|2016-2020,M1,2015,tiling,E0_full_drop_onset
Switzerland,2017,0,True,0.0008872391836699485,2015|2016-2020,M1,2015,tiling,E0_full_drop_onset
Switzerland,2018,0,False,0.0008681121517400376,2015|2016-2020,M1,2015,tiling,E0_full_drop_onset
Switzerland,2019,0,False,0.0010103695841992956,2015|2016-2020,M1,2015,tiling,E0_full_drop_onset
Switzerland,2020,0,False,0.0061846635189627625,2015|2016-2020,M1,2015,tiling,E0_full_drop_onset
UK,2016,0,True,0.06417236305155351,2015|2016-2020,M1,2015,tiling,E0_full_drop_onset
UK,2017,0,True,0.07319788647123779,2015|2016-2020,M1,2015,tiling,E0_full_drop_onset
UK,2018,0,False,0.07886475333100734,2015|2016-2020,M1,2015,tiling,E0_full_drop_onset
UK,2019,0,False,0.0727797460637815,2015|2016-2020,M1,2015,tiling,E0_full_drop_onset
UK,2020,0,False,0.11772029004694265,2015|2016-2020,M1,2015,tiling,E0_full_drop_onset
Australia,2016,0,True,1e-06,2015|2016-2020,M2,2015,tiling,E0_full_drop_onset
Australia,2017,0,True,1e-06,2015|2016-2020,M2,2015,tiling,E0_full_drop_onset
Australia,2018,0,False,1e-06,2015|2016-2020,M2,2015,tiling,E0_full_drop_onset
Australia,2019,0,False,1e-06,2015|2016-2020,M2,2015,tiling,E0_full_drop_onset
Belgium,2016,0,True,0.05085723291258542,2015|2016-2020,M2,2015,tiling,E0_full_drop_onset
Belgium,2017,0,True,0.048348268190459204,2015|2016-2020,M2,2015,tiling,E0_full_drop_onset
Belgium,2018,0,False,0.046662371030421985,2015|2016-2020,M2,2015,tiling,E0_full_drop_onset
Belgium,2019,0,False,0.0449562335289899,2015|2016-2020,M2,2015,tiling,E0_full_drop_onset
Belgium,2020,0,False,0.05796876880864577,2015|2016-2020,M2,2015,tiling,E0_full_drop_onset
Canada,2016,0,True,1e-06,2015|2016-2020,M2,2015,tiling,E0_full_drop_onset
Canada,2017,0,True,1e-06,2015|2016-2020,M2,2015,tiling,E0_full_drop_onset
Canada,2018,0,False,1e-06,2015|2016-2020,M2,2015,tiling,E0_full_drop_onset
Canada,2019,0,False,1e-06,2015|2016-2020,M2,2015,tiling,E0_full_drop_onset
Canada,2020,0,False,1e-06,2015|2016-2020,M2,2015,tiling,E0_full_drop_onset
Denmark,2016,0,True,1e-06,2015|2016-2020,M2,2015,tiling,E0_full_drop_onset
Denmark,2017,0,True,1e-06,2015|2016-2020,M2,2015,tiling,E0_full_drop_onset
Denmark,2018,0,False,1e-06,2015|2016-2020,M2,2015,tiling,E0_full_drop_onset
Denmark,2019,0,False,1e-06,2015|2016-2020,M2,2015,tiling,E0_full_drop_onset
Denmark,2020,0,False,1e-06,2015|2016-2020,M2,2015,tiling,E0_full_drop_onset
Finland,2016,0,True,1e-06,2015|2016-2020,M2,2015,tiling,E0_full_drop_onset
Finland,2017,0,True,1e-06,2015|2016-2020,M2,2015,tiling,E0_full_drop_onset
Finland,2018,0,False,1e-06,2015|2016-2020,M2,2015,tiling,E0_full_drop_onset
Finland,2019,0,False,1e-06,2015|2016-2020,M2,2015,tiling,E0_full_drop_onset
Finland,2020,0,False,1e-06,2015|2016-2020,M2,2015,tiling,E0_full_drop_onset
France,2016,0,True,0.13137187806737033,2015|2016-2020,M2,2015,tiling,E0_full_drop_onset
France,2017,0,True,0.13164237318407507,2015|2016-2020,M2,2015,tiling,E0_full_drop_onset
France,2018,0,False,0.13110185484277295,2015|2016-2020,M2,2015,tiling,E0_full_drop_onset
France,2019,0,False,0.13060647664572433,2015|2016-2020,M2,2015,tiling,E0_full_drop_onset
France,2020,0,False,0.16002317045971748,2015|2016-2020,M2,2015,tiling,E0_full_drop_onset
Germany,2016,0,True,0.04387765146591033,2015|2016-2020,M2,2015,tiling,E0_full_drop_onset
Germany,2017,0,True,0.037824823368168364,2015|2016-2020,M2,2015,tiling,E0_full_drop_onset
Germany,2018,0,False,0.03390576885737189,2015|2016-2020,M2,2015,tiling,E0_full_drop_onset
Germany,2019,0,False,0.03142295979682045,2015|2016-2020,M2,2015,tiling,E0_full_drop_onset
Germany,2020,0,False,0.04310749803588026,2015|2016-2020,M2,2015,tiling,E0_full_drop_onset
Ireland,2016,0,True,0.14623442383820554,2015|2016-2020,M2,2015,tiling,E0_full_drop_onset
Ireland,2017,0,True,0.12596242805971072,2015|2016-2020,M2,2015,tiling,E0_full_drop_onset
Ireland,2018,0,False,0.11299737267463673,2015|2016-2020,M2,2015,tiling,E0_full_drop_onset
Ireland,2019,0,False,0.09818222847204655,2015|2016-2020,M2,2015,tiling,E0_full_drop_onset
Ireland,2020,0,False,0.10108305293587022,2015|2016-2020,M2,2015,tiling,E0_full_drop_onset
Italy,2016,0,True,0.1610791066242093,2015|2016-2020,M2,2015,tiling,E0_full_drop_onset
Italy,2017,0,True,0.15962097648425008,2015|2016-2020,M2,2015,tiling,E0_full_drop_onset
Italy,2018,0,False,0.16021506519439155,2015|2016-2020,M2,2015,tiling,E0_full_drop_onset
Italy,2019,0,False,0.16058137379168544,2015|2016-2020,M2,2015,tiling,E0_full_drop_onset
Italy,2020,0,False,0.21427952989952745,2015|2016-2020,M2,2015,tiling,E0_full_drop_onset
Japan,2016,0,True,1e-06,2015|2016-2020,M2,2015,tiling,E0_full_drop_onset
Japan,2017,0,True,1e-06,2015|2016-2020,M2,2015,tiling,E0_full_drop_onset
Netherlands,2016,0,True,0.061538887953111,2015|2016-2020,M2,2015,tiling,E0_full_drop_onset
Netherlands,2017,0,True,0.05488250300435631,2015|2016-2020,M2,2015,tiling,E0_full_drop_onset
Netherlands,2018,0,False,0.049439968235456794,2015|2016-2020,M2,2015,tiling,E0_full_drop_onset
Netherlands,2019,0,False,0.04516863584924159,2015|2016-2020,M2,2015,tiling,E0_full_drop_onset
Netherlands,2020,0,False,0.051689106742955654,2015|2016-2020,M2,2015,tiling,E0_full_drop_onset
Norway,2016,0,True,1e-06,2015|2016-2020,M2,2015,tiling,E0_full_drop_onset
Norway,2017,0,True,1e-06,2015|2016-2020,M2,2015,tiling,E0_full_drop_onset
Norway,2018,0,False,1e-06,2015|2016-2020,M2,2015,tiling,E0_full_drop_onset
Norway,2019,0,False,1e-06,2015|2016-2020,M2,2015,tiling,E0_full_drop_onset
Norway,2020,0,False,1e-06,2015|2016-2020,M2,2015,tiling,E0_full_drop_onset
Portugal,2017,0,True,0.4394827134847779,2015|2016-2020,M2,2015,tiling,E0_full_drop_onset
Portugal,2018,0,False,0.41113709631341816,2015|2016-2020,M2,2015,tiling,E0_full_drop_onset
Portugal,2019,0,False,0.38212535198723485,2015|2016-2020,M2,2015,tiling,E0_full_drop_onset
Portugal,2020,0,False,0.49543728335808207,2015|2016-2020,M2,2015,tiling,E0_full_drop_onset
Spain,2016,0,True,0.16917883075598333,2015|2016-2020,M2,2015,tiling,E0_full_drop_onset
Spain,2017,0,True,0.1674576136990528,2015|2016-2020,M2,2015,tiling,E0_full_drop_onset
Spain,2018,0,False,0.16454758499623331,2015|2016-2020,M2,2015,tiling,E0_full_drop_onset
Spain,2019,0,False,0.1591388893002013,2015|2016-2020,M2,2015,tiling,E0_full_drop_onset
Spain,2020,0,False,0.23643841546830388,2015|2016-2020,M2,2015,tiling,E0_full_drop_onset
Sweden,2016,0,True,1e-06,2015|2016-2020,M2,2015,tiling,E0_full_drop_onset
Sweden,2017,0,True,1e-06,2015|2016-2020,M2,2015,tiling,E0_full_drop_onset
Sweden,2018,0,False,1e-06,2015|2016-2020,M2,2015,tiling,E0_full_drop_onset
Sweden,2019,0,False,1e-06,2015|2016-2020,M2,2015,tiling,E0_full_drop_onset
Sweden,2020,0,False,1e-06,2015|2016-2020,M2,2015,tiling,E0_full_drop_onset
Switzerland,2016,0,True,1e-06,2015|2016-2020,M2,2015,tiling,E0_full_drop_onset
Switzerland,2017,0,True,1e-06,2015|2016-2020,M2,2015,tiling,E0_full_drop_onset
Switzerland,2018,0,False,1e-06,2015|2016-2020,M2,2015,tiling,E0_full_drop_onset
Switzerland,2019,0,False,1e-06,2015|2016-2020,M2,2015,tiling,E0_full_drop_onset
Switzerland,2020,0,False,1e-06,2015|2016-2020,M2,2015,tiling,E0_full_drop_onset
UK,2016,0,True,0.07279584136112836,2015|2016-2020,M2,2015,tiling,E0_full_drop_onset
UK,2017,0,True,0.07250937618173904,2015|2016-2020,M2,2015,tiling,E0_full_drop_onset
UK,2018,0,False,0.07217575979922378,2015|2016-2020,M2,2015,tiling,E0_full_drop_onset
UK,2019,0,False,0.0718478647246704,2015|2016-2020,M2,2015,tiling,E0_full_drop_onset
UK,2020,0,False,0.08460890543829774,2015|2016-2020,M2,2015,tiling,E0_full_drop_onset
USA,2016,0,True,0.08286617677948713,2015|2016-2020,M2,2015,tiling,E0_full_drop_onset
USA,2017,0,True,0.08190708996103789,2015|2016-2020,M2,2015,tiling,E0_full_drop_onset
USA,2018,0,False,0.0831881359667478,2015|2016-2020,M2,2015,tiling,E0_full_drop_onset
USA,2019,0,False,0.08547386167840713,2015|2016-2020,M2,2015,tiling,E0_full_drop_onset
USA,2020,0,False,0.12788159376035677,2015|2016-2020,M2,2015,tiling,E0_full_drop_onset
