country,year,y,outcome_closed,p,fold,model,train_end,spec,grid
Australia,1952,0,True,0.017335254310604703,1950|1951-1955,M1,1950,E0_full,original
Australia,1953,0,True,0.027506540718309803,1950|1951-1955,M1,1950,E0_full,original
Australia,1954,0,True,0.05209468646606637,1950|1951-1955,M1,1950,E0_full,original
Australia,1955,0,True,0.05662608162730594,1950|1951-1955,M1,1950,E0_full,original
Belgium,1954,0,True,0.03372860191331854,1950|1951-1955,M1,1950,E0_full,original
Belgium,1955,0,True,0.02693367012275525,1950|1951-1955,M1,1950,E0_full,original
Canada,1951,0,True,0.006777742664530563,1950|1951-1955,M1,1950,E0_full,original
Canada,1952,0,True,0.007129981236707929,1950|1951-1955,M1,1950,E0_full,original
Canada,1953,0,True,0.011892572879752162,1950|1951-1955,M1,1950,E0_full,original
Canada,1954,0,True,0.025948176661558672,1950|1951-1955,M1,1950,E0_full,original
Canada,1955,0,True,0.031022348566789055,1950|1951-1955,M1,1950,E0_full,original
Finland,1951,0,True,0.002634320840433791,1950|1951-1955,M1,1950,E0_full,original
Finland,1952,0,True,0.0035276275905109173,1950|1951-1955,M1,1950,E0_full,original
Finland,1953,0,True,0.004703332786408772,1950|1951-1955,M1,1950,E0_full,original
Finland,1954,0,True,0.004123545806471229,1950|1951-1955,M1,1950,E0_full,original
Finland,1955,0,True,0.004974677262927115,1950|1951-1955,M1,1950,E0_full,original
France,1952,0,True,0.21987976623388866,1950|1951-1955,M1,1950,E0_full,original
France,1953,0,True,0.1334061778146485,1950|1951-1955,M1,1950,E0_full,original
France,1954,0,True,0.10393035276253505,1950|1951-1955,M1,1950,E0_full,original
France,1955,0,True,0.08474324329856743,1950|1951-1955,M1,1950,E0_full,original
Germany,1954,0,True,0.08759145659506334,1950|1951-1955,M1,1950,E0_full,original
Germany,1955,0,True,0.08765683800935005,1950|1951-1955,M1,1950,E0_full,original
Ireland,1951,0,True,0.999999,1950|1951-1955,M1,1950,E0_full,original
Ireland,1952,0,True,0.9979776512604981,1950|1951-1955,M1,1950,E0_full,original
Ireland,1953,0,True,1.0782677597147197e-05,1950|1951-1955,M1,1950,E0_full,original
Ireland,1954,0,True,0.8791827940102628,1950|1951-1955,M1,1950,E0_full,original
Ireland,1955,0,True,0.9158032867016024,1950|1951-1955,M1,1950,E0_full,original
Italy,1951,0,True,0.11789568772932404,1950|1951-1955,M1,1950,E0_full,original
Italy,1952,0,True,0.09209379811354959,1950|1951-1955,M1,1950,E0_full,original
Italy,1953,0,True,0.07954950945023521,1950|1951-1955,M1,1950,E0_full,original
Italy,1954,0,True,0.08062476923496335,1950|1951-1955,M1,1950,E0_full,original
Italy,1955,0,True,0.07828497855815314,1950|1951-1955,M1,1950,E0_full,original
Netherlands,1951,0,True,0.003851337785387006,1950|1951-1955,M1,1950,E0_full,original
Norway,1951,0,True,0.004025972127220036,1950|1951-1955,M1,1950,E0_full,original
Norway,1952,0,True,0.007258402073647473,1950|1951-1955,M1,1950,E0_full,original
Norway,1953,0,True,0.02342128607979652,1950|1951-1955,M1,1950,E0_full,original
Norway,1954,0,True,0.04840030163782283,1950|1951-1955,M1,1950,E0_full,original
Norway,1955,0,True,0.11086617692883342,1950|1951-1955,M1,1950,E0_full,original
Portugal,1951,0,True,0.09342072523510483,1950|1951-1955,M1,1950,E0_full,original
Portugal,1952,0,True,0.11406585111280954,1950|1951-1955,M1,1950,E0_full,original
Portugal,1953,0,True,0.08734271823024446,1950|1951-1955,M1,1950,E0_full,original
Portugal,1954,0,True,0.06969085748400781,1950|1951-1955,M1,1950,E0_full,original
Portugal,1955,0,True,0.026950464946463453,1950|1951-1955,M1,1950,E0_full,original
Spain,1953,0,True,0.011280455091486981,1950|1951-1955,M1,1950,E0_full,original
Spain,1954,0,True,0.07830623826863903,1950|1951-1955,M1,1950,E0_full,original
Spain,1955,0,True,0.0011879421837839902,1950|1951-1955,M1,1950,E0_full,original
Sweden,1951,0,True,0.030376599009300616,1950|1951-1955,M1,1950,E0_full,original
Sweden,1952,0,True,0.026432205326551123,1950|1951-1955,M1,1950,E0_full,original
Sweden,1953,0,True,0.03264792529488243,1950|1951-1955,M1,1950,E0_full,original
Sweden,1954,0,True,0.05654014390907752,1950|1951-1955,M1,1950,E0_full,original
Sweden,1955,0,True,0.07395034648699057,1950|1951-1955,M1,1950,E0_full,original
Switzerland,1951,0,True,0.006191136360056024,1950|1951-1955,M1,1950,E0_full,original
Switzerland,1952,0,True,0.011044679042216562,1950|1951-1955,M1,1950,E0_full,original
Switzerland,1953,0,True,0.015617425853054825,1950|1951-1955,M1,1950,E0_full,original
Switzerland,1954,0,True,0.015278616699471937,1950|1951-1955,M1,1950,E0_full,original
Switzerland,1955,0,True,0.008079306097191073,1950|1951-1955,M1,1950,E0_full,original
UK,1953,0,True,0.009913702211915693,1950|1951-1955,M1,1950,E0_full,original
UK,1954,0,True,0.011083892653261684,1950|1951-1955,M1,1950,E0_full,original
UK,1955,0,True,0.01978438055233175,1950|1951-1955,M1,1950,E0_full,original
Australia,1952,0,True,1e-06,1950|1951-1955,M2,1950,E0_full,original
Australia,1953,0,True,1e-06,1950|1951-1955,M2,1950,E0_full,original
Australia,1954,0,True,1e-06,1950|1951-1955,M2,1950,E0_full,original
Australia,1955,0,True,1e-06,1950|1951-1955,M2,1950,E0_full,original
Belgium,1954,0,True,0.1354943483905514,1950|1951-1955,M2,1950,E0_full,original
Belgium,1955,0,True,0.13034052952457634,1950|1951-1955,M2,1950,E0_full,original
Canada,1951,0,True,1e-06,1950|1951-1955,M2,1950,E0_full,original
Canada,1952,0,True,1e-06,1950|1951-1955,M2,1950,E0_full,original
Canada,1953,0,True,1e-06,1950|1951-1955,M2,1950,E0_full,original
Canada,1954,0,True,1e-06,1950|1951-1955,M2,1950,E0_full,original
Canada,1955,0,True,1e-06,1950|1951-1955,M2,1950,E0_full,original
Finland,1951,0,True,1e-06,1950|1951-1955,M2,1950,E0_full,original
Finland,1952,0,True,1e-06,1950|1951-1955,M2,1950,E0_full,original
Finland,1953,0,True,1e-06,1950|1951-1955,M2,1950,E0_full,original
Finland,1954,0,True,1e-06,1950|1951-1955,M2,1950,E0_full,original
Finland,1955,0,True,1e-06,1950|1951-1955,M2,1950,E0_full,original
France,1952,0,True,0.18525141708062526,1950|1951-1955,M2,1950,E0_full,original
France,1953,0,True,0.1885714838729668,1950|1951-1955,M2,1950,E0_full,original
France,1954,0,True,0.1875847611773978,1950|1951-1955,M2,1950,E0_full,original
France,1955,0,True,0.1858714411689805,1950|1951-1955,M2,1950,E0_full,original
Germany,1954,0,True,0.020831059923141135,1950|1951-1955,M2,1950,E0_full,original
Germany,1955,0,True,0.019071194138406238,1950|1951-1955,M2,1950,E0_full,original
Ireland,1951,0,True,1e-06,1950|1951-1955,M2,1950,E0_full,original
Ireland,1952,0,True,1e-06,1950|1951-1955,M2,1950,E0_full,original
Ireland,1953,0,True,1e-06,1950|1951-1955,M2,1950,E0_full,original
Ireland,1954,0,True,1e-06,1950|1951-1955,M2,1950,E0_full,original
Ireland,1955,0,True,1e-06,1950|1951-1955,M2,1950,E0_full,original
Italy,1951,0,True,0.02877858394507306,1950|1951-1955,M2,1950,E0_full,original
Italy,1952,0,True,0.029858005031474316,1950|1951-1955,M2,1950,E0_full,original
Italy,1953,0,True,0.03027753389706065,1950|1951-1955,M2,1950,E0_full,original
Italy,1954,0,True,0.031221487656077563,1950|1951-1955,M2,1950,E0_full,original
Italy,1955,0,True,0.03112837297447731,1950|1951-1955,M2,1950,E0_full,original
Netherlands,1951,0,True,0.3111691829180646,1950|1951-1955,M2,1950,E0_full,original
Norway,1951,0,True,1e-06,1950|1951-1955,M2,1950,E0_full,original
Norway,1952,0,True,1e-06,1950|1951-1955,M2,1950,E0_full,original
Norway,1953,0,True,1e-06,1950|1951-1955,M2,1950,E0_full,original
Norway,1954,0,True,1e-06,1950|1951-1955,M2,1950,E0_full,original
Norway,1955,0,True,1e-06,1950|1951-1955,M2,1950,E0_full,original
Portugal,1951,0,True,0.03452373701210831,1950|1951-1955,M2,1950,E0_full,original
Portugal,1952,0,True,0.0343276278639316,1950|1951-1955,M2,1950,E0_full,original
Portugal,1953,0,True,0.0342253293485358,1950|1951-1955,M2,1950,E0_full,original
Portugal,1954,0,True,0.034039013113771034,1950|1951-1955,M2,1950,E0_full,original
Portugal,1955,0,True,0.033411585830509884,1950|1951-1955,M2,1950,E0_full,original
Spain,1953,0,True,0.04613061306042799,1950|1951-1955,M2,1950,E0_full,original
Spain,1954,0,True,0.040685499265278716,1950|1951-1955,M2,1950,E0_full,original
Spain,1955,0,True,0.0403894718593926,1950|1951-1955,M2,1950,E0_full,original
Sweden,1951,0,True,1e-06,1950|1951-1955,M2,1950,E0_full,original
Sweden,1952,0,True,1e-06,1950|1951-1955,M2,1950,E0_full,original
Sweden,1953,0,True,1e-06,1950|1951-1955,M2,1950,E0_full,original
Sweden,1954,0,True,1e-06,1950|1951-1955,M2,1950,E0_full,original
Sweden,1955,0,True,1e-06,1950|1951-1955,M2,1950,E0_full,original
Switzerland,1951,0,True,1e-06,1950|1951-1955,M2,1950,E0_full,original
Switzerland,1952,0,True,1e-06,1950|1951-1955,M2,1950,E0_full,original
Switzerland,1953,0,True,1e-06,1950|1951-1955,M2,1950,E0_full,original
Switzerland,1954,0,True,1e-06,1950|1951-1955,M2,1950,E0_full,original
Switzerland,1955,0,True,1e-06,1950|1951-1955,M2,1950,E0_full,original
UK,1953,0,True,0.13639609103524722,1950|1951-1955,M2,1950,E0_full,original
UK,1954,0,True,0.13172224898572343,1950|1951-1955,M2,1950,E0_full,original
UK,1955,0,True,0.12547869610036502,1950|1951-1955,M2,1950,E0_full,original
USA,1953,0,True,0.08818654220066101,1950|1951-1955,M2,1950,E0_full,original
USA,1954,0,True,0.08873469400827345,1950|1951-1955,M2,1950,E0_full,original
USA,1955,0,True,0.08535865285664912,1950|1951-1955,M2,1950,E0_full,original
Australia,1961,0,True,0.008596907564285714,1960|1961-1965,M1,1960,E0_full,original
Australia,1962,0,True,0.004358768606402804,1960|1961-1965,M1,1960,E0_full,original
Australia,1963,0,True,0.004218980328041302,1960|1961-1965,M1,1960,E0_full,original
Australia,1964,0,True,0.005797953462377342,1960|1961-1965,M1,1960,E0_full,original
Australia,1965,0,True,0.007372845346788472,1960|1961-1965,M1,1960,E0_full,original
Belgium,1961,0,True,0.011741516082301688,1960|1961-1965,M1,1960,E0_full,original
Belgium,1962,0,True,0.01821891668969757,1960|1961-1965,M1,1960,E0_full,original
Belgium,1963,0,True,0.023518669409114228,1960|1961-1965,M1,1960,E0_full,original
Belgium,1964,0,True,0.0037704546182427017,1960|1961-1965,M1,1960,E0_full,original
Belgium,1965,0,True,0.0064946591308527165,1960|1961-1965,M1,1960,E0_full,original
Canada,1961,0,True,0.0001607504603556242,1960|1961-1965,M1,1960,E0_full,original
Canada,1962,0,True,0.0009970675279365412,1960|1961-1965,M1,1960,E0_full,original
Canada,1963,0,True,0.0003560634658135555,1960|1961-1965,M1,1960,E0_full,original
Canada,1964,0,True,0.0003398159071234535,1960|1961-1965,M1,1960,E0_full,original
Canada,1965,0,True,0.00022713290566292137,1960|1961-1965,M1,1960,E0_full,original
Denmark,1963,0,True,0.0002820874620318192,1960|1961-1965,M1,1960,E0_full,original
Denmark,1964,0,True,0.0003336873874394086,1960|1961-1965,M1,1960,E0_full,original
Denmark,1965,0,True,0.00016319014209712393,1960|1961-1965,M1,1960,E0_full,original
Finland,1961,0,True,1e-06,1960|1961-1965,M1,1960,E0_full,original
Finland,1962,0,True,0.00016146722312306187,1960|1961-1965,M1,1960,E0_full,original
Finland,1963,0,True,0.0005642405375395049,1960|1961-1965,M1,1960,E0_full,original
Finland,1964,0,True,0.00026100930040406754,1960|1961-1965,M1,1960,E0_full,original
Finland,1965,0,True,0.000959942594744067,1960|1961-1965,M1,1960,E0_full,original
France,1961,0,True,0.015413591495257953,1960|1961-1965,M1,1960,E0_full,original
France,1962,0,True,0.01972373499027348,1960|1961-1965,M1,1960,E0_full,original
France,1963,0,True,0.14021703533736374,1960|1961-1965,M1,1960,E0_full,original
France,1964,0,True,0.1442440182505547,1960|1961-1965,M1,1960,E0_full,original
France,1965,0,True,0.08015483204912746,1960|1961-1965,M1,1960,E0_full,original
Germany,1961,0,True,0.00030385483433428384,1960|1961-1965,M1,1960,E0_full,original
Germany,1962,0,True,0.00013743383025661689,1960|1961-1965,M1,1960,E0_full,original
Germany,1963,0,True,0.0004955333342340194,1960|1961-1965,M1,1960,E0_full,original
Germany,1964,0,True,0.001324053667460608,1960|1961-1965,M1,1960,E0_full,original
Germany,1965,0,True,0.00085738392425149,1960|1961-1965,M1,1960,E0_full,original
Ireland,1961,0,True,0.02336243885402689,1960|1961-1965,M1,1960,E0_full,original
Ireland,1962,0,True,0.0041687567002355996,1960|1961-1965,M1,1960,E0_full,original
Ireland,1963,0,True,0.002005270692651957,1960|1961-1965,M1,1960,E0_full,original
Ireland,1964,0,True,0.016269491837850227,1960|1961-1965,M1,1960,E0_full,original
Ireland,1965,0,True,0.006581337756350746,1960|1961-1965,M1,1960,E0_full,original
Italy,1961,0,True,0.008875224484970006,1960|1961-1965,M1,1960,E0_full,original
Italy,1962,0,True,0.006181883659840281,1960|1961-1965,M1,1960,E0_full,original
Italy,1963,0,True,0.0009920315175770123,1960|1961-1965,M1,1960,E0_full,original
Italy,1964,0,True,0.0013433957701529421,1960|1961-1965,M1,1960,E0_full,original
Italy,1965,0,True,0.007367701880455285,1960|1961-1965,M1,1960,E0_full,original
Japan,1961,0,True,1.050796069149683e-06,1960|1961-1965,M1,1960,E0_full,original
Japan,1962,0,True,2.1766371324799296e-05,1960|1961-1965,M1,1960,E0_full,original
Japan,1963,0,True,6.6525767982859265e-06,1960|1961-1965,M1,1960,E0_full,original
Japan,1964,0,True,0.0002879086494954042,1960|1961-1965,M1,1960,E0_full,original
Japan,1965,0,True,5.7795578110879736e-05,1960|1961-1965,M1,1960,E0_full,original
Netherlands,1963,0,True,0.19711972853519075,1960|1961-1965,M1,1960,E0_full,original
Netherlands,1964,0,True,0.1803700622814478,1960|1961-1965,M1,1960,E0_full,original
Netherlands,1965,0,True,0.16639735594029778,1960|1961-1965,M1,1960,E0_full,original
Norway,1961,0,True,4.618851127815409e-05,1960|1961-1965,M1,1960,E0_full,original
Norway,1962,0,True,4.665553502690173e-05,1960|1961-1965,M1,1960,E0_full,original
Norway,1963,0,True,3.7068799325359e-05,1960|1961-1965,M1,1960,E0_full,original
Norway,1964,0,True,4.034115302710279e-05,1960|1961-1965,M1,1960,E0_full,original
Norway,1965,0,True,0.00011816070456223027,1960|1961-1965,M1,1960,E0_full,original
Portugal,1961,0,True,0.0038200722064312556,1960|1961-1965,M1,1960,E0_full,original
Portugal,1962,0,True,0.027766702970604684,1960|1961-1965,M1,1960,E0_full,original
Portugal,1963,0,True,0.00938883328884448,1960|1961-1965,M1,1960,E0_full,original
Portugal,1964,0,True,0.003929371583893444,1960|1961-1965,M1,1960,E0_full,original
Portugal,1965,0,True,0.005003656662173837,1960|1961-1965,M1,1960,E0_full,original
Spain,1961,0,True,0.010473879208106406,1960|1961-1965,M1,1960,E0_full,original
Spain,1962,0,True,0.0042540930710726005,1960|1961-1965,M1,1960,E0_full,original
Spain,1963,0,True,0.002975377992067188,1960|1961-1965,M1,1960,E0_full,original
Spain,1964,0,True,0.0011398026494393993,1960|1961-1965,M1,1960,E0_full,original
Spain,1965,0,True,0.0001291598576305077,1960|1961-1965,M1,1960,E0_full,original
Sweden,1961,0,True,0.000948845912903156,1960|1961-1965,M1,1960,E0_full,original
Sweden,1962,0,True,9.223149110521821e-05,1960|1961-1965,M1,1960,E0_full,original
Sweden,1963,0,True,3.82285686683364e-05,1960|1961-1965,M1,1960,E0_full,original
Sweden,1964,0,True,4.052946178540515e-05,1960|1961-1965,M1,1960,E0_full,original
Sweden,1965,0,True,6.5358809334812e-05,1960|1961-1965,M1,1960,E0_full,original
Switzerland,1961,0,True,0.0014828775118753512,1960|1961-1965,M1,1960,E0_full,original
Switzerland,1962,0,True,0.001021291141112894,1960|1961-1965,M1,1960,E0_full,original
Switzerland,1963,0,True,0.0011434749468823423,1960|1961-1965,M1,1960,E0_full,original
Switzerland,1964,0,True,0.0006308614034097312,1960|1961-1965,M1,1960,E0_full,original
Switzerland,1965,0,True,0.0009615586308912225,1960|1961-1965,M1,1960,E0_full,original
UK,1961,0,True,0.016652306501152677,1960|1961-1965,M1,1960,E0_full,original
UK,1962,0,True,0.0070183357755301155,1960|1961-1965,M1,1960,E0_full,original
UK,1963,0,True,0.008313054516538347,1960|1961-1965,M1,1960,E0_full,original
UK,1964,0,True,0.007464806352272892,1960|1961-1965,M1,1960,E0_full,original
UK,1965,0,True,0.022613708277443318,1960|1961-1965,M1,1960,E0_full,original
Australia,1961,0,True,1e-06,1960|1961-1965,M2,1960,E0_full,original
Australia,1962,0,True,1e-06,1960|1961-1965,M2,1960,E0_full,original
Australia,1963,0,True,1e-06,1960|1961-1965,M2,1960,E0_full,original
Australia,1964,0,True,1e-06,1960|1961-1965,M2,1960,E0_full,original
Australia,1965,0,True,1e-06,1960|1961-1965,M2,1960,E0_full,original
Belgium,1961,0,True,0.12594043317473252,1960|1961-1965,M2,1960,E0_full,original
Belgium,1962,0,True,0.11182816941404194,1960|1961-1965,M2,1960,E0_full,original
Belgium,1963,0,True,0.10538976684520127,1960|1961-1965,M2,1960,E0_full,original
Belgium,1964,0,True,0.08353389194885105,1960|1961-1965,M2,1960,E0_full,original
Belgium,1965,0,True,0.07642735023192535,1960|1961-1965,M2,1960,E0_full,original
Canada,1961,0,True,1e-06,1960|1961-1965,M2,1960,E0_full,original
Canada,1962,0,True,1e-06,1960|1961-1965,M2,1960,E0_full,original
Canada,1963,0,True,1e-06,1960|1961-1965,M2,1960,E0_full,original
Canada,1964,0,True,1e-06,1960|1961-1965,M2,1960,E0_full,original
Canada,1965,0,True,1e-06,1960|1961-1965,M2,1960,E0_full,original
Denmark,1963,0,True,1e-06,1960|1961-1965,M2,1960,E0_full,original
Denmark,1964,0,True,1e-06,1960|1961-1965,M2,1960,E0_full,original
Denmark,1965,0,True,1e-06,1960|1961-1965,M2,1960,E0_full,original
Finland,1961,0,True,1e-06,1960|1961-1965,M2,1960,E0_full,original
Finland,1962,0,True,1e-06,1960|1961-1965,M2,1960,E0_full,original
Finland,1963,0,True,1e-06,1960|1961-1965,M2,1960,E0_full,original
Finland,1964,0,True,1e-06,1960|1961-1965,M2,1960,E0_full,original
Finland,1965,0,True,1e-06,1960|1961-1965,M2,1960,E0_full,original
France,1961,0,True,0.1083915698619249,1960|1961-1965,M2,1960,E0_full,original
France,1962,0,True,0.10469573827650774,1960|1961-1965,M2,1960,E0_full,original
France,1963,0,True,0.10277046455237693,1960|1961-1965,M2,1960,E0_full,original
France,1964,0,True,0.099399339218232,1960|1961-1965,M2,1960,E0_full,original
France,1965,0,True,0.09685410774306968,1960|1961-1965,M2,1960,E0_full,original
Germany,1961,0,True,0.00758320735253109,1960|1961-1965,M2,1960,E0_full,original
Germany,1962,0,True,0.00758320735253109,1960|1961-1965,M2,1960,E0_full,original
Germany,1963,0,True,0.008112256601112222,1960|1961-1965,M2,1960,E0_full,original
Germany,1964,0,True,0.008112256601112222,1960|1961-1965,M2,1960,E0_full,original
Germany,1965,0,True,0.008112256601112222,1960|1961-1965,M2,1960,E0_full,original
Ireland,1961,0,True,1e-06,1960|1961-1965,M2,1960,E0_full,original
Ireland,1962,0,True,1e-06,1960|1961-1965,M2,1960,E0_full,original
Ireland,1963,0,True,1e-06,1960|1961-1965,M2,1960,E0_full,original
Ireland,1964,0,True,1e-06,1960|1961-1965,M2,1960,E0_full,original
Ireland,1965,0,True,1e-06,1960|1961-1965,M2,1960,E0_full,original
Italy,1961,0,True,0.02188136992657434,1960|1961-1965,M2,1960,E0_full,original
Italy,1962,0,True,0.0213511151243708,1960|1961-1965,M2,1960,E0_full,original
Italy,1963,0,True,0.02043296577128345,1960|1961-1965,M2,1960,E0_full,original
Italy,1964,0,True,0.02037877869426649,1960|1961-1965,M2,1960,E0_full,original
Italy,1965,0,True,0.020902710819221296,1960|1961-1965,M2,1960,E0_full,original
Japan,1961,0,True,1e-06,1960|1961-1965,M2,1960,E0_full,original
Japan,1962,0,True,1e-06,1960|1961-1965,M2,1960,E0_full,original
Japan,1963,0,True,1e-06,1960|1961-1965,M2,1960,E0_full,original
Japan,1964,0,True,1e-06,1960|1961-1965,M2,1960,E0_full,original
Japan,1965,0,True,1e-06,1960|1961-1965,M2,1960,E0_full,original
Netherlands,1963,0,True,0.0767533108101566,1960|1961-1965,M2,1960,E0_full,original
Netherlands,1964,0,True,0.06627495380753959,1960|1961-1965,M2,1960,E0_full,original
Netherlands,1965,0,True,0.06344612455161092,1960|1961-1965,M2,1960,E0_full,original
Norway,1961,0,True,1e-06,1960|1961-1965,M2,1960,E0_full,original
Norway,1962,0,True,1e-06,1960|1961-1965,M2,1960,E0_full,original
Norway,1963,0,True,1e-06,1960|1961-1965,M2,1960,E0_full,original
Norway,1964,0,True,1e-06,1960|1961-1965,M2,1960,E0_full,original
Norway,1965,0,True,1e-06,1960|1961-1965,M2,1960,E0_full,original
Portugal,1961,0,True,0.020696402017805572,1960|1961-1965,M2,1960,E0_full,original
Portugal,1962,0,True,0.022037134425376723,1960|1961-1965,M2,1960,E0_full,original
Portugal,1963,0,True,0.02394175370419764,1960|1961-1965,M2,1960,E0_full,original
Portugal,1964,0,True,0.02501226406975707,1960|1961-1965,M2,1960,E0_full,original
Portugal,1965,0,True,0.023528192390982035,1960|1961-1965,M2,1960,E0_full,original
Spain,1961,0,True,0.03256304869949277,1960|1961-1965,M2,1960,E0_full,original
Spain,1962,0,True,0.030998349344986607,1960|1961-1965,M2,1960,E0_full,original
Spain,1963,0,True,0.028594126015115406,1960|1961-1965,M2,1960,E0_full,original
Spain,1964,0,True,0.026338585263404334,1960|1961-1965,M2,1960,E0_full,original
Spain,1965,0,True,0.02558666518455931,1960|1961-1965,M2,1960,E0_full,original
Sweden,1961,0,True,1e-06,1960|1961-1965,M2,1960,E0_full,original
Sweden,1962,0,True,1e-06,1960|1961-1965,M2,1960,E0_full,original
Sweden,1963,0,True,1e-06,1960|1961-1965,M2,1960,E0_full,original
Sweden,1964,0,True,1e-06,1960|1961-1965,M2,1960,E0_full,original
Sweden,1965,0,True,1e-06,1960|1961-1965,M2,1960,E0_full,original
Switzerland,1961,0,True,1e-06,1960|1961-1965,M2,1960,E0_full,original
Switzerland,1962,0,True,1e-06,1960|1961-1965,M2,1960,E0_full,original
Switzerland,1963,0,True,1e-06,1960|1961-1965,M2,1960,E0_full,original
Switzerland,1964,0,True,1e-06,1960|1961-1965,M2,1960,E0_full,original
Switzerland,1965,0,True,1e-06,1960|1961-1965,M2,1960,E0_full,original
UK,1961,0,True,0.08191689016818064,1960|1961-1965,M2,1960,E0_full,original
UK,1962,0,True,0.07942764761850671,1960|1961-1965,M2,1960,E0_full,original
UK,1963,0,True,0.07794603330906114,1960|1961-1965,M2,1960,E0_full,original
UK,1964,0,True,0.07254481591971224,1960|1961-1965,M2,1960,E0_full,original
UK,1965,0,True,0.06814626611442037,1960|1961-1965,M2,1960,E0_full,original
USA,1961,0,True,0.06388727410456467,1960|1961-1965,M2,1960,E0_full,original
USA,1962,0,True,0.06107259568700201,1960|1961-1965,M2,1960,E0_full,original
USA,1963,0,True,0.05881602669690432,1960|1961-1965,M2,1960,E0_full,original
USA,1964,0,True,0.055367500123605584,1960|1961-1965,M2,1960,E0_full,original
USA,1965,0,True,0.052242013211797805,1960|1961-1965,M2,1960,E0_full,original
Australia,1971,0,True,0.0033445927072844103,1970|1971-1975,M1,1970,E0_full,original
Australia,1972,0,True,0.001813419715314205,1970|1971-1975,M1,1970,E0_full,original
Australia,1973,0,True,0.00045300540972732594,1970|1971-1975,M1,1970,E0_full,original
Australia,1974,0,True,0.004470471028270442,1970|1971-1975,M1,1970,E0_full,original
Australia,1975,0,True,0.00020699270160260167,1970|1971-1975,M1,1970,E0_full,original
Belgium,1971,0,True,0.0024391937400818566,1970|1971-1975,M1,1970,E0_full,original
Belgium,1972,0,True,0.0012529305834680594,1970|1971-1975,M1,1970,E0_full,original
Belgium,1973,0,True,0.004594424887890791,1970|1971-1975,M1,1970,E0_full,original
Belgium,1974,0,True,0.0374470759542305,1970|1971-1975,M1,1970,E0_full,original
Belgium,1975,0,True,0.0033778339625867566,1970|1971-1975,M1,1970,E0_full,original
Canada,1971,0,True,0.00017907839554026113,1970|1971-1975,M1,1970,E0_full,original
Canada,1972,0,True,0.0001165247830409076,1970|1971-1975,M1,1970,E0_full,original
Canada,1973,0,True,0.0007450712741997559,1970|1971-1975,M1,1970,E0_full,original
Canada,1974,0,True,0.0026255436775804784,1970|1971-1975,M1,1970,E0_full,original
Canada,1975,0,True,0.0009269896376673657,1970|1971-1975,M1,1970,E0_full,original
Denmark,1971,0,True,0.00013198689328193836,1970|1971-1975,M1,1970,E0_full,original
Denmark,1972,0,True,5.690070104577289e-05,1970|1971-1975,M1,1970,E0_full,original
Denmark,1973,0,True,1.1490146060818142e-05,1970|1971-1975,M1,1970,E0_full,original
Denmark,1974,0,True,5.8889521719292264e-05,1970|1971-1975,M1,1970,E0_full,original
Denmark,1975,0,True,1e-06,1970|1971-1975,M1,1970,E0_full,original
Finland,1971,0,True,0.018350421098766202,1970|1971-1975,M1,1970,E0_full,original
Finland,1972,0,True,0.024062467551558858,1970|1971-1975,M1,1970,E0_full,original
Finland,1973,0,True,0.009537406586471826,1970|1971-1975,M1,1970,E0_full,original
Finland,1974,0,True,0.005164671581288798,1970|1971-1975,M1,1970,E0_full,original
Finland,1975,0,True,0.0037260318798506514,1970|1971-1975,M1,1970,E0_full,original
France,1971,0,True,0.0156816601359105,1970|1971-1975,M1,1970,E0_full,original
France,1972,0,True,0.004136092600183025,1970|1971-1975,M1,1970,E0_full,original
France,1973,0,True,0.07858196854236672,1970|1971-1975,M1,1970,E0_full,original
France,1974,0,True,0.4793610138710119,1970|1971-1975,M1,1970,E0_full,original
France,1975,0,True,0.004693337947413437,1970|1971-1975,M1,1970,E0_full,original
Germany,1971,0,True,0.00191100410088716,1970|1971-1975,M1,1970,E0_full,original
Germany,1972,0,True,0.0003573278807843672,1970|1971-1975,M1,1970,E0_full,original
Germany,1973,0,True,0.008692851512657883,1970|1971-1975,M1,1970,E0_full,original
Germany,1974,0,True,0.002831106551827745,1970|1971-1975,M1,1970,E0_full,original
Germany,1975,0,True,0.001411829633393461,1970|1971-1975,M1,1970,E0_full,original
Ireland,1971,0,True,0.0009428039748197229,1970|1971-1975,M1,1970,E0_full,original
Ireland,1972,0,True,0.004350855593922769,1970|1971-1975,M1,1970,E0_full,original
Ireland,1973,0,True,0.011227111435445457,1970|1971-1975,M1,1970,E0_full,original
Ireland,1974,0,True,0.00022684223571279886,1970|1971-1975,M1,1970,E0_full,original
Ireland,1975,0,True,0.00020423077934276026,1970|1971-1975,M1,1970,E0_full,original
Italy,1971,1,True,0.004233213862524648,1970|1971-1975,M1,1970,E0_full,original
Italy,1972,1,True,0.00498225697119762,1970|1971-1975,M1,1970,E0_full,original
Italy,1973,1,True,0.04318125891590327,1970|1971-1975,M1,1970,E0_full,original
Italy,1974,0,True,0.7927670632222688,1970|1971-1975,M1,1970,E0_full,original
Japan,1971,0,True,0.00033147443170557245,1970|1971-1975,M1,1970,E0_full,original
Japan,1972,0,True,9.781777080536764e-05,1970|1971-1975,M1,1970,E0_full,original
Japan,1973,0,True,0.0005069756315628987,1970|1971-1975,M1,1970,E0_full,original
Japan,1974,0,True,0.005819447740282952,1970|1971-1975,M1,1970,E0_full,original
Japan,1975,0,True,0.0021516098534491543,1970|1971-1975,M1,1970,E0_full,original
Netherlands,1971,0,True,0.007483767719210704,1970|1971-1975,M1,1970,E0_full,original
Netherlands,1972,0,True,0.0008745046870926178,1970|1971-1975,M1,1970,E0_full,original
Netherlands,1973,0,True,0.004146787878051679,1970|1971-1975,M1,1970,E0_full,original
Netherlands,1974,0,True,0.005876720838508475,1970|1971-1975,M1,1970,E0_full,original
Netherlands,1975,0,True,0.0004608633251344921,1970|1971-1975,M1,1970,E0_full,original
Norway,1971,0,True,0.001746732892939814,1970|1971-1975,M1,1970,E0_full,original
Norway,1972,0,True,0.002309328964519169,1970|1971-1975,M1,1970,E0_full,original
Norway,1973,0,True,0.005085480067832242,1970|1971-1975,M1,1970,E0_full,original
Norway,1974,0,True,0.006530153880930598,1970|1971-1975,M1,1970,E0_full,original
Norway,1975,0,True,0.006845556913414371,1970|1971-1975,M1,1970,E0_full,original
Portugal,1971,0,True,0.00026666578225317984,1970|1971-1975,M1,1970,E0_full,original
Portugal,1972,0,True,0.0002990000161235514,1970|1971-1975,M1,1970,E0_full,original
Portugal,1973,0,True,0.00016297337022726623,1970|1971-1975,M1,1970,E0_full,original
Portugal,1974,1,True,0.0008283383976129715,1970|1971-1975,M1,1970,E0_full,original
Portugal,1975,1,True,0.0011595698841811311,1970|1971-1975,M1,1970,E0_full,original
Spain,1971,0,True,0.01009592747104688,1970|1971-1975,M1,1970,E0_full,original
Spain,1972,0,True,0.00884126938105951,1970|1971-1975,M1,1970,E0_full,original
Spain,1973,0,True,0.0023889265843553063,1970|1971-1975,M1,1970,E0_full,original
Spain,1974,0,True,0.021923304566372002,1970|1971-1975,M1,1970,E0_full,original
Spain,1975,1,True,0.011679472653699752,1970|1971-1975,M1,1970,E0_full,original
Sweden,1971,0,True,0.0006662105081988196,1970|1971-1975,M1,1970,E0_full,original
Sweden,1972,0,True,0.00017678332043072518,1970|1971-1975,M1,1970,E0_full,original
Sweden,1973,0,True,0.00017834718841590766,1970|1971-1975,M1,1970,E0_full,original
Sweden,1974,0,True,0.00021042945302904653,1970|1971-1975,M1,1970,E0_full,original
Sweden,1975,0,True,0.00011485857191998325,1970|1971-1975,M1,1970,E0_full,original
Switzerland,1971,0,True,1.8694940841491995e-05,1970|1971-1975,M1,1970,E0_full,original
Switzerland,1972,0,True,0.0015574103485402357,1970|1971-1975,M1,1970,E0_full,original
Switzerland,1973,0,True,0.0022855357860029667,1970|1971-1975,M1,1970,E0_full,original
Switzerland,1974,0,True,0.002552781430025496,1970|1971-1975,M1,1970,E0_full,original
Switzerland,1975,0,True,2.62530845376647e-05,1970|1971-1975,M1,1970,E0_full,original
UK,1971,1,True,0.0010509800723415136,1970|1971-1975,M1,1970,E0_full,original
UK,1972,1,True,0.0003690562769957926,1970|1971-1975,M1,1970,E0_full,original
UK,1973,0,True,0.0014699599790351221,1970|1971-1975,M1,1970,E0_full,original
Australia,1971,0,True,1e-06,1970|1971-1975,M2,1970,E0_full,original
Australia,1972,0,True,1e-06,1970|1971-1975,M2,1970,E0_full,original
Australia,1973,0,True,1e-06,1970|1971-1975,M2,1970,E0_full,original
Australia,1974,0,True,1e-06,1970|1971-1975,M2,1970,E0_full,original
Australia,1975,0,True,1e-06,1970|1971-1975,M2,1970,E0_full,original
Belgium,1971,0,True,0.021550117387005567,1970|1971-1975,M2,1970,E0_full,original
Belgium,1972,0,True,0.02017112404192546,1970|1971-1975,M2,1970,E0_full,original
Belgium,1973,0,True,0.016908005329566045,1970|1971-1975,M2,1970,E0_full,original
Belgium,1974,0,True,0.01310566594029676,1970|1971-1975,M2,1970,E0_full,original
Belgium,1975,0,True,0.014081716649062596,1970|1971-1975,M2,1970,E0_full,original
Canada,1971,0,True,1e-06,1970|1971-1975,M2,1970,E0_full,original
Canada,1972,0,True,1e-06,1970|1971-1975,M2,1970,E0_full,original
Canada,1973,0,True,1e-06,1970|1971-1975,M2,1970,E0_full,original
Canada,1974,0,True,1e-06,1970|1971-1975,M2,1970,E0_full,original
Canada,1975,0,True,1e-06,1970|1971-1975,M2,1970,E0_full,original
Denmark,1971,0,True,1e-06,1970|1971-1975,M2,1970,E0_full,original
Denmark,1972,0,True,1e-06,1970|1971-1975,M2,1970,E0_full,original
Denmark,1973,0,True,1e-06,1970|1971-1975,M2,1970,E0_full,original
Denmark,1974,0,True,1e-06,1970|1971-1975,M2,1970,E0_full,original
Denmark,1975,0,True,1e-06,1970|1971-1975,M2,1970,E0_full,original
Finland,1971,0,True,1e-06,1970|1971-1975,M2,1970,E0_full,original
Finland,1972,0,True,1e-06,1970|1971-1975,M2,1970,E0_full,original
Finland,1973,0,True,1e-06,1970|1971-1975,M2,1970,E0_full,original
Finland,1974,0,True,1e-06,1970|1971-1975,M2,1970,E0_full,original
Finland,1975,0,True,1e-06,1970|1971-1975,M2,1970,E0_full,original
France,1971,0,True,0.06770653582466327,1970|1971-1975,M2,1970,E0_full,original
France,1972,0,True,0.06519674654856428,1970|1971-1975,M2,1970,E0_full,original
France,1973,0,True,0.06325151223557682,1970|1971-1975,M2,1970,E0_full,original
France,1974,0,True,0.06283453328045897,1970|1971-1975,M2,1970,E0_full,original
France,1975,0,True,0.06351727342737237,1970|1971-1975,M2,1970,E0_full,original
Germany,1971,0,True,0.006679263809025892,1970|1971-1975,M2,1970,E0_full,original
Germany,1972,0,True,0.006679263809025892,1970|1971-1975,M2,1970,E0_full,original
Germany,1973,0,True,0.006679263809025892,1970|1971-1975,M2,1970,E0_full,original
Germany,1974,0,True,0.007187354982443803,1970|1971-1975,M2,1970,E0_full,original
Germany,1975,0,True,0.010363135090940286,1970|1971-1975,M2,1970,E0_full,original
Ireland,1971,0,True,1e-06,1970|1971-1975,M2,1970,E0_full,original
Ireland,1972,0,True,1e-06,1970|1971-1975,M2,1970,E0_full,original
Ireland,1973,0,True,1e-06,1970|1971-1975,M2,1970,E0_full,original
Ireland,1974,0,True,1e-06,1970|1971-1975,M2,1970,E0_full,original
Ireland,1975,0,True,1e-06,1970|1971-1975,M2,1970,E0_full,original
Italy,1971,1,True,0.02309863540020785,1970|1971-1975,M2,1970,E0_full,original
Italy,1972,1,True,0.026682468982938915,1970|1971-1975,M2,1970,E0_full,original
Italy,1973,1,True,0.028730728119724103,1970|1971-1975,M2,1970,E0_full,original
Italy,1974,0,True,0.028414944696658225,1970|1971-1975,M2,1970,E0_full,original
Japan,1971,0,True,1e-06,1970|1971-1975,M2,1970,E0_full,original
Japan,1972,0,True,1e-06,1970|1971-1975,M2,1970,E0_full,original
Japan,1973,0,True,1e-06,1970|1971-1975,M2,1970,E0_full,original
Japan,1974,0,True,1e-06,1970|1971-1975,M2,1970,E0_full,original
Japan,1975,0,True,1e-06,1970|1971-1975,M2,1970,E0_full,original
Netherlands,1971,0,True,0.033385959341200436,1970|1971-1975,M2,1970,E0_full,original
Netherlands,1972,0,True,0.030304420430645556,1970|1971-1975,M2,1970,E0_full,original
Netherlands,1973,0,True,0.026760057518756878,1970|1971-1975,M2,1970,E0_full,original
Netherlands,1974,0,True,0.02380538945069246,1970|1971-1975,M2,1970,E0_full,original
Netherlands,1975,0,True,0.024404806086573156,1970|1971-1975,M2,1970,E0_full,original
Norway,1971,0,True,1e-06,1970|1971-1975,M2,1970,E0_full,original
Norway,1972,0,True,1e-06,1970|1971-1975,M2,1970,E0_full,original
Norway,1973,0,True,1e-06,1970|1971-1975,M2,1970,E0_full,original
Norway,1974,0,True,1e-06,1970|1971-1975,M2,1970,E0_full,original
Norway,1975,0,True,1e-06,1970|1971-1975,M2,1970,E0_full,original
Portugal,1971,0,True,0.012746059299480318,1970|1971-1975,M2,1970,E0_full,original
Portugal,1972,0,True,0.011986102740544962,1970|1971-1975,M2,1970,E0_full,original
Portugal,1973,0,True,0.01105668157842429,1970|1971-1975,M2,1970,E0_full,original
Portugal,1974,1,True,0.01101501908062566,1970|1971-1975,M2,1970,E0_full,original
Portugal,1975,1,True,0.01445050261705909,1970|1971-1975,M2,1970,E0_full,original
Spain,1971,0,True,0.01766784406093168,1970|1971-1975,M2,1970,E0_full,original
Spain,1972,0,True,0.01705412060668539,1970|1971-1975,M2,1970,E0_full,original
Spain,1973,0,True,0.016336661995220658,1970|1971-1975,M2,1970,E0_full,original
Spain,1974,0,True,0.01612270638666333,1970|1971-1975,M2,1970,E0_full,original
Spain,1975,1,True,0.016227543639811704,1970|1971-1975,M2,1970,E0_full,original
Sweden,1971,0,True,1e-06,1970|1971-1975,M2,1970,E0_full,original
Sweden,1972,0,True,1e-06,1970|1971-1975,M2,1970,E0_full,original
Sweden,1973,0,True,1e-06,1970|1971-1975,M2,1970,E0_full,original
Sweden,1974,0,True,1e-06,1970|1971-1975,M2,1970,E0_full,original
Sweden,1975,0,True,1e-06,1970|1971-1975,M2,1970,E0_full,original
Switzerland,1971,0,True,1e-06,1970|1971-1975,M2,1970,E0_full,original
Switzerland,1972,0,True,1e-06,1970|1971-1975,M2,1970,E0_full,original
Switzerland,1973,0,True,1e-06,1970|1971-1975,M2,1970,E0_full,original
Switzerland,1974,0,True,1e-06,1970|1971-1975,M2,1970,E0_full,original
Switzerland,1975,0,True,1e-06,1970|1971-1975,M2,1970,E0_full,original
UK,1971,1,True,0.032954677725921915,1970|1971-1975,M2,1970,E0_full,original
UK,1972,1,True,0.03140701713358675,1970|1971-1975,M2,1970,E0_full,original
UK,1973,0,True,0.028342705976985023,1970|1971-1975,M2,1970,E0_full,original
USA,1971,0,True,0.02950268025779233,1970|1971-1975,M2,1970,E0_full,original
USA,1972,0,True,0.02872133493824665,1970|1971-1975,M2,1970,E0_full,original
USA,1973,0,True,0.027494295448622343,1970|1971-1975,M2,1970,E0_full,original
USA,1974,0,True,0.025879089592623826,1970|1971-1975,M2,1970,E0_full,original
USA,1975,0,True,0.026764673057892957,1970|1971-1975,M2,1970,E0_full,original
Australia,1981,0,True,0.0057415084977876975,1980|1981-1985,M1,1980,E0_full,original
Australia,1982,0,True,0.0078834758496106,1980|1981-1985,M1,1980,E0_full,original
Australia,1983,0,True,0.003331357985425969,1980|1981-1985,M1,1980,E0_full,original
Australia,1984,0,True,0.0019951791037105464,1980|1981-1985,M1,1980,E0_full,original
Australia,1985,0,True,0.011859136462862895,1980|1981-1985,M1,1980,E0_full,original
Belgium,1982,0,True,0.035277563601214854,1980|1981-1985,M1,1980,E0_full,original
Belgium,1985,0,True,0.03340524172677789,1980|1981-1985,M1,1980,E0_full,original
Canada,1981,0,True,0.002172765134945473,1980|1981-1985,M1,1980,E0_full,original
Canada,1982,0,True,0.0010607601055045491,1980|1981-1985,M1,1980,E0_full,original
Canada,1983,0,True,0.00038894805347975135,1980|1981-1985,M1,1980,E0_full,original
Canada,1984,0,True,0.00038947602695338645,1980|1981-1985,M1,1980,E0_full,original
Canada,1985,0,True,0.0005631843118360396,1980|1981-1985,M1,1980,E0_full,original
Denmark,1981,0,True,0.43157277679628325,1980|1981-1985,M1,1980,E0_full,original
Denmark,1982,0,True,0.8213133809012766,1980|1981-1985,M1,1980,E0_full,original
Denmark,1983,0,True,0.9326681331895262,1980|1981-1985,M1,1980,E0_full,original
Denmark,1984,0,True,0.9275346649616917,1980|1981-1985,M1,1980,E0_full,original
Denmark,1985,0,True,0.8293682769566817,1980|1981-1985,M1,1980,E0_full,original
Finland,1981,0,True,0.0007956667887659802,1980|1981-1985,M1,1980,E0_full,original
Finland,1982,0,True,0.0013653796431778089,1980|1981-1985,M1,1980,E0_full,original
Finland,1983,0,True,0.0024200006482623096,1980|1981-1985,M1,1980,E0_full,original
Finland,1984,0,True,0.002115386241689717,1980|1981-1985,M1,1980,E0_full,original
Finland,1985,0,True,0.0014209356936044609,1980|1981-1985,M1,1980,E0_full,original
France,1981,0,True,0.35864954253807124,1980|1981-1985,M1,1980,E0_full,original
France,1982,0,True,0.2741546848281827,1980|1981-1985,M1,1980,E0_full,original
France,1983,0,True,0.19656761322831634,1980|1981-1985,M1,1980,E0_full,original
France,1984,0,True,0.1720608538204657,1980|1981-1985,M1,1980,E0_full,original
France,1985,0,True,0.13390782271754176,1980|1981-1985,M1,1980,E0_full,original
Germany,1981,0,True,0.138768059643572,1980|1981-1985,M1,1980,E0_full,original
Germany,1982,0,True,0.13977289904883908,1980|1981-1985,M1,1980,E0_full,original
Germany,1983,0,True,0.057015871265958154,1980|1981-1985,M1,1980,E0_full,original
Germany,1984,0,True,0.041817918425044086,1980|1981-1985,M1,1980,E0_full,original
Germany,1985,0,True,0.036904385158697615,1980|1981-1985,M1,1980,E0_full,original
Ireland,1981,0,True,0.0062007992716698705,1980|1981-1985,M1,1980,E0_full,original
Italy,1981,0,True,0.15719964173823842,1980|1981-1985,M1,1980,E0_full,original
Italy,1982,0,True,0.15115249930228483,1980|1981-1985,M1,1980,E0_full,original
Italy,1983,0,True,0.23826402797472743,1980|1981-1985,M1,1980,E0_full,original
Italy,1984,0,True,0.19427285452515689,1980|1981-1985,M1,1980,E0_full,original
Italy,1985,0,True,0.24048924586244286,1980|1981-1985,M1,1980,E0_full,original
Japan,1981,0,True,0.00034331790719256526,1980|1981-1985,M1,1980,E0_full,original
Japan,1982,0,True,0.0002746135532245489,1980|1981-1985,M1,1980,E0_full,original
Japan,1983,0,True,0.00033313913277408674,1980|1981-1985,M1,1980,E0_full,original
Japan,1984,0,True,0.0003994346711265483,1980|1981-1985,M1,1980,E0_full,original
Japan,1985,0,True,0.0003054576267537165,1980|1981-1985,M1,1980,E0_full,original
Netherlands,1981,0,True,0.19819148041890292,1980|1981-1985,M1,1980,E0_full,original
Netherlands,1982,0,True,0.18321075705058842,1980|1981-1985,M1,1980,E0_full,original
Netherlands,1983,0,True,0.13257698316816693,1980|1981-1985,M1,1980,E0_full,original
Netherlands,1984,0,True,0.15722655380138015,1980|1981-1985,M1,1980,E0_full,original
Netherlands,1985,0,True,0.18036131490199617,1980|1981-1985,M1,1980,E0_full,original
Norway,1981,0,True,0.0017268093794646532,1980|1981-1985,M1,1980,E0_full,original
Norway,1982,0,True,0.0007882406774554127,1980|1981-1985,M1,1980,E0_full,original
Norway,1983,0,True,0.0005193679619001107,1980|1981-1985,M1,1980,E0_full,original
Norway,1984,0,True,0.0005268924224180432,1980|1981-1985,M1,1980,E0_full,original
Norway,1985,0,True,0.0006076593249885919,1980|1981-1985,M1,1980,E0_full,original
Portugal,1983,0,True,0.5018457808538224,1980|1981-1985,M1,1980,E0_full,original
Spain,1984,0,True,0.5213137819029383,1980|1981-1985,M1,1980,E0_full,original
Spain,1985,0,True,0.540415134833899,1980|1981-1985,M1,1980,E0_full,original
Sweden,1981,0,True,0.0009397409688101171,1980|1981-1985,M1,1980,E0_full,original
Sweden,1982,0,True,0.0005486935634646604,1980|1981-1985,M1,1980,E0_full,original
Sweden,1983,0,True,0.0018386970448742012,1980|1981-1985,M1,1980,E0_full,original
Sweden,1984,0,True,0.0010678804840150602,1980|1981-1985,M1,1980,E0_full,original
Sweden,1985,0,True,0.001291401574513931,1980|1981-1985,M1,1980,E0_full,original
Switzerland,1981,0,True,0.0006953311106260423,1980|1981-1985,M1,1980,E0_full,original
Switzerland,1982,0,True,0.0007148709641635177,1980|1981-1985,M1,1980,E0_full,original
Switzerland,1983,0,True,0.000771516169170587,1980|1981-1985,M1,1980,E0_full,original
Switzerland,1984,0,True,0.0013894017506964232,1980|1981-1985,M1,1980,E0_full,original
Switzerland,1985,0,True,0.0008140586163959762,1980|1981-1985,M1,1980,E0_full,original
UK,1981,0,True,0.0727180970018607,1980|1981-1985,M1,1980,E0_full,original
UK,1982,0,True,0.03489943935892564,1980|1981-1985,M1,1980,E0_full,original
UK,1983,0,True,0.02921698433467866,1980|1981-1985,M1,1980,E0_full,original
UK,1984,0,True,0.029658293630207156,1980|1981-1985,M1,1980,E0_full,original
UK,1985,0,True,0.06455882717768988,1980|1981-1985,M1,1980,E0_full,original
Australia,1981,0,True,1e-06,1980|1981-1985,M2,1980,E0_full,original
Australia,1982,0,True,1e-06,1980|1981-1985,M2,1980,E0_full,original
Australia,1983,0,True,1e-06,1980|1981-1985,M2,1980,E0_full,original
Australia,1984,0,True,1e-06,1980|1981-1985,M2,1980,E0_full,original
Australia,1985,0,True,1e-06,1980|1981-1985,M2,1980,E0_full,original
Belgium,1982,0,True,0.26244603200144895,1980|1981-1985,M2,1980,E0_full,original
Belgium,1985,0,True,0.4700017343281567,1980|1981-1985,M2,1980,E0_full,original
Canada,1981,0,True,1e-06,1980|1981-1985,M2,1980,E0_full,original
Canada,1982,0,True,1e-06,1980|1981-1985,M2,1980,E0_full,original
Canada,1983,0,True,1e-06,1980|1981-1985,M2,1980,E0_full,original
Canada,1984,0,True,1e-06,1980|1981-1985,M2,1980,E0_full,original
Canada,1985,0,True,1e-06,1980|1981-1985,M2,1980,E0_full,original
Denmark,1981,0,True,1e-06,1980|1981-1985,M2,1980,E0_full,original
Denmark,1982,0,True,1e-06,1980|1981-1985,M2,1980,E0_full,original
Denmark,1983,0,True,1e-06,1980|1981-1985,M2,1980,E0_full,original
Denmark,1984,0,True,1e-06,1980|1981-1985,M2,1980,E0_full,original
Denmark,1985,0,True,1e-06,1980|1981-1985,M2,1980,E0_full,original
Finland,1981,0,True,1e-06,1980|1981-1985,M2,1980,E0_full,original
Finland,1982,0,True,1e-06,1980|1981-1985,M2,1980,E0_full,original
Finland,1983,0,True,1e-06,1980|1981-1985,M2,1980,E0_full,original
Finland,1984,0,True,1e-06,1980|1981-1985,M2,1980,E0_full,original
Finland,1985,0,True,1e-06,1980|1981-1985,M2,1980,E0_full,original
France,1981,0,True,0.09183334254530706,1980|1981-1985,M2,1980,E0_full,original
France,1982,0,True,0.09495837039883025,1980|1981-1985,M2,1980,E0_full,original
France,1983,0,True,0.09624185985525004,1980|1981-1985,M2,1980,E0_full,original
France,1984,0,True,0.09859719183945127,1980|1981-1985,M2,1980,E0_full,original
France,1985,0,True,0.10019421375092558,1980|1981-1985,M2,1980,E0_full,original
Germany,1981,0,True,0.02548260392733657,1980|1981-1985,M2,1980,E0_full,original
Germany,1982,0,True,0.029148652660685455,1980|1981-1985,M2,1980,E0_full,original
Germany,1983,0,True,0.030480775964160413,1980|1981-1985,M2,1980,E0_full,original
Germany,1984,0,True,0.031871780076910675,1980|1981-1985,M2,1980,E0_full,original
Germany,1985,0,True,0.031871780076910675,1980|1981-1985,M2,1980,E0_full,original
Ireland,1981,0,True,1e-06,1980|1981-1985,M2,1980,E0_full,original
Italy,1981,0,True,0.07628002402412454,1980|1981-1985,M2,1980,E0_full,original
Italy,1982,0,True,0.08181640210362066,1980|1981-1985,M2,1980,E0_full,original
Italy,1983,0,True,0.08978024608245576,1980|1981-1985,M2,1980,E0_full,original
Italy,1984,0,True,0.09736273977643647,1980|1981-1985,M2,1980,E0_full,original
Italy,1985,0,True,0.1062746621653565,1980|1981-1985,M2,1980,E0_full,original
Japan,1981,0,True,1e-06,1980|1981-1985,M2,1980,E0_full,original
Japan,1982,0,True,1e-06,1980|1981-1985,M2,1980,E0_full,original
Japan,1983,0,True,1e-06,1980|1981-1985,M2,1980,E0_full,original
Japan,1984,0,True,1e-06,1980|1981-1985,M2,1980,E0_full,original
Japan,1985,0,True,1e-06,1980|1981-1985,M2,1980,E0_full,original
Netherlands,1981,0,True,0.0692873611640919,1980|1981-1985,M2,1980,E0_full,original
Netherlands,1982,0,True,0.07745444055799089,1980|1981-1985,M2,1980,E0_full,original
Netherlands,1983,0,True,0.08725700867333916,1980|1981-1985,M2,1980,E0_full,original
Netherlands,1984,0,True,0.09340663900690616,1980|1981-1985,M2,1980,E0_full,original
Netherlands,1985,0,True,0.10345351890450995,1980|1981-1985,M2,1980,E0_full,original
Norway,1981,0,True,1e-06,1980|1981-1985,M2,1980,E0_full,original
Norway,1982,0,True,1e-06,1980|1981-1985,M2,1980,E0_full,original
Norway,1983,0,True,1e-06,1980|1981-1985,M2,1980,E0_full,original
Norway,1984,0,True,1e-06,1980|1981-1985,M2,1980,E0_full,original
Norway,1985,0,True,1e-06,1980|1981-1985,M2,1980,E0_full,original
Portugal,1983,0,True,0.09901261726824372,1980|1981-1985,M2,1980,E0_full,original
Spain,1984,0,True,0.1045332119900806,1980|1981-1985,M2,1980,E0_full,original
Spain,1985,0,True,0.1126830430347371,1980|1981-1985,M2,1980,E0_full,original
Sweden,1981,0,True,1e-06,1980|1981-1985,M2,1980,E0_full,original
Sweden,1982,0,True,1e-06,1980|1981-1985,M2,1980,E0_full,original
Sweden,1983,0,True,1e-06,1980|1981-1985,M2,1980,E0_full,original
Sweden,1984,0,True,1e-06,1980|1981-1985,M2,1980,E0_full,original
Sweden,1985,0,True,1e-06,1980|1981-1985,M2,1980,E0_full,original
Switzerland,1981,0,True,1e-06,1980|1981-1985,M2,1980,E0_full,original
Switzerland,1982,0,True,1e-06,1980|1981-1985,M2,1980,E0_full,original
Switzerland,1983,0,True,1e-06,1980|1981-1985,M2,1980,E0_full,original
Switzerland,1984,0,True,1e-06,1980|1981-1985,M2,1980,E0_full,original
Switzerland,1985,0,True,1e-06,1980|1981-1985,M2,1980,E0_full,original
UK,1981,0,True,0.059895096464352184,1980|1981-1985,M2,1980,E0_full,original
UK,1982,0,True,0.05900227211103902,1980|1981-1985,M2,1980,E0_full,original
UK,1983,0,True,0.05839062648798604,1980|1981-1985,M2,1980,E0_full,original
UK,1984,0,True,0.058589087409667735,1980|1981-1985,M2,1980,E0_full,original
UK,1985,0,True,0.05811333458251253,1980|1981-1985,M2,1980,E0_full,original
USA,1981,0,True,0.028915452592469335,1980|1981-1985,M2,1980,E0_full,original
USA,1982,0,True,0.0306607430310674,1980|1981-1985,M2,1980,E0_full,original
USA,1983,0,True,0.033849143689528696,1980|1981-1985,M2,1980,E0_full,original
USA,1984,0,True,0.034539667417979425,1980|1981-1985,M2,1980,E0_full,original
USA,1985,0,True,0.03694082584923716,1980|1981-1985,M2,1980,E0_full,original
Australia,1991,0,True,0.028693863236580953,1990|1991-1995,M1,1990,E0_full,original
Australia,1992,0,True,0.035400171270450725,1990|1991-1995,M1,1990,E0_full,original
Australia,1993,0,True,0.04206751704280412,1990|1991-1995,M1,1990,E0_full,original
Australia,1994,0,True,0.04059112869464947,1990|1991-1995,M1,1990,E0_full,original
Australia,1995,0,True,0.03962590956168149,1990|1991-1995,M1,1990,E0_full,original
Belgium,1991,0,True,0.04559336291655292,1990|1991-1995,M1,1990,E0_full,original
Belgium,1992,0,True,0.060626781286229996,1990|1991-1995,M1,1990,E0_full,original
Belgium,1993,0,True,0.0672132714104658,1990|1991-1995,M1,1990,E0_full,original
Belgium,1994,0,True,0.058721500419562284,1990|1991-1995,M1,1990,E0_full,original
Belgium,1995,0,True,0.056920576139763326,1990|1991-1995,M1,1990,E0_full,original
Canada,1991,0,True,0.0552634853084616,1990|1991-1995,M1,1990,E0_full,original
Canada,1992,0,True,0.05763757123844972,1990|1991-1995,M1,1990,E0_full,original
Canada,1993,0,True,0.06696397510764864,1990|1991-1995,M1,1990,E0_full,original
Canada,1994,0,True,0.06260894292939344,1990|1991-1995,M1,1990,E0_full,original
Canada,1995,0,True,0.06833364574951427,1990|1991-1995,M1,1990,E0_full,original
Denmark,1991,0,True,0.060505427981631506,1990|1991-1995,M1,1990,E0_full,original
Denmark,1992,0,True,0.0625218771695922,1990|1991-1995,M1,1990,E0_full,original
Denmark,1993,0,True,0.06586242937775212,1990|1991-1995,M1,1990,E0_full,original
Denmark,1994,0,True,0.0703700164531618,1990|1991-1995,M1,1990,E0_full,original
Denmark,1995,0,True,0.06871277819908111,1990|1991-1995,M1,1990,E0_full,original
Finland,1991,0,True,0.07833266212266474,1990|1991-1995,M1,1990,E0_full,original
Finland,1992,0,True,0.27714343968054655,1990|1991-1995,M1,1990,E0_full,original
Finland,1993,0,True,0.5966512745750379,1990|1991-1995,M1,1990,E0_full,original
Finland,1994,0,True,0.6387964965228353,1990|1991-1995,M1,1990,E0_full,original
Finland,1995,0,True,0.49245601683774626,1990|1991-1995,M1,1990,E0_full,original
France,1991,0,True,0.05017541511125059,1990|1991-1995,M1,1990,E0_full,original
France,1992,0,True,0.057931231169332846,1990|1991-1995,M1,1990,E0_full,original
France,1993,0,True,0.06750984045086622,1990|1991-1995,M1,1990,E0_full,original
France,1994,0,True,0.070990898652016,1990|1991-1995,M1,1990,E0_full,original
France,1995,0,True,0.07068410535015936,1990|1991-1995,M1,1990,E0_full,original
Germany,1991,0,True,0.07834699885476522,1990|1991-1995,M1,1990,E0_full,original
Germany,1992,0,True,0.08523741709914492,1990|1991-1995,M1,1990,E0_full,original
Germany,1993,0,True,0.09713882038464879,1990|1991-1995,M1,1990,E0_full,original
Germany,1994,0,True,0.0925073244499629,1990|1991-1995,M1,1990,E0_full,original
Germany,1995,0,True,0.11161556989374972,1990|1991-1995,M1,1990,E0_full,original
Ireland,1991,0,True,0.04208244927846204,1990|1991-1995,M1,1990,E0_full,original
Ireland,1992,0,True,0.04529581497541761,1990|1991-1995,M1,1990,E0_full,original
Ireland,1993,0,True,0.055908389505553484,1990|1991-1995,M1,1990,E0_full,original
Ireland,1994,0,True,0.041592921519603976,1990|1991-1995,M1,1990,E0_full,original
Ireland,1995,0,True,0.036430765096325556,1990|1991-1995,M1,1990,E0_full,original
Italy,1991,0,True,0.054215372364580794,1990|1991-1995,M1,1990,E0_full,original
Italy,1992,0,True,0.044099572443227854,1990|1991-1995,M1,1990,E0_full,original
Italy,1993,0,True,0.05670960600700089,1990|1991-1995,M1,1990,E0_full,original
Italy,1994,0,True,0.05989097134429476,1990|1991-1995,M1,1990,E0_full,original
Italy,1995,0,True,0.057868187708768025,1990|1991-1995,M1,1990,E0_full,original
Japan,1991,0,True,0.05063150777828839,1990|1991-1995,M1,1990,E0_full,original
Japan,1992,0,True,0.059903871531378876,1990|1991-1995,M1,1990,E0_full,original
Japan,1993,0,True,0.05268499324154771,1990|1991-1995,M1,1990,E0_full,original
Japan,1994,0,True,0.07357860826403695,1990|1991-1995,M1,1990,E0_full,original
Japan,1995,0,True,0.09469646453035208,1990|1991-1995,M1,1990,E0_full,original
Netherlands,1991,0,True,0.04102671980906637,1990|1991-1995,M1,1990,E0_full,original
Netherlands,1992,0,True,0.047782074271776935,1990|1991-1995,M1,1990,E0_full,original
Netherlands,1993,0,True,0.04206680441030141,1990|1991-1995,M1,1990,E0_full,original
Netherlands,1994,0,True,0.03908763720692919,1990|1991-1995,M1,1990,E0_full,original
Netherlands,1995,0,True,0.04339614284668796,1990|1991-1995,M1,1990,E0_full,original
Norway,1991,0,True,0.042639546381981815,1990|1991-1995,M1,1990,E0_full,original
Norway,1992,0,True,0.04530016246742611,1990|1991-1995,M1,1990,E0_full,original
Norway,1993,0,True,0.07155334661591377,1990|1991-1995,M1,1990,E0_full,original
Norway,1994,0,True,0.0595574613969616,1990|1991-1995,M1,1990,E0_full,original
Norway,1995,0,True,0.04229609381494697,1990|1991-1995,M1,1990,E0_full,original
Portugal,1991,0,True,0.05715966601052076,1990|1991-1995,M1,1990,E0_full,original
Portugal,1992,0,True,0.04590176242324905,1990|1991-1995,M1,1990,E0_full,original
Portugal,1993,0,True,0.04958478825143497,1990|1991-1995,M1,1990,E0_full,original
Portugal,1994,0,True,0.05291737735145118,1990|1991-1995,M1,1990,E0_full,original
Portugal,1995,0,True,0.05810506984901321,1990|1991-1995,M1,1990,E0_full,original
Spain,1991,0,True,0.06172293121881076,1990|1991-1995,M1,1990,E0_full,original
Spain,1992,0,True,0.06953434104588133,1990|1991-1995,M1,1990,E0_full,original
Spain,1993,0,True,0.0933491976324309,1990|1991-1995,M1,1990,E0_full,original
Spain,1994,0,True,0.0944725768082111,1990|1991-1995,M1,1990,E0_full,original
Spain,1995,0,True,0.09074458117378799,1990|1991-1995,M1,1990,E0_full,original
Sweden,1991,0,True,0.041557635190952964,1990|1991-1995,M1,1990,E0_full,original
Sweden,1992,0,True,0.06681888975076682,1990|1991-1995,M1,1990,E0_full,original
Sweden,1993,0,True,0.1927380540291937,1990|1991-1995,M1,1990,E0_full,original
Sweden,1994,0,True,0.22611275107804055,1990|1991-1995,M1,1990,E0_full,original
Sweden,1995,0,True,0.2046768370304389,1990|1991-1995,M1,1990,E0_full,original
Switzerland,1991,0,True,0.04971516322258484,1990|1991-1995,M1,1990,E0_full,original
Switzerland,1992,0,True,0.05749500843325024,1990|1991-1995,M1,1990,E0_full,original
Switzerland,1993,0,True,0.06642175876263637,1990|1991-1995,M1,1990,E0_full,original
Switzerland,1994,0,True,0.05050208421750764,1990|1991-1995,M1,1990,E0_full,original
Switzerland,1995,0,True,0.060137690497242,1990|1991-1995,M1,1990,E0_full,original
UK,1991,0,True,0.04002068081978044,1990|1991-1995,M1,1990,E0_full,original
UK,1992,0,True,0.046992694630322865,1990|1991-1995,M1,1990,E0_full,original
UK,1993,0,True,0.052740337969704135,1990|1991-1995,M1,1990,E0_full,original
UK,1994,0,True,0.05306984479020247,1990|1991-1995,M1,1990,E0_full,original
UK,1995,0,True,0.0505920302948035,1990|1991-1995,M1,1990,E0_full,original
Australia,1991,0,True,1e-06,1990|1991-1995,M2,1990,E0_full,original
Australia,1992,0,True,1e-06,1990|1991-1995,M2,1990,E0_full,original
Australia,1993,0,True,1e-06,1990|1991-1995,M2,1990,E0_full,original
Australia,1994,0,True,1e-06,1990|1991-1995,M2,1990,E0_full,original
Australia,1995,0,True,1e-06,1990|1991-1995,M2,1990,E0_full,original
Belgium,1991,0,True,0.25731511893751347,1990|1991-1995,M2,1990,E0_full,original
Belgium,1992,0,True,0.26674202403183245,1990|1991-1995,M2,1990,E0_full,original
Belgium,1993,0,True,0.3014139231783046,1990|1991-1995,M2,1990,E0_full,original
Belgium,1994,0,True,0.288738775773482,1990|1991-1995,M2,1990,E0_full,original
Belgium,1995,0,True,0.2769956054024196,1990|1991-1995,M2,1990,E0_full,original
Canada,1991,0,True,1e-06,1990|1991-1995,M2,1990,E0_full,original
Canada,1992,0,True,1e-06,1990|1991-1995,M2,1990,E0_full,original
Canada,1993,0,True,1e-06,1990|1991-1995,M2,1990,E0_full,original
Canada,1994,0,True,1e-06,1990|1991-1995,M2,1990,E0_full,original
Canada,1995,0,True,1e-06,1990|1991-1995,M2,1990,E0_full,original
Denmark,1991,0,True,1e-06,1990|1991-1995,M2,1990,E0_full,original
Denmark,1992,0,True,1e-06,1990|1991-1995,M2,1990,E0_full,original
Denmark,1993,0,True,1e-06,1990|1991-1995,M2,1990,E0_full,original
Denmark,1994,0,True,1e-06,1990|1991-1995,M2,1990,E0_full,original
Denmark,1995,0,True,1e-06,1990|1991-1995,M2,1990,E0_full,original
Finland,1991,0,True,1e-06,1990|1991-1995,M2,1990,E0_full,original
Finland,1992,0,True,1e-06,1990|1991-1995,M2,1990,E0_full,original
Finland,1993,0,True,1e-06,1990|1991-1995,M2,1990,E0_full,original
Finland,1994,0,True,1e-06,1990|1991-1995,M2,1990,E0_full,original
Finland,1995,0,True,1e-06,1990|1991-1995,M2,1990,E0_full,original
France,1991,0,True,0.09010255791250169,1990|1991-1995,M2,1990,E0_full,original
France,1992,0,True,0.09371011153842566,1990|1991-1995,M2,1990,E0_full,original
France,1993,0,True,0.10017176279742897,1990|1991-1995,M2,1990,E0_full,original
France,1994,0,True,0.10363389452047045,1990|1991-1995,M2,1990,E0_full,original
France,1995,0,True,0.11062404864224697,1990|1991-1995,M2,1990,E0_full,original
Germany,1991,0,True,0.03524812685321861,1990|1991-1995,M2,1990,E0_full,original
Germany,1992,0,True,0.030927533866806297,1990|1991-1995,M2,1990,E0_full,original
Germany,1993,0,True,0.03674041652376392,1990|1991-1995,M2,1990,E0_full,original
Germany,1994,0,True,0.04105081330509486,1990|1991-1995,M2,1990,E0_full,original
Germany,1995,0,True,0.0581353778794285,1990|1991-1995,M2,1990,E0_full,original
Ireland,1991,0,True,0.27320754178753154,1990|1991-1995,M2,1990,E0_full,original
Ireland,1992,0,True,0.24861320087188668,1990|1991-1995,M2,1990,E0_full,original
Ireland,1993,0,True,0.27021428271015796,1990|1991-1995,M2,1990,E0_full,original
Ireland,1994,0,True,0.23013721532640913,1990|1991-1995,M2,1990,E0_full,original
Ireland,1995,0,True,0.17985429752875218,1990|1991-1995,M2,1990,E0_full,original
Italy,1991,0,True,0.1262900365066693,1990|1991-1995,M2,1990,E0_full,original
Italy,1992,0,True,0.13953229161988723,1990|1991-1995,M2,1990,E0_full,original
Italy,1993,0,True,0.16116566294332713,1990|1991-1995,M2,1990,E0_full,original
Italy,1994,0,True,0.17563075713523243,1990|1991-1995,M2,1990,E0_full,original
Italy,1995,0,True,0.17486915552397872,1990|1991-1995,M2,1990,E0_full,original
Japan,1991,0,True,1e-06,1990|1991-1995,M2,1990,E0_full,original
Japan,1992,0,True,1e-06,1990|1991-1995,M2,1990,E0_full,original
Japan,1993,0,True,1e-06,1990|1991-1995,M2,1990,E0_full,original
Japan,1994,0,True,1e-06,1990|1991-1995,M2,1990,E0_full,original
Japan,1995,0,True,1e-06,1990|1991-1995,M2,1990,E0_full,original
Netherlands,1991,0,True,0.10195126970904708,1990|1991-1995,M2,1990,E0_full,original
Netherlands,1992,0,True,0.10346678973999626,1990|1991-1995,M2,1990,E0_full,original
Netherlands,1993,0,True,0.10571430611257124,1990|1991-1995,M2,1990,E0_full,original
Netherlands,1994,0,True,0.10033947538089245,1990|1991-1995,M2,1990,E0_full,original
Netherlands,1995,0,True,0.10098599369177916,1990|1991-1995,M2,1990,E0_full,original
Norway,1991,0,True,1e-06,1990|1991-1995,M2,1990,E0_full,original
Norway,1992,0,True,1e-06,1990|1991-1995,M2,1990,E0_full,original
Norway,1993,0,True,1e-06,1990|1991-1995,M2,1990,E0_full,original
Norway,1994,0,True,1e-06,1990|1991-1995,M2,1990,E0_full,original
Norway,1995,0,True,1e-06,1990|1991-1995,M2,1990,E0_full,original
Portugal,1991,0,True,0.13230142702419584,1990|1991-1995,M2,1990,E0_full,original
Portugal,1992,0,True,0.1135358282758914,1990|1991-1995,M2,1990,E0_full,original
Portugal,1993,0,True,0.12858054238599323,1990|1991-1995,M2,1990,E0_full,original
Portugal,1994,0,True,0.13818746592469328,1990|1991-1995,M2,1990,E0_full,original
Portugal,1995,0,True,0.1452499364620097,1990|1991-1995,M2,1990,E0_full,original
Spain,1991,0,True,0.10350393925149326,1990|1991-1995,M2,1990,E0_full,original
Spain,1992,0,True,0.1075026678177648,1990|1991-1995,M2,1990,E0_full,original
Spain,1993,0,True,0.1278724416557454,1990|1991-1995,M2,1990,E0_full,original
Spain,1994,0,True,0.13314912768513812,1990|1991-1995,M2,1990,E0_full,original
Spain,1995,0,True,0.14025529587981583,1990|1991-1995,M2,1990,E0_full,original
Sweden,1991,0,True,1e-06,1990|1991-1995,M2,1990,E0_full,original
Sweden,1992,0,True,1e-06,1990|1991-1995,M2,1990,E0_full,original
Sweden,1993,0,True,1e-06,1990|1991-1995,M2,1990,E0_full,original
Sweden,1994,0,True,1e-06,1990|1991-1995,M2,1990,E0_full,original
Sweden,1995,0,True,1e-06,1990|1991-1995,M2,1990,E0_full,original
Switzerland,1991,0,True,1e-06,1990|1991-1995,M2,1990,E0_full,original
Switzerland,1992,0,True,1e-06,1990|1991-1995,M2,1990,E0_full,original
Switzerland,1993,0,True,1e-06,1990|1991-1995,M2,1990,E0_full,original
Switzerland,1994,0,True,1e-06,1990|1991-1995,M2,1990,E0_full,original
Switzerland,1995,0,True,1e-06,1990|1991-1995,M2,1990,E0_full,original
UK,1991,0,True,0.049029974936196735,1990|1991-1995,M2,1990,E0_full,original
UK,1992,0,True,0.05110215927510632,1990|1991-1995,M2,1990,E0_full,original
UK,1993,0,True,0.053261649604988005,1990|1991-1995,M2,1990,E0_full,original
UK,1994,0,True,0.0545719402422636,1990|1991-1995,M2,1990,E0_full,original
UK,1995,0,True,0.05598632350929557,1990|1991-1995,M2,1990,E0_full,original
USA,1991,0,True,0.04821898392504291,1990|1991-1995,M2,1990,E0_full,original
USA,1992,0,True,0.051974019374010166,1990|1991-1995,M2,1990,E0_full,original
USA,1993,0,True,0.054137123986389604,1990|1991-1995,M2,1990,E0_full,original
USA,1994,0,True,0.05475289181779979,1990|1991-1995,M2,1990,E0_full,original
USA,1995,0,True,0.05525025071442177,1990|1991-1995,M2,1990,E0_full,original
Australia,2001,0,True,0.008063838187128258,2000|2001-2005,M1,2000,E0_full,original
Australia,2002,0,True,0.006477782891750044,2000|2001-2005,M1,2000,E0_full,original
Australia,2003,0,True,0.00621619759277489,2000|2001-2005,M1,2000,E0_full,original
Australia,2004,0,True,0.006601275714448136,2000|2001-2005,M1,2000,E0_full,original
Australia,2005,0,True,0.0069373908826865435,2000|2001-2005,M1,2000,E0_full,original
Belgium,2001,0,True,0.017777826734670384,2000|2001-2005,M1,2000,E0_full,original
Belgium,2002,0,True,0.01768764615345204,2000|2001-2005,M1,2000,E0_full,original
Belgium,2003,0,True,0.0275912572252261,2000|2001-2005,M1,2000,E0_full,original
Belgium,2004,0,True,0.021438585057023847,2000|2001-2005,M1,2000,E0_full,original
Belgium,2005,0,True,0.02984547878769867,2000|2001-2005,M1,2000,E0_full,original
Canada,2001,0,True,0.00982860593952415,2000|2001-2005,M1,2000,E0_full,original
Canada,2002,0,True,0.008048123361101892,2000|2001-2005,M1,2000,E0_full,original
Canada,2003,0,True,0.01149195280855429,2000|2001-2005,M1,2000,E0_full,original
Canada,2004,0,True,0.008842332534350999,2000|2001-2005,M1,2000,E0_full,original
Canada,2005,0,True,0.011329611094138351,2000|2001-2005,M1,2000,E0_full,original
Denmark,2001,0,True,0.0051215216494922035,2000|2001-2005,M1,2000,E0_full,original
Denmark,2002,0,True,0.007858631038739058,2000|2001-2005,M1,2000,E0_full,original
Denmark,2003,0,True,0.009197200248120204,2000|2001-2005,M1,2000,E0_full,original
Denmark,2004,0,True,0.006528230957156586,2000|2001-2005,M1,2000,E0_full,original
Denmark,2005,0,True,0.0024506025890728414,2000|2001-2005,M1,2000,E0_full,original
Finland,2001,0,True,0.006330100850433775,2000|2001-2005,M1,2000,E0_full,original
Finland,2002,0,True,0.006632878535594435,2000|2001-2005,M1,2000,E0_full,original
Finland,2003,0,True,0.011102824099462628,2000|2001-2005,M1,2000,E0_full,original
Finland,2004,0,True,0.010934831871293862,2000|2001-2005,M1,2000,E0_full,original
Finland,2005,0,True,0.011867179268384657,2000|2001-2005,M1,2000,E0_full,original
France,2001,0,True,0.012405417125542302,2000|2001-2005,M1,2000,E0_full,original
France,2002,0,True,0.018952124976470405,2000|2001-2005,M1,2000,E0_full,original
France,2003,0,True,0.027166998973615204,2000|2001-2005,M1,2000,E0_full,original
France,2004,0,True,0.027829953160410547,2000|2001-2005,M1,2000,E0_full,original
France,2005,0,True,0.02727039307445891,2000|2001-2005,M1,2000,E0_full,original
Germany,2001,0,True,0.05479999167045288,2000|2001-2005,M1,2000,E0_full,original
Germany,2002,0,True,0.05498177526952556,2000|2001-2005,M1,2000,E0_full,original
Germany,2003,0,True,0.09860878310501509,2000|2001-2005,M1,2000,E0_full,original
Germany,2004,0,True,0.0799234063906148,2000|2001-2005,M1,2000,E0_full,original
Germany,2005,0,True,0.0721606144617183,2000|2001-2005,M1,2000,E0_full,original
Ireland,2001,0,True,0.00825951532111686,2000|2001-2005,M1,2000,E0_full,original
Ireland,2002,0,True,0.012738170329143563,2000|2001-2005,M1,2000,E0_full,original
Ireland,2003,0,True,0.014670450833669742,2000|2001-2005,M1,2000,E0_full,original
Ireland,2004,0,True,0.006864133798332456,2000|2001-2005,M1,2000,E0_full,original
Ireland,2005,0,True,0.005085244425044667,2000|2001-2005,M1,2000,E0_full,original
Italy,2001,0,True,0.0803369212648865,2000|2001-2005,M1,2000,E0_full,original
Italy,2002,0,True,0.09773307909333266,2000|2001-2005,M1,2000,E0_full,original
Italy,2003,0,True,0.12641080947125408,2000|2001-2005,M1,2000,E0_full,original
Italy,2004,0,True,0.12615920237824682,2000|2001-2005,M1,2000,E0_full,original
Italy,2005,0,True,0.13560885766218078,2000|2001-2005,M1,2000,E0_full,original
Japan,2001,0,True,0.14275811602933336,2000|2001-2005,M1,2000,E0_full,original
Japan,2002,0,True,0.16961426359992865,2000|2001-2005,M1,2000,E0_full,original
Japan,2003,0,True,0.22865422984467543,2000|2001-2005,M1,2000,E0_full,original
Japan,2004,0,True,0.17998363120207997,2000|2001-2005,M1,2000,E0_full,original
Japan,2005,0,True,0.1618246798113021,2000|2001-2005,M1,2000,E0_full,original
Netherlands,2001,0,True,0.0384361412360202,2000|2001-2005,M1,2000,E0_full,original
Netherlands,2002,0,True,0.04512031656282845,2000|2001-2005,M1,2000,E0_full,original
Netherlands,2003,0,True,0.04518894781723399,2000|2001-2005,M1,2000,E0_full,original
Netherlands,2004,0,True,0.026036202577732325,2000|2001-2005,M1,2000,E0_full,original
Netherlands,2005,0,True,0.023562500502365996,2000|2001-2005,M1,2000,E0_full,original
Norway,2001,0,True,0.0008294322028836685,2000|2001-2005,M1,2000,E0_full,original
Norway,2002,0,True,0.0025579404690514534,2000|2001-2005,M1,2000,E0_full,original
Norway,2003,0,True,0.005875059426461701,2000|2001-2005,M1,2000,E0_full,original
Norway,2004,0,True,0.004979098602470445,2000|2001-2005,M1,2000,E0_full,original
Norway,2005,0,True,0.0019416950473534359,2000|2001-2005,M1,2000,E0_full,original
Portugal,2001,0,True,0.023240574385315082,2000|2001-2005,M1,2000,E0_full,original
Portugal,2002,0,True,0.03410874234004273,2000|2001-2005,M1,2000,E0_full,original
Portugal,2003,0,True,0.06136580057859411,2000|2001-2005,M1,2000,E0_full,original
Portugal,2004,0,True,0.11520304296273239,2000|2001-2005,M1,2000,E0_full,original
Portugal,2005,0,True,0.1477942423848084,2000|2001-2005,M1,2000,E0_full,original
Spain,2001,0,True,0.05868944272179187,2000|2001-2005,M1,2000,E0_full,original
Spain,2002,0,True,0.06058730444643389,2000|2001-2005,M1,2000,E0_full,original
Spain,2003,0,True,0.06530227014462037,2000|2001-2005,M1,2000,E0_full,original
Spain,2004,0,True,0.07050781036926569,2000|2001-2005,M1,2000,E0_full,original
Spain,2005,0,True,0.042885576818379206,2000|2001-2005,M1,2000,E0_full,original
Sweden,2001,0,True,0.0025972699988952167,2000|2001-2005,M1,2000,E0_full,original
Sweden,2002,0,True,0.004956774867542019,2000|2001-2005,M1,2000,E0_full,original
Sweden,2003,0,True,0.006275840183125074,2000|2001-2005,M1,2000,E0_full,original
Sweden,2004,0,True,0.004517016907689361,2000|2001-2005,M1,2000,E0_full,original
Sweden,2005,0,True,0.00385562664254303,2000|2001-2005,M1,2000,E0_full,original
Switzerland,2001,0,True,0.014092281307593262,2000|2001-2005,M1,2000,E0_full,original
Switzerland,2002,0,True,0.03845687717240877,2000|2001-2005,M1,2000,E0_full,original
Switzerland,2003,0,True,0.02557888552198257,2000|2001-2005,M1,2000,E0_full,original
Switzerland,2004,0,True,0.023035198554334557,2000|2001-2005,M1,2000,E0_full,original
Switzerland,2005,0,True,0.014473826763150946,2000|2001-2005,M1,2000,E0_full,original
UK,2001,0,True,0.037229704894757645,2000|2001-2005,M1,2000,E0_full,original
UK,2002,0,True,0.03586753706609354,2000|2001-2005,M1,2000,E0_full,original
UK,2003,0,True,0.04308017355353355,2000|2001-2005,M1,2000,E0_full,original
UK,2004,0,True,0.05077716497088041,2000|2001-2005,M1,2000,E0_full,original
UK,2005,0,True,0.05255108559096497,2000|2001-2005,M1,2000,E0_full,original
Australia,2001,0,True,1e-06,2000|2001-2005,M2,2000,E0_full,original
Australia,2002,0,True,1e-06,2000|2001-2005,M2,2000,E0_full,original
Australia,2003,0,True,1e-06,2000|2001-2005,M2,2000,E0_full,original
Australia,2004,0,True,1e-06,2000|2001-2005,M2,2000,E0_full,original
Australia,2005,0,True,1e-06,2000|2001-2005,M2,2000,E0_full,original
Belgium,2001,0,True,0.06909749303679474,2000|2001-2005,M2,2000,E0_full,original
Belgium,2002,0,True,0.0660718968384696,2000|2001-2005,M2,2000,E0_full,original
Belgium,2003,0,True,0.06226249787499414,2000|2001-2005,M2,2000,E0_full,original
Belgium,2004,0,True,0.05790591816310401,2000|2001-2005,M2,2000,E0_full,original
Belgium,2005,0,True,0.055972201589149916,2000|2001-2005,M2,2000,E0_full,original
Canada,2001,0,True,1e-06,2000|2001-2005,M2,2000,E0_full,original
Canada,2002,0,True,1e-06,2000|2001-2005,M2,2000,E0_full,original
Canada,2003,0,True,1e-06,2000|2001-2005,M2,2000,E0_full,original
Canada,2004,0,True,1e-06,2000|2001-2005,M2,2000,E0_full,original
Canada,2005,0,True,1e-06,2000|2001-2005,M2,2000,E0_full,original
Denmark,2001,0,True,1e-06,2000|2001-2005,M2,2000,E0_full,original
Denmark,2002,0,True,1e-06,2000|2001-2005,M2,2000,E0_full,original
Denmark,2003,0,True,1e-06,2000|2001-2005,M2,2000,E0_full,original
Denmark,2004,0,True,1e-06,2000|2001-2005,M2,2000,E0_full,original
Denmark,2005,0,True,1e-06,2000|2001-2005,M2,2000,E0_full,original
Finland,2001,0,True,1e-06,2000|2001-2005,M2,2000,E0_full,original
Finland,2002,0,True,1e-06,2000|2001-2005,M2,2000,E0_full,original
Finland,2003,0,True,1e-06,2000|2001-2005,M2,2000,E0_full,original
Finland,2004,0,True,1e-06,2000|2001-2005,M2,2000,E0_full,original
Finland,2005,0,True,1e-06,2000|2001-2005,M2,2000,E0_full,original
France,2001,0,True,0.0991462576395703,2000|2001-2005,M2,2000,E0_full,original
France,2002,0,True,0.10104109098513912,2000|2001-2005,M2,2000,E0_full,original
France,2003,0,True,0.10526485282790174,2000|2001-2005,M2,2000,E0_full,original
France,2004,0,True,0.10685535985992854,2000|2001-2005,M2,2000,E0_full,original
France,2005,0,True,0.10837933604315905,2000|2001-2005,M2,2000,E0_full,original
Germany,2001,0,True,0.04996232257682459,2000|2001-2005,M2,2000,E0_full,original
Germany,2002,0,True,0.05357504080469674,2000|2001-2005,M2,2000,E0_full,original
Germany,2003,0,True,0.06172319350381668,2000|2001-2005,M2,2000,E0_full,original
Germany,2004,0,True,0.06590055104315742,2000|2001-2005,M2,2000,E0_full,original
Germany,2005,0,True,0.07221488316811603,2000|2001-2005,M2,2000,E0_full,original
Ireland,2001,0,True,0.029249291773151245,2000|2001-2005,M2,2000,E0_full,original
Ireland,2002,0,True,0.027305445491273783,2000|2001-2005,M2,2000,E0_full,original
Ireland,2003,0,True,0.02657631212058554,2000|2001-2005,M2,2000,E0_full,original
Ireland,2004,0,True,0.025420167948408238,2000|2001-2005,M2,2000,E0_full,original
Ireland,2005,0,True,0.02412474010796868,2000|2001-2005,M2,2000,E0_full,original
Italy,2001,0,True,0.12347728419109366,2000|2001-2005,M2,2000,E0_full,original
Italy,2002,0,True,0.11869497529512214,2000|2001-2005,M2,2000,E0_full,original
Italy,2003,0,True,0.11629436268850193,2000|2001-2005,M2,2000,E0_full,original
Italy,2004,0,True,0.11555883229942437,2000|2001-2005,M2,2000,E0_full,original
Italy,2005,0,True,0.11846023829133003,2000|2001-2005,M2,2000,E0_full,original
Japan,2001,0,True,1e-06,2000|2001-2005,M2,2000,E0_full,original
Japan,2002,0,True,1e-06,2000|2001-2005,M2,2000,E0_full,original
Japan,2003,0,True,1e-06,2000|2001-2005,M2,2000,E0_full,original
Japan,2004,0,True,1e-06,2000|2001-2005,M2,2000,E0_full,original
Japan,2005,0,True,1e-06,2000|2001-2005,M2,2000,E0_full,original
Netherlands,2001,0,True,0.054172782759317945,2000|2001-2005,M2,2000,E0_full,original
Netherlands,2002,0,True,0.05346229355814586,2000|2001-2005,M2,2000,E0_full,original
Netherlands,2003,0,True,0.05476299729328987,2000|2001-2005,M2,2000,E0_full,original
Netherlands,2004,0,True,0.05510003263438994,2000|2001-2005,M2,2000,E0_full,original
Netherlands,2005,0,True,0.05456544268250823,2000|2001-2005,M2,2000,E0_full,original
Norway,2001,0,True,1e-06,2000|2001-2005,M2,2000,E0_full,original
Norway,2002,0,True,1e-06,2000|2001-2005,M2,2000,E0_full,original
Norway,2003,0,True,1e-06,2000|2001-2005,M2,2000,E0_full,original
Norway,2004,0,True,1e-06,2000|2001-2005,M2,2000,E0_full,original
Norway,2005,0,True,1e-06,2000|2001-2005,M2,2000,E0_full,original
Portugal,2001,0,True,0.10468810850846884,2000|2001-2005,M2,2000,E0_full,original
Portugal,2002,0,True,0.11130592558233125,2000|2001-2005,M2,2000,E0_full,original
Portugal,2003,0,True,0.12152676287848799,2000|2001-2005,M2,2000,E0_full,original
Portugal,2004,0,True,0.13062580169428856,2000|2001-2005,M2,2000,E0_full,original
Portugal,2005,0,True,0.14646731321946174,2000|2001-2005,M2,2000,E0_full,original
Spain,2001,0,True,0.10013622743264364,2000|2001-2005,M2,2000,E0_full,original
Spain,2002,0,True,0.09585396302499122,2000|2001-2005,M2,2000,E0_full,original
Spain,2003,0,True,0.09067660665852806,2000|2001-2005,M2,2000,E0_full,original
Spain,2004,0,True,0.0873836383379115,2000|2001-2005,M2,2000,E0_full,original
Spain,2005,0,True,0.08341632364165505,2000|2001-2005,M2,2000,E0_full,original
Sweden,2001,0,True,1e-06,2000|2001-2005,M2,2000,E0_full,original
Sweden,2002,0,True,1e-06,2000|2001-2005,M2,2000,E0_full,original
Sweden,2003,0,True,1e-06,2000|2001-2005,M2,2000,E0_full,original
Sweden,2004,0,True,1e-06,2000|2001-2005,M2,2000,E0_full,original
Sweden,2005,0,True,1e-06,2000|2001-2005,M2,2000,E0_full,original
Switzerland,2001,0,True,1e-06,2000|2001-2005,M2,2000,E0_full,original
Switzerland,2002,0,True,1e-06,2000|2001-2005,M2,2000,E0_full,original
Switzerland,2003,0,True,1e-06,2000|2001-2005,M2,2000,E0_full,original
Switzerland,2004,0,True,1e-06,2000|2001-2005,M2,2000,E0_full,original
Switzerland,2005,0,True,1e-06,2000|2001-2005,M2,2000,E0_full,original
UK,2001,0,True,0.05256276345594045,2000|2001-2005,M2,2000,E0_full,original
UK,2002,0,True,0.05265092312707145,2000|2001-2005,M2,2000,E0_full,original
UK,2003,0,True,0.05313624229359571,2000|2001-2005,M2,2000,E0_full,original
UK,2004,0,True,0.05438302243308748,2000|2001-2005,M2,2000,E0_full,original
UK,2005,0,True,0.05489102921367779,2000|2001-2005,M2,2000,E0_full,original
USA,2001,0,True,0.03683378861436989,2000|2001-2005,M2,2000,E0_full,original
USA,2002,0,True,0.038646007219400855,2000|2001-2005,M2,2000,E0_full,original
USA,2003,0,True,0.040787022615014414,2000|2001-2005,M2,2000,E0_full,original
USA,2004,0,True,0.04185796366697174,2000|2001-2005,M2,2000,E0_full,original
USA,2005,0,True,0.04219285987002597,2000|2001-2005,M2,2000,E0_full,original
Australia,2011,0,True,0.007901374710327173,2010|2011-2015,M1,2010,E0_full,original
Australia,2012,0,True,0.011062720395952129,2010|2011-2015,M1,2010,E0_full,original
Australia,2013,0,True,0.005022126389659832,2010|2011-2015,M1,2010,E0_full,original
Australia,2014,0,True,0.0035036701601954797,2010|2011-2015,M1,2010,E0_full,original
Australia,2015,0,True,0.002408390106898942,2010|2011-2015,M1,2010,E0_full,original
Belgium,2011,0,True,0.032638910449849845,2010|2011-2015,M1,2010,E0_full,original
Belgium,2012,0,True,0.04008279139298753,2010|2011-2015,M1,2010,E0_full,original
Belgium,2013,0,True,0.03768414382799921,2010|2011-2015,M1,2010,E0_full,original
Belgium,2014,0,True,0.05142040119528566,2010|2011-2015,M1,2010,E0_full,original
Belgium,2015,0,True,0.04134986680055456,2010|2011-2015,M1,2010,E0_full,original
Canada,2011,0,True,0.0009477426704702554,2010|2011-2015,M1,2010,E0_full,original
Canada,2012,0,True,0.0010199951623341109,2010|2011-2015,M1,2010,E0_full,original
Canada,2013,0,True,0.0009163562434960375,2010|2011-2015,M1,2010,E0_full,original
Canada,2014,0,True,0.0009694891526600408,2010|2011-2015,M1,2010,E0_full,original
Canada,2015,0,True,0.0008015741166129697,2010|2011-2015,M1,2010,E0_full,original
Denmark,2011,0,True,0.000522436452619537,2010|2011-2015,M1,2010,E0_full,original
Denmark,2012,0,True,0.0006985760290848035,2010|2011-2015,M1,2010,E0_full,original
Denmark,2013,0,True,0.00045350066876663166,2010|2011-2015,M1,2010,E0_full,original
Denmark,2014,0,True,0.0003144662898065245,2010|2011-2015,M1,2010,E0_full,original
Denmark,2015,0,True,0.00032962917137556235,2010|2011-2015,M1,2010,E0_full,original
Finland,2011,0,True,0.0006436401320484088,2010|2011-2015,M1,2010,E0_full,original
Finland,2012,0,True,0.0010308942555132118,2010|2011-2015,M1,2010,E0_full,original
Finland,2013,0,True,0.0017253837918356637,2010|2011-2015,M1,2010,E0_full,original
Finland,2014,0,True,0.0037429497357780793,2010|2011-2015,M1,2010,E0_full,original
Finland,2015,0,True,0.003776482114261995,2010|2011-2015,M1,2010,E0_full,original
France,2011,0,True,0.0824217080347309,2010|2011-2015,M1,2010,E0_full,original
France,2012,0,True,0.10998351277457324,2010|2011-2015,M1,2010,E0_full,original
France,2013,0,True,0.11306519643271566,2010|2011-2015,M1,2010,E0_full,original
France,2014,0,True,0.10641132990541108,2010|2011-2015,M1,2010,E0_full,original
France,2015,0,True,0.12162481947616172,2010|2011-2015,M1,2010,E0_full,original
Germany,2011,0,True,0.054666305446972215,2010|2011-2015,M1,2010,E0_full,original
Germany,2012,0,True,0.028152495279586714,2010|2011-2015,M1,2010,E0_full,original
Germany,2013,0,True,0.02331252196735904,2010|2011-2015,M1,2010,E0_full,original
Germany,2014,0,True,0.01758079539692149,2010|2011-2015,M1,2010,E0_full,original
Germany,2015,0,True,0.0103947243732273,2010|2011-2015,M1,2010,E0_full,original
Italy,2011,0,True,0.16932326344977291,2010|2011-2015,M1,2010,E0_full,original
Italy,2012,0,True,0.15403606306650472,2010|2011-2015,M1,2010,E0_full,original
Italy,2013,0,True,0.26515549805536054,2010|2011-2015,M1,2010,E0_full,original
Italy,2014,0,True,0.2646928388014414,2010|2011-2015,M1,2010,E0_full,original
Italy,2015,0,True,0.25672098210067434,2010|2011-2015,M1,2010,E0_full,original
Japan,2011,0,True,0.011134985689919608,2010|2011-2015,M1,2010,E0_full,original
Japan,2012,0,True,0.0030007084323877067,2010|2011-2015,M1,2010,E0_full,original
Japan,2013,0,True,0.003707735357498242,2010|2011-2015,M1,2010,E0_full,original
Japan,2014,0,True,0.001483732288765992,2010|2011-2015,M1,2010,E0_full,original
Japan,2015,0,True,0.0008428872956305919,2010|2011-2015,M1,2010,E0_full,original
Netherlands,2011,0,True,0.03895639998557478,2010|2011-2015,M1,2010,E0_full,original
Netherlands,2012,0,True,0.04488573470940479,2010|2011-2015,M1,2010,E0_full,original
Netherlands,2013,0,True,0.05695165281211123,2010|2011-2015,M1,2010,E0_full,original
Netherlands,2014,0,True,0.05768811698361246,2010|2011-2015,M1,2010,E0_full,original
Netherlands,2015,0,True,0.10202290380855422,2010|2011-2015,M1,2010,E0_full,original
Norway,2011,0,True,0.00012753873307357627,2010|2011-2015,M1,2010,E0_full,original
Norway,2012,0,True,0.0001957278573448591,2010|2011-2015,M1,2010,E0_full,original
Norway,2013,0,True,0.00016066660611881777,2010|2011-2015,M1,2010,E0_full,original
Norway,2014,0,True,0.00012973900933231717,2010|2011-2015,M1,2010,E0_full,original
Norway,2015,0,True,0.00014990039920281995,2010|2011-2015,M1,2010,E0_full,original
Portugal,2011,0,True,0.594833781775283,2010|2011-2015,M1,2010,E0_full,original
Spain,2011,0,True,0.26059627798086127,2010|2011-2015,M1,2010,E0_full,original
Spain,2012,0,True,0.4948115772265615,2010|2011-2015,M1,2010,E0_full,original
Spain,2013,0,True,0.5652375534855834,2010|2011-2015,M1,2010,E0_full,original
Spain,2014,0,True,0.5431791396550754,2010|2011-2015,M1,2010,E0_full,original
Spain,2015,0,True,0.31178006205249015,2010|2011-2015,M1,2010,E0_full,original
Sweden,2011,0,True,0.00017739848731264306,2010|2011-2015,M1,2010,E0_full,original
Sweden,2012,0,True,0.0001585685736509419,2010|2011-2015,M1,2010,E0_full,original
Sweden,2013,0,True,0.00019842683110695146,2010|2011-2015,M1,2010,E0_full,original
Sweden,2014,0,True,0.00028662964431584514,2010|2011-2015,M1,2010,E0_full,original
Sweden,2015,0,True,0.0003149843605873888,2010|2011-2015,M1,2010,E0_full,original
Switzerland,2011,0,True,0.0010122998405445206,2010|2011-2015,M1,2010,E0_full,original
Switzerland,2012,0,True,0.0009167678308815324,2010|2011-2015,M1,2010,E0_full,original
Switzerland,2013,0,True,0.0008943078944290672,2010|2011-2015,M1,2010,E0_full,original
Switzerland,2014,0,True,0.0005701322867159727,2010|2011-2015,M1,2010,E0_full,original
Switzerland,2015,0,True,0.0009187118544717439,2010|2011-2015,M1,2010,E0_full,original
UK,2011,0,True,0.19765213019894426,2010|2011-2015,M1,2010,E0_full,original
UK,2012,0,True,0.23808272724809293,2010|2011-2015,M1,2010,E0_full,original
UK,2013,0,True,0.21329171929006896,2010|2011-2015,M1,2010,E0_full,original
UK,2014,0,True,0.1622071985929407,2010|2011-2015,M1,2010,E0_full,original
UK,2015,0,True,0.1313863382135371,2010|2011-2015,M1,2010,E0_full,original
Australia,2011,0,True,1e-06,2010|2011-2015,M2,2010,E0_full,original
Australia,2012,0,True,1e-06,2010|2011-2015,M2,2010,E0_full,original
Australia,2013,0,True,1e-06,2010|2011-2015,M2,2010,E0_full,original
Australia,2014,0,True,1e-06,2010|2011-2015,M2,2010,E0_full,original
Australia,2015,0,True,1e-06,2010|2011-2015,M2,2010,E0_full,original
Belgium,2011,0,True,0.05154103035495047,2010|2011-2015,M2,2010,E0_full,original
Belgium,2012,0,True,0.05253688643457963,2010|2011-2015,M2,2010,E0_full,original
Belgium,2013,0,True,0.05308061818915508,2010|2011-2015,M2,2010,E0_full,original
Belgium,2014,0,True,0.05426369237254153,2010|2011-2015,M2,2010,E0_full,original
Belgium,2015,0,True,0.05284694286043276,2010|2011-2015,M2,2010,E0_full,original
Canada,2011,0,True,1e-06,2010|2011-2015,M2,2010,E0_full,original
Canada,2012,0,True,1e-06,2010|2011-2015,M2,2010,E0_full,original
Canada,2013,0,True,1e-06,2010|2011-2015,M2,2010,E0_full,original
Canada,2014,0,True,1e-06,2010|2011-2015,M2,2010,E0_full,original
Canada,2015,0,True,1e-06,2010|2011-2015,M2,2010,E0_full,original
Denmark,2011,0,True,1e-06,2010|2011-2015,M2,2010,E0_full,original
Denmark,2012,0,True,1e-06,2010|2011-2015,M2,2010,E0_full,original
Denmark,2013,0,True,1e-06,2010|2011-2015,M2,2010,E0_full,original
Denmark,2014,0,True,1e-06,2010|2011-2015,M2,2010,E0_full,original
Denmark,2015,0,True,1e-06,2010|2011-2015,M2,2010,E0_full,original
Finland,2011,0,True,1e-06,2010|2011-2015,M2,2010,E0_full,original
Finland,2012,0,True,1e-06,2010|2011-2015,M2,2010,E0_full,original
Finland,2013,0,True,1e-06,2010|2011-2015,M2,2010,E0_full,original
Finland,2014,0,True,1e-06,2010|2011-2015,M2,2010,E0_full,original
Finland,2015,0,True,1e-06,2010|2011-2015,M2,2010,E0_full,original
France,2011,0,True,0.11478231854056316,2010|2011-2015,M2,2010,E0_full,original
France,2012,0,True,0.11787979216309742,2010|2011-2015,M2,2010,E0_full,original
France,2013,0,True,0.12109527099548825,2010|2011-2015,M2,2010,E0_full,original
France,2014,0,True,0.12281427386870811,2010|2011-2015,M2,2010,E0_full,original
France,2015,0,True,0.12362650140827715,2010|2011-2015,M2,2010,E0_full,original
Germany,2011,0,True,0.06979550597257345,2010|2011-2015,M2,2010,E0_full,original
Germany,2012,0,True,0.07274344040747356,2010|2011-2015,M2,2010,E0_full,original
Germany,2013,0,True,0.06748229357748389,2010|2011-2015,M2,2010,E0_full,original
Germany,2014,0,True,0.061355573389430554,2010|2011-2015,M2,2010,E0_full,original
Germany,2015,0,True,0.055027216231362634,2010|2011-2015,M2,2010,E0_full,original
Italy,2011,0,True,0.13145118115558393,2010|2011-2015,M2,2010,E0_full,original
Italy,2012,0,True,0.14331362927588578,2010|2011-2015,M2,2010,E0_full,original
Italy,2013,0,True,0.1544339497594908,2010|2011-2015,M2,2010,E0_full,original
Italy,2014,0,True,0.16011505215339797,2010|2011-2015,M2,2010,E0_full,original
Italy,2015,0,True,0.1599448169105997,2010|2011-2015,M2,2010,E0_full,original
Japan,2011,0,True,1e-06,2010|2011-2015,M2,2010,E0_full,original
Japan,2012,0,True,1e-06,2010|2011-2015,M2,2010,E0_full,original
Japan,2013,0,True,1e-06,2010|2011-2015,M2,2010,E0_full,original
Japan,2014,0,True,1e-06,2010|2011-2015,M2,2010,E0_full,original
Japan,2015,0,True,1e-06,2010|2011-2015,M2,2010,E0_full,original
Netherlands,2011,0,True,0.06437436634171682,2010|2011-2015,M2,2010,E0_full,original
Netherlands,2012,0,True,0.07004925397124113,2010|2011-2015,M2,2010,E0_full,original
Netherlands,2013,0,True,0.07195542814037105,2010|2011-2015,M2,2010,E0_full,original
Netherlands,2014,0,True,0.0722116402968408,2010|2011-2015,M2,2010,E0_full,original
Netherlands,2015,0,True,0.06801177434437804,2010|2011-2015,M2,2010,E0_full,original
Norway,2011,0,True,1e-06,2010|2011-2015,M2,2010,E0_full,original
Norway,2012,0,True,1e-06,2010|2011-2015,M2,2010,E0_full,original
Norway,2013,0,True,1e-06,2010|2011-2015,M2,2010,E0_full,original
Norway,2014,0,True,1e-06,2010|2011-2015,M2,2010,E0_full,original
Norway,2015,0,True,1e-06,2010|2011-2015,M2,2010,E0_full,original
Portugal,2011,0,True,0.26217032602061996,2010|2011-2015,M2,2010,E0_full,original
Spain,2011,0,True,0.10751583130539936,2010|2011-2015,M2,2010,E0_full,original
Spain,2012,0,True,0.13805178892968953,2010|2011-2015,M2,2010,E0_full,original
Spain,2013,0,True,0.15874718688811984,2010|2011-2015,M2,2010,E0_full,original
Spain,2014,0,True,0.17044733376116766,2010|2011-2015,M2,2010,E0_full,original
Spain,2015,0,True,0.16705476255472196,2010|2011-2015,M2,2010,E0_full,original
Sweden,2011,0,True,1e-06,2010|2011-2015,M2,2010,E0_full,original
Sweden,2012,0,True,1e-06,2010|2011-2015,M2,2010,E0_full,original
Sweden,2013,0,True,1e-06,2010|2011-2015,M2,2010,E0_full,original
Sweden,2014,0,True,1e-06,2010|2011-2015,M2,2010,E0_full,original
Sweden,2015,0,True,1e-06,2010|2011-2015,M2,2010,E0_full,original
Switzerland,2011,0,True,1e-06,2010|2011-2015,M2,2010,E0_full,original
Switzerland,2012,0,True,1e-06,2010|2011-2015,M2,2010,E0_full,original
Switzerland,2013,0,True,1e-06,2010|2011-2015,M2,2010,E0_full,original
Switzerland,2014,0,True,1e-06,2010|2011-2015,M2,2010,E0_full,original
Switzerland,2015,0,True,1e-06,2010|2011-2015,M2,2010,E0_full,original
UK,2011,0,True,0.0715200094622221,2010|2011-2015,M2,2010,E0_full,original
UK,2012,0,True,0.073164532327033,2010|2011-2015,M2,2010,E0_full,original
UK,2013,0,True,0.07368521946460849,2010|2011-2015,M2,2010,E0_full,original
UK,2014,0,True,0.07469163930568826,2010|2011-2015,M2,2010,E0_full,original
UK,2015,0,True,0.0750427239609026,2010|2011-2015,M2,2010,E0_full,original
USA,2011,0,True,0.06802428177906965,2010|2011-2015,M2,2010,E0_full,original
USA,2012,0,True,0.07331898510243481,2010|2011-2015,M2,2010,E0_full,original
USA,2013,0,True,0.07423753599886468,2010|2011-2015,M2,2010,E0_full,original
USA,2014,0,True,0.07678433187497441,2010|2011-2015,M2,2010,E0_full,original
USA,2015,0,True,0.07344956296779957,2010|2011-2015,M2,2010,E0_full,original
Australia,2016,0,True,0.012642928769385815,2015|2016-2020,M1,2015,E0_full,original
Australia,2017,0,True,0.014679208734190827,2015|2016-2020,M1,2015,E0_full,original
Australia,2018,0,False,0.014188516139943664,2015|2016-2020,M1,2015,E0_full,original
Australia,2019,0,False,0.024225049000549666,2015|2016-2020,M1,2015,E0_full,original
Belgium,2016,0,True,0.026127285052831826,2015|2016-2020,M1,2015,E0_full,original
Belgium,2017,0,True,0.025464945503140976,2015|2016-2020,M1,2015,E0_full,original
Belgium,2018,0,False,0.022819242835347614,2015|2016-2020,M1,2015,E0_full,original
Belgium,2019,0,False,0.02679289502581898,2015|2016-2020,M1,2015,E0_full,original
Belgium,2020,0,False,0.07190721797376394,2015|2016-2020,M1,2015,E0_full,original
Canada,2016,0,True,0.01642606987067333,2015|2016-2020,M1,2015,E0_full,original
Canada,2017,0,True,0.016818247912994445,2015|2016-2020,M1,2015,E0_full,original
Canada,2018,0,False,0.01946000761537006,2015|2016-2020,M1,2015,E0_full,original
Canada,2019,0,False,0.022709402177950096,2015|2016-2020,M1,2015,E0_full,original
Canada,2020,0,False,0.07437288806608913,2015|2016-2020,M1,2015,E0_full,original
Denmark,2016,0,True,0.0029521062264267887,2015|2016-2020,M1,2015,E0_full,original
Denmark,2017,0,True,0.0027035277999255614,2015|2016-2020,M1,2015,E0_full,original
Denmark,2018,0,False,0.003148264556366177,2015|2016-2020,M1,2015,E0_full,original
Denmark,2019,0,False,0.002212148936153961,2015|2016-2020,M1,2015,E0_full,original
Denmark,2020,0,False,0.005201310265948422,2015|2016-2020,M1,2015,E0_full,original
Finland,2016,0,True,0.07711905467535025,2015|2016-2020,M1,2015,E0_full,original
Finland,2017,0,True,0.05527213725755084,2015|2016-2020,M1,2015,E0_full,original
Finland,2018,0,False,0.045455418574818066,2015|2016-2020,M1,2015,E0_full,original
Finland,2019,0,False,0.04430304847833016,2015|2016-2020,M1,2015,E0_full,original
Finland,2020,0,False,0.10168091377950497,2015|2016-2020,M1,2015,E0_full,original
France,2016,0,True,0.14558651044625467,2015|2016-2020,M1,2015,E0_full,original
France,2017,0,True,0.14346614461291057,2015|2016-2020,M1,2015,E0_full,original
France,2018,0,False,0.14233819994388244,2015|2016-2020,M1,2015,E0_full,original
France,2019,0,False,0.16866366281681236,2015|2016-2020,M1,2015,E0_full,original
France,2020,0,False,0.28879050548219604,2015|2016-2020,M1,2015,E0_full,original
Germany,2016,0,True,0.008064437341860612,2015|2016-2020,M1,2015,E0_full,original
Germany,2017,0,True,0.008566655662502986,2015|2016-2020,M1,2015,E0_full,original
Germany,2018,0,False,0.007454963983405987,2015|2016-2020,M1,2015,E0_full,original
Germany,2019,0,False,0.00909050835905991,2015|2016-2020,M1,2015,E0_full,original
Germany,2020,0,False,0.040110892367813865,2015|2016-2020,M1,2015,E0_full,original
Ireland,2016,0,True,0.0191367051008696,2015|2016-2020,M1,2015,E0_full,original
Ireland,2017,0,True,0.012554421655451021,2015|2016-2020,M1,2015,E0_full,original
Ireland,2018,0,False,0.011650515777512827,2015|2016-2020,M1,2015,E0_full,original
Ireland,2019,0,False,0.057831543314789756,2015|2016-2020,M1,2015,E0_full,original
Ireland,2020,0,False,0.04069632586043215,2015|2016-2020,M1,2015,E0_full,original
Italy,2016,0,True,0.09077554453534964,2015|2016-2020,M1,2015,E0_full,original
Italy,2017,0,True,0.08335389769269005,2015|2016-2020,M1,2015,E0_full,original
Italy,2018,0,False,0.0813365923321637,2015|2016-2020,M1,2015,E0_full,original
Italy,2019,0,False,0.0825204365021939,2015|2016-2020,M1,2015,E0_full,original
Italy,2020,0,False,0.18090248872221695,2015|2016-2020,M1,2015,E0_full,original
Japan,2016,0,True,0.017683235029130225,2015|2016-2020,M1,2015,E0_full,original
Japan,2017,0,True,0.014693702848793696,2015|2016-2020,M1,2015,E0_full,original
Netherlands,2016,0,True,0.013598994878449552,2015|2016-2020,M1,2015,E0_full,original
Netherlands,2017,0,True,0.007927455277195733,2015|2016-2020,M1,2015,E0_full,original
Netherlands,2018,0,False,0.008624762438002165,2015|2016-2020,M1,2015,E0_full,original
Netherlands,2019,0,False,0.011251034184502686,2015|2016-2020,M1,2015,E0_full,original
Netherlands,2020,0,False,0.02850412038317544,2015|2016-2020,M1,2015,E0_full,original
Norway,2016,0,True,0.004737684461642005,2015|2016-2020,M1,2015,E0_full,original
Norway,2017,0,True,0.0053526883077209125,2015|2016-2020,M1,2015,E0_full,original
Norway,2018,0,False,0.004867861117823434,2015|2016-2020,M1,2015,E0_full,original
Norway,2019,0,False,0.006810950671170261,2015|2016-2020,M1,2015,E0_full,original
Norway,2020,0,False,0.010598495285261144,2015|2016-2020,M1,2015,E0_full,original
Portugal,2017,0,True,0.04318081228763732,2015|2016-2020,M1,2015,E0_full,original
Portugal,2018,0,False,0.04307554262474656,2015|2016-2020,M1,2015,E0_full,original
Portugal,2019,0,False,0.03863490211204303,2015|2016-2020,M1,2015,E0_full,original
Portugal,2020,0,False,0.13575641387156637,2015|2016-2020,M1,2015,E0_full,original
Spain,2016,0,True,0.07125274773516886,2015|2016-2020,M1,2015,E0_full,original
Spain,2017,0,True,0.06627011139959764,2015|2016-2020,M1,2015,E0_full,original
Spain,2018,0,False,0.06927631982969475,2015|2016-2020,M1,2015,E0_full,original
Spain,2019,0,False,0.07133958776502211,2015|2016-2020,M1,2015,E0_full,original
Spain,2020,0,False,0.38964645829404243,2015|2016-2020,M1,2015,E0_full,original
Sweden,2016,0,True,0.003259056892653533,2015|2016-2020,M1,2015,E0_full,original
Sweden,2017,0,True,0.0029061098611298493,2015|2016-2020,M1,2015,E0_full,original
Sweden,2018,0,False,0.002965231051075676,2015|2016-2020,M1,2015,E0_full,original
Sweden,2019,0,False,0.002460850984301987,2015|2016-2020,M1,2015,E0_full,original
Sweden,2020,0,False,0.004324064438146843,2015|2016-2020,M1,2015,E0_full,original
Switzerland,2016,0,True,0.014972644879700384,2015|2016-2020,M1,2015,E0_full,original
Switzerland,2017,0,True,0.013678317504356819,2015|2016-2020,M1,2015,E0_full,original
Switzerland,2018,0,False,0.013860307797153566,2015|2016-2020,M1,2015,E0_full,original
Switzerland,2019,0,False,0.01646812555706281,2015|2016-2020,M1,2015,E0_full,original
Switzerland,2020,0,False,0.05942356824705295,2015|2016-2020,M1,2015,E0_full,original
UK,2016,0,True,0.07171044660349168,2015|2016-2020,M1,2015,E0_full,original
UK,2017,0,True,0.07827352083767868,2015|2016-2020,M1,2015,E0_full,original
UK,2018,0,False,0.07766682470220539,2015|2016-2020,M1,2015,E0_full,original
UK,2019,0,False,0.08121840489821934,2015|2016-2020,M1,2015,E0_full,original
UK,2020,0,False,0.10985347543195863,2015|2016-2020,M1,2015,E0_full,original
Australia,2016,0,True,1e-06,2015|2016-2020,M2,2015,E0_full,original
Australia,2017,0,True,1e-06,2015|2016-2020,M2,2015,E0_full,original
Australia,2018,0,False,1e-06,2015|2016-2020,M2,2015,E0_full,original
Australia,2019,0,False,1e-06,2015|2016-2020,M2,2015,E0_full,original
Belgium,2016,0,True,0.04921394632073389,2015|2016-2020,M2,2015,E0_full,original
Belgium,2017,0,True,0.04699400438648614,2015|2016-2020,M2,2015,E0_full,original
Belgium,2018,0,False,0.04549703591816237,2015|2016-2020,M2,2015,E0_full,original
Belgium,2019,0,False,0.043977543426649696,2015|2016-2020,M2,2015,E0_full,original
Belgium,2020,0,False,0.055459777470575566,2015|2016-2020,M2,2015,E0_full,original
Canada,2016,0,True,1e-06,2015|2016-2020,M2,2015,E0_full,original
Canada,2017,0,True,1e-06,2015|2016-2020,M2,2015,E0_full,original
Canada,2018,0,False,1e-06,2015|2016-2020,M2,2015,E0_full,original
Canada,2019,0,False,1e-06,2015|2016-2020,M2,2015,E0_full,original
Canada,2020,0,False,1e-06,2015|2016-2020,M2,2015,E0_full,original
Denmark,2016,0,True,1e-06,2015|2016-2020,M2,2015,E0_full,original
Denmark,2017,0,True,1e-06,2015|2016-2020,M2,2015,E0_full,original
Denmark,2018,0,False,1e-06,2015|2016-2020,M2,2015,E0_full,original
Denmark,2019,0,False,1e-06,2015|2016-2020,M2,2015,E0_full,original
Denmark,2020,0,False,1e-06,2015|2016-2020,M2,2015,E0_full,original
Finland,2016,0,True,1e-06,2015|2016-2020,M2,2015,E0_full,original
Finland,2017,0,True,1e-06,2015|2016-2020,M2,2015,E0_full,original
Finland,2018,0,False,1e-06,2015|2016-2020,M2,2015,E0_full,original
Finland,2019,0,False,1e-06,2015|2016-2020,M2,2015,E0_full,original
Finland,2020,0,False,1e-06,2015|2016-2020,M2,2015,E0_full,original
France,2016,0,True,0.11861326984398576,2015|2016-2020,M2,2015,E0_full,original
France,2017,0,True,0.11882409357302577,2015|2016-2020,M2,2015,E0_full,original
France,2018,0,False,0.11840276990779043,2015|2016-2020,M2,2015,E0_full,original
France,2019,0,False,0.11801647682961744,2015|2016-2020,M2,2015,E0_full,original
France,2020,0,False,0.14073076730094122,2015|2016-2020,M2,2015,E0_full,original
Germany,2016,0,True,0.04096448373344518,2015|2016-2020,M2,2015,E0_full,original
Germany,2017,0,True,0.035775430728531385,2015|2016-2020,M2,2015,E0_full,original
Germany,2018,0,False,0.0323796113585376,2015|2016-2020,M2,2015,E0_full,original
Germany,2019,0,False,0.030211433333895428,2015|2016-2020,M2,2015,E0_full,original
Germany,2020,0,False,0.0403076340167087,2015|2016-2020,M2,2015,E0_full,original
Ireland,2016,0,True,0.1356327221906518,2015|2016-2020,M2,2015,E0_full,original
Ireland,2017,0,True,0.11843495672416987,2015|2016-2020,M2,2015,E0_full,original
Ireland,2018,0,False,0.1073359725027532,2015|2016-2020,M2,2015,E0_full,original
Ireland,2019,0,False,0.09453183879427118,2015|2016-2020,M2,2015,E0_full,original
Ireland,2020,0,False,0.09705043826189902,2015|2016-2020,M2,2015,E0_full,original
Italy,2016,0,True,0.1513310285017747,2015|2016-2020,M2,2015,E0_full,original
Italy,2017,0,True,0.15007023298368377,2015|2016-2020,M2,2015,E0_full,original
Italy,2018,0,False,0.15058399363888555,2015|2016-2020,M2,2015,E0_full,original
Italy,2019,0,False,0.15090072311923977,2015|2016-2020,M2,2015,E0_full,original
Italy,2020,0,False,0.19701946495800374,2015|2016-2020,M2,2015,E0_full,original
Japan,2016,0,True,1e-06,2015|2016-2020,M2,2015,E0_full,original
Japan,2017,0,True,1e-06,2015|2016-2020,M2,2015,E0_full,original
Netherlands,2016,0,True,0.060032991833360666,2015|2016-2020,M2,2015,E0_full,original
Netherlands,2017,0,True,0.0543020441008872,2015|2016-2020,M2,2015,E0_full,original
Netherlands,2018,0,False,0.049556180122578515,2015|2016-2020,M2,2015,E0_full,original
Netherlands,2019,0,False,0.04578840858478522,2015|2016-2020,M2,2015,E0_full,original
Netherlands,2020,0,False,0.051524487136093054,2015|2016-2020,M2,2015,E0_full,original
Norway,2016,0,True,1e-06,2015|2016-2020,M2,2015,E0_full,original
Norway,2017,0,True,1e-06,2015|2016-2020,M2,2015,E0_full,original
Norway,2018,0,False,1e-06,2015|2016-2020,M2,2015,E0_full,original
Norway,2019,0,False,1e-06,2015|2016-2020,M2,2015,E0_full,original
Norway,2020,0,False,1e-06,2015|2016-2020,M2,2015,E0_full,original
Portugal,2017,0,True,0.363435645038634,2015|2016-2020,M2,2015,E0_full,original
Portugal,2018,0,False,0.3404233283373841,2015|2016-2020,M2,2015,E0_full,original
Portugal,2019,0,False,0.31714702180356025,2015|2016-2020,M2,2015,E0_full,original
Portugal,2020,0,False,0.40981675368661696,2015|2016-2020,M2,2015,E0_full,original
Spain,2016,0,True,0.157518374117318,2015|2016-2020,M2,2015,E0_full,original
Spain,2017,0,True,0.15605248752477965,2015|2016-2020,M2,2015,E0_full,original
Spain,2018,0,False,0.15357228738938047,2015|2016-2020,M2,2015,E0_full,original
Spain,2019,0,False,0.14895597317822495,2015|2016-2020,M2,2015,E0_full,original
Spain,2020,0,False,0.2143637546845777,2015|2016-2020,M2,2015,E0_full,original
Sweden,2016,0,True,1e-06,2015|2016-2020,M2,2015,E0_full,original
Sweden,2017,0,True,1e-06,2015|2016-2020,M2,2015,E0_full,original
Sweden,2018,0,False,1e-06,2015|2016-2020,M2,2015,E0_full,original
Sweden,2019,0,False,1e-06,2015|2016-2020,M2,2015,E0_full,original
Sweden,2020,0,False,1e-06,2015|2016-2020,M2,2015,E0_full,original
Switzerland,2016,0,True,1e-06,2015|2016-2020,M2,2015,E0_full,original
Switzerland,2017,0,True,1e-06,2015|2016-2020,M2,2015,E0_full,original
Switzerland,2018,0,False,1e-06,2015|2016-2020,M2,2015,E0_full,original
Switzerland,2019,0,False,1e-06,2015|2016-2020,M2,2015,E0_full,original
Switzerland,2020,0,False,1e-06,2015|2016-2020,M2,2015,E0_full,original
UK,2016,0,True,0.07151007267380435,2015|2016-2020,M2,2015,E0_full,original
UK,2017,0,True,0.07126155598632948,2015|2016-2020,M2,2015,E0_full,original
UK,2018,0,False,0.07097200222474503,2015|2016-2020,M2,2015,E0_full,original
UK,2019,0,False,0.07068727482051164,2015|2016-2020,M2,2015,E0_full,original
UK,2020,0,False,0.08167360365069143,2015|2016-2020,M2,2015,E0_full,original
USA,2016,0,True,0.07157726409268704,2015|2016-2020,M2,2015,E0_full,original
USA,2017,0,True,0.07083587482582239,2015|2016-2020,M2,2015,E0_full,original
USA,2018,0,False,0.07182598120014559,2015|2016-2020,M2,2015,E0_full,original
USA,2019,0,False,0.07358943825690575,2015|2016-2020,M2,2015,E0_full,original
USA,2020,0,False,0.1057548482006554,2015|2016-2020,M2,2015,E0_full,original
Australia,1951,0,True,0.010713674123336576,1950|1951-1955,M1,1950,E0_R1,original
Australia,1952,0,True,0.0022994122520514494,1950|1951-1955,M1,1950,E0_R1,original
Australia,1953,0,True,0.0015917485936646609,1950|1951-1955,M1,1950,E0_R1,original
Australia,1954,0,True,0.001076647875358673,1950|1951-1955,M1,1950,E0_R1,original
Australia,1955,0,True,0.004226925086442865,1950|1951-1955,M1,1950,E0_R1,original
Belgium,1951,0,True,0.24567891579651152,1950|1951-1955,M1,1950,E0_R1,original
Belgium,1952,0,True,0.14424819617734785,1950|1951-1955,M1,1950,E0_R1,original
Belgium,1953,0,True,0.028289666975713224,1950|1951-1955,M1,1950,E0_R1,original
Belgium,1954,0,True,0.07721682993668944,1950|1951-1955,M1,1950,E0_R1,original
Belgium,1955,0,True,0.09398563990868408,1950|1951-1955,M1,1950,E0_R1,original
Canada,1951,0,True,0.0006272451015507693,1950|1951-1955,M1,1950,E0_R1,original
Canada,1952,0,True,0.000541522529676012,1950|1951-1955,M1,1950,E0_R1,original
Canada,1953,0,True,0.000720769474836207,1950|1951-1955,M1,1950,E0_R1,original
Canada,1954,0,True,0.001716013551372979,1950|1951-1955,M1,1950,E0_R1,original
Canada,1955,0,True,0.004832293522019918,1950|1951-1955,M1,1950,E0_R1,original
Denmark,1954,0,True,0.001805069257606565,1950|1951-1955,M1,1950,E0_R1,original
Denmark,1955,0,True,0.004134270905697137,1950|1951-1955,M1,1950,E0_R1,original
Finland,1951,0,True,0.01401157788286353,1950|1951-1955,M1,1950,E0_R1,original
Finland,1952,0,True,0.0033907099809194403,1950|1951-1955,M1,1950,E0_R1,original
Finland,1953,0,True,0.007119499416547728,1950|1951-1955,M1,1950,E0_R1,original
Finland,1954,0,True,0.003931474293457156,1950|1951-1955,M1,1950,E0_R1,original
Finland,1955,0,True,0.002748283547542915,1950|1951-1955,M1,1950,E0_R1,original
France,1951,0,True,0.05160737321431267,1950|1951-1955,M1,1950,E0_R1,original
France,1952,0,True,0.0960623455760194,1950|1951-1955,M1,1950,E0_R1,original
France,1953,0,True,0.11492460291038047,1950|1951-1955,M1,1950,E0_R1,original
France,1954,0,True,0.11654878927546854,1950|1951-1955,M1,1950,E0_R1,original
France,1955,0,True,0.37735393335802786,1950|1951-1955,M1,1950,E0_R1,original
Germany,1954,0,True,0.18639618628720073,1950|1951-1955,M1,1950,E0_R1,original
Germany,1955,0,True,0.12764425249748199,1950|1951-1955,M1,1950,E0_R1,original
Ireland,1951,0,True,1e-06,1950|1951-1955,M1,1950,E0_R1,original
Ireland,1952,0,True,1e-06,1950|1951-1955,M1,1950,E0_R1,original
Ireland,1953,0,True,1e-06,1950|1951-1955,M1,1950,E0_R1,original
Ireland,1954,0,True,1e-06,1950|1951-1955,M1,1950,E0_R1,original
Ireland,1955,0,True,1e-06,1950|1951-1955,M1,1950,E0_R1,original
Italy,1951,0,True,0.1308996485935651,1950|1951-1955,M1,1950,E0_R1,original
Italy,1952,0,True,0.06392720444868856,1950|1951-1955,M1,1950,E0_R1,original
Italy,1953,0,True,0.07345090875911783,1950|1951-1955,M1,1950,E0_R1,original
Italy,1954,0,True,0.09617090517498689,1950|1951-1955,M1,1950,E0_R1,original
Italy,1955,0,True,0.09262381695004276,1950|1951-1955,M1,1950,E0_R1,original
Netherlands,1951,0,True,0.013324191592123067,1950|1951-1955,M1,1950,E0_R1,original
Norway,1951,0,True,0.0017608113564673788,1950|1951-1955,M1,1950,E0_R1,original
Norway,1952,0,True,0.0026079815376068146,1950|1951-1955,M1,1950,E0_R1,original
Norway,1953,0,True,0.000560435219796572,1950|1951-1955,M1,1950,E0_R1,original
Norway,1954,0,True,0.001403185629849853,1950|1951-1955,M1,1950,E0_R1,original
Norway,1955,0,True,0.004797852459790805,1950|1951-1955,M1,1950,E0_R1,original
Portugal,1951,0,True,0.15588923521966058,1950|1951-1955,M1,1950,E0_R1,original
Portugal,1952,0,True,0.029695346521757624,1950|1951-1955,M1,1950,E0_R1,original
Portugal,1953,0,True,0.07044711157191051,1950|1951-1955,M1,1950,E0_R1,original
Portugal,1954,0,True,0.08852396049180956,1950|1951-1955,M1,1950,E0_R1,original
Portugal,1955,0,True,0.10264962076833281,1950|1951-1955,M1,1950,E0_R1,original
Spain,1953,0,True,0.197208262909275,1950|1951-1955,M1,1950,E0_R1,original
Spain,1954,0,True,0.19273942591207874,1950|1951-1955,M1,1950,E0_R1,original
Spain,1955,0,True,0.11773627165773626,1950|1951-1955,M1,1950,E0_R1,original
Sweden,1951,0,True,0.006741057635755201,1950|1951-1955,M1,1950,E0_R1,original
Sweden,1952,0,True,0.0016089175425815874,1950|1951-1955,M1,1950,E0_R1,original
Sweden,1953,0,True,0.0021601444234153433,1950|1951-1955,M1,1950,E0_R1,original
Sweden,1954,0,True,0.003983538621693779,1950|1951-1955,M1,1950,E0_R1,original
Sweden,1955,0,True,0.006864302577204463,1950|1951-1955,M1,1950,E0_R1,original
Switzerland,1951,0,True,0.24620952754917313,1950|1951-1955,M1,1950,E0_R1,original
Switzerland,1952,0,True,0.28833523760994473,1950|1951-1955,M1,1950,E0_R1,original
Switzerland,1953,0,True,0.1521724185581704,1950|1951-1955,M1,1950,E0_R1,original
Switzerland,1954,0,True,0.060802209248283216,1950|1951-1955,M1,1950,E0_R1,original
Switzerland,1955,0,True,0.029523203350894835,1950|1951-1955,M1,1950,E0_R1,original
UK,1953,0,True,0.012044390301251512,1950|1951-1955,M1,1950,E0_R1,original
UK,1954,0,True,0.009926091931792547,1950|1951-1955,M1,1950,E0_R1,original
UK,1955,0,True,0.02920501654926498,1950|1951-1955,M1,1950,E0_R1,original
Australia,1951,0,True,1e-06,1950|1951-1955,M2,1950,E0_R1,original
Australia,1952,0,True,1e-06,1950|1951-1955,M2,1950,E0_R1,original
Australia,1953,0,True,1e-06,1950|1951-1955,M2,1950,E0_R1,original
Australia,1954,0,True,1e-06,1950|1951-1955,M2,1950,E0_R1,original
Australia,1955,0,True,1e-06,1950|1951-1955,M2,1950,E0_R1,original
Belgium,1951,0,True,0.09645636104924003,1950|1951-1955,M2,1950,E0_R1,original
Belgium,1952,0,True,0.10038124028829709,1950|1951-1955,M2,1950,E0_R1,original
Belgium,1953,0,True,0.10589277121874258,1950|1951-1955,M2,1950,E0_R1,original
Belgium,1954,0,True,0.10819779007198557,1950|1951-1955,M2,1950,E0_R1,original
Belgium,1955,0,True,0.10497816453514133,1950|1951-1955,M2,1950,E0_R1,original
Canada,1951,0,True,1e-06,1950|1951-1955,M2,1950,E0_R1,original
Canada,1952,0,True,1e-06,1950|1951-1955,M2,1950,E0_R1,original
Canada,1953,0,True,1e-06,1950|1951-1955,M2,1950,E0_R1,original
Canada,1954,0,True,1e-06,1950|1951-1955,M2,1950,E0_R1,original
Canada,1955,0,True,1e-06,1950|1951-1955,M2,1950,E0_R1,original
Denmark,1954,0,True,1e-06,1950|1951-1955,M2,1950,E0_R1,original
Denmark,1955,0,True,1e-06,1950|1951-1955,M2,1950,E0_R1,original
Finland,1951,0,True,1e-06,1950|1951-1955,M2,1950,E0_R1,original
Finland,1952,0,True,1e-06,1950|1951-1955,M2,1950,E0_R1,original
Finland,1953,0,True,1e-06,1950|1951-1955,M2,1950,E0_R1,original
Finland,1954,0,True,1e-06,1950|1951-1955,M2,1950,E0_R1,original
Finland,1955,0,True,1e-06,1950|1951-1955,M2,1950,E0_R1,original
France,1951,0,True,0.05195806401093418,1950|1951-1955,M2,1950,E0_R1,original
France,1952,0,True,0.05115185931455208,1950|1951-1955,M2,1950,E0_R1,original
France,1953,0,True,0.052883524652967216,1950|1951-1955,M2,1950,E0_R1,original
France,1954,0,True,0.05236565656644499,1950|1951-1955,M2,1950,E0_R1,original
France,1955,0,True,0.05147291115437166,1950|1951-1955,M2,1950,E0_R1,original
Germany,1954,0,True,0.02632826058448241,1950|1951-1955,M2,1950,E0_R1,original
Germany,1955,0,True,0.023709285425557947,1950|1951-1955,M2,1950,E0_R1,original
Ireland,1951,0,True,1e-06,1950|1951-1955,M2,1950,E0_R1,original
Ireland,1952,0,True,1e-06,1950|1951-1955,M2,1950,E0_R1,original
Ireland,1953,0,True,1e-06,1950|1951-1955,M2,1950,E0_R1,original
Ireland,1954,0,True,1e-06,1950|1951-1955,M2,1950,E0_R1,original
Ireland,1955,0,True,1e-06,1950|1951-1955,M2,1950,E0_R1,original
Italy,1951,0,True,0.017986001578387836,1950|1951-1955,M2,1950,E0_R1,original
Italy,1952,0,True,0.01888044691313967,1950|1951-1955,M2,1950,E0_R1,original
Italy,1953,0,True,0.019230937600922954,1950|1951-1955,M2,1950,E0_R1,original
Italy,1954,0,True,0.02002529178650386,1950|1951-1955,M2,1950,E0_R1,original
Italy,1955,0,True,0.019946584083021784,1950|1951-1955,M2,1950,E0_R1,original
Netherlands,1951,0,True,0.2193251429111768,1950|1951-1955,M2,1950,E0_R1,original
Norway,1951,0,True,1e-06,1950|1951-1955,M2,1950,E0_R1,original
Norway,1952,0,True,1e-06,1950|1951-1955,M2,1950,E0_R1,original
Norway,1953,0,True,1e-06,1950|1951-1955,M2,1950,E0_R1,original
Norway,1954,0,True,1e-06,1950|1951-1955,M2,1950,E0_R1,original
Norway,1955,0,True,1e-06,1950|1951-1955,M2,1950,E0_R1,original
Portugal,1951,0,True,0.03260603406116657,1950|1951-1955,M2,1950,E0_R1,original
Portugal,1952,0,True,0.03233287831775841,1950|1951-1955,M2,1950,E0_R1,original
Portugal,1953,0,True,0.032190675394354724,1950|1951-1955,M2,1950,E0_R1,original
Portugal,1954,0,True,0.03193218706463776,1950|1951-1955,M2,1950,E0_R1,original
Portugal,1955,0,True,0.031066548207457256,1950|1951-1955,M2,1950,E0_R1,original
Spain,1953,0,True,0.0380646862648597,1950|1951-1955,M2,1950,E0_R1,original
Spain,1954,0,True,0.03381662458961628,1950|1951-1955,M2,1950,E0_R1,original
Spain,1955,0,True,0.033584921194977094,1950|1951-1955,M2,1950,E0_R1,original
Sweden,1951,0,True,1e-06,1950|1951-1955,M2,1950,E0_R1,original
Sweden,1952,0,True,1e-06,1950|1951-1955,M2,1950,E0_R1,original
Sweden,1953,0,True,1e-06,1950|1951-1955,M2,1950,E0_R1,original
Sweden,1954,0,True,1e-06,1950|1951-1955,M2,1950,E0_R1,original
Sweden,1955,0,True,1e-06,1950|1951-1955,M2,1950,E0_R1,original
Switzerland,1951,0,True,1e-06,1950|1951-1955,M2,1950,E0_R1,original
Switzerland,1952,0,True,1e-06,1950|1951-1955,M2,1950,E0_R1,original
Switzerland,1953,0,True,1e-06,1950|1951-1955,M2,1950,E0_R1,original
Switzerland,1954,0,True,1e-06,1950|1951-1955,M2,1950,E0_R1,original
Switzerland,1955,0,True,1e-06,1950|1951-1955,M2,1950,E0_R1,original
UK,1953,0,True,0.13239745327106237,1950|1951-1955,M2,1950,E0_R1,original
UK,1954,0,True,0.12612316679211125,1950|1951-1955,M2,1950,E0_R1,original
UK,1955,0,True,0.11786110716290041,1950|1951-1955,M2,1950,E0_R1,original
USA,1953,0,True,0.0935626153809149,1950|1951-1955,M2,1950,E0_R1,original
USA,1954,0,True,0.09437268753433099,1950|1951-1955,M2,1950,E0_R1,original
USA,1955,0,True,0.08941129804321617,1950|1951-1955,M2,1950,E0_R1,original
Australia,1961,0,True,0.06421243719433033,1960|1961-1965,M1,1960,E0_R1,original
Australia,1962,0,True,0.06424785664574356,1960|1961-1965,M1,1960,E0_R1,original
Australia,1963,0,True,0.06389043022182803,1960|1961-1965,M1,1960,E0_R1,original
Australia,1964,0,True,0.0633526688679047,1960|1961-1965,M1,1960,E0_R1,original
Australia,1965,0,True,0.06557023846390213,1960|1961-1965,M1,1960,E0_R1,original
Belgium,1961,0,True,0.07841229343498773,1960|1961-1965,M1,1960,E0_R1,original
Belgium,1962,0,True,0.07769950319851496,1960|1961-1965,M1,1960,E0_R1,original
Belgium,1963,0,True,0.07735010849942593,1960|1961-1965,M1,1960,E0_R1,original
Belgium,1964,0,True,0.0760160461307091,1960|1961-1965,M1,1960,E0_R1,original
Belgium,1965,0,True,0.07551903443001674,1960|1961-1965,M1,1960,E0_R1,original
Canada,1961,0,True,0.06811931269727854,1960|1961-1965,M1,1960,E0_R1,original
Canada,1962,0,True,0.06794228736792018,1960|1961-1965,M1,1960,E0_R1,original
Canada,1963,0,True,0.06763239143698459,1960|1961-1965,M1,1960,E0_R1,original
Canada,1964,0,True,0.06681622041409223,1960|1961-1965,M1,1960,E0_R1,original
Canada,1965,0,True,0.06592232824613502,1960|1961-1965,M1,1960,E0_R1,original
Denmark,1961,0,True,0.06786382586553574,1960|1961-1965,M1,1960,E0_R1,original
Denmark,1962,0,True,0.06612875300240002,1960|1961-1965,M1,1960,E0_R1,original
Denmark,1963,0,True,0.06385343267558015,1960|1961-1965,M1,1960,E0_R1,original
Denmark,1964,0,True,0.0651013386774321,1960|1961-1965,M1,1960,E0_R1,original
Denmark,1965,0,True,0.06279404001919724,1960|1961-1965,M1,1960,E0_R1,original
Finland,1961,0,True,0.06846343276614959,1960|1961-1965,M1,1960,E0_R1,original
Finland,1962,0,True,0.0707087583596676,1960|1961-1965,M1,1960,E0_R1,original
Finland,1963,0,True,0.07392217728024975,1960|1961-1965,M1,1960,E0_R1,original
Finland,1964,0,True,0.07424737995467207,1960|1961-1965,M1,1960,E0_R1,original
Finland,1965,0,True,0.07528299213250955,1960|1961-1965,M1,1960,E0_R1,original
France,1961,0,True,0.06378594101419581,1960|1961-1965,M1,1960,E0_R1,original
France,1962,0,True,0.06344318337800042,1960|1961-1965,M1,1960,E0_R1,original
France,1963,0,True,0.06326108211173836,1960|1961-1965,M1,1960,E0_R1,original
France,1964,0,True,0.06293603574287161,1960|1961-1965,M1,1960,E0_R1,original
France,1965,0,True,0.06268513448797537,1960|1961-1965,M1,1960,E0_R1,original
Germany,1961,0,True,0.06293825340395577,1960|1961-1965,M1,1960,E0_R1,original
Germany,1962,0,True,0.06293825340395577,1960|1961-1965,M1,1960,E0_R1,original
Germany,1963,0,True,0.06340704957218134,1960|1961-1965,M1,1960,E0_R1,original
Germany,1964,0,True,0.06340704957218134,1960|1961-1965,M1,1960,E0_R1,original
Germany,1965,0,True,0.06340704957218134,1960|1961-1965,M1,1960,E0_R1,original
Ireland,1961,0,True,0.08702610776160631,1960|1961-1965,M1,1960,E0_R1,original
Ireland,1962,0,True,0.08739833651175549,1960|1961-1965,M1,1960,E0_R1,original
Ireland,1963,0,True,0.08768617849781278,1960|1961-1965,M1,1960,E0_R1,original
Ireland,1964,0,True,0.0861813582078944,1960|1961-1965,M1,1960,E0_R1,original
Ireland,1965,0,True,0.08864071153063494,1960|1961-1965,M1,1960,E0_R1,original
Italy,1961,0,True,0.06273152882011136,1960|1961-1965,M1,1960,E0_R1,original
Italy,1962,0,True,0.06255068932941452,1960|1961-1965,M1,1960,E0_R1,original
Italy,1963,0,True,0.06222812633351279,1960|1961-1965,M1,1960,E0_R1,original
Italy,1964,0,True,0.06220869838257889,1960|1961-1965,M1,1960,E0_R1,original
Italy,1965,0,True,0.06239469494157617,1960|1961-1965,M1,1960,E0_R1,original
Japan,1961,0,True,0.062177019530292726,1960|1961-1965,M1,1960,E0_R1,original
Japan,1962,0,True,0.062072211915640794,1960|1961-1965,M1,1960,E0_R1,original
Japan,1963,0,True,0.06168346306686032,1960|1961-1965,M1,1960,E0_R1,original
Japan,1964,0,True,0.06165864751430486,1960|1961-1965,M1,1960,E0_R1,original
Japan,1965,0,True,0.061911652691986355,1960|1961-1965,M1,1960,E0_R1,original
Netherlands,1963,0,True,0.0625170469047823,1960|1961-1965,M1,1960,E0_R1,original
Netherlands,1964,0,True,0.06091446419624609,1960|1961-1965,M1,1960,E0_R1,original
Netherlands,1965,0,True,0.06044893585270131,1960|1961-1965,M1,1960,E0_R1,original
Norway,1961,0,True,0.07632233026219706,1960|1961-1965,M1,1960,E0_R1,original
Norway,1962,0,True,0.07554439651506213,1960|1961-1965,M1,1960,E0_R1,original
Norway,1963,0,True,0.0743505456532567,1960|1961-1965,M1,1960,E0_R1,original
Norway,1964,0,True,0.07310210947523027,1960|1961-1965,M1,1960,E0_R1,original
Norway,1965,0,True,0.0722350466908679,1960|1961-1965,M1,1960,E0_R1,original
Portugal,1961,0,True,0.06510553514719396,1960|1961-1965,M1,1960,E0_R1,original
Portugal,1962,0,True,0.06562098298145022,1960|1961-1965,M1,1960,E0_R1,original
Portugal,1963,0,True,0.06630865717170699,1960|1961-1965,M1,1960,E0_R1,original
Portugal,1964,0,True,0.06667478669421929,1960|1961-1965,M1,1960,E0_R1,original
Portugal,1965,0,True,0.06616344167232387,1960|1961-1965,M1,1960,E0_R1,original
Spain,1961,0,True,0.06212636581198792,1960|1961-1965,M1,1960,E0_R1,original
Spain,1962,0,True,0.06176953221781136,1960|1961-1965,M1,1960,E0_R1,original
Spain,1963,0,True,0.061189855504169194,1960|1961-1965,M1,1960,E0_R1,original
Spain,1964,0,True,0.06060650346329053,1960|1961-1965,M1,1960,E0_R1,original
Spain,1965,0,True,0.06040242691897642,1960|1961-1965,M1,1960,E0_R1,original
Sweden,1961,0,True,0.07640555046525922,1960|1961-1965,M1,1960,E0_R1,original
Sweden,1962,0,True,0.07429888409189508,1960|1961-1965,M1,1960,E0_R1,original
Sweden,1963,0,True,0.07280804686657608,1960|1961-1965,M1,1960,E0_R1,original
Sweden,1964,0,True,0.07145512818695594,1960|1961-1965,M1,1960,E0_R1,original
Sweden,1965,0,True,0.0702783127159105,1960|1961-1965,M1,1960,E0_R1,original
Switzerland,1961,0,True,0.07458919076781956,1960|1961-1965,M1,1960,E0_R1,original
Switzerland,1962,0,True,0.07390408972079389,1960|1961-1965,M1,1960,E0_R1,original
Switzerland,1963,0,True,0.07378287598470024,1960|1961-1965,M1,1960,E0_R1,original
Switzerland,1964,0,True,0.07344651430206074,1960|1961-1965,M1,1960,E0_R1,original
Switzerland,1965,0,True,0.07329792087910367,1960|1961-1965,M1,1960,E0_R1,original
UK,1961,0,True,0.07494723991339243,1960|1961-1965,M1,1960,E0_R1,original
UK,1962,0,True,0.07464695414474114,1960|1961-1965,M1,1960,E0_R1,original
UK,1963,0,True,0.07446465762001991,1960|1961-1965,M1,1960,E0_R1,original
UK,1964,0,True,0.07377575898627152,1960|1961-1965,M1,1960,E0_R1,original
UK,1965,0,True,0.07318363529897697,1960|1961-1965,M1,1960,E0_R1,original
Australia,1961,0,True,1e-06,1960|1961-1965,M2,1960,E0_R1,original
Australia,1962,0,True,1e-06,1960|1961-1965,M2,1960,E0_R1,original
Australia,1963,0,True,1e-06,1960|1961-1965,M2,1960,E0_R1,original
Australia,1964,0,True,1e-06,1960|1961-1965,M2,1960,E0_R1,original
Australia,1965,0,True,1e-06,1960|1961-1965,M2,1960,E0_R1,original
Belgium,1961,0,True,0.08654400946796893,1960|1961-1965,M2,1960,E0_R1,original
Belgium,1962,0,True,0.0800010497765313,1960|1961-1965,M2,1960,E0_R1,original
Belgium,1963,0,True,0.07694277240886027,1960|1961-1965,M2,1960,E0_R1,original
Belgium,1964,0,True,0.06612759024224832,1960|1961-1965,M2,1960,E0_R1,original
Belgium,1965,0,True,0.06243273326186337,1960|1961-1965,M2,1960,E0_R1,original
Canada,1961,0,True,1e-06,1960|1961-1965,M2,1960,E0_R1,original
Canada,1962,0,True,1e-06,1960|1961-1965,M2,1960,E0_R1,original
Canada,1963,0,True,1e-06,1960|1961-1965,M2,1960,E0_R1,original
Canada,1964,0,True,1e-06,1960|1961-1965,M2,1960,E0_R1,original
Canada,1965,0,True,1e-06,1960|1961-1965,M2,1960,E0_R1,original
Denmark,1961,0,True,1e-06,1960|1961-1965,M2,1960,E0_R1,original
Denmark,1962,0,True,1e-06,1960|1961-1965,M2,1960,E0_R1,original
Denmark,1963,0,True,1e-06,1960|1961-1965,M2,1960,E0_R1,original
Denmark,1964,0,True,1e-06,1960|1961-1965,M2,1960,E0_R1,original
Denmark,1965,0,True,1e-06,1960|1961-1965,M2,1960,E0_R1,original
Finland,1961,0,True,1e-06,1960|1961-1965,M2,1960,E0_R1,original
Finland,1962,0,True,1e-06,1960|1961-1965,M2,1960,E0_R1,original
Finland,1963,0,True,1e-06,1960|1961-1965,M2,1960,E0_R1,original
Finland,1964,0,True,1e-06,1960|1961-1965,M2,1960,E0_R1,original
Finland,1965,0,True,1e-06,1960|1961-1965,M2,1960,E0_R1,original
France,1961,0,True,0.03646022055034139,1960|1961-1965,M2,1960,E0_R1,original
France,1962,0,True,0.03475002059264596,1960|1961-1965,M2,1960,E0_R1,original
France,1963,0,True,0.03386979672049897,1960|1961-1965,M2,1960,E0_R1,original
France,1964,0,True,0.0323462591374901,1960|1961-1965,M2,1960,E0_R1,original
France,1965,0,True,0.03121100922247871,1960|1961-1965,M2,1960,E0_R1,original
Germany,1961,0,True,0.01128014855980541,1960|1961-1965,M2,1960,E0_R1,original
Germany,1962,0,True,0.01128014855980541,1960|1961-1965,M2,1960,E0_R1,original
Germany,1963,0,True,0.0120711865664989,1960|1961-1965,M2,1960,E0_R1,original
Germany,1964,0,True,0.0120711865664989,1960|1961-1965,M2,1960,E0_R1,original
Germany,1965,0,True,0.0120711865664989,1960|1961-1965,M2,1960,E0_R1,original
Ireland,1961,0,True,1e-06,1960|1961-1965,M2,1960,E0_R1,original
Ireland,1962,0,True,1e-06,1960|1961-1965,M2,1960,E0_R1,original
Ireland,1963,0,True,1e-06,1960|1961-1965,M2,1960,E0_R1,original
Ireland,1964,0,True,1e-06,1960|1961-1965,M2,1960,E0_R1,original
Ireland,1965,0,True,1e-06,1960|1961-1965,M2,1960,E0_R1,original
Italy,1961,0,True,0.019608475655478918,1960|1961-1965,M2,1960,E0_R1,original
Italy,1962,0,True,0.01910241577896371,1960|1961-1965,M2,1960,E0_R1,original
Italy,1963,0,True,0.01822815873352975,1960|1961-1965,M2,1960,E0_R1,original
Italy,1964,0,True,0.01817664300042226,1960|1961-1965,M2,1960,E0_R1,original
Italy,1965,0,True,0.018675126523894657,1960|1961-1965,M2,1960,E0_R1,original
Japan,1961,0,True,1e-06,1960|1961-1965,M2,1960,E0_R1,original
Japan,1962,0,True,1e-06,1960|1961-1965,M2,1960,E0_R1,original
Japan,1963,0,True,1e-06,1960|1961-1965,M2,1960,E0_R1,original
Japan,1964,0,True,1e-06,1960|1961-1965,M2,1960,E0_R1,original
Japan,1965,0,True,1e-06,1960|1961-1965,M2,1960,E0_R1,original
Netherlands,1963,0,True,0.018135241432704192,1960|1961-1965,M2,1960,E0_R1,original
Netherlands,1964,0,True,0.014326678108298364,1960|1961-1965,M2,1960,E0_R1,original
Netherlands,1965,0,True,0.01336173677335223,1960|1961-1965,M2,1960,E0_R1,original
Norway,1961,0,True,1e-06,1960|1961-1965,M2,1960,E0_R1,original
Norway,1962,0,True,1e-06,1960|1961-1965,M2,1960,E0_R1,original
Norway,1963,0,True,1e-06,1960|1961-1965,M2,1960,E0_R1,original
Norway,1964,0,True,1e-06,1960|1961-1965,M2,1960,E0_R1,original
Norway,1965,0,True,1e-06,1960|1961-1965,M2,1960,E0_R1,original
Portugal,1961,0,True,0.025660381563513305,1960|1961-1965,M2,1960,E0_R1,original
Portugal,1962,0,True,0.027551337452820936,1960|1961-1965,M2,1960,E0_R1,original
Portugal,1963,0,True,0.030261792040080168,1960|1961-1965,M2,1960,E0_R1,original
Portugal,1964,0,True,0.031796869738571897,1960|1961-1965,M2,1960,E0_R1,original
Portugal,1965,0,True,0.029670949097844967,1960|1961-1965,M2,1960,E0_R1,original
Spain,1961,0,True,0.02437396448803148,1960|1961-1965,M2,1960,E0_R1,original
Spain,1962,0,True,0.023141253167601558,1960|1961-1965,M2,1960,E0_R1,original
Spain,1963,0,True,0.021254549511514616,1960|1961-1965,M2,1960,E0_R1,original
Spain,1964,0,True,0.01949310962355931,1960|1961-1965,M2,1960,E0_R1,original
Spain,1965,0,True,0.018907843010889797,1960|1961-1965,M2,1960,E0_R1,original
Sweden,1961,0,True,1e-06,1960|1961-1965,M2,1960,E0_R1,original
Sweden,1962,0,True,1e-06,1960|1961-1965,M2,1960,E0_R1,original
Sweden,1963,0,True,1e-06,1960|1961-1965,M2,1960,E0_R1,original
Sweden,1964,0,True,1e-06,1960|1961-1965,M2,1960,E0_R1,original
Sweden,1965,0,True,1e-06,1960|1961-1965,M2,1960,E0_R1,original
Switzerland,1961,0,True,1e-06,1960|1961-1965,M2,1960,E0_R1,original
Switzerland,1962,0,True,1e-06,1960|1961-1965,M2,1960,E0_R1,original
Switzerland,1963,0,True,1e-06,1960|1961-1965,M2,1960,E0_R1,original
Switzerland,1964,0,True,1e-06,1960|1961-1965,M2,1960,E0_R1,original
Switzerland,1965,0,True,1e-06,1960|1961-1965,M2,1960,E0_R1,original
UK,1961,0,True,0.07253956325402006,1960|1961-1965,M2,1960,E0_R1,original
UK,1962,0,True,0.07005243452907058,1960|1961-1965,M2,1960,E0_R1,original
UK,1963,0,True,0.06857692218740251,1960|1961-1965,M2,1960,E0_R1,original
UK,1964,0,True,0.06322972158744271,1960|1961-1965,M2,1960,E0_R1,original
UK,1965,0,True,0.058913752726374516,1960|1961-1965,M2,1960,E0_R1,original
USA,1961,0,True,0.05842367800607648,1960|1961-1965,M2,1960,E0_R1,original
USA,1962,0,True,0.05549432785208695,1960|1961-1965,M2,1960,E0_R1,original
USA,1963,0,True,0.05315936636972225,1960|1961-1965,M2,1960,E0_R1,original
USA,1964,0,True,0.04961540161039306,1960|1961-1965,M2,1960,E0_R1,original
USA,1965,0,True,0.04643013300496692,1960|1961-1965,M2,1960,E0_R1,original
Australia,1971,0,True,0.007396000633370545,1970|1971-1975,M1,1970,E0_R1,original
Australia,1972,0,True,0.0041386962144127366,1970|1971-1975,M1,1970,E0_R1,original
Australia,1973,0,True,0.0030965063060831356,1970|1971-1975,M1,1970,E0_R1,original
Australia,1974,0,True,0.009324209064723298,1970|1971-1975,M1,1970,E0_R1,original
Australia,1975,0,True,0.0034173129000035062,1970|1971-1975,M1,1970,E0_R1,original
Belgium,1971,0,True,0.008401830993120382,1970|1971-1975,M1,1970,E0_R1,original
Belgium,1972,0,True,0.00629000238694396,1970|1971-1975,M1,1970,E0_R1,original
Belgium,1973,0,True,0.012128140428478195,1970|1971-1975,M1,1970,E0_R1,original
Belgium,1974,0,True,0.019811613107744142,1970|1971-1975,M1,1970,E0_R1,original
Belgium,1975,0,True,0.014968269430573108,1970|1971-1975,M1,1970,E0_R1,original
Canada,1971,0,True,0.0039422660282731805,1970|1971-1975,M1,1970,E0_R1,original
Canada,1972,0,True,0.004023233449542617,1970|1971-1975,M1,1970,E0_R1,original
Canada,1973,0,True,0.009659228343102962,1970|1971-1975,M1,1970,E0_R1,original
Canada,1974,0,True,0.01634982435290695,1970|1971-1975,M1,1970,E0_R1,original
Canada,1975,0,True,0.010557032035338618,1970|1971-1975,M1,1970,E0_R1,original
Denmark,1971,0,True,0.0009071399973289894,1970|1971-1975,M1,1970,E0_R1,original
Denmark,1972,0,True,0.0004978772780987707,1970|1971-1975,M1,1970,E0_R1,original
Denmark,1973,0,True,0.00016672413137617764,1970|1971-1975,M1,1970,E0_R1,original
Denmark,1974,0,True,0.00045552495378116853,1970|1971-1975,M1,1970,E0_R1,original
Denmark,1975,0,True,0.00012179638867110593,1970|1971-1975,M1,1970,E0_R1,original
Finland,1971,0,True,0.014158868020133745,1970|1971-1975,M1,1970,E0_R1,original
Finland,1972,0,True,0.011926279564590319,1970|1971-1975,M1,1970,E0_R1,original
Finland,1973,0,True,0.0071206663940034,1970|1971-1975,M1,1970,E0_R1,original
Finland,1974,0,True,0.00474084938715848,1970|1971-1975,M1,1970,E0_R1,original
Finland,1975,0,True,0.002937211650487146,1970|1971-1975,M1,1970,E0_R1,original
France,1971,0,True,0.038971543910636994,1970|1971-1975,M1,1970,E0_R1,original
France,1972,0,True,0.023412170064613394,1970|1971-1975,M1,1970,E0_R1,original
France,1973,0,True,0.04654309085205528,1970|1971-1975,M1,1970,E0_R1,original
France,1974,0,True,0.07696786298445937,1970|1971-1975,M1,1970,E0_R1,original
France,1975,0,True,0.03345678896753397,1970|1971-1975,M1,1970,E0_R1,original
Germany,1971,0,True,0.009652734676808864,1970|1971-1975,M1,1970,E0_R1,original
Germany,1972,0,True,0.007241354541592861,1970|1971-1975,M1,1970,E0_R1,original
Germany,1973,0,True,0.010382888238478582,1970|1971-1975,M1,1970,E0_R1,original
Germany,1974,0,True,0.0066762387847255,1970|1971-1975,M1,1970,E0_R1,original
Germany,1975,0,True,0.006827415091573769,1970|1971-1975,M1,1970,E0_R1,original
Ireland,1971,0,True,0.006117714592947937,1970|1971-1975,M1,1970,E0_R1,original
Ireland,1972,0,True,0.010119695118234764,1970|1971-1975,M1,1970,E0_R1,original
Ireland,1973,0,True,0.01982513142605336,1970|1971-1975,M1,1970,E0_R1,original
Ireland,1974,0,True,0.015548024098715923,1970|1971-1975,M1,1970,E0_R1,original
Ireland,1975,0,True,0.01758168177835871,1970|1971-1975,M1,1970,E0_R1,original
Italy,1971,1,True,0.020771747875554872,1970|1971-1975,M1,1970,E0_R1,original
Italy,1972,1,True,0.024274252581712483,1970|1971-1975,M1,1970,E0_R1,original
Italy,1973,1,True,0.0465886257061256,1970|1971-1975,M1,1970,E0_R1,original
Italy,1974,0,True,0.17156489216836587,1970|1971-1975,M1,1970,E0_R1,original
Japan,1971,0,True,0.003645616910346038,1970|1971-1975,M1,1970,E0_R1,original
Japan,1972,0,True,0.0030524347799279093,1970|1971-1975,M1,1970,E0_R1,original
Japan,1973,0,True,0.00338683268109414,1970|1971-1975,M1,1970,E0_R1,original
Japan,1974,0,True,0.00969796159353371,1970|1971-1975,M1,1970,E0_R1,original
Japan,1975,0,True,0.006601269310405699,1970|1971-1975,M1,1970,E0_R1,original
Netherlands,1971,0,True,0.007034030800690524,1970|1971-1975,M1,1970,E0_R1,original
Netherlands,1972,0,True,0.002303462049335528,1970|1971-1975,M1,1970,E0_R1,original
Netherlands,1973,0,True,0.003805802378814473,1970|1971-1975,M1,1970,E0_R1,original
Netherlands,1974,0,True,0.003964804836897998,1970|1971-1975,M1,1970,E0_R1,original
Netherlands,1975,0,True,0.0024071818770950593,1970|1971-1975,M1,1970,E0_R1,original
Norway,1971,0,True,0.003207258288873755,1970|1971-1975,M1,1970,E0_R1,original
Norway,1972,0,True,0.003831894597872812,1970|1971-1975,M1,1970,E0_R1,original
Norway,1973,0,True,0.00455559016970971,1970|1971-1975,M1,1970,E0_R1,original
Norway,1974,0,True,0.0061375291353242415,1970|1971-1975,M1,1970,E0_R1,original
Norway,1975,0,True,0.010502640021018458,1970|1971-1975,M1,1970,E0_R1,original
Portugal,1971,0,True,0.012922316907308837,1970|1971-1975,M1,1970,E0_R1,original
Portugal,1972,0,True,0.011147796511878402,1970|1971-1975,M1,1970,E0_R1,original
Portugal,1973,0,True,0.010046181066565588,1970|1971-1975,M1,1970,E0_R1,original
Portugal,1974,1,True,0.03729544739783526,1970|1971-1975,M1,1970,E0_R1,original
Portugal,1975,1,True,0.02520072191842821,1970|1971-1975,M1,1970,E0_R1,original
Spain,1971,0,True,0.047338921947169495,1970|1971-1975,M1,1970,E0_R1,original
Spain,1972,0,True,0.030372078675630937,1970|1971-1975,M1,1970,E0_R1,original
Spain,1973,0,True,0.025137733901371268,1970|1971-1975,M1,1970,E0_R1,original
Spain,1974,0,True,0.04336757414154221,1970|1971-1975,M1,1970,E0_R1,original
Spain,1975,1,True,0.0617256782861284,1970|1971-1975,M1,1970,E0_R1,original
Sweden,1971,0,True,0.003271754177258072,1970|1971-1975,M1,1970,E0_R1,original
Sweden,1972,0,True,0.0017799250213864034,1970|1971-1975,M1,1970,E0_R1,original
Sweden,1973,0,True,0.001596295446057848,1970|1971-1975,M1,1970,E0_R1,original
Sweden,1974,0,True,0.002623408330529171,1970|1971-1975,M1,1970,E0_R1,original
Sweden,1975,0,True,0.002349635565021586,1970|1971-1975,M1,1970,E0_R1,original
Switzerland,1971,0,True,0.0017413759369911738,1970|1971-1975,M1,1970,E0_R1,original
Switzerland,1972,0,True,0.004981348295148053,1970|1971-1975,M1,1970,E0_R1,original
Switzerland,1973,0,True,0.004564476931804616,1970|1971-1975,M1,1970,E0_R1,original
Switzerland,1974,0,True,0.004600972202129564,1970|1971-1975,M1,1970,E0_R1,original
Switzerland,1975,0,True,0.0013849274777789867,1970|1971-1975,M1,1970,E0_R1,original
UK,1971,1,True,0.011446838357717209,1970|1971-1975,M1,1970,E0_R1,original
UK,1972,1,True,0.009050511165771437,1970|1971-1975,M1,1970,E0_R1,original
UK,1973,0,True,0.01708949765534469,1970|1971-1975,M1,1970,E0_R1,original
Australia,1971,0,True,1e-06,1970|1971-1975,M2,1970,E0_R1,original
Australia,1972,0,True,1e-06,1970|1971-1975,M2,1970,E0_R1,original
Australia,1973,0,True,1e-06,1970|1971-1975,M2,1970,E0_R1,original
Australia,1974,0,True,1e-06,1970|1971-1975,M2,1970,E0_R1,original
Australia,1975,0,True,1e-06,1970|1971-1975,M2,1970,E0_R1,original
Belgium,1971,0,True,0.028075418647609075,1970|1971-1975,M2,1970,E0_R1,original
Belgium,1972,0,True,0.026994826054419142,1970|1971-1975,M2,1970,E0_R1,original
Belgium,1973,0,True,0.024311679896809924,1970|1971-1975,M2,1970,E0_R1,original
Belgium,1974,0,True,0.020903223530441484,1970|1971-1975,M2,1970,E0_R1,original
Belgium,1975,0,True,0.02181270249553009,1970|1971-1975,M2,1970,E0_R1,original
Canada,1971,0,True,1e-06,1970|1971-1975,M2,1970,E0_R1,original
Canada,1972,0,True,1e-06,1970|1971-1975,M2,1970,E0_R1,original
Canada,1973,0,True,1e-06,1970|1971-1975,M2,1970,E0_R1,original
Canada,1974,0,True,1e-06,1970|1971-1975,M2,1970,E0_R1,original
Canada,1975,0,True,1e-06,1970|1971-1975,M2,1970,E0_R1,original
Denmark,1971,0,True,1e-06,1970|1971-1975,M2,1970,E0_R1,original
Denmark,1972,0,True,1e-06,1970|1971-1975,M2,1970,E0_R1,original
Denmark,1973,0,True,1e-06,1970|1971-1975,M2,1970,E0_R1,original
Denmark,1974,0,True,1e-06,1970|1971-1975,M2,1970,E0_R1,original
Denmark,1975,0,True,1e-06,1970|1971-1975,M2,1970,E0_R1,original
Finland,1971,0,True,1e-06,1970|1971-1975,M2,1970,E0_R1,original
Finland,1972,0,True,1e-06,1970|1971-1975,M2,1970,E0_R1,original
Finland,1973,0,True,1e-06,1970|1971-1975,M2,1970,E0_R1,original
Finland,1974,0,True,1e-06,1970|1971-1975,M2,1970,E0_R1,original
Finland,1975,0,True,1e-06,1970|1971-1975,M2,1970,E0_R1,original
France,1971,0,True,0.0280167865164481,1970|1971-1975,M2,1970,E0_R1,original
France,1972,0,True,0.026794035201506448,1970|1971-1975,M2,1970,E0_R1,original
France,1973,0,True,0.025853345443154527,1970|1971-1975,M2,1970,E0_R1,original
France,1974,0,True,0.02565250572967394,1970|1971-1975,M2,1970,E0_R1,original
France,1975,0,True,0.02598149947296376,1970|1971-1975,M2,1970,E0_R1,original
Germany,1971,0,True,0.010326503739278984,1970|1971-1975,M2,1970,E0_R1,original
Germany,1972,0,True,0.010326503739278984,1970|1971-1975,M2,1970,E0_R1,original
Germany,1973,0,True,0.010326503739278984,1970|1971-1975,M2,1970,E0_R1,original
Germany,1974,0,True,0.011100167680776962,1970|1971-1975,M2,1970,E0_R1,original
Germany,1975,0,True,0.015914370795549956,1970|1971-1975,M2,1970,E0_R1,original
Ireland,1971,0,True,1e-06,1970|1971-1975,M2,1970,E0_R1,original
Ireland,1972,0,True,1e-06,1970|1971-1975,M2,1970,E0_R1,original
Ireland,1973,0,True,1e-06,1970|1971-1975,M2,1970,E0_R1,original
Ireland,1974,0,True,1e-06,1970|1971-1975,M2,1970,E0_R1,original
Ireland,1975,0,True,1e-06,1970|1971-1975,M2,1970,E0_R1,original
Italy,1971,1,True,0.02314342046498174,1970|1971-1975,M2,1970,E0_R1,original
Italy,1972,1,True,0.0267293436086165,1970|1971-1975,M2,1970,E0_R1,original
Italy,1973,1,True,0.028778514995552715,1970|1971-1975,M2,1970,E0_R1,original
Italy,1974,0,True,0.028462603428579935,1970|1971-1975,M2,1970,E0_R1,original
Japan,1971,0,True,1e-06,1970|1971-1975,M2,1970,E0_R1,original
Japan,1972,0,True,1e-06,1970|1971-1975,M2,1970,E0_R1,original
Japan,1973,0,True,1e-06,1970|1971-1975,M2,1970,E0_R1,original
Japan,1974,0,True,1e-06,1970|1971-1975,M2,1970,E0_R1,original
Japan,1975,0,True,1e-06,1970|1971-1975,M2,1970,E0_R1,original
Netherlands,1971,0,True,0.007206443684700996,1970|1971-1975,M2,1970,E0_R1,original
Netherlands,1972,0,True,0.006290094163949177,1970|1971-1975,M2,1970,E0_R1,original
Netherlands,1973,0,True,0.0052842328278252014,1970|1971-1975,M2,1970,E0_R1,original
Netherlands,1974,0,True,0.004487168532874804,1970|1971-1975,M2,1970,E0_R1,original
Netherlands,1975,0,True,0.004645713158433466,1970|1971-1975,M2,1970,E0_R1,original
Norway,1971,0,True,1e-06,1970|1971-1975,M2,1970,E0_R1,original
Norway,1972,0,True,1e-06,1970|1971-1975,M2,1970,E0_R1,original
Norway,1973,0,True,1e-06,1970|1971-1975,M2,1970,E0_R1,original
Norway,1974,0,True,1e-06,1970|1971-1975,M2,1970,E0_R1,original
Norway,1975,0,True,1e-06,1970|1971-1975,M2,1970,E0_R1,original
Portugal,1971,0,True,0.018313405021730022,1970|1971-1975,M2,1970,E0_R1,original
Portugal,1972,0,True,0.017195940168541857,1970|1971-1975,M2,1970,E0_R1,original
Portugal,1973,0,True,0.01583109213537695,1970|1971-1975,M2,1970,E0_R1,original
Portugal,1974,1,True,0.015769961345657765,1970|1971-1975,M2,1970,E0_R1,original
Portugal,1975,1,True,0.020823817742581203,1970|1971-1975,M2,1970,E0_R1,original
Spain,1971,0,True,0.018555784661927494,1970|1971-1975,M2,1970,E0_R1,original
Spain,1972,0,True,0.017967055570886774,1970|1971-1975,M2,1970,E0_R1,original
Spain,1973,0,True,0.01727645902989358,1970|1971-1975,M2,1970,E0_R1,original
Spain,1974,0,True,0.017070005121737404,1970|1971-1975,M2,1970,E0_R1,original
Spain,1975,1,True,0.017171196340665683,1970|1971-1975,M2,1970,E0_R1,original
Sweden,1971,0,True,1e-06,1970|1971-1975,M2,1970,E0_R1,original
Sweden,1972,0,True,1e-06,1970|1971-1975,M2,1970,E0_R1,original
Sweden,1973,0,True,1e-06,1970|1971-1975,M2,1970,E0_R1,original
Sweden,1974,0,True,1e-06,1970|1971-1975,M2,1970,E0_R1,original
Sweden,1975,0,True,1e-06,1970|1971-1975,M2,1970,E0_R1,original
Switzerland,1971,0,True,1e-06,1970|1971-1975,M2,1970,E0_R1,original
Switzerland,1972,0,True,1e-06,1970|1971-1975,M2,1970,E0_R1,original
Switzerland,1973,0,True,1e-06,1970|1971-1975,M2,1970,E0_R1,original
Switzerland,1974,0,True,1e-06,1970|1971-1975,M2,1970,E0_R1,original
Switzerland,1975,0,True,1e-06,1970|1971-1975,M2,1970,E0_R1,original
UK,1971,1,True,0.029569172236947588,1970|1971-1975,M2,1970,E0_R1,original
UK,1972,1,True,0.028120591391737882,1970|1971-1975,M2,1970,E0_R1,original
UK,1973,0,True,0.025262364486882072,1970|1971-1975,M2,1970,E0_R1,original
USA,1971,0,True,0.02651815654388454,1970|1971-1975,M2,1970,E0_R1,original
USA,1972,0,True,0.02577573469319156,1970|1971-1975,M2,1970,E0_R1,original
USA,1973,0,True,0.024612256830248074,1970|1971-1975,M2,1970,E0_R1,original
USA,1974,0,True,0.023085440104093285,1970|1971-1975,M2,1970,E0_R1,original
USA,1975,0,True,0.023921882734135716,1970|1971-1975,M2,1970,E0_R1,original
Australia,1981,0,True,0.005050403404029435,1980|1981-1985,M1,1980,E0_R1,original
Australia,1982,0,True,0.005579127494997922,1980|1981-1985,M1,1980,E0_R1,original
Australia,1983,0,True,0.004091904556204967,1980|1981-1985,M1,1980,E0_R1,original
Australia,1984,0,True,0.0024931567855229248,1980|1981-1985,M1,1980,E0_R1,original
Australia,1985,0,True,0.0063797192551556265,1980|1981-1985,M1,1980,E0_R1,original
Belgium,1982,0,True,0.13275439486770133,1980|1981-1985,M1,1980,E0_R1,original
Belgium,1983,0,True,0.14113270231639863,1980|1981-1985,M1,1980,E0_R1,original
Belgium,1984,0,True,0.034813465898116715,1980|1981-1985,M1,1980,E0_R1,original
Belgium,1985,0,True,0.01996845638858181,1980|1981-1985,M1,1980,E0_R1,original
Canada,1981,0,True,0.009147839752150437,1980|1981-1985,M1,1980,E0_R1,original
Canada,1982,0,True,0.004510855520388447,1980|1981-1985,M1,1980,E0_R1,original
Canada,1983,0,True,0.001238162357918191,1980|1981-1985,M1,1980,E0_R1,original
Canada,1984,0,True,0.0013591368152941353,1980|1981-1985,M1,1980,E0_R1,original
Canada,1985,0,True,0.0026931630102379374,1980|1981-1985,M1,1980,E0_R1,original
Denmark,1981,0,True,0.2145419508055271,1980|1981-1985,M1,1980,E0_R1,original
Denmark,1982,0,True,0.5469598600684638,1980|1981-1985,M1,1980,E0_R1,original
Denmark,1983,0,True,0.7268076096084599,1980|1981-1985,M1,1980,E0_R1,original
Denmark,1984,0,True,0.7395735620104452,1980|1981-1985,M1,1980,E0_R1,original
Denmark,1985,0,True,0.5598864875527695,1980|1981-1985,M1,1980,E0_R1,original
Finland,1981,0,True,0.000869949123031811,1980|1981-1985,M1,1980,E0_R1,original
Finland,1982,0,True,0.0014992448919146177,1980|1981-1985,M1,1980,E0_R1,original
Finland,1983,0,True,0.002222401969369917,1980|1981-1985,M1,1980,E0_R1,original
Finland,1984,0,True,0.0017879992234327098,1980|1981-1985,M1,1980,E0_R1,original
Finland,1985,0,True,0.0016860427197200845,1980|1981-1985,M1,1980,E0_R1,original
France,1981,0,True,0.13708930476089098,1980|1981-1985,M1,1980,E0_R1,original
France,1982,0,True,0.13630250412235193,1980|1981-1985,M1,1980,E0_R1,original
France,1983,0,True,0.127341869649839,1980|1981-1985,M1,1980,E0_R1,original
France,1984,0,True,0.11552750422811546,1980|1981-1985,M1,1980,E0_R1,original
France,1985,0,True,0.06045825957826315,1980|1981-1985,M1,1980,E0_R1,original
Germany,1981,0,True,0.26954289091254496,1980|1981-1985,M1,1980,E0_R1,original
Germany,1982,0,True,0.25191477964563863,1980|1981-1985,M1,1980,E0_R1,original
Germany,1983,0,True,0.11819188637907038,1980|1981-1985,M1,1980,E0_R1,original
Germany,1984,0,True,0.10513602962973023,1980|1981-1985,M1,1980,E0_R1,original
Germany,1985,0,True,0.05530562063573536,1980|1981-1985,M1,1980,E0_R1,original
Ireland,1981,0,True,0.08329038317331398,1980|1981-1985,M1,1980,E0_R1,original
Italy,1981,0,True,0.16091017689933432,1980|1981-1985,M1,1980,E0_R1,original
Italy,1982,0,True,0.1733943236705197,1980|1981-1985,M1,1980,E0_R1,original
Italy,1983,0,True,0.1968787588692231,1980|1981-1985,M1,1980,E0_R1,original
Italy,1984,0,True,0.15637782223165642,1980|1981-1985,M1,1980,E0_R1,original
Italy,1985,0,True,0.16591922587802357,1980|1981-1985,M1,1980,E0_R1,original
Japan,1981,0,True,0.0059362304306888455,1980|1981-1985,M1,1980,E0_R1,original
Japan,1982,0,True,0.004501761983433103,1980|1981-1985,M1,1980,E0_R1,original
Japan,1983,0,True,0.005896662050001813,1980|1981-1985,M1,1980,E0_R1,original
Japan,1984,0,True,0.006248558769126577,1980|1981-1985,M1,1980,E0_R1,original
Japan,1985,0,True,0.004638684174525503,1980|1981-1985,M1,1980,E0_R1,original
Netherlands,1981,0,True,0.07795720221698253,1980|1981-1985,M1,1980,E0_R1,original
Netherlands,1982,0,True,0.07938772549367097,1980|1981-1985,M1,1980,E0_R1,original
Netherlands,1983,0,True,0.06610368961259168,1980|1981-1985,M1,1980,E0_R1,original
Netherlands,1984,0,True,0.07893242635769987,1980|1981-1985,M1,1980,E0_R1,original
Netherlands,1985,0,True,0.05863300623246437,1980|1981-1985,M1,1980,E0_R1,original
Norway,1981,0,True,0.005587406226484828,1980|1981-1985,M1,1980,E0_R1,original
Norway,1982,0,True,0.003728047480593991,1980|1981-1985,M1,1980,E0_R1,original
Norway,1983,0,True,0.002253929226708899,1980|1981-1985,M1,1980,E0_R1,original
Norway,1984,0,True,0.0019250084049689323,1980|1981-1985,M1,1980,E0_R1,original
Norway,1985,0,True,0.0014355604637261564,1980|1981-1985,M1,1980,E0_R1,original
Portugal,1983,0,True,0.44015828016875425,1980|1981-1985,M1,1980,E0_R1,original
Spain,1984,0,True,0.15879605802275576,1980|1981-1985,M1,1980,E0_R1,original
Spain,1985,0,True,0.08124698364729033,1980|1981-1985,M1,1980,E0_R1,original
Sweden,1981,0,True,0.015784390940881587,1980|1981-1985,M1,1980,E0_R1,original
Sweden,1982,0,True,0.022907310290393758,1980|1981-1985,M1,1980,E0_R1,original
Sweden,1983,0,True,0.060801103648312274,1980|1981-1985,M1,1980,E0_R1,original
Sweden,1984,0,True,0.039997960082980635,1980|1981-1985,M1,1980,E0_R1,original
Sweden,1985,0,True,0.026112390510782974,1980|1981-1985,M1,1980,E0_R1,original
Switzerland,1981,0,True,0.00778395501760995,1980|1981-1985,M1,1980,E0_R1,original
Switzerland,1982,0,True,0.004905994442495108,1980|1981-1985,M1,1980,E0_R1,original
Switzerland,1983,0,True,0.0026694717062370706,1980|1981-1985,M1,1980,E0_R1,original
Switzerland,1984,0,True,0.0034516630592902214,1980|1981-1985,M1,1980,E0_R1,original
Switzerland,1985,0,True,0.0019177676991552117,1980|1981-1985,M1,1980,E0_R1,original
UK,1981,0,True,0.07033330325607708,1980|1981-1985,M1,1980,E0_R1,original
UK,1982,0,True,0.03569843635336001,1980|1981-1985,M1,1980,E0_R1,original
UK,1983,0,True,0.028251184653640377,1980|1981-1985,M1,1980,E0_R1,original
UK,1984,0,True,0.04353319803526812,1980|1981-1985,M1,1980,E0_R1,original
UK,1985,0,True,0.05178831005914644,1980|1981-1985,M1,1980,E0_R1,original
Australia,1981,0,True,1e-06,1980|1981-1985,M2,1980,E0_R1,original
Australia,1982,0,True,1e-06,1980|1981-1985,M2,1980,E0_R1,original
Australia,1983,0,True,1e-06,1980|1981-1985,M2,1980,E0_R1,original
Australia,1984,0,True,1e-06,1980|1981-1985,M2,1980,E0_R1,original
Australia,1985,0,True,1e-06,1980|1981-1985,M2,1980,E0_R1,original
Belgium,1982,0,True,0.14908558899157215,1980|1981-1985,M2,1980,E0_R1,original
Belgium,1983,0,True,0.19553977223864105,1980|1981-1985,M2,1980,E0_R1,original
Belgium,1984,0,True,0.21717677302821253,1980|1981-1985,M2,1980,E0_R1,original
Belgium,1985,0,True,0.2427996744674608,1980|1981-1985,M2,1980,E0_R1,original
Canada,1981,0,True,1e-06,1980|1981-1985,M2,1980,E0_R1,original
Canada,1982,0,True,1e-06,1980|1981-1985,M2,1980,E0_R1,original
Canada,1983,0,True,1e-06,1980|1981-1985,M2,1980,E0_R1,original
Canada,1984,0,True,1e-06,1980|1981-1985,M2,1980,E0_R1,original
Canada,1985,0,True,1e-06,1980|1981-1985,M2,1980,E0_R1,original
Denmark,1981,0,True,1e-06,1980|1981-1985,M2,1980,E0_R1,original
Denmark,1982,0,True,1e-06,1980|1981-1985,M2,1980,E0_R1,original
Denmark,1983,0,True,1e-06,1980|1981-1985,M2,1980,E0_R1,original
Denmark,1984,0,True,1e-06,1980|1981-1985,M2,1980,E0_R1,original
Denmark,1985,0,True,1e-06,1980|1981-1985,M2,1980,E0_R1,original
Finland,1981,0,True,1e-06,1980|1981-1985,M2,1980,E0_R1,original
Finland,1982,0,True,1e-06,1980|1981-1985,M2,1980,E0_R1,original
Finland,1983,0,True,1e-06,1980|1981-1985,M2,1980,E0_R1,original
Finland,1984,0,True,1e-06,1980|1981-1985,M2,1980,E0_R1,original
Finland,1985,0,True,1e-06,1980|1981-1985,M2,1980,E0_R1,original
France,1981,0,True,0.04952672992364997,1980|1981-1985,M2,1980,E0_R1,original
France,1982,0,True,0.05154369455698635,1980|1981-1985,M2,1980,E0_R1,original
France,1983,0,True,0.05237661249710047,1980|1981-1985,M2,1980,E0_R1,original
France,1984,0,True,0.05391188513732792,1980|1981-1985,M2,1980,E0_R1,original
France,1985,0,True,0.05495782881502866,1980|1981-1985,M2,1980,E0_R1,original
Germany,1981,0,True,0.036935997714823664,1980|1981-1985,M2,1980,E0_R1,original
Germany,1982,0,True,0.04258075373730946,1980|1981-1985,M2,1980,E0_R1,original
Germany,1983,0,True,0.04463930226961304,1980|1981-1985,M2,1980,E0_R1,original
Germany,1984,0,True,0.04679250657813781,1980|1981-1985,M2,1980,E0_R1,original
Germany,1985,0,True,0.04679250657813781,1980|1981-1985,M2,1980,E0_R1,original
Ireland,1981,0,True,1e-06,1980|1981-1985,M2,1980,E0_R1,original
Italy,1981,0,True,0.07330153900466307,1980|1981-1985,M2,1980,E0_R1,original
Italy,1982,0,True,0.07903585839043578,1980|1981-1985,M2,1980,E0_R1,original
Italy,1983,0,True,0.08733288421722898,1980|1981-1985,M2,1980,E0_R1,original
Italy,1984,0,True,0.09528099681516226,1980|1981-1985,M2,1980,E0_R1,original
Italy,1985,0,True,0.10467702843628732,1980|1981-1985,M2,1980,E0_R1,original
Japan,1981,0,True,1e-06,1980|1981-1985,M2,1980,E0_R1,original
Japan,1982,0,True,1e-06,1980|1981-1985,M2,1980,E0_R1,original
Japan,1983,0,True,1e-06,1980|1981-1985,M2,1980,E0_R1,original
Japan,1984,0,True,1e-06,1980|1981-1985,M2,1980,E0_R1,original
Japan,1985,0,True,1e-06,1980|1981-1985,M2,1980,E0_R1,original
Netherlands,1981,0,True,0.025486068530309876,1980|1981-1985,M2,1980,E0_R1,original
Netherlands,1982,0,True,0.029790503559478525,1980|1981-1985,M2,1980,E0_R1,original
Netherlands,1983,0,True,0.03522929205293267,1980|1981-1985,M2,1980,E0_R1,original
Netherlands,1984,0,True,0.038787729308370364,1980|1981-1985,M2,1980,E0_R1,original
Netherlands,1985,0,True,0.04483624242271521,1980|1981-1985,M2,1980,E0_R1,original
Norway,1981,0,True,1e-06,1980|1981-1985,M2,1980,E0_R1,original
Norway,1982,0,True,1e-06,1980|1981-1985,M2,1980,E0_R1,original
Norway,1983,0,True,1e-06,1980|1981-1985,M2,1980,E0_R1,original
Norway,1984,0,True,1e-06,1980|1981-1985,M2,1980,E0_R1,original
Norway,1985,0,True,1e-06,1980|1981-1985,M2,1980,E0_R1,original
Portugal,1983,0,True,0.11273403083040189,1980|1981-1985,M2,1980,E0_R1,original
Spain,1984,0,True,0.08110194116515172,1980|1981-1985,M2,1980,E0_R1,original
Spain,1985,0,True,0.08695666226148877,1980|1981-1985,M2,1980,E0_R1,original
Sweden,1981,0,True,1e-06,1980|1981-1985,M2,1980,E0_R1,original
Sweden,1982,0,True,1e-06,1980|1981-1985,M2,1980,E0_R1,original
Sweden,1983,0,True,1e-06,1980|1981-1985,M2,1980,E0_R1,original
Sweden,1984,0,True,1e-06,1980|1981-1985,M2,1980,E0_R1,original
Sweden,1985,0,True,1e-06,1980|1981-1985,M2,1980,E0_R1,original
Switzerland,1981,0,True,1e-06,1980|1981-1985,M2,1980,E0_R1,original
Switzerland,1982,0,True,1e-06,1980|1981-1985,M2,1980,E0_R1,original
Switzerland,1983,0,True,1e-06,1980|1981-1985,M2,1980,E0_R1,original
Switzerland,1984,0,True,1e-06,1980|1981-1985,M2,1980,E0_R1,original
Switzerland,1985,0,True,1e-06,1980|1981-1985,M2,1980,E0_R1,original
UK,1981,0,True,0.05052185929405718,1980|1981-1985,M2,1980,E0_R1,original
UK,1982,0,True,0.049674712107448414,1980|1981-1985,M2,1980,E0_R1,original
UK,1983,0,True,0.049095316296276864,1980|1981-1985,M2,1980,E0_R1,original
UK,1984,0,True,0.04928322720852343,1980|1981-1985,M2,1980,E0_R1,original
UK,1985,0,True,0.04883290378384183,1980|1981-1985,M2,1980,E0_R1,original
USA,1981,0,True,0.025587677025761774,1980|1981-1985,M2,1980,E0_R1,original
USA,1982,0,True,0.027335085029057536,1980|1981-1985,M2,1980,E0_R1,original
USA,1983,0,True,0.03055969468361956,1980|1981-1985,M2,1980,E0_R1,original
USA,1984,0,True,0.031263279872312776,1980|1981-1985,M2,1980,E0_R1,original
USA,1985,0,True,0.03372352578648421,1980|1981-1985,M2,1980,E0_R1,original
Australia,1991,0,True,0.05299042077398836,1990|1991-1995,M1,1990,E0_R1,original
Australia,1992,0,True,0.051788649574821724,1990|1991-1995,M1,1990,E0_R1,original
Australia,1993,0,True,0.052052684190892116,1990|1991-1995,M1,1990,E0_R1,original
Australia,1994,0,True,0.05448282151879124,1990|1991-1995,M1,1990,E0_R1,original
Australia,1995,0,True,0.057086026538646695,1990|1991-1995,M1,1990,E0_R1,original
Belgium,1991,0,True,0.07150874393411925,1990|1991-1995,M1,1990,E0_R1,original
Belgium,1992,0,True,0.07078739765550644,1990|1991-1995,M1,1990,E0_R1,original
Belgium,1993,0,True,0.07063419282347158,1990|1991-1995,M1,1990,E0_R1,original
Belgium,1994,0,True,0.06825326317308235,1990|1991-1995,M1,1990,E0_R1,original
Belgium,1995,0,True,0.06627374274831505,1990|1991-1995,M1,1990,E0_R1,original
Canada,1991,0,True,0.06837079774192037,1990|1991-1995,M1,1990,E0_R1,original
Canada,1992,0,True,0.06827560060160728,1990|1991-1995,M1,1990,E0_R1,original
Canada,1993,0,True,0.07117089015052883,1990|1991-1995,M1,1990,E0_R1,original
Canada,1994,0,True,0.06926607390413186,1990|1991-1995,M1,1990,E0_R1,original
Canada,1995,0,True,0.07149511077747467,1990|1991-1995,M1,1990,E0_R1,original
Denmark,1991,0,True,0.0666985523055766,1990|1991-1995,M1,1990,E0_R1,original
Denmark,1992,0,True,0.0633035721626022,1990|1991-1995,M1,1990,E0_R1,original
Denmark,1993,0,True,0.06171955373862177,1990|1991-1995,M1,1990,E0_R1,original
Denmark,1994,0,True,0.06060296748247558,1990|1991-1995,M1,1990,E0_R1,original
Denmark,1995,0,True,0.06493880802919676,1990|1991-1995,M1,1990,E0_R1,original
Finland,1991,0,True,0.08400573932649594,1990|1991-1995,M1,1990,E0_R1,original
Finland,1992,0,True,0.14408878015213744,1990|1991-1995,M1,1990,E0_R1,original
Finland,1993,0,True,0.2171096008309304,1990|1991-1995,M1,1990,E0_R1,original
Finland,1994,0,True,0.22150036079197652,1990|1991-1995,M1,1990,E0_R1,original
Finland,1995,0,True,0.2052933507686184,1990|1991-1995,M1,1990,E0_R1,original
France,1991,0,True,0.05874546230111871,1990|1991-1995,M1,1990,E0_R1,original
France,1992,0,True,0.05819383964949136,1990|1991-1995,M1,1990,E0_R1,original
France,1993,0,True,0.057605869339536486,1990|1991-1995,M1,1990,E0_R1,original
France,1994,0,True,0.056901669786822394,1990|1991-1995,M1,1990,E0_R1,original
France,1995,0,True,0.0577483752243245,1990|1991-1995,M1,1990,E0_R1,original
Germany,1991,0,True,0.06172380132570131,1990|1991-1995,M1,1990,E0_R1,original
Germany,1992,0,True,0.07138254888440326,1990|1991-1995,M1,1990,E0_R1,original
Germany,1993,0,True,0.08329578297354126,1990|1991-1995,M1,1990,E0_R1,original
Germany,1994,0,True,0.08545272192798387,1990|1991-1995,M1,1990,E0_R1,original
Germany,1995,0,True,0.09155935686181897,1990|1991-1995,M1,1990,E0_R1,original
Ireland,1991,0,True,0.07608376739208098,1990|1991-1995,M1,1990,E0_R1,original
Ireland,1992,0,True,0.07192967758443211,1990|1991-1995,M1,1990,E0_R1,original
Ireland,1993,0,True,0.06958241781145462,1990|1991-1995,M1,1990,E0_R1,original
Ireland,1994,0,True,0.0651607064834336,1990|1991-1995,M1,1990,E0_R1,original
Ireland,1995,0,True,0.060098890527578774,1990|1991-1995,M1,1990,E0_R1,original
Italy,1991,0,True,0.06878274378523207,1990|1991-1995,M1,1990,E0_R1,original
Italy,1992,0,True,0.06517151397836746,1990|1991-1995,M1,1990,E0_R1,original
Italy,1993,0,True,0.06432845446068935,1990|1991-1995,M1,1990,E0_R1,original
Italy,1994,0,True,0.06189767165828904,1990|1991-1995,M1,1990,E0_R1,original
Italy,1995,0,True,0.06261544180167247,1990|1991-1995,M1,1990,E0_R1,original
Japan,1991,0,True,0.06320517661909945,1990|1991-1995,M1,1990,E0_R1,original
Japan,1992,0,True,0.063506268495924,1990|1991-1995,M1,1990,E0_R1,original
Japan,1993,0,True,0.06383924789786799,1990|1991-1995,M1,1990,E0_R1,original
Japan,1994,0,True,0.06704958838350103,1990|1991-1995,M1,1990,E0_R1,original
Japan,1995,0,True,0.07250056437673985,1990|1991-1995,M1,1990,E0_R1,original
Netherlands,1991,0,True,0.05773090822699656,1990|1991-1995,M1,1990,E0_R1,original
Netherlands,1992,0,True,0.058679127887940545,1990|1991-1995,M1,1990,E0_R1,original
Netherlands,1993,0,True,0.057785181519644735,1990|1991-1995,M1,1990,E0_R1,original
Netherlands,1994,0,True,0.055933644502135324,1990|1991-1995,M1,1990,E0_R1,original
Netherlands,1995,0,True,0.05418065108370349,1990|1991-1995,M1,1990,E0_R1,original
Norway,1991,0,True,0.05165975709360046,1990|1991-1995,M1,1990,E0_R1,original
Norway,1992,0,True,0.05432178671322085,1990|1991-1995,M1,1990,E0_R1,original
Norway,1993,0,True,0.06261578637677645,1990|1991-1995,M1,1990,E0_R1,original
Norway,1994,0,True,0.059839120360781047,1990|1991-1995,M1,1990,E0_R1,original
Norway,1995,0,True,0.05762863236988761,1990|1991-1995,M1,1990,E0_R1,original
Portugal,1991,0,True,0.0583379773942287,1990|1991-1995,M1,1990,E0_R1,original
Portugal,1992,0,True,0.0560170387263358,1990|1991-1995,M1,1990,E0_R1,original
Portugal,1993,0,True,0.057159849619231096,1990|1991-1995,M1,1990,E0_R1,original
Portugal,1994,0,True,0.05873604076745882,1990|1991-1995,M1,1990,E0_R1,original
Portugal,1995,0,True,0.0599506206349953,1990|1991-1995,M1,1990,E0_R1,original
Spain,1991,0,True,0.06956277849327891,1990|1991-1995,M1,1990,E0_R1,original
Spain,1992,0,True,0.07043707643848611,1990|1991-1995,M1,1990,E0_R1,original
Spain,1993,0,True,0.06979551614091141,1990|1991-1995,M1,1990,E0_R1,original
Spain,1994,0,True,0.0685855061571811,1990|1991-1995,M1,1990,E0_R1,original
Spain,1995,0,True,0.06578559988162058,1990|1991-1995,M1,1990,E0_R1,original
Sweden,1991,0,True,0.07372358656500155,1990|1991-1995,M1,1990,E0_R1,original
Sweden,1992,0,True,0.07861082993490924,1990|1991-1995,M1,1990,E0_R1,original
Sweden,1993,0,True,0.08740318510693136,1990|1991-1995,M1,1990,E0_R1,original
Sweden,1994,0,True,0.09208533273511883,1990|1991-1995,M1,1990,E0_R1,original
Sweden,1995,0,True,0.09157761565726379,1990|1991-1995,M1,1990,E0_R1,original
Switzerland,1991,0,True,0.05344377370931023,1990|1991-1995,M1,1990,E0_R1,original
Switzerland,1992,0,True,0.053131410064849956,1990|1991-1995,M1,1990,E0_R1,original
Switzerland,1993,0,True,0.050681490382689036,1990|1991-1995,M1,1990,E0_R1,original
Switzerland,1994,0,True,0.049164200756461204,1990|1991-1995,M1,1990,E0_R1,original
Switzerland,1995,0,True,0.050975041502498326,1990|1991-1995,M1,1990,E0_R1,original
UK,1991,0,True,0.05952044745610382,1990|1991-1995,M1,1990,E0_R1,original
UK,1992,0,True,0.05699580220569194,1990|1991-1995,M1,1990,E0_R1,original
UK,1993,0,True,0.055391880385633856,1990|1991-1995,M1,1990,E0_R1,original
UK,1994,0,True,0.0548971487932675,1990|1991-1995,M1,1990,E0_R1,original
UK,1995,0,True,0.0561100159782716,1990|1991-1995,M1,1990,E0_R1,original
Australia,1991,0,True,1e-06,1990|1991-1995,M2,1990,E0_R1,original
Australia,1992,0,True,1e-06,1990|1991-1995,M2,1990,E0_R1,original
Australia,1993,0,True,1e-06,1990|1991-1995,M2,1990,E0_R1,original
Australia,1994,0,True,1e-06,1990|1991-1995,M2,1990,E0_R1,original
Australia,1995,0,True,1e-06,1990|1991-1995,M2,1990,E0_R1,original
Belgium,1991,0,True,0.19856648798991067,1990|1991-1995,M2,1990,E0_R1,original
Belgium,1992,0,True,0.20525608106085758,1990|1991-1995,M2,1990,E0_R1,original
Belgium,1993,0,True,0.22997470961685784,1990|1991-1995,M2,1990,E0_R1,original
Belgium,1994,0,True,0.2209137214111296,1990|1991-1995,M2,1990,E0_R1,original
Belgium,1995,0,True,0.21254535916188722,1990|1991-1995,M2,1990,E0_R1,original
Canada,1991,0,True,1e-06,1990|1991-1995,M2,1990,E0_R1,original
Canada,1992,0,True,1e-06,1990|1991-1995,M2,1990,E0_R1,original
Canada,1993,0,True,1e-06,1990|1991-1995,M2,1990,E0_R1,original
Canada,1994,0,True,1e-06,1990|1991-1995,M2,1990,E0_R1,original
Canada,1995,0,True,1e-06,1990|1991-1995,M2,1990,E0_R1,original
Denmark,1991,0,True,1e-06,1990|1991-1995,M2,1990,E0_R1,original
Denmark,1992,0,True,1e-06,1990|1991-1995,M2,1990,E0_R1,original
Denmark,1993,0,True,1e-06,1990|1991-1995,M2,1990,E0_R1,original
Denmark,1994,0,True,1e-06,1990|1991-1995,M2,1990,E0_R1,original
Denmark,1995,0,True,1e-06,1990|1991-1995,M2,1990,E0_R1,original
Finland,1991,0,True,1e-06,1990|1991-1995,M2,1990,E0_R1,original
Finland,1992,0,True,1e-06,1990|1991-1995,M2,1990,E0_R1,original
Finland,1993,0,True,1e-06,1990|1991-1995,M2,1990,E0_R1,original
Finland,1994,0,True,1e-06,1990|1991-1995,M2,1990,E0_R1,original
Finland,1995,0,True,1e-06,1990|1991-1995,M2,1990,E0_R1,original
France,1991,0,True,0.05398929372892568,1990|1991-1995,M2,1990,E0_R1,original
France,1992,0,True,0.05649290355897078,1990|1991-1995,M2,1990,E0_R1,original
France,1993,0,True,0.06102288832897278,1990|1991-1995,M2,1990,E0_R1,original
France,1994,0,True,0.06347364569059434,1990|1991-1995,M2,1990,E0_R1,original
France,1995,0,True,0.06847079027492377,1990|1991-1995,M2,1990,E0_R1,original
Germany,1991,0,True,0.05282839351467594,1990|1991-1995,M2,1990,E0_R1,original
Germany,1992,0,True,0.04587258371340931,1990|1991-1995,M2,1990,E0_R1,original
Germany,1993,0,True,0.055242295554461494,1990|1991-1995,M2,1990,E0_R1,original
Germany,1994,0,True,0.06224205167342951,1990|1991-1995,M2,1990,E0_R1,original
Germany,1995,0,True,0.09024654393546079,1990|1991-1995,M2,1990,E0_R1,original
Ireland,1991,0,True,0.3001446361102114,1990|1991-1995,M2,1990,E0_R1,original
Ireland,1992,0,True,0.2714721602392301,1990|1991-1995,M2,1990,E0_R1,original
Ireland,1993,0,True,0.29665661229349666,1990|1991-1995,M2,1990,E0_R1,original
Ireland,1994,0,True,0.24993157064730268,1990|1991-1995,M2,1990,E0_R1,original
Ireland,1995,0,True,0.19151454359498654,1990|1991-1995,M2,1990,E0_R1,original
Italy,1991,0,True,0.12702784660076055,1990|1991-1995,M2,1990,E0_R1,original
Italy,1992,0,True,0.1417480273825577,1990|1991-1995,M2,1990,E0_R1,original
Italy,1993,0,True,0.16602786193050234,1990|1991-1995,M2,1990,E0_R1,original
Italy,1994,0,True,0.18239328706736085,1990|1991-1995,M2,1990,E0_R1,original
Italy,1995,0,True,0.18152939813536695,1990|1991-1995,M2,1990,E0_R1,original
Japan,1991,0,True,1e-06,1990|1991-1995,M2,1990,E0_R1,original
Japan,1992,0,True,1e-06,1990|1991-1995,M2,1990,E0_R1,original
Japan,1993,0,True,1e-06,1990|1991-1995,M2,1990,E0_R1,original
Japan,1994,0,True,1e-06,1990|1991-1995,M2,1990,E0_R1,original
Japan,1995,0,True,1e-06,1990|1991-1995,M2,1990,E0_R1,original
Netherlands,1991,0,True,0.05136139703852619,1990|1991-1995,M2,1990,E0_R1,original
Netherlands,1992,0,True,0.05239747541319837,1990|1991-1995,M2,1990,E0_R1,original
Netherlands,1993,0,True,0.053945021693080464,1990|1991-1995,M2,1990,E0_R1,original
Netherlands,1994,0,True,0.0502661303064444,1990|1991-1995,M2,1990,E0_R1,original
Netherlands,1995,0,True,0.050704637001299194,1990|1991-1995,M2,1990,E0_R1,original
Norway,1991,0,True,1e-06,1990|1991-1995,M2,1990,E0_R1,original
Norway,1992,0,True,1e-06,1990|1991-1995,M2,1990,E0_R1,original
Norway,1993,0,True,1e-06,1990|1991-1995,M2,1990,E0_R1,original
Norway,1994,0,True,1e-06,1990|1991-1995,M2,1990,E0_R1,original
Norway,1995,0,True,1e-06,1990|1991-1995,M2,1990,E0_R1,original
Portugal,1991,0,True,0.15480448333535984,1990|1991-1995,M2,1990,E0_R1,original
Portugal,1992,0,True,0.1312453012865795,1990|1991-1995,M2,1990,E0_R1,original
Portugal,1993,0,True,0.15012245903632693,1990|1991-1995,M2,1990,E0_R1,original
Portugal,1994,0,True,0.16221915945216167,1990|1991-1995,M2,1990,E0_R1,original
Portugal,1995,0,True,0.17112655341199665,1990|1991-1995,M2,1990,E0_R1,original
Spain,1991,0,True,0.08332013550604911,1990|1991-1995,M2,1990,E0_R1,original
Spain,1992,0,True,0.08627038147470027,1990|1991-1995,M2,1990,E0_R1,original
Spain,1993,0,True,0.10122783254430782,1990|1991-1995,M2,1990,E0_R1,original
Spain,1994,0,True,0.10508758400503605,1990|1991-1995,M2,1990,E0_R1,original
Spain,1995,0,True,0.11027869754236881,1990|1991-1995,M2,1990,E0_R1,original
Sweden,1991,0,True,1e-06,1990|1991-1995,M2,1990,E0_R1,original
Sweden,1992,0,True,1e-06,1990|1991-1995,M2,1990,E0_R1,original
Sweden,1993,0,True,1e-06,1990|1991-1995,M2,1990,E0_R1,original
Sweden,1994,0,True,1e-06,1990|1991-1995,M2,1990,E0_R1,original
Sweden,1995,0,True,1e-06,1990|1991-1995,M2,1990,E0_R1,original
Switzerland,1991,0,True,1e-06,1990|1991-1995,M2,1990,E0_R1,original
Switzerland,1992,0,True,1e-06,1990|1991-1995,M2,1990,E0_R1,original
Switzerland,1993,0,True,1e-06,1990|1991-1995,M2,1990,E0_R1,original
Switzerland,1994,0,True,1e-06,1990|1991-1995,M2,1990,E0_R1,original
Switzerland,1995,0,True,1e-06,1990|1991-1995,M2,1990,E0_R1,original
UK,1991,0,True,0.03989133528772118,1990|1991-1995,M2,1990,E0_R1,original
UK,1992,0,True,0.04185026967657507,1990|1991-1995,M2,1990,E0_R1,original
UK,1993,0,True,0.04390542576811945,1990|1991-1995,M2,1990,E0_R1,original
UK,1994,0,True,0.045159018397344305,1990|1991-1995,M2,1990,E0_R1,original
UK,1995,0,True,0.046517657846321614,1990|1991-1995,M2,1990,E0_R1,original
USA,1991,0,True,0.04679101689996178,1990|1991-1995,M2,1990,E0_R1,original
USA,1992,0,True,0.0510009086627937,1990|1991-1995,M2,1990,E0_R1,original
USA,1993,0,True,0.05344591438023131,1990|1991-1995,M2,1990,E0_R1,original
USA,1994,0,True,0.054144475222596467,1990|1991-1995,M2,1990,E0_R1,original
USA,1995,0,True,0.0547095124874248,1990|1991-1995,M2,1990,E0_R1,original
Australia,2001,0,True,0.010388519177101705,2000|2001-2005,M1,2000,E0_R1,original
Australia,2002,0,True,0.008487361236324681,2000|2001-2005,M1,2000,E0_R1,original
Australia,2003,0,True,0.007185929790693389,2000|2001-2005,M1,2000,E0_R1,original
Australia,2004,0,True,0.008154399231925014,2000|2001-2005,M1,2000,E0_R1,original
Australia,2005,0,True,0.009556022046909035,2000|2001-2005,M1,2000,E0_R1,original
Belgium,2001,0,True,0.017515453917630795,2000|2001-2005,M1,2000,E0_R1,original
Belgium,2002,0,True,0.01363828400490514,2000|2001-2005,M1,2000,E0_R1,original
Belgium,2003,0,True,0.016219113709352147,2000|2001-2005,M1,2000,E0_R1,original
Belgium,2004,0,True,0.013409798345874293,2000|2001-2005,M1,2000,E0_R1,original
Belgium,2005,0,True,0.021842842727188474,2000|2001-2005,M1,2000,E0_R1,original
Canada,2001,0,True,0.008831564023912998,2000|2001-2005,M1,2000,E0_R1,original
Canada,2002,0,True,0.006745469725724236,2000|2001-2005,M1,2000,E0_R1,original
Canada,2003,0,True,0.005935303403507136,2000|2001-2005,M1,2000,E0_R1,original
Canada,2004,0,True,0.0051647643576483325,2000|2001-2005,M1,2000,E0_R1,original
Canada,2005,0,True,0.006463502479886734,2000|2001-2005,M1,2000,E0_R1,original
Denmark,2001,0,True,0.00735148148603977,2000|2001-2005,M1,2000,E0_R1,original
Denmark,2002,0,True,0.007550255144554518,2000|2001-2005,M1,2000,E0_R1,original
Denmark,2003,0,True,0.00685463537119482,2000|2001-2005,M1,2000,E0_R1,original
Denmark,2004,0,True,0.004512524139050789,2000|2001-2005,M1,2000,E0_R1,original
Denmark,2005,0,True,0.0020041846656886795,2000|2001-2005,M1,2000,E0_R1,original
Finland,2001,0,True,0.020249105335447767,2000|2001-2005,M1,2000,E0_R1,original
Finland,2002,0,True,0.01884213631866091,2000|2001-2005,M1,2000,E0_R1,original
Finland,2003,0,True,0.026478737964753366,2000|2001-2005,M1,2000,E0_R1,original
Finland,2004,0,True,0.027701079746663963,2000|2001-2005,M1,2000,E0_R1,original
Finland,2005,0,True,0.029424659777304515,2000|2001-2005,M1,2000,E0_R1,original
France,2001,0,True,0.01488389503627976,2000|2001-2005,M1,2000,E0_R1,original
France,2002,0,True,0.021802334343168396,2000|2001-2005,M1,2000,E0_R1,original
France,2003,0,True,0.023435090045843023,2000|2001-2005,M1,2000,E0_R1,original
France,2004,0,True,0.022512716809039712,2000|2001-2005,M1,2000,E0_R1,original
France,2005,0,True,0.025514322283015138,2000|2001-2005,M1,2000,E0_R1,original
Germany,2001,0,True,0.10231592673714833,2000|2001-2005,M1,2000,E0_R1,original
Germany,2002,0,True,0.0799515426210436,2000|2001-2005,M1,2000,E0_R1,original
Germany,2003,0,True,0.08279025795239787,2000|2001-2005,M1,2000,E0_R1,original
Germany,2004,0,True,0.054372666561308666,2000|2001-2005,M1,2000,E0_R1,original
Germany,2005,0,True,0.04060386421435985,2000|2001-2005,M1,2000,E0_R1,original
Ireland,2001,0,True,0.011708278100801967,2000|2001-2005,M1,2000,E0_R1,original
Ireland,2002,0,True,0.012856981122676775,2000|2001-2005,M1,2000,E0_R1,original
Ireland,2003,0,True,0.007162845217131917,2000|2001-2005,M1,2000,E0_R1,original
Ireland,2004,0,True,0.005689650753189418,2000|2001-2005,M1,2000,E0_R1,original
Ireland,2005,0,True,0.006620538411270945,2000|2001-2005,M1,2000,E0_R1,original
Italy,2001,0,True,0.0994667372477755,2000|2001-2005,M1,2000,E0_R1,original
Italy,2002,0,True,0.1044290926204653,2000|2001-2005,M1,2000,E0_R1,original
Italy,2003,0,True,0.1112636320129153,2000|2001-2005,M1,2000,E0_R1,original
Italy,2004,0,True,0.11059887023905603,2000|2001-2005,M1,2000,E0_R1,original
Italy,2005,0,True,0.12595121586100763,2000|2001-2005,M1,2000,E0_R1,original
Japan,2001,0,True,0.13088101729875024,2000|2001-2005,M1,2000,E0_R1,original
Japan,2002,0,True,0.17895435870370063,2000|2001-2005,M1,2000,E0_R1,original
Japan,2003,0,True,0.21197771838376983,2000|2001-2005,M1,2000,E0_R1,original
Japan,2004,0,True,0.18681799546225838,2000|2001-2005,M1,2000,E0_R1,original
Japan,2005,0,True,0.18201369990266145,2000|2001-2005,M1,2000,E0_R1,original
Netherlands,2001,0,True,0.03017161791987482,2000|2001-2005,M1,2000,E0_R1,original
Netherlands,2002,0,True,0.02706741534223759,2000|2001-2005,M1,2000,E0_R1,original
Netherlands,2003,0,True,0.025827382690685595,2000|2001-2005,M1,2000,E0_R1,original
Netherlands,2004,0,True,0.015489663985650246,2000|2001-2005,M1,2000,E0_R1,original
Netherlands,2005,0,True,0.01353138184102495,2000|2001-2005,M1,2000,E0_R1,original
Norway,2001,0,True,0.0003896260260032218,2000|2001-2005,M1,2000,E0_R1,original
Norway,2002,0,True,0.000906031580319741,2000|2001-2005,M1,2000,E0_R1,original
Norway,2003,0,True,0.002162541889873036,2000|2001-2005,M1,2000,E0_R1,original
Norway,2004,0,True,0.0017576046451047045,2000|2001-2005,M1,2000,E0_R1,original
Norway,2005,0,True,0.0009628771665993165,2000|2001-2005,M1,2000,E0_R1,original
Portugal,2001,0,True,0.30409787327439763,2000|2001-2005,M1,2000,E0_R1,original
Portugal,2002,0,True,0.27292219980656884,2000|2001-2005,M1,2000,E0_R1,original
Portugal,2003,0,True,0.23610670362049,2000|2001-2005,M1,2000,E0_R1,original
Portugal,2004,0,True,0.28567521790214895,2000|2001-2005,M1,2000,E0_R1,original
Portugal,2005,0,True,0.34993505396135355,2000|2001-2005,M1,2000,E0_R1,original
Spain,2001,0,True,0.16000233478628614,2000|2001-2005,M1,2000,E0_R1,original
Spain,2002,0,True,0.14455847049700898,2000|2001-2005,M1,2000,E0_R1,original
Spain,2003,0,True,0.12842414369426386,2000|2001-2005,M1,2000,E0_R1,original
Spain,2004,0,True,0.14121013778747185,2000|2001-2005,M1,2000,E0_R1,original
Spain,2005,0,True,0.17428841644143284,2000|2001-2005,M1,2000,E0_R1,original
Sweden,2001,0,True,0.003586571783717829,2000|2001-2005,M1,2000,E0_R1,original
Sweden,2002,0,True,0.006328593238340141,2000|2001-2005,M1,2000,E0_R1,original
Sweden,2003,0,True,0.004872366153882377,2000|2001-2005,M1,2000,E0_R1,original
Sweden,2004,0,True,0.0032283533918153495,2000|2001-2005,M1,2000,E0_R1,original
Sweden,2005,0,True,0.0029334336281939787,2000|2001-2005,M1,2000,E0_R1,original
Switzerland,2001,0,True,0.00914802348333132,2000|2001-2005,M1,2000,E0_R1,original
Switzerland,2002,0,True,0.023117282019260995,2000|2001-2005,M1,2000,E0_R1,original
Switzerland,2003,0,True,0.013252814706402456,2000|2001-2005,M1,2000,E0_R1,original
Switzerland,2004,0,True,0.008957983498210155,2000|2001-2005,M1,2000,E0_R1,original
Switzerland,2005,0,True,0.005456377750876892,2000|2001-2005,M1,2000,E0_R1,original
UK,2001,0,True,0.018930494023208618,2000|2001-2005,M1,2000,E0_R1,original
UK,2002,0,True,0.018654288553633363,2000|2001-2005,M1,2000,E0_R1,original
UK,2003,0,True,0.01945416700276034,2000|2001-2005,M1,2000,E0_R1,original
UK,2004,0,True,0.019347545717768016,2000|2001-2005,M1,2000,E0_R1,original
UK,2005,0,True,0.020844290329940958,2000|2001-2005,M1,2000,E0_R1,original
Australia,2001,0,True,1e-06,2000|2001-2005,M2,2000,E0_R1,original
Australia,2002,0,True,1e-06,2000|2001-2005,M2,2000,E0_R1,original
Australia,2003,0,True,1e-06,2000|2001-2005,M2,2000,E0_R1,original
Australia,2004,0,True,1e-06,2000|2001-2005,M2,2000,E0_R1,original
Australia,2005,0,True,1e-06,2000|2001-2005,M2,2000,E0_R1,original
Belgium,2001,0,True,0.07478127071342358,2000|2001-2005,M2,2000,E0_R1,original
Belgium,2002,0,True,0.07134600588450789,2000|2001-2005,M2,2000,E0_R1,original
Belgium,2003,0,True,0.06702993767635058,2000|2001-2005,M2,2000,E0_R1,original
Belgium,2004,0,True,0.06210755917024023,2000|2001-2005,M2,2000,E0_R1,original
Belgium,2005,0,True,0.0599277719075545,2000|2001-2005,M2,2000,E0_R1,original
Canada,2001,0,True,1e-06,2000|2001-2005,M2,2000,E0_R1,original
Canada,2002,0,True,1e-06,2000|2001-2005,M2,2000,E0_R1,original
Canada,2003,0,True,1e-06,2000|2001-2005,M2,2000,E0_R1,original
Canada,2004,0,True,1e-06,2000|2001-2005,M2,2000,E0_R1,original
Canada,2005,0,True,1e-06,2000|2001-2005,M2,2000,E0_R1,original
Denmark,2001,0,True,1e-06,2000|2001-2005,M2,2000,E0_R1,original
Denmark,2002,0,True,1e-06,2000|2001-2005,M2,2000,E0_R1,original
Denmark,2003,0,True,1e-06,2000|2001-2005,M2,2000,E0_R1,original
Denmark,2004,0,True,1e-06,2000|2001-2005,M2,2000,E0_R1,original
Denmark,2005,0,True,1e-06,2000|2001-2005,M2,2000,E0_R1,original
Finland,2001,0,True,1e-06,2000|2001-2005,M2,2000,E0_R1,original
Finland,2002,0,True,1e-06,2000|2001-2005,M2,2000,E0_R1,original
Finland,2003,0,True,1e-06,2000|2001-2005,M2,2000,E0_R1,original
Finland,2004,0,True,1e-06,2000|2001-2005,M2,2000,E0_R1,original
Finland,2005,0,True,1e-06,2000|2001-2005,M2,2000,E0_R1,original
France,2001,0,True,0.06662298295332758,2000|2001-2005,M2,2000,E0_R1,original
France,2002,0,True,0.06807436014754824,2000|2001-2005,M2,2000,E0_R1,original
France,2003,0,True,0.07132602869726545,2000|2001-2005,M2,2000,E0_R1,original
France,2004,0,True,0.07255628177044406,2000|2001-2005,M2,2000,E0_R1,original
France,2005,0,True,0.0737380152914346,2000|2001-2005,M2,2000,E0_R1,original
Germany,2001,0,True,0.07899617097250133,2000|2001-2005,M2,2000,E0_R1,original
Germany,2002,0,True,0.08522032195053149,2000|2001-2005,M2,2000,E0_R1,original
Germany,2003,0,True,0.09931474520316473,2000|2001-2005,M2,2000,E0_R1,original
Germany,2004,0,True,0.10656062707774074,2000|2001-2005,M2,2000,E0_R1,original
Germany,2005,0,True,0.11752581980473466,2000|2001-2005,M2,2000,E0_R1,original
Ireland,2001,0,True,0.02591815705814515,2000|2001-2005,M2,2000,E0_R1,original
Ireland,2002,0,True,0.023975100836772324,2000|2001-2005,M2,2000,E0_R1,original
Ireland,2003,0,True,0.023250940834553424,2000|2001-2005,M2,2000,E0_R1,original
Ireland,2004,0,True,0.022108136548527068,2000|2001-2005,M2,2000,E0_R1,original
Ireland,2005,0,True,0.02083589683920688,2000|2001-2005,M2,2000,E0_R1,original
Italy,2001,0,True,0.12615194036675562,2000|2001-2005,M2,2000,E0_R1,original
Italy,2002,0,True,0.12066241884748477,2000|2001-2005,M2,2000,E0_R1,original
Italy,2003,0,True,0.11791560444477917,2000|2001-2005,M2,2000,E0_R1,original
Italy,2004,0,True,0.11707521770136159,2000|2001-2005,M2,2000,E0_R1,original
Italy,2005,0,True,0.12039356444026446,2000|2001-2005,M2,2000,E0_R1,original
Japan,2001,0,True,1e-06,2000|2001-2005,M2,2000,E0_R1,original
Japan,2002,0,True,1e-06,2000|2001-2005,M2,2000,E0_R1,original
Japan,2003,0,True,1e-06,2000|2001-2005,M2,2000,E0_R1,original
Japan,2004,0,True,1e-06,2000|2001-2005,M2,2000,E0_R1,original
Japan,2005,0,True,1e-06,2000|2001-2005,M2,2000,E0_R1,original
Netherlands,2001,0,True,0.025738195184623457,2000|2001-2005,M2,2000,E0_R1,original
Netherlands,2002,0,True,0.02529861416436276,2000|2001-2005,M2,2000,E0_R1,original
Netherlands,2003,0,True,0.02610480290942542,2000|2001-2005,M2,2000,E0_R1,original
Netherlands,2004,0,True,0.02631473349303283,2000|2001-2005,M2,2000,E0_R1,original
Netherlands,2005,0,True,0.025981948152219315,2000|2001-2005,M2,2000,E0_R1,original
Norway,2001,0,True,1e-06,2000|2001-2005,M2,2000,E0_R1,original
Norway,2002,0,True,1e-06,2000|2001-2005,M2,2000,E0_R1,original
Norway,2003,0,True,1e-06,2000|2001-2005,M2,2000,E0_R1,original
Norway,2004,0,True,1e-06,2000|2001-2005,M2,2000,E0_R1,original
Norway,2005,0,True,1e-06,2000|2001-2005,M2,2000,E0_R1,original
Portugal,2001,0,True,0.12833330079250632,2000|2001-2005,M2,2000,E0_R1,original
Portugal,2002,0,True,0.13742794984648074,2000|2001-2005,M2,2000,E0_R1,original
Portugal,2003,0,True,0.1515389020129113,2000|2001-2005,M2,2000,E0_R1,original
Portugal,2004,0,True,0.1641518445708448,2000|2001-2005,M2,2000,E0_R1,original
Portugal,2005,0,True,0.18618396253839373,2000|2001-2005,M2,2000,E0_R1,original
Spain,2001,0,True,0.08878091660836804,2000|2001-2005,M2,2000,E0_R1,original
Spain,2002,0,True,0.08533413385928008,2000|2001-2005,M2,2000,E0_R1,original
Spain,2003,0,True,0.08115178415570741,2000|2001-2005,M2,2000,E0_R1,original
Spain,2004,0,True,0.078482358964055,2000|2001-2005,M2,2000,E0_R1,original
Spain,2005,0,True,0.07525588016185018,2000|2001-2005,M2,2000,E0_R1,original
Sweden,2001,0,True,1e-06,2000|2001-2005,M2,2000,E0_R1,original
Sweden,2002,0,True,1e-06,2000|2001-2005,M2,2000,E0_R1,original
Sweden,2003,0,True,1e-06,2000|2001-2005,M2,2000,E0_R1,original
Sweden,2004,0,True,1e-06,2000|2001-2005,M2,2000,E0_R1,original
Sweden,2005,0,True,1e-06,2000|2001-2005,M2,2000,E0_R1,original
Switzerland,2001,0,True,1e-06,2000|2001-2005,M2,2000,E0_R1,original
Switzerland,2002,0,True,1e-06,2000|2001-2005,M2,2000,E0_R1,original
Switzerland,2003,0,True,1e-06,2000|2001-2005,M2,2000,E0_R1,original
Switzerland,2004,0,True,1e-06,2000|2001-2005,M2,2000,E0_R1,original
Switzerland,2005,0,True,1e-06,2000|2001-2005,M2,2000,E0_R1,original
UK,2001,0,True,0.04329348805802944,2000|2001-2005,M2,2000,E0_R1,original
UK,2002,0,True,0.04337971861383695,2000|2001-2005,M2,2000,E0_R1,original
UK,2003,0,True,0.04385490587242341,2000|2001-2005,M2,2000,E0_R1,original
UK,2004,0,True,0.04507940649053596,2000|2001-2005,M2,2000,E0_R1,original
UK,2005,0,True,0.04557986492180244,2000|2001-2005,M2,2000,E0_R1,original
USA,2001,0,True,0.03545087371990928,2000|2001-2005,M2,2000,E0_R1,original
USA,2002,0,True,0.03749930143608694,2000|2001-2005,M2,2000,E0_R1,original
USA,2003,0,True,0.03993972748950605,2000|2001-2005,M2,2000,E0_R1,original
USA,2004,0,True,0.04116837231136972,2000|2001-2005,M2,2000,E0_R1,original
USA,2005,0,True,0.04155364063575635,2000|2001-2005,M2,2000,E0_R1,original
Australia,2011,0,True,0.002255208979292787,2010|2011-2015,M1,2010,E0_R1,original
Australia,2012,0,True,0.0027487862975334463,2010|2011-2015,M1,2010,E0_R1,original
Australia,2013,0,True,0.003093220184293936,2010|2011-2015,M1,2010,E0_R1,original
Australia,2014,0,True,0.0033024048300671284,2010|2011-2015,M1,2010,E0_R1,original
Australia,2015,0,True,0.0035780465896120485,2010|2011-2015,M1,2010,E0_R1,original
Belgium,2011,0,True,0.02333111311562108,2010|2011-2015,M1,2010,E0_R1,original
Belgium,2012,0,True,0.02811535398481374,2010|2011-2015,M1,2010,E0_R1,original
Belgium,2013,0,True,0.021894674382144427,2010|2011-2015,M1,2010,E0_R1,original
Belgium,2014,0,True,0.022190733592757684,2010|2011-2015,M1,2010,E0_R1,original
Belgium,2015,0,True,0.02145229406846169,2010|2011-2015,M1,2010,E0_R1,original
Canada,2011,0,True,0.000620924141268734,2010|2011-2015,M1,2010,E0_R1,original
Canada,2012,0,True,0.0008179966465809999,2010|2011-2015,M1,2010,E0_R1,original
Canada,2013,0,True,0.0007515486338121718,2010|2011-2015,M1,2010,E0_R1,original
Canada,2014,0,True,0.0007657754576629305,2010|2011-2015,M1,2010,E0_R1,original
Canada,2015,0,True,0.0009370211536724238,2010|2011-2015,M1,2010,E0_R1,original
Denmark,2011,0,True,0.00018565720726803405,2010|2011-2015,M1,2010,E0_R1,original
Denmark,2012,0,True,0.00018643398370425654,2010|2011-2015,M1,2010,E0_R1,original
Denmark,2013,0,True,0.00010673255684470181,2010|2011-2015,M1,2010,E0_R1,original
Denmark,2014,0,True,7.764237473335044e-05,2010|2011-2015,M1,2010,E0_R1,original
Denmark,2015,0,True,9.748486779038563e-05,2010|2011-2015,M1,2010,E0_R1,original
Finland,2011,0,True,0.0011068611765946053,2010|2011-2015,M1,2010,E0_R1,original
Finland,2012,0,True,0.0015068556832147006,2010|2011-2015,M1,2010,E0_R1,original
Finland,2013,0,True,0.001888567406182018,2010|2011-2015,M1,2010,E0_R1,original
Finland,2014,0,True,0.002163484153656944,2010|2011-2015,M1,2010,E0_R1,original
Finland,2015,0,True,0.0021600519189533865,2010|2011-2015,M1,2010,E0_R1,original
France,2011,0,True,0.10591523667898435,2010|2011-2015,M1,2010,E0_R1,original
France,2012,0,True,0.12740867938203387,2010|2011-2015,M1,2010,E0_R1,original
France,2013,0,True,0.09977350108461812,2010|2011-2015,M1,2010,E0_R1,original
France,2014,0,True,0.10991638971507942,2010|2011-2015,M1,2010,E0_R1,original
France,2015,0,True,0.13250915536312294,2010|2011-2015,M1,2010,E0_R1,original
Germany,2011,0,True,0.027172299559213794,2010|2011-2015,M1,2010,E0_R1,original
Germany,2012,0,True,0.014893799150868766,2010|2011-2015,M1,2010,E0_R1,original
Germany,2013,0,True,0.011805578241965027,2010|2011-2015,M1,2010,E0_R1,original
Germany,2014,0,True,0.011487099309280874,2010|2011-2015,M1,2010,E0_R1,original
Germany,2015,0,True,0.009259491819022731,2010|2011-2015,M1,2010,E0_R1,original
Italy,2011,0,True,0.1666315451633422,2010|2011-2015,M1,2010,E0_R1,original
Italy,2012,0,True,0.1646130650328539,2010|2011-2015,M1,2010,E0_R1,original
Italy,2013,0,True,0.14225187785715482,2010|2011-2015,M1,2010,E0_R1,original
Italy,2014,0,True,0.12999813851858033,2010|2011-2015,M1,2010,E0_R1,original
Italy,2015,0,True,0.12013058563983478,2010|2011-2015,M1,2010,E0_R1,original
Japan,2011,0,True,0.014297450912240408,2010|2011-2015,M1,2010,E0_R1,original
Japan,2012,0,True,0.004560844792682098,2010|2011-2015,M1,2010,E0_R1,original
Japan,2013,0,True,0.0065297800075212265,2010|2011-2015,M1,2010,E0_R1,original
Japan,2014,0,True,0.00328088077790772,2010|2011-2015,M1,2010,E0_R1,original
Japan,2015,0,True,0.0018644747631834763,2010|2011-2015,M1,2010,E0_R1,original
Netherlands,2011,0,True,0.024517679431857432,2010|2011-2015,M1,2010,E0_R1,original
Netherlands,2012,0,True,0.034341738733999976,2010|2011-2015,M1,2010,E0_R1,original
Netherlands,2013,0,True,0.020358298652080165,2010|2011-2015,M1,2010,E0_R1,original
Netherlands,2014,0,True,0.015708548045952102,2010|2011-2015,M1,2010,E0_R1,original
Netherlands,2015,0,True,0.023761440063370668,2010|2011-2015,M1,2010,E0_R1,original
Norway,2011,0,True,4.206124490718687e-05,2010|2011-2015,M1,2010,E0_R1,original
Norway,2012,0,True,4.924958777915274e-05,2010|2011-2015,M1,2010,E0_R1,original
Norway,2013,0,True,6.725754222324927e-05,2010|2011-2015,M1,2010,E0_R1,original
Norway,2014,0,True,8.458564334515097e-05,2010|2011-2015,M1,2010,E0_R1,original
Norway,2015,0,True,0.00015968718324487773,2010|2011-2015,M1,2010,E0_R1,original
Portugal,2011,0,True,0.3556835288493858,2010|2011-2015,M1,2010,E0_R1,original
Spain,2011,0,True,0.09579448375841018,2010|2011-2015,M1,2010,E0_R1,original
Spain,2012,0,True,0.16545162678558953,2010|2011-2015,M1,2010,E0_R1,original
Spain,2013,0,True,0.09710257924099999,2010|2011-2015,M1,2010,E0_R1,original
Spain,2014,0,True,0.0692332299891865,2010|2011-2015,M1,2010,E0_R1,original
Spain,2015,0,True,0.06540475737274723,2010|2011-2015,M1,2010,E0_R1,original
Sweden,2011,0,True,0.0001008093004361129,2010|2011-2015,M1,2010,E0_R1,original
Sweden,2012,0,True,0.00011681939254589194,2010|2011-2015,M1,2010,E0_R1,original
Sweden,2013,0,True,0.00012023651213738782,2010|2011-2015,M1,2010,E0_R1,original
Sweden,2014,0,True,0.00016096430772873706,2010|2011-2015,M1,2010,E0_R1,original
Sweden,2015,0,True,0.0001539519357147924,2010|2011-2015,M1,2010,E0_R1,original
Switzerland,2011,0,True,0.00025784904610482985,2010|2011-2015,M1,2010,E0_R1,original
Switzerland,2012,0,True,0.0002886947324071025,2010|2011-2015,M1,2010,E0_R1,original
Switzerland,2013,0,True,0.00032298397732075844,2010|2011-2015,M1,2010,E0_R1,original
Switzerland,2014,0,True,0.00031089371954637514,2010|2011-2015,M1,2010,E0_R1,original
Switzerland,2015,0,True,0.0002902563244543867,2010|2011-2015,M1,2010,E0_R1,original
UK,2011,0,True,0.0361023324692032,2010|2011-2015,M1,2010,E0_R1,original
UK,2012,0,True,0.04731708344476867,2010|2011-2015,M1,2010,E0_R1,original
UK,2013,0,True,0.04232872211744069,2010|2011-2015,M1,2010,E0_R1,original
UK,2014,0,True,0.04535318367730584,2010|2011-2015,M1,2010,E0_R1,original
UK,2015,0,True,0.05035350976155183,2010|2011-2015,M1,2010,E0_R1,original
Australia,2011,0,True,1e-06,2010|2011-2015,M2,2010,E0_R1,original
Australia,2012,0,True,1e-06,2010|2011-2015,M2,2010,E0_R1,original
Australia,2013,0,True,1e-06,2010|2011-2015,M2,2010,E0_R1,original
Australia,2014,0,True,1e-06,2010|2011-2015,M2,2010,E0_R1,original
Australia,2015,0,True,1e-06,2010|2011-2015,M2,2010,E0_R1,original
Belgium,2011,0,True,0.057525570651112384,2010|2011-2015,M2,2010,E0_R1,original
Belgium,2012,0,True,0.05870676457342186,2010|2011-2015,M2,2010,E0_R1,original
Belgium,2013,0,True,0.059352175780031505,2010|2011-2015,M2,2010,E0_R1,original
Belgium,2014,0,True,0.06075764472573532,2010|2011-2015,M2,2010,E0_R1,original
Belgium,2015,0,True,0.059074760916941534,2010|2011-2015,M2,2010,E0_R1,original
Canada,2011,0,True,1e-06,2010|2011-2015,M2,2010,E0_R1,original
Canada,2012,0,True,1e-06,2010|2011-2015,M2,2010,E0_R1,original
Canada,2013,0,True,1e-06,2010|2011-2015,M2,2010,E0_R1,original
Canada,2014,0,True,1e-06,2010|2011-2015,M2,2010,E0_R1,original
Canada,2015,0,True,1e-06,2010|2011-2015,M2,2010,E0_R1,original
Denmark,2011,0,True,1e-06,2010|2011-2015,M2,2010,E0_R1,original
Denmark,2012,0,True,1e-06,2010|2011-2015,M2,2010,E0_R1,original
Denmark,2013,0,True,1e-06,2010|2011-2015,M2,2010,E0_R1,original
Denmark,2014,0,True,1e-06,2010|2011-2015,M2,2010,E0_R1,original
Denmark,2015,0,True,1e-06,2010|2011-2015,M2,2010,E0_R1,original
Finland,2011,0,True,1e-06,2010|2011-2015,M2,2010,E0_R1,original
Finland,2012,0,True,1e-06,2010|2011-2015,M2,2010,E0_R1,original
Finland,2013,0,True,1e-06,2010|2011-2015,M2,2010,E0_R1,original
Finland,2014,0,True,1e-06,2010|2011-2015,M2,2010,E0_R1,original
Finland,2015,0,True,1e-06,2010|2011-2015,M2,2010,E0_R1,original
France,2011,0,True,0.08488214810656931,2010|2011-2015,M2,2010,E0_R1,original
France,2012,0,True,0.08747096145596557,2010|2011-2015,M2,2010,E0_R1,original
France,2013,0,True,0.09016951050691678,2010|2011-2015,M2,2010,E0_R1,original
France,2014,0,True,0.09161674529357547,2010|2011-2015,M2,2010,E0_R1,original
France,2015,0,True,0.09230166384296055,2010|2011-2015,M2,2010,E0_R1,original
Germany,2011,0,True,0.11627253121876308,2010|2011-2015,M2,2010,E0_R1,original
Germany,2012,0,True,0.12156987014004574,2010|2011-2015,M2,2010,E0_R1,original
Germany,2013,0,True,0.11211751022623843,2010|2011-2015,M2,2010,E0_R1,original
Germany,2014,0,True,0.101126384918727,2010|2011-2015,M2,2010,E0_R1,original
Germany,2015,0,True,0.0898087166725829,2010|2011-2015,M2,2010,E0_R1,original
Italy,2011,0,True,0.13787731131249953,2010|2011-2015,M2,2010,E0_R1,original
Italy,2012,0,True,0.1520551376965958,2010|2011-2015,M2,2010,E0_R1,original
Italy,2013,0,True,0.1654488635770519,2010|2011-2015,M2,2010,E0_R1,original
Italy,2014,0,True,0.17232480887770799,2010|2011-2015,M2,2010,E0_R1,original
Italy,2015,0,True,0.17211846825972701,2010|2011-2015,M2,2010,E0_R1,original
Japan,2011,0,True,1e-06,2010|2011-2015,M2,2010,E0_R1,original
Japan,2012,0,True,1e-06,2010|2011-2015,M2,2010,E0_R1,original
Japan,2013,0,True,1e-06,2010|2011-2015,M2,2010,E0_R1,original
Japan,2014,0,True,1e-06,2010|2011-2015,M2,2010,E0_R1,original
Japan,2015,0,True,1e-06,2010|2011-2015,M2,2010,E0_R1,original
Netherlands,2011,0,True,0.035898478293413076,2010|2011-2015,M2,2010,E0_R1,original
Netherlands,2012,0,True,0.03995104529903585,2010|2011-2015,M2,2010,E0_R1,original
Netherlands,2013,0,True,0.041334127287980034,2010|2011-2015,M2,2010,E0_R1,original
Netherlands,2014,0,True,0.041520849035688444,2010|2011-2015,M2,2010,E0_R1,original
Netherlands,2015,0,True,0.03848470996619114,2010|2011-2015,M2,2010,E0_R1,original
Norway,2011,0,True,1e-06,2010|2011-2015,M2,2010,E0_R1,original
Norway,2012,0,True,1e-06,2010|2011-2015,M2,2010,E0_R1,original
Norway,2013,0,True,1e-06,2010|2011-2015,M2,2010,E0_R1,original
Norway,2014,0,True,1e-06,2010|2011-2015,M2,2010,E0_R1,original
Norway,2015,0,True,1e-06,2010|2011-2015,M2,2010,E0_R1,original
Portugal,2011,0,True,0.36978323096077376,2010|2011-2015,M2,2010,E0_R1,original
Spain,2011,0,True,0.09994359994158804,2010|2011-2015,M2,2010,E0_R1,original
Spain,2012,0,True,0.12502778803476947,2010|2011-2015,M2,2010,E0_R1,original
Spain,2013,0,True,0.14179689751041552,2010|2011-2015,M2,2010,E0_R1,original
Spain,2014,0,True,0.15121903423473607,2010|2011-2015,M2,2010,E0_R1,original
Spain,2015,0,True,0.1484906373230116,2010|2011-2015,M2,2010,E0_R1,original
Sweden,2011,0,True,1e-06,2010|2011-2015,M2,2010,E0_R1,original
Sweden,2012,0,True,1e-06,2010|2011-2015,M2,2010,E0_R1,original
Sweden,2013,0,True,1e-06,2010|2011-2015,M2,2010,E0_R1,original
Sweden,2014,0,True,1e-06,2010|2011-2015,M2,2010,E0_R1,original
Sweden,2015,0,True,1e-06,2010|2011-2015,M2,2010,E0_R1,original
Switzerland,2011,0,True,1e-06,2010|2011-2015,M2,2010,E0_R1,original
Switzerland,2012,0,True,1e-06,2010|2011-2015,M2,2010,E0_R1,original
Switzerland,2013,0,True,1e-06,2010|2011-2015,M2,2010,E0_R1,original
Switzerland,2014,0,True,1e-06,2010|2011-2015,M2,2010,E0_R1,original
Switzerland,2015,0,True,1e-06,2010|2011-2015,M2,2010,E0_R1,original
UK,2011,0,True,0.0636067193702747,2010|2011-2015,M2,2010,E0_R1,original
UK,2012,0,True,0.06536353090055896,2010|2011-2015,M2,2010,E0_R1,original
UK,2013,0,True,0.06592137498809246,2010|2011-2015,M2,2010,E0_R1,original
UK,2014,0,True,0.06700177147271034,2010|2011-2015,M2,2010,E0_R1,original
UK,2015,0,True,0.06737932607752363,2010|2011-2015,M2,2010,E0_R1,original
USA,2011,0,True,0.07474878151543318,2010|2011-2015,M2,2010,E0_R1,original
USA,2012,0,True,0.08157190526868324,2010|2011-2015,M2,2010,E0_R1,original
USA,2013,0,True,0.08276287510209367,2010|2011-2015,M2,2010,E0_R1,original
USA,2014,0,True,0.08607561527558397,2010|2011-2015,M2,2010,E0_R1,original
USA,2015,0,True,0.08174108271836006,2010|2011-2015,M2,2010,E0_R1,original
Australia,2016,0,True,0.0037487448448166997,2015|2016-2020,M1,2015,E0_R1,original
Australia,2017,0,True,0.0031811335148596146,2015|2016-2020,M1,2015,E0_R1,original
Australia,2018,0,False,0.0029205637754084342,2015|2016-2020,M1,2015,E0_R1,original
Australia,2019,0,False,0.004693994246529074,2015|2016-2020,M1,2015,E0_R1,original
Belgium,2016,0,True,0.032723328729788566,2015|2016-2020,M1,2015,E0_R1,original
Belgium,2017,0,True,0.021446296873518244,2015|2016-2020,M1,2015,E0_R1,original
Belgium,2018,0,False,0.01767006024464358,2015|2016-2020,M1,2015,E0_R1,original
Belgium,2019,0,False,0.024283093912650728,2015|2016-2020,M1,2015,E0_R1,original
Belgium,2020,0,False,0.08556006290239974,2015|2016-2020,M1,2015,E0_R1,original
Canada,2016,0,True,0.0010075619130218065,2015|2016-2020,M1,2015,E0_R1,original
Canada,2017,0,True,0.0008065047788006812,2015|2016-2020,M1,2015,E0_R1,original
Canada,2018,0,False,0.0008939678942146879,2015|2016-2020,M1,2015,E0_R1,original
Canada,2019,0,False,0.0009589408709428983,2015|2016-2020,M1,2015,E0_R1,original
Canada,2020,0,False,0.004928761384946816,2015|2016-2020,M1,2015,E0_R1,original
Denmark,2016,0,True,0.00011065355191597852,2015|2016-2020,M1,2015,E0_R1,original
Denmark,2017,0,True,7.626911533487241e-05,2015|2016-2020,M1,2015,E0_R1,original
Denmark,2018,0,False,8.526106119211425e-05,2015|2016-2020,M1,2015,E0_R1,original
Denmark,2019,0,False,5.010005727260273e-05,2015|2016-2020,M1,2015,E0_R1,original
Denmark,2020,0,False,0.00012138029776368337,2015|2016-2020,M1,2015,E0_R1,original
Finland,2016,0,True,0.0017760196504429929,2015|2016-2020,M1,2015,E0_R1,original
Finland,2017,0,True,0.0012515935789129918,2015|2016-2020,M1,2015,E0_R1,original
Finland,2018,0,False,0.001077296555461214,2015|2016-2020,M1,2015,E0_R1,original
Finland,2019,0,False,0.001007314220771425,2015|2016-2020,M1,2015,E0_R1,original
Finland,2020,0,False,0.0030240905893678133,2015|2016-2020,M1,2015,E0_R1,original
France,2016,0,True,0.18566501592477738,2015|2016-2020,M1,2015,E0_R1,original
France,2017,0,True,0.1601446341306741,2015|2016-2020,M1,2015,E0_R1,original
France,2018,0,False,0.1571512777219401,2015|2016-2020,M1,2015,E0_R1,original
France,2019,0,False,0.1934270848522155,2015|2016-2020,M1,2015,E0_R1,original
France,2020,0,False,0.3700615150937764,2015|2016-2020,M1,2015,E0_R1,original
Germany,2016,0,True,0.010184309809223503,2015|2016-2020,M1,2015,E0_R1,original
Germany,2017,0,True,0.006340096232380291,2015|2016-2020,M1,2015,E0_R1,original
Germany,2018,0,False,0.0062082283403357115,2015|2016-2020,M1,2015,E0_R1,original
Germany,2019,0,False,0.006714802343432733,2015|2016-2020,M1,2015,E0_R1,original
Germany,2020,0,False,0.03765877695041942,2015|2016-2020,M1,2015,E0_R1,original
Ireland,2016,0,True,0.08514543248160938,2015|2016-2020,M1,2015,E0_R1,original
Ireland,2017,0,True,0.0812204276353212,2015|2016-2020,M1,2015,E0_R1,original
Ireland,2018,0,False,0.05498106811100147,2015|2016-2020,M1,2015,E0_R1,original
Ireland,2019,0,False,0.1178264032338357,2015|2016-2020,M1,2015,E0_R1,original
Ireland,2020,0,False,0.23115401977851904,2015|2016-2020,M1,2015,E0_R1,original
Italy,2016,0,True,0.08411388738733554,2015|2016-2020,M1,2015,E0_R1,original
Italy,2017,0,True,0.06263865311323705,2015|2016-2020,M1,2015,E0_R1,original
Italy,2018,0,False,0.054503686954521215,2015|2016-2020,M1,2015,E0_R1,original
Italy,2019,0,False,0.05328269397046207,2015|2016-2020,M1,2015,E0_R1,original
Italy,2020,0,False,0.19112620225936255,2015|2016-2020,M1,2015,E0_R1,original
Japan,2016,0,True,0.0008669730699546856,2015|2016-2020,M1,2015,E0_R1,original
Japan,2017,0,True,0.0006621390295359924,2015|2016-2020,M1,2015,E0_R1,original
Japan,2018,0,False,0.0007279687303487885,2015|2016-2020,M1,2015,E0_R1,original
Japan,2019,0,False,0.0008239970411583194,2015|2016-2020,M1,2015,E0_R1,original
Netherlands,2016,0,True,0.027202052933966745,2015|2016-2020,M1,2015,E0_R1,original
Netherlands,2017,0,True,0.015874138242841253,2015|2016-2020,M1,2015,E0_R1,original
Netherlands,2018,0,False,0.013757684433528934,2015|2016-2020,M1,2015,E0_R1,original
Netherlands,2019,0,False,0.014443577967210387,2015|2016-2020,M1,2015,E0_R1,original
Netherlands,2020,0,False,0.0522935508197588,2015|2016-2020,M1,2015,E0_R1,original
Norway,2016,0,True,0.00020579105478271784,2015|2016-2020,M1,2015,E0_R1,original
Norway,2017,0,True,0.00017609666553967013,2015|2016-2020,M1,2015,E0_R1,original
Norway,2018,0,False,0.00013994732786292438,2015|2016-2020,M1,2015,E0_R1,original
Norway,2019,0,False,0.00020833884685031657,2015|2016-2020,M1,2015,E0_R1,original
Norway,2020,0,False,0.0005438112450731094,2015|2016-2020,M1,2015,E0_R1,original
Portugal,2017,0,True,0.23138760523048657,2015|2016-2020,M1,2015,E0_R1,original
Portugal,2018,0,False,0.22954139570870416,2015|2016-2020,M1,2015,E0_R1,original
Portugal,2019,0,False,0.2485655347013803,2015|2016-2020,M1,2015,E0_R1,original
Portugal,2020,0,False,0.6225719984164125,2015|2016-2020,M1,2015,E0_R1,original
Spain,2016,0,True,0.06938621242567498,2015|2016-2020,M1,2015,E0_R1,original
Spain,2017,0,True,0.06898521141088579,2015|2016-2020,M1,2015,E0_R1,original
Spain,2018,0,False,0.06410778746965477,2015|2016-2020,M1,2015,E0_R1,original
Spain,2019,0,False,0.06491489673638853,2015|2016-2020,M1,2015,E0_R1,original
Spain,2020,0,False,0.20788573576530328,2015|2016-2020,M1,2015,E0_R1,original
Sweden,2016,0,True,0.00012522008008363793,2015|2016-2020,M1,2015,E0_R1,original
Sweden,2017,0,True,0.00010491729734431589,2015|2016-2020,M1,2015,E0_R1,original
Sweden,2018,0,False,0.00010432397074278741,2015|2016-2020,M1,2015,E0_R1,original
Sweden,2019,0,False,8.436138251435092e-05,2015|2016-2020,M1,2015,E0_R1,original
Sweden,2020,0,False,0.00016546034572167184,2015|2016-2020,M1,2015,E0_R1,original
Switzerland,2016,0,True,0.00042816937566036414,2015|2016-2020,M1,2015,E0_R1,original
Switzerland,2017,0,True,0.0003290050226533541,2015|2016-2020,M1,2015,E0_R1,original
Switzerland,2018,0,False,0.0003579861845129592,2015|2016-2020,M1,2015,E0_R1,original
Switzerland,2019,0,False,0.00039036014628660113,2015|2016-2020,M1,2015,E0_R1,original
Switzerland,2020,0,False,0.0021573252483935938,2015|2016-2020,M1,2015,E0_R1,original
UK,2016,0,True,0.0583521714585568,2015|2016-2020,M1,2015,E0_R1,original
UK,2017,0,True,0.06424262721408429,2015|2016-2020,M1,2015,E0_R1,original
UK,2018,0,False,0.06740228641131514,2015|2016-2020,M1,2015,E0_R1,original
UK,2019,0,False,0.0542783262813064,2015|2016-2020,M1,2015,E0_R1,original
UK,2020,0,False,0.07143707862300835,2015|2016-2020,M1,2015,E0_R1,original
Australia,2016,0,True,1e-06,2015|2016-2020,M2,2015,E0_R1,original
Australia,2017,0,True,1e-06,2015|2016-2020,M2,2015,E0_R1,original
Australia,2018,0,False,1e-06,2015|2016-2020,M2,2015,E0_R1,original
Australia,2019,0,False,1e-06,2015|2016-2020,M2,2015,E0_R1,original
Belgium,2016,0,True,0.05537133532150777,2015|2016-2020,M2,2015,E0_R1,original
Belgium,2017,0,True,0.052786092703723156,2015|2016-2020,M2,2015,E0_R1,original
Belgium,2018,0,False,0.051044683448865605,2015|2016-2020,M2,2015,E0_R1,original
Belgium,2019,0,False,0.0492787309614924,2015|2016-2020,M2,2015,E0_R1,original
Belgium,2020,0,False,0.06266093939477232,2015|2016-2020,M2,2015,E0_R1,original
Canada,2016,0,True,1e-06,2015|2016-2020,M2,2015,E0_R1,original
Canada,2017,0,True,1e-06,2015|2016-2020,M2,2015,E0_R1,original
Canada,2018,0,False,1e-06,2015|2016-2020,M2,2015,E0_R1,original
Canada,2019,0,False,1e-06,2015|2016-2020,M2,2015,E0_R1,original
Canada,2020,0,False,1e-06,2015|2016-2020,M2,2015,E0_R1,original
Denmark,2016,0,True,1e-06,2015|2016-2020,M2,2015,E0_R1,original
Denmark,2017,0,True,1e-06,2015|2016-2020,M2,2015,E0_R1,original
Denmark,2018,0,False,1e-06,2015|2016-2020,M2,2015,E0_R1,original
Denmark,2019,0,False,1e-06,2015|2016-2020,M2,2015,E0_R1,original
Denmark,2020,0,False,1e-06,2015|2016-2020,M2,2015,E0_R1,original
Finland,2016,0,True,1e-06,2015|2016-2020,M2,2015,E0_R1,original
Finland,2017,0,True,1e-06,2015|2016-2020,M2,2015,E0_R1,original
Finland,2018,0,False,1e-06,2015|2016-2020,M2,2015,E0_R1,original
Finland,2019,0,False,1e-06,2015|2016-2020,M2,2015,E0_R1,original
Finland,2020,0,False,1e-06,2015|2016-2020,M2,2015,E0_R1,original
France,2016,0,True,0.09027027198964063,2015|2016-2020,M2,2015,E0_R1,original
France,2017,0,True,0.09044741725088352,2015|2016-2020,M2,2015,E0_R1,original
France,2018,0,False,0.09009343930927284,2015|2016-2020,M2,2015,E0_R1,original
France,2019,0,False,0.0897690351903217,2015|2016-2020,M2,2015,E0_R1,original
France,2020,0,False,0.10906914391327827,2015|2016-2020,M2,2015,E0_R1,original
Germany,2016,0,True,0.06435224266539469,2015|2016-2020,M2,2015,E0_R1,original
Germany,2017,0,True,0.05553504762650927,2015|2016-2020,M2,2015,E0_R1,original
Germany,2018,0,False,0.049807168042356756,2015|2016-2020,M2,2015,E0_R1,original
Germany,2019,0,False,0.0461711845896709,2015|2016-2020,M2,2015,E0_R1,original
Germany,2020,0,False,0.06323240478753682,2015|2016-2020,M2,2015,E0_R1,original
Ireland,2016,0,True,0.13889217512737784,2015|2016-2020,M2,2015,E0_R1,original
Ireland,2017,0,True,0.11938480401110793,2015|2016-2020,M2,2015,E0_R1,original
Ireland,2018,0,False,0.10694202853742854,2015|2016-2020,M2,2015,E0_R1,original
Ireland,2019,0,False,0.09275706345366463,2015|2016-2020,M2,2015,E0_R1,original
Ireland,2020,0,False,0.0955316130449174,2015|2016-2020,M2,2015,E0_R1,original
Italy,2016,0,True,0.16067472201323904,2015|2016-2020,M2,2015,E0_R1,original
Italy,2017,0,True,0.15919389837159456,2015|2016-2020,M2,2015,E0_R1,original
Italy,2018,0,False,0.15979720821144858,2015|2016-2020,M2,2015,E0_R1,original
Italy,2019,0,False,0.1601692195685168,2015|2016-2020,M2,2015,E0_R1,original
Italy,2020,0,False,0.21482136202104943,2015|2016-2020,M2,2015,E0_R1,original
Japan,2016,0,True,1e-06,2015|2016-2020,M2,2015,E0_R1,original
Japan,2017,0,True,1e-06,2015|2016-2020,M2,2015,E0_R1,original
Japan,2018,0,False,1e-06,2015|2016-2020,M2,2015,E0_R1,original
Japan,2019,0,False,1e-06,2015|2016-2020,M2,2015,E0_R1,original
Netherlands,2016,0,True,0.034541603969855034,2015|2016-2020,M2,2015,E0_R1,original
Netherlands,2017,0,True,0.030583223842391215,2015|2016-2020,M2,2015,E0_R1,original
Netherlands,2018,0,False,0.027377249350624633,2015|2016-2020,M2,2015,E0_R1,original
Netherlands,2019,0,False,0.02488114217875318,2015|2016-2020,M2,2015,E0_R1,original
Netherlands,2020,0,False,0.028698723153226916,2015|2016-2020,M2,2015,E0_R1,original
Norway,2016,0,True,1e-06,2015|2016-2020,M2,2015,E0_R1,original
Norway,2017,0,True,1e-06,2015|2016-2020,M2,2015,E0_R1,original
Norway,2018,0,False,1e-06,2015|2016-2020,M2,2015,E0_R1,original
Norway,2019,0,False,1e-06,2015|2016-2020,M2,2015,E0_R1,original
Norway,2020,0,False,1e-06,2015|2016-2020,M2,2015,E0_R1,original
Portugal,2017,0,True,0.46090932089055636,2015|2016-2020,M2,2015,E0_R1,original
Portugal,2018,0,False,0.4317140881661992,2015|2016-2020,M2,2015,E0_R1,original
Portugal,2019,0,False,0.4016959295647764,2015|2016-2020,M2,2015,E0_R1,original
Portugal,2020,0,False,0.518128066329117,2015|2016-2020,M2,2015,E0_R1,original
Spain,2016,0,True,0.1421336757035019,2015|2016-2020,M2,2015,E0_R1,original
Spain,2017,0,True,0.14095442790168441,2015|2016-2020,M2,2015,E0_R1,original
Spain,2018,0,False,0.1389574200312257,2015|2016-2020,M2,2015,E0_R1,original
Spain,2019,0,False,0.13523420928113822,2015|2016-2020,M2,2015,E0_R1,original
Spain,2020,0,False,0.1874234517576016,2015|2016-2020,M2,2015,E0_R1,original
Sweden,2016,0,True,1e-06,2015|2016-2020,M2,2015,E0_R1,original
Sweden,2017,0,True,1e-06,2015|2016-2020,M2,2015,E0_R1,original
Sweden,2018,0,False,1e-06,2015|2016-2020,M2,2015,E0_R1,original
Sweden,2019,0,False,1e-06,2015|2016-2020,M2,2015,E0_R1,original
Sweden,2020,0,False,1e-06,2015|2016-2020,M2,2015,E0_R1,original
Switzerland,2016,0,True,1e-06,2015|2016-2020,M2,2015,E0_R1,original
Switzerland,2017,0,True,1e-06,2015|2016-2020,M2,2015,E0_R1,original
Switzerland,2018,0,False,1e-06,2015|2016-2020,M2,2015,E0_R1,original
Switzerland,2019,0,False,1e-06,2015|2016-2020,M2,2015,E0_R1,original
Switzerland,2020,0,False,1e-06,2015|2016-2020,M2,2015,E0_R1,original
UK,2016,0,True,0.06465684907016049,2015|2016-2020,M2,2015,E0_R1,original
UK,2017,0,True,0.06439397433638125,2015|2016-2020,M2,2015,E0_R1,original
UK,2018,0,False,0.06408788404168929,2015|2016-2020,M2,2015,E0_R1,original
UK,2019,0,False,0.06378709844991508,2015|2016-2020,M2,2015,E0_R1,original
UK,2020,0,False,0.07553228669331748,2015|2016-2020,M2,2015,E0_R1,original
USA,2016,0,True,0.07808797426865467,2015|2016-2020,M2,2015,E0_R1,original
USA,2017,0,True,0.07716738535472013,2015|2016-2020,M2,2015,E0_R1,original
USA,2018,0,False,0.07839706450893885,2015|2016-2020,M2,2015,E0_R1,original
USA,2019,0,False,0.08059220887294376,2015|2016-2020,M2,2015,E0_R1,original
USA,2020,0,False,0.12154331004357036,2015|2016-2020,M2,2015,E0_R1,original
Australia,1952,0,True,0.017335254310604703,1950|1951-1955,M1,1950,E0_full,tiling
Australia,1953,0,True,0.027506540718309803,1950|1951-1955,M1,1950,E0_full,tiling
Australia,1954,0,True,0.05209468646606637,1950|1951-1955,M1,1950,E0_full,tiling
Australia,1955,0,True,0.05662608162730594,1950|1951-1955,M1,1950,E0_full,tiling
Belgium,1954,0,True,0.03372860191331854,1950|1951-1955,M1,1950,E0_full,tiling
Belgium,1955,0,True,0.02693367012275525,1950|1951-1955,M1,1950,E0_full,tiling
Canada,1951,0,True,0.006777742664530563,1950|1951-1955,M1,1950,E0_full,tiling
Canada,1952,0,True,0.007129981236707929,1950|1951-1955,M1,1950,E0_full,tiling
Canada,1953,0,True,0.011892572879752162,1950|1951-1955,M1,1950,E0_full,tiling
Canada,1954,0,True,0.025948176661558672,1950|1951-1955,M1,1950,E0_full,tiling
Canada,1955,0,True,0.031022348566789055,1950|1951-1955,M1,1950,E0_full,tiling
Finland,1951,0,True,0.002634320840433791,1950|1951-1955,M1,1950,E0_full,tiling
Finland,1952,0,True,0.0035276275905109173,1950|1951-1955,M1,1950,E0_full,tiling
Finland,1953,0,True,0.004703332786408772,1950|1951-1955,M1,1950,E0_full,tiling
Finland,1954,0,True,0.004123545806471229,1950|1951-1955,M1,1950,E0_full,tiling
Finland,1955,0,True,0.004974677262927115,1950|1951-1955,M1,1950,E0_full,tiling
France,1952,0,True,0.21987976623388866,1950|1951-1955,M1,1950,E0_full,tiling
France,1953,0,True,0.1334061778146485,1950|1951-1955,M1,1950,E0_full,tiling
France,1954,0,True,0.10393035276253505,1950|1951-1955,M1,1950,E0_full,tiling
France,1955,0,True,0.08474324329856743,1950|1951-1955,M1,1950,E0_full,tiling
Germany,1954,0,True,0.08759145659506334,1950|1951-1955,M1,1950,E0_full,tiling
Germany,1955,0,True,0.08765683800935005,1950|1951-1955,M1,1950,E0_full,tiling
Ireland,1951,0,True,0.999999,1950|1951-1955,M1,1950,E0_full,tiling
Ireland,1952,0,True,0.9979776512604981,1950|1951-1955,M1,1950,E0_full,tiling
Ireland,1953,0,True,1.0782677597147197e-05,1950|1951-1955,M1,1950,E0_full,tiling
Ireland,1954,0,True,0.8791827940102628,1950|1951-1955,M1,1950,E0_full,tiling
Ireland,1955,0,True,0.9158032867016024,1950|1951-1955,M1,1950,E0_full,tiling
Italy,1951,0,True,0.11789568772932404,1950|1951-1955,M1,1950,E0_full,tiling
Italy,1952,0,True,0.09209379811354959,1950|1951-1955,M1,1950,E0_full,tiling
Italy,1953,0,True,0.07954950945023521,1950|1951-1955,M1,1950,E0_full,tiling
Italy,1954,0,True,0.08062476923496335,1950|1951-1955,M1,1950,E0_full,tiling
Italy,1955,0,True,0.07828497855815314,1950|1951-1955,M1,1950,E0_full,tiling
Netherlands,1951,0,True,0.003851337785387006,1950|1951-1955,M1,1950,E0_full,tiling
Norway,1951,0,True,0.004025972127220036,1950|1951-1955,M1,1950,E0_full,tiling
Norway,1952,0,True,0.007258402073647473,1950|1951-1955,M1,1950,E0_full,tiling
Norway,1953,0,True,0.02342128607979652,1950|1951-1955,M1,1950,E0_full,tiling
Norway,1954,0,True,0.04840030163782283,1950|1951-1955,M1,1950,E0_full,tiling
Norway,1955,0,True,0.11086617692883342,1950|1951-1955,M1,1950,E0_full,tiling
Portugal,1951,0,True,0.09342072523510483,1950|1951-1955,M1,1950,E0_full,tiling
Portugal,1952,0,True,0.11406585111280954,1950|1951-1955,M1,1950,E0_full,tiling
Portugal,1953,0,True,0.08734271823024446,1950|1951-1955,M1,1950,E0_full,tiling
Portugal,1954,0,True,0.06969085748400781,1950|1951-1955,M1,1950,E0_full,tiling
Portugal,1955,0,True,0.026950464946463453,1950|1951-1955,M1,1950,E0_full,tiling
Spain,1953,0,True,0.011280455091486981,1950|1951-1955,M1,1950,E0_full,tiling
Spain,1954,0,True,0.07830623826863903,1950|1951-1955,M1,1950,E0_full,tiling
Spain,1955,0,True,0.0011879421837839902,1950|1951-1955,M1,1950,E0_full,tiling
Sweden,1951,0,True,0.030376599009300616,1950|1951-1955,M1,1950,E0_full,tiling
Sweden,1952,0,True,0.026432205326551123,1950|1951-1955,M1,1950,E0_full,tiling
Sweden,1953,0,True,0.03264792529488243,1950|1951-1955,M1,1950,E0_full,tiling
Sweden,1954,0,True,0.05654014390907752,1950|1951-1955,M1,1950,E0_full,tiling
Sweden,1955,0,True,0.07395034648699057,1950|1951-1955,M1,1950,E0_full,tiling
Switzerland,1951,0,True,0.006191136360056024,1950|1951-1955,M1,1950,E0_full,tiling
Switzerland,1952,0,True,0.011044679042216562,1950|1951-1955,M1,1950,E0_full,tiling
Switzerland,1953,0,True,0.015617425853054825,1950|1951-1955,M1,1950,E0_full,tiling
Switzerland,1954,0,True,0.015278616699471937,1950|1951-1955,M1,1950,E0_full,tiling
Switzerland,1955,0,True,0.008079306097191073,1950|1951-1955,M1,1950,E0_full,tiling
UK,1953,0,True,0.009913702211915693,1950|1951-1955,M1,1950,E0_full,tiling
UK,1954,0,True,0.011083892653261684,1950|1951-1955,M1,1950,E0_full,tiling
UK,1955,0,True,0.01978438055233175,1950|1951-1955,M1,1950,E0_full,tiling
Australia,1952,0,True,1e-06,1950|1951-1955,M2,1950,E0_full,tiling
Australia,1953,0,True,1e-06,1950|1951-1955,M2,1950,E0_full,tiling
Australia,1954,0,True,1e-06,1950|1951-1955,M2,1950,E0_full,tiling
Australia,1955,0,True,1e-06,1950|1951-1955,M2,1950,E0_full,tiling
Belgium,1954,0,True,0.1354943483905514,1950|1951-1955,M2,1950,E0_full,tiling
Belgium,1955,0,True,0.13034052952457634,1950|1951-1955,M2,1950,E0_full,tiling
Canada,1951,0,True,1e-06,1950|1951-1955,M2,1950,E0_full,tiling
Canada,1952,0,True,1e-06,1950|1951-1955,M2,1950,E0_full,tiling
Canada,1953,0,True,1e-06,1950|1951-1955,M2,1950,E0_full,tiling
Canada,1954,0,True,1e-06,1950|1951-1955,M2,1950,E0_full,tiling
Canada,1955,0,True,1e-06,1950|1951-1955,M2,1950,E0_full,tiling
Finland,1951,0,True,1e-06,1950|1951-1955,M2,1950,E0_full,tiling
Finland,1952,0,True,1e-06,1950|1951-1955,M2,1950,E0_full,tiling
Finland,1953,0,True,1e-06,1950|1951-1955,M2,1950,E0_full,tiling
Finland,1954,0,True,1e-06,1950|1951-1955,M2,1950,E0_full,tiling
Finland,1955,0,True,1e-06,1950|1951-1955,M2,1950,E0_full,tiling
France,1952,0,True,0.18525141708062526,1950|1951-1955,M2,1950,E0_full,tiling
France,1953,0,True,0.1885714838729668,1950|1951-1955,M2,1950,E0_full,tiling
France,1954,0,True,0.1875847611773978,1950|1951-1955,M2,1950,E0_full,tiling
France,1955,0,True,0.1858714411689805,1950|1951-1955,M2,1950,E0_full,tiling
Germany,1954,0,True,0.020831059923141135,1950|1951-1955,M2,1950,E0_full,tiling
Germany,1955,0,True,0.019071194138406238,1950|1951-1955,M2,1950,E0_full,tiling
Ireland,1951,0,True,1e-06,1950|1951-1955,M2,1950,E0_full,tiling
Ireland,1952,0,True,1e-06,1950|1951-1955,M2,1950,E0_full,tiling
Ireland,1953,0,True,1e-06,1950|1951-1955,M2,1950,E0_full,tiling
Ireland,1954,0,True,1e-06,1950|1951-1955,M2,1950,E0_full,tiling
Ireland,1955,0,True,1e-06,1950|1951-1955,M2,1950,E0_full,tiling
Italy,1951,0,True,0.02877858394507306,1950|1951-1955,M2,1950,E0_full,tiling
Italy,1952,0,True,0.029858005031474316,1950|1951-1955,M2,1950,E0_full,tiling
Italy,1953,0,True,0.03027753389706065,1950|1951-1955,M2,1950,E0_full,tiling
Italy,1954,0,True,0.031221487656077563,1950|1951-1955,M2,1950,E0_full,tiling
Italy,1955,0,True,0.03112837297447731,1950|1951-1955,M2,1950,E0_full,tiling
Netherlands,1951,0,True,0.3111691829180646,1950|1951-1955,M2,1950,E0_full,tiling
Norway,1951,0,True,1e-06,1950|1951-1955,M2,1950,E0_full,tiling
Norway,1952,0,True,1e-06,1950|1951-1955,M2,1950,E0_full,tiling
Norway,1953,0,True,1e-06,1950|1951-1955,M2,1950,E0_full,tiling
Norway,1954,0,True,1e-06,1950|1951-1955,M2,1950,E0_full,tiling
Norway,1955,0,True,1e-06,1950|1951-1955,M2,1950,E0_full,tiling
Portugal,1951,0,True,0.03452373701210831,1950|1951-1955,M2,1950,E0_full,tiling
Portugal,1952,0,True,0.0343276278639316,1950|1951-1955,M2,1950,E0_full,tiling
Portugal,1953,0,True,0.0342253293485358,1950|1951-1955,M2,1950,E0_full,tiling
Portugal,1954,0,True,0.034039013113771034,1950|1951-1955,M2,1950,E0_full,tiling
Portugal,1955,0,True,0.033411585830509884,1950|1951-1955,M2,1950,E0_full,tiling
Spain,1953,0,True,0.04613061306042799,1950|1951-1955,M2,1950,E0_full,tiling
Spain,1954,0,True,0.040685499265278716,1950|1951-1955,M2,1950,E0_full,tiling
Spain,1955,0,True,0.0403894718593926,1950|1951-1955,M2,1950,E0_full,tiling
Sweden,1951,0,True,1e-06,1950|1951-1955,M2,1950,E0_full,tiling
Sweden,1952,0,True,1e-06,1950|1951-1955,M2,1950,E0_full,tiling
Sweden,1953,0,True,1e-06,1950|1951-1955,M2,1950,E0_full,tiling
Sweden,1954,0,True,1e-06,1950|1951-1955,M2,1950,E0_full,tiling
Sweden,1955,0,True,1e-06,1950|1951-1955,M2,1950,E0_full,tiling
Switzerland,1951,0,True,1e-06,1950|1951-1955,M2,1950,E0_full,tiling
Switzerland,1952,0,True,1e-06,1950|1951-1955,M2,1950,E0_full,tiling
Switzerland,1953,0,True,1e-06,1950|1951-1955,M2,1950,E0_full,tiling
Switzerland,1954,0,True,1e-06,1950|1951-1955,M2,1950,E0_full,tiling
Switzerland,1955,0,True,1e-06,1950|1951-1955,M2,1950,E0_full,tiling
UK,1953,0,True,0.13639609103524722,1950|1951-1955,M2,1950,E0_full,tiling
UK,1954,0,True,0.13172224898572343,1950|1951-1955,M2,1950,E0_full,tiling
UK,1955,0,True,0.12547869610036502,1950|1951-1955,M2,1950,E0_full,tiling
USA,1953,0,True,0.08818654220066101,1950|1951-1955,M2,1950,E0_full,tiling
USA,1954,0,True,0.08873469400827345,1950|1951-1955,M2,1950,E0_full,tiling
USA,1955,0,True,0.08535865285664912,1950|1951-1955,M2,1950,E0_full,tiling
Australia,1956,0,True,0.09347355006278867,1955|1956-1960,M1,1955,E0_full,tiling
Australia,1957,0,True,0.07792172369776632,1955|1956-1960,M1,1955,E0_full,tiling
Australia,1958,0,True,0.046738218802409734,1955|1956-1960,M1,1955,E0_full,tiling
Australia,1959,0,True,0.060338627503887625,1955|1956-1960,M1,1955,E0_full,tiling
Australia,1960,0,True,0.0758104521554089,1955|1956-1960,M1,1955,E0_full,tiling
Belgium,1956,0,True,0.022500353806328147,1955|1956-1960,M1,1955,E0_full,tiling
Belgium,1957,0,True,0.00982251171425513,1955|1956-1960,M1,1955,E0_full,tiling
Belgium,1958,0,True,0.013980868330623937,1955|1956-1960,M1,1955,E0_full,tiling
Belgium,1959,0,True,0.020366235542035895,1955|1956-1960,M1,1955,E0_full,tiling
Belgium,1960,0,True,0.022108219176449343,1955|1956-1960,M1,1955,E0_full,tiling
Canada,1956,0,True,0.13988909311353864,1955|1956-1960,M1,1955,E0_full,tiling
Canada,1957,0,True,0.29221608398963295,1955|1956-1960,M1,1955,E0_full,tiling
Canada,1958,0,True,0.023580005791447516,1955|1956-1960,M1,1955,E0_full,tiling
Canada,1959,0,True,0.21523131319755873,1955|1956-1960,M1,1955,E0_full,tiling
Canada,1960,0,True,0.017454810090795168,1955|1956-1960,M1,1955,E0_full,tiling
Denmark,1956,0,True,0.059180884654600883,1955|1956-1960,M1,1955,E0_full,tiling
Finland,1956,0,True,0.0005474901139277033,1955|1956-1960,M1,1955,E0_full,tiling
Finland,1957,0,True,0.0006044148914541166,1955|1956-1960,M1,1955,E0_full,tiling
Finland,1958,0,True,0.0005192475874964801,1955|1956-1960,M1,1955,E0_full,tiling
Finland,1959,0,True,0.0003212062684294293,1955|1956-1960,M1,1955,E0_full,tiling
Finland,1960,0,True,0.00017591903412747813,1955|1956-1960,M1,1955,E0_full,tiling
France,1956,0,True,0.08844597211013085,1955|1956-1960,M1,1955,E0_full,tiling
France,1957,0,True,0.23719647198674662,1955|1956-1960,M1,1955,E0_full,tiling
France,1958,0,True,0.5353813761697713,1955|1956-1960,M1,1955,E0_full,tiling
France,1959,0,True,0.09633835391225892,1955|1956-1960,M1,1955,E0_full,tiling
France,1960,0,True,0.041300739061614807,1955|1956-1960,M1,1955,E0_full,tiling
Germany,1956,0,True,0.01658013679361212,1955|1956-1960,M1,1955,E0_full,tiling
Germany,1957,0,True,0.007032330188180634,1955|1956-1960,M1,1955,E0_full,tiling
Germany,1958,0,True,0.007100225865177405,1955|1956-1960,M1,1955,E0_full,tiling
Germany,1959,0,True,0.00874586849588819,1955|1956-1960,M1,1955,E0_full,tiling
Germany,1960,0,True,0.01152769136816095,1955|1956-1960,M1,1955,E0_full,tiling
Ireland,1956,0,True,0.10356538960250171,1955|1956-1960,M1,1955,E0_full,tiling
Ireland,1957,0,True,0.0543545717392147,1955|1956-1960,M1,1955,E0_full,tiling
Ireland,1958,0,True,0.04454571239793939,1955|1956-1960,M1,1955,E0_full,tiling
Ireland,1959,0,True,0.015064293848673598,1955|1956-1960,M1,1955,E0_full,tiling
Ireland,1960,0,True,0.049919194173033594,1955|1956-1960,M1,1955,E0_full,tiling
Italy,1956,0,True,0.019467286140682116,1955|1956-1960,M1,1955,E0_full,tiling
Italy,1957,0,True,0.021747535839346188,1955|1956-1960,M1,1955,E0_full,tiling
Italy,1958,0,True,0.02736089518335073,1955|1956-1960,M1,1955,E0_full,tiling
Italy,1959,0,True,0.048211192390257326,1955|1956-1960,M1,1955,E0_full,tiling
Italy,1960,0,True,0.04054208289734769,1955|1956-1960,M1,1955,E0_full,tiling
Japan,1957,0,True,0.004657744886328938,1955|1956-1960,M1,1955,E0_full,tiling
Japan,1958,0,True,0.005040966464798038,1955|1956-1960,M1,1955,E0_full,tiling
Japan,1959,0,True,0.0015378794934441142,1955|1956-1960,M1,1955,E0_full,tiling
Japan,1960,0,True,0.003346393099931726,1955|1956-1960,M1,1955,E0_full,tiling
Netherlands,1957,0,True,0.3948401574506823,1955|1956-1960,M1,1955,E0_full,tiling
Norway,1956,0,True,0.01790885353646285,1955|1956-1960,M1,1955,E0_full,tiling
Norway,1957,0,True,0.01837913418820377,1955|1956-1960,M1,1955,E0_full,tiling
Norway,1958,0,True,0.011615471736020096,1955|1956-1960,M1,1955,E0_full,tiling
Norway,1959,0,True,0.012632573905798772,1955|1956-1960,M1,1955,E0_full,tiling
Norway,1960,0,True,0.004473314301558639,1955|1956-1960,M1,1955,E0_full,tiling
Portugal,1956,0,True,0.007190895130234014,1955|1956-1960,M1,1955,E0_full,tiling
Portugal,1957,0,True,0.00318499027449042,1955|1956-1960,M1,1955,E0_full,tiling
Portugal,1958,0,True,0.006999137996399753,1955|1956-1960,M1,1955,E0_full,tiling
Portugal,1959,0,True,0.023928596983524605,1955|1956-1960,M1,1955,E0_full,tiling
Portugal,1960,0,True,0.007208245905016882,1955|1956-1960,M1,1955,E0_full,tiling
Spain,1956,0,True,0.0006068906166959101,1955|1956-1960,M1,1955,E0_full,tiling
Spain,1957,0,True,0.0064861176895570066,1955|1956-1960,M1,1955,E0_full,tiling
Spain,1958,0,True,0.0024617016106329025,1955|1956-1960,M1,1955,E0_full,tiling
Spain,1959,0,True,0.001730724790573664,1955|1956-1960,M1,1955,E0_full,tiling
Spain,1960,0,True,0.0001655629466790192,1955|1956-1960,M1,1955,E0_full,tiling
Sweden,1956,0,True,0.046503842868978865,1955|1956-1960,M1,1955,E0_full,tiling
Sweden,1957,0,True,0.029683373036965614,1955|1956-1960,M1,1955,E0_full,tiling
Sweden,1958,0,True,0.03081013423806787,1955|1956-1960,M1,1955,E0_full,tiling
Sweden,1959,0,True,0.022348874396763398,1955|1956-1960,M1,1955,E0_full,tiling
Sweden,1960,0,True,0.02538985966661506,1955|1956-1960,M1,1955,E0_full,tiling
Switzerland,1956,0,True,0.010275329480743861,1955|1956-1960,M1,1955,E0_full,tiling
Switzerland,1957,0,True,0.01241377664929591,1955|1956-1960,M1,1955,E0_full,tiling
Switzerland,1958,0,True,0.06764807357753447,1955|1956-1960,M1,1955,E0_full,tiling
Switzerland,1959,0,True,0.02736516220956882,1955|1956-1960,M1,1955,E0_full,tiling
Switzerland,1960,0,True,0.02396773263503257,1955|1956-1960,M1,1955,E0_full,tiling
UK,1956,0,True,0.04215769482102291,1955|1956-1960,M1,1955,E0_full,tiling
UK,1957,0,True,0.030691282154106384,1955|1956-1960,M1,1955,E0_full,tiling
UK,1958,0,True,0.02545106185808937,1955|1956-1960,M1,1955,E0_full,tiling
UK,1959,0,True,0.011202677888366807,1955|1956-1960,M1,1955,E0_full,tiling
UK,1960,0,True,0.018903893877735247,1955|1956-1960,M1,1955,E0_full,tiling
Australia,1956,0,True,1e-06,1955|1956-1960,M2,1955,E0_full,tiling
Australia,1957,0,True,1e-06,1955|1956-1960,M2,1955,E0_full,tiling
Australia,1958,0,True,1e-06,1955|1956-1960,M2,1955,E0_full,tiling
Australia,1959,0,True,1e-06,1955|1956-1960,M2,1955,E0_full,tiling
Australia,1960,0,True,1e-06,1955|1956-1960,M2,1955,E0_full,tiling
Belgium,1956,0,True,0.12612772047826548,1955|1956-1960,M2,1955,E0_full,tiling
Belgium,1957,0,True,0.11449772826251559,1955|1956-1960,M2,1955,E0_full,tiling
Belgium,1958,0,True,0.1316858817167431,1955|1956-1960,M2,1955,E0_full,tiling
Belgium,1959,0,True,0.14801600829085607,1955|1956-1960,M2,1955,E0_full,tiling
Belgium,1960,0,True,0.14650363776305383,1955|1956-1960,M2,1955,E0_full,tiling
Canada,1956,0,True,1e-06,1955|1956-1960,M2,1955,E0_full,tiling
Canada,1957,0,True,1e-06,1955|1956-1960,M2,1955,E0_full,tiling
Canada,1958,0,True,1e-06,1955|1956-1960,M2,1955,E0_full,tiling
Canada,1959,0,True,1e-06,1955|1956-1960,M2,1955,E0_full,tiling
Canada,1960,0,True,1e-06,1955|1956-1960,M2,1955,E0_full,tiling
Denmark,1956,0,True,1e-06,1955|1956-1960,M2,1955,E0_full,tiling
Finland,1956,0,True,1e-06,1955|1956-1960,M2,1955,E0_full,tiling
Finland,1957,0,True,1e-06,1955|1956-1960,M2,1955,E0_full,tiling
Finland,1958,0,True,1e-06,1955|1956-1960,M2,1955,E0_full,tiling
Finland,1959,0,True,1e-06,1955|1956-1960,M2,1955,E0_full,tiling
Finland,1960,0,True,1e-06,1955|1956-1960,M2,1955,E0_full,tiling
France,1956,0,True,0.1535687020445556,1955|1956-1960,M2,1955,E0_full,tiling
France,1957,0,True,0.15293741534597383,1955|1956-1960,M2,1955,E0_full,tiling
France,1958,0,True,0.15200251354200237,1955|1956-1960,M2,1955,E0_full,tiling
France,1959,0,True,0.15113630911285045,1955|1956-1960,M2,1955,E0_full,tiling
France,1960,0,True,0.14642894570807752,1955|1956-1960,M2,1955,E0_full,tiling
Germany,1956,0,True,0.0129623044590628,1955|1956-1960,M2,1955,E0_full,tiling
Germany,1957,0,True,0.012243283108899822,1955|1956-1960,M2,1955,E0_full,tiling
Germany,1958,0,True,0.012243283108899822,1955|1956-1960,M2,1955,E0_full,tiling
Germany,1959,0,True,0.011563678736411896,1955|1956-1960,M2,1955,E0_full,tiling
Germany,1960,0,True,0.010314386986034818,1955|1956-1960,M2,1955,E0_full,tiling
Ireland,1956,0,True,1e-06,1955|1956-1960,M2,1955,E0_full,tiling
Ireland,1957,0,True,1e-06,1955|1956-1960,M2,1955,E0_full,tiling
Ireland,1958,0,True,1e-06,1955|1956-1960,M2,1955,E0_full,tiling
Ireland,1959,0,True,1e-06,1955|1956-1960,M2,1955,E0_full,tiling
Ireland,1960,0,True,1e-06,1955|1956-1960,M2,1955,E0_full,tiling
Italy,1956,0,True,0.029207826875208454,1955|1956-1960,M2,1955,E0_full,tiling
Italy,1957,0,True,0.028768678073130157,1955|1956-1960,M2,1955,E0_full,tiling
Italy,1958,0,True,0.02863691094303787,1955|1956-1960,M2,1955,E0_full,tiling
Italy,1959,0,True,0.029250492663437475,1955|1956-1960,M2,1955,E0_full,tiling
Italy,1960,0,True,0.02830378459499369,1955|1956-1960,M2,1955,E0_full,tiling
Japan,1957,0,True,1e-06,1955|1956-1960,M2,1955,E0_full,tiling
Japan,1958,0,True,1e-06,1955|1956-1960,M2,1955,E0_full,tiling
Japan,1959,0,True,1e-06,1955|1956-1960,M2,1955,E0_full,tiling
Japan,1960,0,True,1e-06,1955|1956-1960,M2,1955,E0_full,tiling
Netherlands,1957,0,True,0.13303658912007318,1955|1956-1960,M2,1955,E0_full,tiling
Norway,1956,0,True,1e-06,1955|1956-1960,M2,1955,E0_full,tiling
Norway,1957,0,True,1e-06,1955|1956-1960,M2,1955,E0_full,tiling
Norway,1958,0,True,1e-06,1955|1956-1960,M2,1955,E0_full,tiling
Norway,1959,0,True,1e-06,1955|1956-1960,M2,1955,E0_full,tiling
Norway,1960,0,True,1e-06,1955|1956-1960,M2,1955,E0_full,tiling
Portugal,1956,0,True,0.025652705003458346,1955|1956-1960,M2,1955,E0_full,tiling
Portugal,1957,0,True,0.02495381142213199,1955|1956-1960,M2,1955,E0_full,tiling
Portugal,1958,0,True,0.027128966954527958,1955|1956-1960,M2,1955,E0_full,tiling
Portugal,1959,0,True,0.02678778240313523,1955|1956-1960,M2,1955,E0_full,tiling
Portugal,1960,0,True,0.02673595724767893,1955|1956-1960,M2,1955,E0_full,tiling
Spain,1956,0,True,0.02515722275258509,1955|1956-1960,M2,1955,E0_full,tiling
Spain,1957,0,True,0.024041082904417827,1955|1956-1960,M2,1955,E0_full,tiling
Spain,1958,0,True,0.021779622999798593,1955|1956-1960,M2,1955,E0_full,tiling
Spain,1959,0,True,0.02132576243335898,1955|1956-1960,M2,1955,E0_full,tiling
Spain,1960,0,True,0.021788432319567234,1955|1956-1960,M2,1955,E0_full,tiling
Sweden,1956,0,True,1e-06,1955|1956-1960,M2,1955,E0_full,tiling
Sweden,1957,0,True,1e-06,1955|1956-1960,M2,1955,E0_full,tiling
Sweden,1958,0,True,1e-06,1955|1956-1960,M2,1955,E0_full,tiling
Sweden,1959,0,True,1e-06,1955|1956-1960,M2,1955,E0_full,tiling
Sweden,1960,0,True,1e-06,1955|1956-1960,M2,1955,E0_full,tiling
Switzerland,1956,0,True,1e-06,1955|1956-1960,M2,1955,E0_full,tiling
Switzerland,1957,0,True,1e-06,1955|1956-1960,M2,1955,E0_full,tiling
Switzerland,1958,0,True,1e-06,1955|1956-1960,M2,1955,E0_full,tiling
Switzerland,1959,0,True,1e-06,1955|1956-1960,M2,1955,E0_full,tiling
Switzerland,1960,0,True,1e-06,1955|1956-1960,M2,1955,E0_full,tiling
UK,1956,0,True,0.120580387251717,1955|1956-1960,M2,1955,E0_full,tiling
UK,1957,0,True,0.11400864919794275,1955|1956-1960,M2,1955,E0_full,tiling
UK,1958,0,True,0.11037836859245358,1955|1956-1960,M2,1955,E0_full,tiling
UK,1959,0,True,0.10561002586940378,1955|1956-1960,M2,1955,E0_full,tiling
UK,1960,0,True,0.10054471650486312,1955|1956-1960,M2,1955,E0_full,tiling
USA,1956,0,True,0.08651668056583701,1955|1956-1960,M2,1955,E0_full,tiling
USA,1957,0,True,0.08067049959067872,1955|1956-1960,M2,1955,E0_full,tiling
USA,1958,0,True,0.08131994186760268,1955|1956-1960,M2,1955,E0_full,tiling
USA,1959,0,True,0.07796286276580427,1955|1956-1960,M2,1955,E0_full,tiling
USA,1960,0,True,0.07398244071517607,1955|1956-1960,M2,1955,E0_full,tiling
Australia,1961,0,True,0.008596907564285714,1960|1961-1965,M1,1960,E0_full,tiling
Australia,1962,0,True,0.004358768606402804,1960|1961-1965,M1,1960,E0_full,tiling
Australia,1963,0,True,0.004218980328041302,1960|1961-1965,M1,1960,E0_full,tiling
Australia,1964,0,True,0.005797953462377342,1960|1961-1965,M1,1960,E0_full,tiling
Australia,1965,0,True,0.007372845346788472,1960|1961-1965,M1,1960,E0_full,tiling
Belgium,1961,0,True,0.011741516082301688,1960|1961-1965,M1,1960,E0_full,tiling
Belgium,1962,0,True,0.01821891668969757,1960|1961-1965,M1,1960,E0_full,tiling
Belgium,1963,0,True,0.023518669409114228,1960|1961-1965,M1,1960,E0_full,tiling
Belgium,1964,0,True,0.0037704546182427017,1960|1961-1965,M1,1960,E0_full,tiling
Belgium,1965,0,True,0.0064946591308527165,1960|1961-1965,M1,1960,E0_full,tiling
Canada,1961,0,True,0.0001607504603556242,1960|1961-1965,M1,1960,E0_full,tiling
Canada,1962,0,True,0.0009970675279365412,1960|1961-1965,M1,1960,E0_full,tiling
Canada,1963,0,True,0.0003560634658135555,1960|1961-1965,M1,1960,E0_full,tiling
Canada,1964,0,True,0.0003398159071234535,1960|1961-1965,M1,1960,E0_full,tiling
Canada,1965,0,True,0.00022713290566292137,1960|1961-1965,M1,1960,E0_full,tiling
Denmark,1963,0,True,0.0002820874620318192,1960|1961-1965,M1,1960,E0_full,tiling
Denmark,1964,0,True,0.0003336873874394086,1960|1961-1965,M1,1960,E0_full,tiling
Denmark,1965,0,True,0.00016319014209712393,1960|1961-1965,M1,1960,E0_full,tiling
Finland,1961,0,True,1e-06,1960|1961-1965,M1,1960,E0_full,tiling
Finland,1962,0,True,0.00016146722312306187,1960|1961-1965,M1,1960,E0_full,tiling
Finland,1963,0,True,0.0005642405375395049,1960|1961-1965,M1,1960,E0_full,tiling
Finland,1964,0,True,0.00026100930040406754,1960|1961-1965,M1,1960,E0_full,tiling
Finland,1965,0,True,0.000959942594744067,1960|1961-1965,M1,1960,E0_full,tiling
France,1961,0,True,0.015413591495257953,1960|1961-1965,M1,1960,E0_full,tiling
France,1962,0,True,0.01972373499027348,1960|1961-1965,M1,1960,E0_full,tiling
France,1963,0,True,0.14021703533736374,1960|1961-1965,M1,1960,E0_full,tiling
France,1964,0,True,0.1442440182505547,1960|1961-1965,M1,1960,E0_full,tiling
France,1965,0,True,0.08015483204912746,1960|1961-1965,M1,1960,E0_full,tiling
Germany,1961,0,True,0.00030385483433428384,1960|1961-1965,M1,1960,E0_full,tiling
Germany,1962,0,True,0.00013743383025661689,1960|1961-1965,M1,1960,E0_full,tiling
Germany,1963,0,True,0.0004955333342340194,1960|1961-1965,M1,1960,E0_full,tiling
Germany,1964,0,True,0.001324053667460608,1960|1961-1965,M1,1960,E0_full,tiling
Germany,1965,0,True,0.00085738392425149,1960|1961-1965,M1,1960,E0_full,tiling
Ireland,1961,0,True,0.02336243885402689,1960|1961-1965,M1,1960,E0_full,tiling
Ireland,1962,0,True,0.0041687567002355996,1960|1961-1965,M1,1960,E0_full,tiling
Ireland,1963,0,True,0.002005270692651957,1960|1961-1965,M1,1960,E0_full,tiling
Ireland,1964,0,True,0.016269491837850227,1960|1961-1965,M1,1960,E0_full,tiling
Ireland,1965,0,True,0.006581337756350746,1960|1961-1965,M1,1960,E0_full,tiling
Italy,1961,0,True,0.008875224484970006,1960|1961-1965,M1,1960,E0_full,tiling
Italy,1962,0,True,0.006181883659840281,1960|1961-1965,M1,1960,E0_full,tiling
Italy,1963,0,True,0.0009920315175770123,1960|1961-1965,M1,1960,E0_full,tiling
Italy,1964,0,True,0.0013433957701529421,1960|1961-1965,M1,1960,E0_full,tiling
Italy,1965,0,True,0.007367701880455285,1960|1961-1965,M1,1960,E0_full,tiling
Japan,1961,0,True,1.050796069149683e-06,1960|1961-1965,M1,1960,E0_full,tiling
Japan,1962,0,True,2.1766371324799296e-05,1960|1961-1965,M1,1960,E0_full,tiling
Japan,1963,0,True,6.6525767982859265e-06,1960|1961-1965,M1,1960,E0_full,tiling
Japan,1964,0,True,0.0002879086494954042,1960|1961-1965,M1,1960,E0_full,tiling
Japan,1965,0,True,5.7795578110879736e-05,1960|1961-1965,M1,1960,E0_full,tiling
Netherlands,1963,0,True,0.19711972853519075,1960|1961-1965,M1,1960,E0_full,tiling
Netherlands,1964,0,True,0.1803700622814478,1960|1961-1965,M1,1960,E0_full,tiling
Netherlands,1965,0,True,0.16639735594029778,1960|1961-1965,M1,1960,E0_full,tiling
Norway,1961,0,True,4.618851127815409e-05,1960|1961-1965,M1,1960,E0_full,tiling
Norway,1962,0,True,4.665553502690173e-05,1960|1961-1965,M1,1960,E0_full,tiling
Norway,1963,0,True,3.7068799325359e-05,1960|1961-1965,M1,1960,E0_full,tiling
Norway,1964,0,True,4.034115302710279e-05,1960|1961-1965,M1,1960,E0_full,tiling
Norway,1965,0,True,0.00011816070456223027,1960|1961-1965,M1,1960,E0_full,tiling
Portugal,1961,0,True,0.0038200722064312556,1960|1961-1965,M1,1960,E0_full,tiling
Portugal,1962,0,True,0.027766702970604684,1960|1961-1965,M1,1960,E0_full,tiling
Portugal,1963,0,True,0.00938883328884448,1960|1961-1965,M1,1960,E0_full,tiling
Portugal,1964,0,True,0.003929371583893444,1960|1961-1965,M1,1960,E0_full,tiling
Portugal,1965,0,True,0.005003656662173837,1960|1961-1965,M1,1960,E0_full,tiling
Spain,1961,0,True,0.010473879208106406,1960|1961-1965,M1,1960,E0_full,tiling
Spain,1962,0,True,0.0042540930710726005,1960|1961-1965,M1,1960,E0_full,tiling
Spain,1963,0,True,0.002975377992067188,1960|1961-1965,M1,1960,E0_full,tiling
Spain,1964,0,True,0.0011398026494393993,1960|1961-1965,M1,1960,E0_full,tiling
Spain,1965,0,True,0.0001291598576305077,1960|1961-1965,M1,1960,E0_full,tiling
Sweden,1961,0,True,0.000948845912903156,1960|1961-1965,M1,1960,E0_full,tiling
Sweden,1962,0,True,9.223149110521821e-05,1960|1961-1965,M1,1960,E0_full,tiling
Sweden,1963,0,True,3.82285686683364e-05,1960|1961-1965,M1,1960,E0_full,tiling
Sweden,1964,0,True,4.052946178540515e-05,1960|1961-1965,M1,1960,E0_full,tiling
Sweden,1965,0,True,6.5358809334812e-05,1960|1961-1965,M1,1960,E0_full,tiling
Switzerland,1961,0,True,0.0014828775118753512,1960|1961-1965,M1,1960,E0_full,tiling
Switzerland,1962,0,True,0.001021291141112894,1960|1961-1965,M1,1960,E0_full,tiling
Switzerland,1963,0,True,0.0011434749468823423,1960|1961-1965,M1,1960,E0_full,tiling
Switzerland,1964,0,True,0.0006308614034097312,1960|1961-1965,M1,1960,E0_full,tiling
Switzerland,1965,0,True,0.0009615586308912225,1960|1961-1965,M1,1960,E0_full,tiling
UK,1961,0,True,0.016652306501152677,1960|1961-1965,M1,1960,E0_full,tiling
UK,1962,0,True,0.0070183357755301155,1960|1961-1965,M1,1960,E0_full,tiling
UK,1963,0,True,0.008313054516538347,1960|1961-1965,M1,1960,E0_full,tiling
UK,1964,0,True,0.007464806352272892,1960|1961-1965,M1,1960,E0_full,tiling
UK,1965,0,True,0.022613708277443318,1960|1961-1965,M1,1960,E0_full,tiling
Australia,1961,0,True,1e-06,1960|1961-1965,M2,1960,E0_full,tiling
Australia,1962,0,True,1e-06,1960|1961-1965,M2,1960,E0_full,tiling
Australia,1963,0,True,1e-06,1960|1961-1965,M2,1960,E0_full,tiling
Australia,1964,0,True,1e-06,1960|1961-1965,M2,1960,E0_full,tiling
Australia,1965,0,True,1e-06,1960|1961-1965,M2,1960,E0_full,tiling
Belgium,1961,0,True,0.12594043317473252,1960|1961-1965,M2,1960,E0_full,tiling
Belgium,1962,0,True,0.11182816941404194,1960|1961-1965,M2,1960,E0_full,tiling
Belgium,1963,0,True,0.10538976684520127,1960|1961-1965,M2,1960,E0_full,tiling
Belgium,1964,0,True,0.08353389194885105,1960|1961-1965,M2,1960,E0_full,tiling
Belgium,1965,0,True,0.07642735023192535,1960|1961-1965,M2,1960,E0_full,tiling
Canada,1961,0,True,1e-06,1960|1961-1965,M2,1960,E0_full,tiling
Canada,1962,0,True,1e-06,1960|1961-1965,M2,1960,E0_full,tiling
Canada,1963,0,True,1e-06,1960|1961-1965,M2,1960,E0_full,tiling
Canada,1964,0,True,1e-06,1960|1961-1965,M2,1960,E0_full,tiling
Canada,1965,0,True,1e-06,1960|1961-1965,M2,1960,E0_full,tiling
Denmark,1963,0,True,1e-06,1960|1961-1965,M2,1960,E0_full,tiling
Denmark,1964,0,True,1e-06,1960|1961-1965,M2,1960,E0_full,tiling
Denmark,1965,0,True,1e-06,1960|1961-1965,M2,1960,E0_full,tiling
Finland,1961,0,True,1e-06,1960|1961-1965,M2,1960,E0_full,tiling
Finland,1962,0,True,1e-06,1960|1961-1965,M2,1960,E0_full,tiling
Finland,1963,0,True,1e-06,1960|1961-1965,M2,1960,E0_full,tiling
Finland,1964,0,True,1e-06,1960|1961-1965,M2,1960,E0_full,tiling
Finland,1965,0,True,1e-06,1960|1961-1965,M2,1960,E0_full,tiling
France,1961,0,True,0.1083915698619249,1960|1961-1965,M2,1960,E0_full,tiling
France,1962,0,True,0.10469573827650774,1960|1961-1965,M2,1960,E0_full,tiling
France,1963,0,True,0.10277046455237693,1960|1961-1965,M2,1960,E0_full,tiling
France,1964,0,True,0.099399339218232,1960|1961-1965,M2,1960,E0_full,tiling
France,1965,0,True,0.09685410774306968,1960|1961-1965,M2,1960,E0_full,tiling
Germany,1961,0,True,0.00758320735253109,1960|1961-1965,M2,1960,E0_full,tiling
Germany,1962,0,True,0.00758320735253109,1960|1961-1965,M2,1960,E0_full,tiling
Germany,1963,0,True,0.008112256601112222,1960|1961-1965,M2,1960,E0_full,tiling
Germany,1964,0,True,0.008112256601112222,1960|1961-1965,M2,1960,E0_full,tiling
Germany,1965,0,True,0.008112256601112222,1960|1961-1965,M2,1960,E0_full,tiling
Ireland,1961,0,True,1e-06,1960|1961-1965,M2,1960,E0_full,tiling
Ireland,1962,0,True,1e-06,1960|1961-1965,M2,1960,E0_full,tiling
Ireland,1963,0,True,1e-06,1960|1961-1965,M2,1960,E0_full,tiling
Ireland,1964,0,True,1e-06,1960|1961-1965,M2,1960,E0_full,tiling
Ireland,1965,0,True,1e-06,1960|1961-1965,M2,1960,E0_full,tiling
Italy,1961,0,True,0.02188136992657434,1960|1961-1965,M2,1960,E0_full,tiling
Italy,1962,0,True,0.0213511151243708,1960|1961-1965,M2,1960,E0_full,tiling
Italy,1963,0,True,0.02043296577128345,1960|1961-1965,M2,1960,E0_full,tiling
Italy,1964,0,True,0.02037877869426649,1960|1961-1965,M2,1960,E0_full,tiling
Italy,1965,0,True,0.020902710819221296,1960|1961-1965,M2,1960,E0_full,tiling
Japan,1961,0,True,1e-06,1960|1961-1965,M2,1960,E0_full,tiling
Japan,1962,0,True,1e-06,1960|1961-1965,M2,1960,E0_full,tiling
Japan,1963,0,True,1e-06,1960|1961-1965,M2,1960,E0_full,tiling
Japan,1964,0,True,1e-06,1960|1961-1965,M2,1960,E0_full,tiling
Japan,1965,0,True,1e-06,1960|1961-1965,M2,1960,E0_full,tiling
Netherlands,1963,0,True,0.0767533108101566,1960|1961-1965,M2,1960,E0_full,tiling
Netherlands,1964,0,True,0.06627495380753959,1960|1961-1965,M2,1960,E0_full,tiling
Netherlands,1965,0,True,0.06344612455161092,1960|1961-1965,M2,1960,E0_full,tiling
Norway,1961,0,True,1e-06,1960|1961-1965,M2,1960,E0_full,tiling
Norway,1962,0,True,1e-06,1960|1961-1965,M2,1960,E0_full,tiling
Norway,1963,0,True,1e-06,1960|1961-1965,M2,1960,E0_full,tiling
Norway,1964,0,True,1e-06,1960|1961-1965,M2,1960,E0_full,tiling
Norway,1965,0,True,1e-06,1960|1961-1965,M2,1960,E0_full,tiling
Portugal,1961,0,True,0.020696402017805572,1960|1961-1965,M2,1960,E0_full,tiling
Portugal,1962,0,True,0.022037134425376723,1960|1961-1965,M2,1960,E0_full,tiling
Portugal,1963,0,True,0.02394175370419764,1960|1961-1965,M2,1960,E0_full,tiling
Portugal,1964,0,True,0.02501226406975707,1960|1961-1965,M2,1960,E0_full,tiling
Portugal,1965,0,True,0.023528192390982035,1960|1961-1965,M2,1960,E0_full,tiling
Spain,1961,0,True,0.03256304869949277,1960|1961-1965,M2,1960,E0_full,tiling
Spain,1962,0,True,0.030998349344986607,1960|1961-1965,M2,1960,E0_full,tiling
Spain,1963,0,True,0.028594126015115406,1960|1961-1965,M2,1960,E0_full,tiling
Spain,1964,0,True,0.026338585263404334,1960|1961-1965,M2,1960,E0_full,tiling
Spain,1965,0,True,0.02558666518455931,1960|1961-1965,M2,1960,E0_full,tiling
Sweden,1961,0,True,1e-06,1960|1961-1965,M2,1960,E0_full,tiling
Sweden,1962,0,True,1e-06,1960|1961-1965,M2,1960,E0_full,tiling
Sweden,1963,0,True,1e-06,1960|1961-1965,M2,1960,E0_full,tiling
Sweden,1964,0,True,1e-06,1960|1961-1965,M2,1960,E0_full,tiling
Sweden,1965,0,True,1e-06,1960|1961-1965,M2,1960,E0_full,tiling
Switzerland,1961,0,True,1e-06,1960|1961-1965,M2,1960,E0_full,tiling
Switzerland,1962,0,True,1e-06,1960|1961-1965,M2,1960,E0_full,tiling
Switzerland,1963,0,True,1e-06,1960|1961-1965,M2,1960,E0_full,tiling
Switzerland,1964,0,True,1e-06,1960|1961-1965,M2,1960,E0_full,tiling
Switzerland,1965,0,True,1e-06,1960|1961-1965,M2,1960,E0_full,tiling
UK,1961,0,True,0.08191689016818064,1960|1961-1965,M2,1960,E0_full,tiling
UK,1962,0,True,0.07942764761850671,1960|1961-1965,M2,1960,E0_full,tiling
UK,1963,0,True,0.07794603330906114,1960|1961-1965,M2,1960,E0_full,tiling
UK,1964,0,True,0.07254481591971224,1960|1961-1965,M2,1960,E0_full,tiling
UK,1965,0,True,0.06814626611442037,1960|1961-1965,M2,1960,E0_full,tiling
USA,1961,0,True,0.06388727410456467,1960|1961-1965,M2,1960,E0_full,tiling
USA,1962,0,True,0.06107259568700201,1960|1961-1965,M2,1960,E0_full,tiling
USA,1963,0,True,0.05881602669690432,1960|1961-1965,M2,1960,E0_full,tiling
USA,1964,0,True,0.055367500123605584,1960|1961-1965,M2,1960,E0_full,tiling
USA,1965,0,True,0.052242013211797805,1960|1961-1965,M2,1960,E0_full,tiling
Australia,1966,0,True,0.039866765679385956,1965|1966-1970,M1,1965,E0_full,tiling
Australia,1967,0,True,0.02448977733978248,1965|1966-1970,M1,1965,E0_full,tiling
Australia,1968,0,True,0.024680820749071228,1965|1966-1970,M1,1965,E0_full,tiling
Australia,1969,0,True,0.011142315783397914,1965|1966-1970,M1,1965,E0_full,tiling
Australia,1970,0,True,0.00889635876116564,1965|1966-1970,M1,1965,E0_full,tiling
Belgium,1966,0,True,0.005493805403612114,1965|1966-1970,M1,1965,E0_full,tiling
Belgium,1967,0,True,0.004699440984906853,1965|1966-1970,M1,1965,E0_full,tiling
Belgium,1968,0,True,0.002783684363384202,1965|1966-1970,M1,1965,E0_full,tiling
Belgium,1969,0,True,0.01743486936602337,1965|1966-1970,M1,1965,E0_full,tiling
Belgium,1970,0,True,0.03002425113099686,1965|1966-1970,M1,1965,E0_full,tiling
Canada,1966,0,True,0.014393442703428093,1965|1966-1970,M1,1965,E0_full,tiling
Canada,1967,0,True,0.007003968850266929,1965|1966-1970,M1,1965,E0_full,tiling
Canada,1968,0,True,0.01814825784307169,1965|1966-1970,M1,1965,E0_full,tiling
Canada,1969,0,True,0.01960759160595992,1965|1966-1970,M1,1965,E0_full,tiling
Canada,1970,0,True,0.0031443857531428376,1965|1966-1970,M1,1965,E0_full,tiling
Denmark,1966,0,True,0.0020056282833313395,1965|1966-1970,M1,1965,E0_full,tiling
Denmark,1967,0,True,0.0010917425200245305,1965|1966-1970,M1,1965,E0_full,tiling
Denmark,1968,0,True,0.0007633003500856867,1965|1966-1970,M1,1965,E0_full,tiling
Denmark,1969,0,True,0.001196955429306072,1965|1966-1970,M1,1965,E0_full,tiling
Denmark,1970,0,True,0.0011054330909717437,1965|1966-1970,M1,1965,E0_full,tiling
Finland,1966,0,True,0.028715674834919692,1965|1966-1970,M1,1965,E0_full,tiling
Finland,1967,0,True,0.014070022040326813,1965|1966-1970,M1,1965,E0_full,tiling
Finland,1968,0,True,0.11966864341234795,1965|1966-1970,M1,1965,E0_full,tiling
Finland,1969,0,True,0.04402034214237122,1965|1966-1970,M1,1965,E0_full,tiling
Finland,1970,0,True,0.024353082017754796,1965|1966-1970,M1,1965,E0_full,tiling
France,1966,0,True,0.04648563416651983,1965|1966-1970,M1,1965,E0_full,tiling
France,1967,0,True,0.022652301956492305,1965|1966-1970,M1,1965,E0_full,tiling
France,1968,0,True,0.058499162331416735,1965|1966-1970,M1,1965,E0_full,tiling
France,1969,0,True,0.44236310827587355,1965|1966-1970,M1,1965,E0_full,tiling
France,1970,0,True,0.30675298131546724,1965|1966-1970,M1,1965,E0_full,tiling
Germany,1966,0,True,0.006426811007848543,1965|1966-1970,M1,1965,E0_full,tiling
Germany,1967,0,True,0.004402159958453059,1965|1966-1970,M1,1965,E0_full,tiling
Germany,1968,0,True,0.0024484685109522975,1965|1966-1970,M1,1965,E0_full,tiling
Germany,1969,0,True,0.005121718951189587,1965|1966-1970,M1,1965,E0_full,tiling
Germany,1970,0,True,0.02816334042859616,1965|1966-1970,M1,1965,E0_full,tiling
Ireland,1966,0,True,0.06117046144455938,1965|1966-1970,M1,1965,E0_full,tiling
Ireland,1967,0,True,0.21919513423597548,1965|1966-1970,M1,1965,E0_full,tiling
Ireland,1968,0,True,0.03738607268071627,1965|1966-1970,M1,1965,E0_full,tiling
Ireland,1969,0,True,0.02421107347386569,1965|1966-1970,M1,1965,E0_full,tiling
Ireland,1970,0,True,0.010645815662557848,1965|1966-1970,M1,1965,E0_full,tiling
Italy,1966,0,True,0.006397742855784319,1965|1966-1970,M1,1965,E0_full,tiling
Italy,1967,0,True,0.004781149069161634,1965|1966-1970,M1,1965,E0_full,tiling
Italy,1968,0,True,0.004809728088417287,1965|1966-1970,M1,1965,E0_full,tiling
Italy,1969,0,True,0.012639016246052666,1965|1966-1970,M1,1965,E0_full,tiling
Italy,1970,0,True,0.01340012083788941,1965|1966-1970,M1,1965,E0_full,tiling
Japan,1966,0,True,0.0021757096687465382,1965|1966-1970,M1,1965,E0_full,tiling
Japan,1967,0,True,0.00314862689030949,1965|1966-1970,M1,1965,E0_full,tiling
Japan,1968,0,True,0.006675671507688408,1965|1966-1970,M1,1965,E0_full,tiling
Japan,1969,0,True,0.005537662527220058,1965|1966-1970,M1,1965,E0_full,tiling
Japan,1970,0,True,0.005505202585510159,1965|1966-1970,M1,1965,E0_full,tiling
Netherlands,1966,0,True,0.11334686338985107,1965|1966-1970,M1,1965,E0_full,tiling
Netherlands,1967,0,True,0.1189269819454344,1965|1966-1970,M1,1965,E0_full,tiling
Netherlands,1968,0,True,0.07626601529315742,1965|1966-1970,M1,1965,E0_full,tiling
Netherlands,1969,0,True,0.17310646041907451,1965|1966-1970,M1,1965,E0_full,tiling
Netherlands,1970,0,True,0.07124612547190307,1965|1966-1970,M1,1965,E0_full,tiling
Norway,1967,0,True,0.00446194000841349,1965|1966-1970,M1,1965,E0_full,tiling
Norway,1968,0,True,0.0048139630749308125,1965|1966-1970,M1,1965,E0_full,tiling
Norway,1969,0,True,0.007587122827098162,1965|1966-1970,M1,1965,E0_full,tiling
Norway,1970,0,True,0.005862079159368901,1965|1966-1970,M1,1965,E0_full,tiling
Portugal,1966,0,True,0.0015733710355691464,1965|1966-1970,M1,1965,E0_full,tiling
Portugal,1967,0,True,0.006225273220859923,1965|1966-1970,M1,1965,E0_full,tiling
Portugal,1968,0,True,0.0021274004370303145,1965|1966-1970,M1,1965,E0_full,tiling
Portugal,1969,0,True,0.0002368913403992426,1965|1966-1970,M1,1965,E0_full,tiling
Portugal,1970,0,True,0.001037617690760413,1965|1966-1970,M1,1965,E0_full,tiling
Spain,1966,0,True,0.0013761539409400518,1965|1966-1970,M1,1965,E0_full,tiling
Spain,1967,0,True,0.004211538706459325,1965|1966-1970,M1,1965,E0_full,tiling
Spain,1968,0,True,0.0023742154429994403,1965|1966-1970,M1,1965,E0_full,tiling
Spain,1969,0,True,0.003685234802497091,1965|1966-1970,M1,1965,E0_full,tiling
Spain,1970,0,True,0.001050227299905886,1965|1966-1970,M1,1965,E0_full,tiling
Sweden,1966,0,True,0.001513626706411199,1965|1966-1970,M1,1965,E0_full,tiling
Sweden,1967,0,True,0.0016229902283422532,1965|1966-1970,M1,1965,E0_full,tiling
Sweden,1968,0,True,0.0012551716971040039,1965|1966-1970,M1,1965,E0_full,tiling
Sweden,1969,0,True,0.00237829321139074,1965|1966-1970,M1,1965,E0_full,tiling
Sweden,1970,0,True,0.0051835885400343526,1965|1966-1970,M1,1965,E0_full,tiling
Switzerland,1966,0,True,0.05586181288425435,1965|1966-1970,M1,1965,E0_full,tiling
Switzerland,1967,0,True,0.005824023284012123,1965|1966-1970,M1,1965,E0_full,tiling
Switzerland,1968,0,True,0.010414370334302373,1965|1966-1970,M1,1965,E0_full,tiling
Switzerland,1969,0,True,0.46040651839386276,1965|1966-1970,M1,1965,E0_full,tiling
Switzerland,1970,0,True,0.22353824967216404,1965|1966-1970,M1,1965,E0_full,tiling
UK,1966,0,True,0.02038749075411814,1965|1966-1970,M1,1965,E0_full,tiling
UK,1967,0,True,0.022294089189533187,1965|1966-1970,M1,1965,E0_full,tiling
UK,1968,0,True,0.04045491390746963,1965|1966-1970,M1,1965,E0_full,tiling
UK,1969,0,True,0.01952312041385233,1965|1966-1970,M1,1965,E0_full,tiling
UK,1970,1,True,0.006716425269941332,1965|1966-1970,M1,1965,E0_full,tiling
Australia,1966,0,True,1e-06,1965|1966-1970,M2,1965,E0_full,tiling
Australia,1967,0,True,1e-06,1965|1966-1970,M2,1965,E0_full,tiling
Australia,1968,0,True,1e-06,1965|1966-1970,M2,1965,E0_full,tiling
Australia,1969,0,True,1e-06,1965|1966-1970,M2,1965,E0_full,tiling
Australia,1970,0,True,1e-06,1965|1966-1970,M2,1965,E0_full,tiling
Belgium,1966,0,True,0.05326030009618232,1965|1966-1970,M2,1965,E0_full,tiling
Belgium,1967,0,True,0.048811615897560306,1965|1966-1970,M2,1965,E0_full,tiling
Belgium,1968,0,True,0.0500890641802964,1965|1966-1970,M2,1965,E0_full,tiling
Belgium,1969,0,True,0.042168290985177645,1965|1966-1970,M2,1965,E0_full,tiling
Belgium,1970,0,True,0.03309478681210597,1965|1966-1970,M2,1965,E0_full,tiling
Canada,1966,0,True,1e-06,1965|1966-1970,M2,1965,E0_full,tiling
Canada,1967,0,True,1e-06,1965|1966-1970,M2,1965,E0_full,tiling
Canada,1968,0,True,1e-06,1965|1966-1970,M2,1965,E0_full,tiling
Canada,1969,0,True,1e-06,1965|1966-1970,M2,1965,E0_full,tiling
Canada,1970,0,True,1e-06,1965|1966-1970,M2,1965,E0_full,tiling
Denmark,1966,0,True,1e-06,1965|1966-1970,M2,1965,E0_full,tiling
Denmark,1967,0,True,1e-06,1965|1966-1970,M2,1965,E0_full,tiling
Denmark,1968,0,True,1e-06,1965|1966-1970,M2,1965,E0_full,tiling
Denmark,1969,0,True,1e-06,1965|1966-1970,M2,1965,E0_full,tiling
Denmark,1970,0,True,1e-06,1965|1966-1970,M2,1965,E0_full,tiling
Finland,1966,0,True,1e-06,1965|1966-1970,M2,1965,E0_full,tiling
Finland,1967,0,True,1e-06,1965|1966-1970,M2,1965,E0_full,tiling
Finland,1968,0,True,1e-06,1965|1966-1970,M2,1965,E0_full,tiling
Finland,1969,0,True,1e-06,1965|1966-1970,M2,1965,E0_full,tiling
Finland,1970,0,True,1e-06,1965|1966-1970,M2,1965,E0_full,tiling
France,1966,0,True,0.07686656217574547,1965|1966-1970,M2,1965,E0_full,tiling
France,1967,0,True,0.07768942514340482,1965|1966-1970,M2,1965,E0_full,tiling
France,1968,0,True,0.07744395117508808,1965|1966-1970,M2,1965,E0_full,tiling
France,1969,0,True,0.07585468747800062,1965|1966-1970,M2,1965,E0_full,tiling
France,1970,0,True,0.08342789988266218,1965|1966-1970,M2,1965,E0_full,tiling
Germany,1966,0,True,0.008398847229182932,1965|1966-1970,M2,1965,E0_full,tiling
Germany,1967,0,True,0.0102932452230548,1965|1966-1970,M2,1965,E0_full,tiling
Germany,1968,0,True,0.0102932452230548,1965|1966-1970,M2,1965,E0_full,tiling
Germany,1969,0,True,0.008988400980642072,1965|1966-1970,M2,1965,E0_full,tiling
Germany,1970,0,True,0.007847656391076202,1965|1966-1970,M2,1965,E0_full,tiling
Ireland,1966,0,True,1e-06,1965|1966-1970,M2,1965,E0_full,tiling
Ireland,1967,0,True,1e-06,1965|1966-1970,M2,1965,E0_full,tiling
Ireland,1968,0,True,1e-06,1965|1966-1970,M2,1965,E0_full,tiling
Ireland,1969,0,True,1e-06,1965|1966-1970,M2,1965,E0_full,tiling
Ireland,1970,0,True,1e-06,1965|1966-1970,M2,1965,E0_full,tiling
Italy,1966,0,True,0.02149904262542419,1965|1966-1970,M2,1965,E0_full,tiling
Italy,1967,0,True,0.02128073285451165,1965|1966-1970,M2,1965,E0_full,tiling
Italy,1968,0,True,0.022563675335739945,1965|1966-1970,M2,1965,E0_full,tiling
Italy,1969,0,True,0.022905260044675975,1965|1966-1970,M2,1965,E0_full,tiling
Italy,1970,0,True,0.02342044165186742,1965|1966-1970,M2,1965,E0_full,tiling
Japan,1966,0,True,1e-06,1965|1966-1970,M2,1965,E0_full,tiling
Japan,1967,0,True,1e-06,1965|1966-1970,M2,1965,E0_full,tiling
Japan,1968,0,True,1e-06,1965|1966-1970,M2,1965,E0_full,tiling
Japan,1969,0,True,1e-06,1965|1966-1970,M2,1965,E0_full,tiling
Japan,1970,0,True,1e-06,1965|1966-1970,M2,1965,E0_full,tiling
Netherlands,1966,0,True,0.05269244820820893,1965|1966-1970,M2,1965,E0_full,tiling
Netherlands,1967,0,True,0.05163387389622621,1965|1966-1970,M2,1965,E0_full,tiling
Netherlands,1968,0,True,0.05050761617686585,1965|1966-1970,M2,1965,E0_full,tiling
Netherlands,1969,0,True,0.04563949376576145,1965|1966-1970,M2,1965,E0_full,tiling
Netherlands,1970,0,True,0.04200108071154041,1965|1966-1970,M2,1965,E0_full,tiling
Norway,1967,0,True,1e-06,1965|1966-1970,M2,1965,E0_full,tiling
Norway,1968,0,True,1e-06,1965|1966-1970,M2,1965,E0_full,tiling
Norway,1969,0,True,1e-06,1965|1966-1970,M2,1965,E0_full,tiling
Norway,1970,0,True,1e-06,1965|1966-1970,M2,1965,E0_full,tiling
Portugal,1966,0,True,0.019966161813181574,1965|1966-1970,M2,1965,E0_full,tiling
Portugal,1967,0,True,0.018483166370404494,1965|1966-1970,M2,1965,E0_full,tiling
Portugal,1968,0,True,0.017446989040956613,1965|1966-1970,M2,1965,E0_full,tiling
Portugal,1969,0,True,0.017172056255233385,1965|1966-1970,M2,1965,E0_full,tiling
Portugal,1970,0,True,0.016914557678014055,1965|1966-1970,M2,1965,E0_full,tiling
Spain,1966,0,True,0.022366678078323224,1965|1966-1970,M2,1965,E0_full,tiling
Spain,1967,0,True,0.022288188941357524,1965|1966-1970,M2,1965,E0_full,tiling
Spain,1968,0,True,0.022593038958139144,1965|1966-1970,M2,1965,E0_full,tiling
Spain,1969,0,True,0.022837926466419918,1965|1966-1970,M2,1965,E0_full,tiling
Spain,1970,0,True,0.022864101309069833,1965|1966-1970,M2,1965,E0_full,tiling
Sweden,1966,0,True,1e-06,1965|1966-1970,M2,1965,E0_full,tiling
Sweden,1967,0,True,1e-06,1965|1966-1970,M2,1965,E0_full,tiling
Sweden,1968,0,True,1e-06,1965|1966-1970,M2,1965,E0_full,tiling
Sweden,1969,0,True,1e-06,1965|1966-1970,M2,1965,E0_full,tiling
Sweden,1970,0,True,1e-06,1965|1966-1970,M2,1965,E0_full,tiling
Switzerland,1966,0,True,1e-06,1965|1966-1970,M2,1965,E0_full,tiling
Switzerland,1967,0,True,1e-06,1965|1966-1970,M2,1965,E0_full,tiling
Switzerland,1968,0,True,1e-06,1965|1966-1970,M2,1965,E0_full,tiling
Switzerland,1969,0,True,1e-06,1965|1966-1970,M2,1965,E0_full,tiling
Switzerland,1970,0,True,1e-06,1965|1966-1970,M2,1965,E0_full,tiling
UK,1966,0,True,0.056110277679376035,1965|1966-1970,M2,1965,E0_full,tiling
UK,1967,0,True,0.05434282733559475,1965|1966-1970,M2,1965,E0_full,tiling
UK,1968,0,True,0.05397146818861923,1965|1966-1970,M2,1965,E0_full,tiling
UK,1969,0,True,0.05055200407052239,1965|1966-1970,M2,1965,E0_full,tiling
UK,1970,1,True,0.0452609801247217,1965|1966-1970,M2,1965,E0_full,tiling
USA,1966,0,True,0.04120591595268181,1965|1966-1970,M2,1965,E0_full,tiling
USA,1967,0,True,0.03958113856509915,1965|1966-1970,M2,1965,E0_full,tiling
USA,1968,0,True,0.0400389878068336,1965|1966-1970,M2,1965,E0_full,tiling
USA,1969,0,True,0.03588718310661296,1965|1966-1970,M2,1965,E0_full,tiling
USA,1970,0,True,0.03496630434039302,1965|1966-1970,M2,1965,E0_full,tiling
Australia,1971,0,True,0.0033445927072844103,1970|1971-1975,M1,1970,E0_full,tiling
Australia,1972,0,True,0.001813419715314205,1970|1971-1975,M1,1970,E0_full,tiling
Australia,1973,0,True,0.00045300540972732594,1970|1971-1975,M1,1970,E0_full,tiling
Australia,1974,0,True,0.004470471028270442,1970|1971-1975,M1,1970,E0_full,tiling
Australia,1975,0,True,0.00020699270160260167,1970|1971-1975,M1,1970,E0_full,tiling
Belgium,1971,0,True,0.0024391937400818566,1970|1971-1975,M1,1970,E0_full,tiling
Belgium,1972,0,True,0.0012529305834680594,1970|1971-1975,M1,1970,E0_full,tiling
Belgium,1973,0,True,0.004594424887890791,1970|1971-1975,M1,1970,E0_full,tiling
Belgium,1974,0,True,0.0374470759542305,1970|1971-1975,M1,1970,E0_full,tiling
Belgium,1975,0,True,0.0033778339625867566,1970|1971-1975,M1,1970,E0_full,tiling
Canada,1971,0,True,0.00017907839554026113,1970|1971-1975,M1,1970,E0_full,tiling
Canada,1972,0,True,0.0001165247830409076,1970|1971-1975,M1,1970,E0_full,tiling
Canada,1973,0,True,0.0007450712741997559,1970|1971-1975,M1,1970,E0_full,tiling
Canada,1974,0,True,0.0026255436775804784,1970|1971-1975,M1,1970,E0_full,tiling
Canada,1975,0,True,0.0009269896376673657,1970|1971-1975,M1,1970,E0_full,tiling
Denmark,1971,0,True,0.00013198689328193836,1970|1971-1975,M1,1970,E0_full,tiling
Denmark,1972,0,True,5.690070104577289e-05,1970|1971-1975,M1,1970,E0_full,tiling
Denmark,1973,0,True,1.1490146060818142e-05,1970|1971-1975,M1,1970,E0_full,tiling
Denmark,1974,0,True,5.8889521719292264e-05,1970|1971-1975,M1,1970,E0_full,tiling
Denmark,1975,0,True,1e-06,1970|1971-1975,M1,1970,E0_full,tiling
Finland,1971,0,True,0.018350421098766202,1970|1971-1975,M1,1970,E0_full,tiling
Finland,1972,0,True,0.024062467551558858,1970|1971-1975,M1,1970,E0_full,tiling
Finland,1973,0,True,0.009537406586471826,1970|1971-1975,M1,1970,E0_full,tiling
Finland,1974,0,True,0.005164671581288798,1970|1971-1975,M1,1970,E0_full,tiling
Finland,1975,0,True,0.0037260318798506514,1970|1971-1975,M1,1970,E0_full,tiling
France,1971,0,True,0.0156816601359105,1970|1971-1975,M1,1970,E0_full,tiling
France,1972,0,True,0.004136092600183025,1970|1971-1975,M1,1970,E0_full,tiling
France,1973,0,True,0.07858196854236672,1970|1971-1975,M1,1970,E0_full,tiling
France,1974,0,True,0.4793610138710119,1970|1971-1975,M1,1970,E0_full,tiling
France,1975,0,True,0.004693337947413437,1970|1971-1975,M1,1970,E0_full,tiling
Germany,1971,0,True,0.00191100410088716,1970|1971-1975,M1,1970,E0_full,tiling
Germany,1972,0,True,0.0003573278807843672,1970|1971-1975,M1,1970,E0_full,tiling
Germany,1973,0,True,0.008692851512657883,1970|1971-1975,M1,1970,E0_full,tiling
Germany,1974,0,True,0.002831106551827745,1970|1971-1975,M1,1970,E0_full,tiling
Germany,1975,0,True,0.001411829633393461,1970|1971-1975,M1,1970,E0_full,tiling
Ireland,1971,0,True,0.0009428039748197229,1970|1971-1975,M1,1970,E0_full,tiling
Ireland,1972,0,True,0.004350855593922769,1970|1971-1975,M1,1970,E0_full,tiling
Ireland,1973,0,True,0.011227111435445457,1970|1971-1975,M1,1970,E0_full,tiling
Ireland,1974,0,True,0.00022684223571279886,1970|1971-1975,M1,1970,E0_full,tiling
Ireland,1975,0,True,0.00020423077934276026,1970|1971-1975,M1,1970,E0_full,tiling
Italy,1971,1,True,0.004233213862524648,1970|1971-1975,M1,1970,E0_full,tiling
Italy,1972,1,True,0.00498225697119762,1970|1971-1975,M1,1970,E0_full,tiling
Italy,1973,1,True,0.04318125891590327,1970|1971-1975,M1,1970,E0_full,tiling
Italy,1974,0,True,0.7927670632222688,1970|1971-1975,M1,1970,E0_full,tiling
Japan,1971,0,True,0.00033147443170557245,1970|1971-1975,M1,1970,E0_full,tiling
Japan,1972,0,True,9.781777080536764e-05,1970|1971-1975,M1,1970,E0_full,tiling
Japan,1973,0,True,0.0005069756315628987,1970|1971-1975,M1,1970,E0_full,tiling
Japan,1974,0,True,0.005819447740282952,1970|1971-1975,M1,1970,E0_full,tiling
Japan,1975,0,True,0.0021516098534491543,1970|1971-1975,M1,1970,E0_full,tiling
Netherlands,1971,0,True,0.007483767719210704,1970|1971-1975,M1,1970,E0_full,tiling
Netherlands,1972,0,True,0.0008745046870926178,1970|1971-1975,M1,1970,E0_full,tiling
Netherlands,1973,0,True,0.004146787878051679,1970|1971-1975,M1,1970,E0_full,tiling
Netherlands,1974,0,True,0.005876720838508475,1970|1971-1975,M1,1970,E0_full,tiling
Netherlands,1975,0,True,0.0004608633251344921,1970|1971-1975,M1,1970,E0_full,tiling
Norway,1971,0,True,0.001746732892939814,1970|1971-1975,M1,1970,E0_full,tiling
Norway,1972,0,True,0.002309328964519169,1970|1971-1975,M1,1970,E0_full,tiling
Norway,1973,0,True,0.005085480067832242,1970|1971-1975,M1,1970,E0_full,tiling
Norway,1974,0,True,0.006530153880930598,1970|1971-1975,M1,1970,E0_full,tiling
Norway,1975,0,True,0.006845556913414371,1970|1971-1975,M1,1970,E0_full,tiling
Portugal,1971,0,True,0.00026666578225317984,1970|1971-1975,M1,1970,E0_full,tiling
Portugal,1972,0,True,0.0002990000161235514,1970|1971-1975,M1,1970,E0_full,tiling
Portugal,1973,0,True,0.00016297337022726623,1970|1971-1975,M1,1970,E0_full,tiling
Portugal,1974,1,True,0.0008283383976129715,1970|1971-1975,M1,1970,E0_full,tiling
Portugal,1975,1,True,0.0011595698841811311,1970|1971-1975,M1,1970,E0_full,tiling
Spain,1971,0,True,0.01009592747104688,1970|1971-1975,M1,1970,E0_full,tiling
Spain,1972,0,True,0.00884126938105951,1970|1971-1975,M1,1970,E0_full,tiling
Spain,1973,0,True,0.0023889265843553063,1970|1971-1975,M1,1970,E0_full,tiling
Spain,1974,0,True,0.021923304566372002,1970|1971-1975,M1,1970,E0_full,tiling
Spain,1975,1,True,0.011679472653699752,1970|1971-1975,M1,1970,E0_full,tiling
Sweden,1971,0,True,0.0006662105081988196,1970|1971-1975,M1,1970,E0_full,tiling
Sweden,1972,0,True,0.00017678332043072518,1970|1971-1975,M1,1970,E0_full,tiling
Sweden,1973,0,True,0.00017834718841590766,1970|1971-1975,M1,1970,E0_full,tiling
Sweden,1974,0,True,0.00021042945302904653,1970|1971-1975,M1,1970,E0_full,tiling
Sweden,1975,0,True,0.00011485857191998325,1970|1971-1975,M1,1970,E0_full,tiling
Switzerland,1971,0,True,1.8694940841491995e-05,1970|1971-1975,M1,1970,E0_full,tiling
Switzerland,1972,0,True,0.0015574103485402357,1970|1971-1975,M1,1970,E0_full,tiling
Switzerland,1973,0,True,0.0022855357860029667,1970|1971-1975,M1,1970,E0_full,tiling
Switzerland,1974,0,True,0.002552781430025496,1970|1971-1975,M1,1970,E0_full,tiling
Switzerland,1975,0,True,2.62530845376647e-05,1970|1971-1975,M1,1970,E0_full,tiling
UK,1971,1,True,0.0010509800723415136,1970|1971-1975,M1,1970,E0_full,tiling
UK,1972,1,True,0.0003690562769957926,1970|1971-1975,M1,1970,E0_full,tiling
UK,1973,0,True,0.0014699599790351221,1970|1971-1975,M1,1970,E0_full,tiling
Australia,1971,0,True,1e-06,1970|1971-1975,M2,1970,E0_full,tiling
Australia,1972,0,True,1e-06,1970|1971-1975,M2,1970,E0_full,tiling
Australia,1973,0,True,1e-06,1970|1971-1975,M2,1970,E0_full,tiling
Australia,1974,0,True,1e-06,1970|1971-1975,M2,1970,E0_full,tiling
Australia,1975,0,True,1e-06,1970|1971-1975,M2,1970,E0_full,tiling
Belgium,1971,0,True,0.021550117387005567,1970|1971-1975,M2,1970,E0_full,tiling
Belgium,1972,0,True,0.02017112404192546,1970|1971-1975,M2,1970,E0_full,tiling
Belgium,1973,0,True,0.016908005329566045,1970|1971-1975,M2,1970,E0_full,tiling
Belgium,1974,0,True,0.01310566594029676,1970|1971-1975,M2,1970,E0_full,tiling
Belgium,1975,0,True,0.014081716649062596,1970|1971-1975,M2,1970,E0_full,tiling
Canada,1971,0,True,1e-06,1970|1971-1975,M2,1970,E0_full,tiling
Canada,1972,0,True,1e-06,1970|1971-1975,M2,1970,E0_full,tiling
Canada,1973,0,True,1e-06,1970|1971-1975,M2,1970,E0_full,tiling
Canada,1974,0,True,1e-06,1970|1971-1975,M2,1970,E0_full,tiling
Canada,1975,0,True,1e-06,1970|1971-1975,M2,1970,E0_full,tiling
Denmark,1971,0,True,1e-06,1970|1971-1975,M2,1970,E0_full,tiling
Denmark,1972,0,True,1e-06,1970|1971-1975,M2,1970,E0_full,tiling
Denmark,1973,0,True,1e-06,1970|1971-1975,M2,1970,E0_full,tiling
Denmark,1974,0,True,1e-06,1970|1971-1975,M2,1970,E0_full,tiling
Denmark,1975,0,True,1e-06,1970|1971-1975,M2,1970,E0_full,tiling
Finland,1971,0,True,1e-06,1970|1971-1975,M2,1970,E0_full,tiling
Finland,1972,0,True,1e-06,1970|1971-1975,M2,1970,E0_full,tiling
Finland,1973,0,True,1e-06,1970|1971-1975,M2,1970,E0_full,tiling
Finland,1974,0,True,1e-06,1970|1971-1975,M2,1970,E0_full,tiling
Finland,1975,0,True,1e-06,1970|1971-1975,M2,1970,E0_full,tiling
France,1971,0,True,0.06770653582466327,1970|1971-1975,M2,1970,E0_full,tiling
France,1972,0,True,0.06519674654856428,1970|1971-1975,M2,1970,E0_full,tiling
France,1973,0,True,0.06325151223557682,1970|1971-1975,M2,1970,E0_full,tiling
France,1974,0,True,0.06283453328045897,1970|1971-1975,M2,1970,E0_full,tiling
France,1975,0,True,0.06351727342737237,1970|1971-1975,M2,1970,E0_full,tiling
Germany,1971,0,True,0.006679263809025892,1970|1971-1975,M2,1970,E0_full,tiling
Germany,1972,0,True,0.006679263809025892,1970|1971-1975,M2,1970,E0_full,tiling
Germany,1973,0,True,0.006679263809025892,1970|1971-1975,M2,1970,E0_full,tiling
Germany,1974,0,True,0.007187354982443803,1970|1971-1975,M2,1970,E0_full,tiling
Germany,1975,0,True,0.010363135090940286,1970|1971-1975,M2,1970,E0_full,tiling
Ireland,1971,0,True,1e-06,1970|1971-1975,M2,1970,E0_full,tiling
Ireland,1972,0,True,1e-06,1970|1971-1975,M2,1970,E0_full,tiling
Ireland,1973,0,True,1e-06,1970|1971-1975,M2,1970,E0_full,tiling
Ireland,1974,0,True,1e-06,1970|1971-1975,M2,1970,E0_full,tiling
Ireland,1975,0,True,1e-06,1970|1971-1975,M2,1970,E0_full,tiling
Italy,1971,1,True,0.02309863540020785,1970|1971-1975,M2,1970,E0_full,tiling
Italy,1972,1,True,0.026682468982938915,1970|1971-1975,M2,1970,E0_full,tiling
Italy,1973,1,True,0.028730728119724103,1970|1971-1975,M2,1970,E0_full,tiling
Italy,1974,0,True,0.028414944696658225,1970|1971-1975,M2,1970,E0_full,tiling
Japan,1971,0,True,1e-06,1970|1971-1975,M2,1970,E0_full,tiling
Japan,1972,0,True,1e-06,1970|1971-1975,M2,1970,E0_full,tiling
Japan,1973,0,True,1e-06,1970|1971-1975,M2,1970,E0_full,tiling
Japan,1974,0,True,1e-06,1970|1971-1975,M2,1970,E0_full,tiling
Japan,1975,0,True,1e-06,1970|1971-1975,M2,1970,E0_full,tiling
Netherlands,1971,0,True,0.033385959341200436,1970|1971-1975,M2,1970,E0_full,tiling
Netherlands,1972,0,True,0.030304420430645556,1970|1971-1975,M2,1970,E0_full,tiling
Netherlands,1973,0,True,0.026760057518756878,1970|1971-1975,M2,1970,E0_full,tiling
Netherlands,1974,0,True,0.02380538945069246,1970|1971-1975,M2,1970,E0_full,tiling
Netherlands,1975,0,True,0.024404806086573156,1970|1971-1975,M2,1970,E0_full,tiling
Norway,1971,0,True,1e-06,1970|1971-1975,M2,1970,E0_full,tiling
Norway,1972,0,True,1e-06,1970|1971-1975,M2,1970,E0_full,tiling
Norway,1973,0,True,1e-06,1970|1971-1975,M2,1970,E0_full,tiling
Norway,1974,0,True,1e-06,1970|1971-1975,M2,1970,E0_full,tiling
Norway,1975,0,True,1e-06,1970|1971-1975,M2,1970,E0_full,tiling
Portugal,1971,0,True,0.012746059299480318,1970|1971-1975,M2,1970,E0_full,tiling
Portugal,1972,0,True,0.011986102740544962,1970|1971-1975,M2,1970,E0_full,tiling
Portugal,1973,0,True,0.01105668157842429,1970|1971-1975,M2,1970,E0_full,tiling
Portugal,1974,1,True,0.01101501908062566,1970|1971-1975,M2,1970,E0_full,tiling
Portugal,1975,1,True,0.01445050261705909,1970|1971-1975,M2,1970,E0_full,tiling
Spain,1971,0,True,0.01766784406093168,1970|1971-1975,M2,1970,E0_full,tiling
Spain,1972,0,True,0.01705412060668539,1970|1971-1975,M2,1970,E0_full,tiling
Spain,1973,0,True,0.016336661995220658,1970|1971-1975,M2,1970,E0_full,tiling
Spain,1974,0,True,0.01612270638666333,1970|1971-1975,M2,1970,E0_full,tiling
Spain,1975,1,True,0.016227543639811704,1970|1971-1975,M2,1970,E0_full,tiling
Sweden,1971,0,True,1e-06,1970|1971-1975,M2,1970,E0_full,tiling
Sweden,1972,0,True,1e-06,1970|1971-1975,M2,1970,E0_full,tiling
Sweden,1973,0,True,1e-06,1970|1971-1975,M2,1970,E0_full,tiling
Sweden,1974,0,True,1e-06,1970|1971-1975,M2,1970,E0_full,tiling
Sweden,1975,0,True,1e-06,1970|1971-1975,M2,1970,E0_full,tiling
Switzerland,1971,0,True,1e-06,1970|1971-1975,M2,1970,E0_full,tiling
Switzerland,1972,0,True,1e-06,1970|1971-1975,M2,1970,E0_full,tiling
Switzerland,1973,0,True,1e-06,1970|1971-1975,M2,1970,E0_full,tiling
Switzerland,1974,0,True,1e-06,1970|1971-1975,M2,1970,E0_full,tiling
Switzerland,1975,0,True,1e-06,1970|1971-1975,M2,1970,E0_full,tiling
UK,1971,1,True,0.032954677725921915,1970|1971-1975,M2,1970,E0_full,tiling
UK,1972,1,True,0.03140701713358675,1970|1971-1975,M2,1970,E0_full,tiling
UK,1973,0,True,0.028342705976985023,1970|1971-1975,M2,1970,E0_full,tiling
USA,1971,0,True,0.02950268025779233,1970|1971-1975,M2,1970,E0_full,tiling
USA,1972,0,True,0.02872133493824665,1970|1971-1975,M2,1970,E0_full,tiling
USA,1973,0,True,0.027494295448622343,1970|1971-1975,M2,1970,E0_full,tiling
USA,1974,0,True,0.025879089592623826,1970|1971-1975,M2,1970,E0_full,tiling
USA,1975,0,True,0.026764673057892957,1970|1971-1975,M2,1970,E0_full,tiling
Australia,1976,0,True,0.00048336492068017795,1975|1976-1980,M1,1975,E0_full,tiling
Australia,1977,0,True,0.0009172277964057446,1975|1976-1980,M1,1975,E0_full,tiling
Australia,1978,0,True,0.0019431859454869251,1975|1976-1980,M1,1975,E0_full,tiling
Australia,1979,0,True,0.0032511043964261266,1975|1976-1980,M1,1975,E0_full,tiling
Australia,1980,0,True,0.006388213063095278,1975|1976-1980,M1,1975,E0_full,tiling
Belgium,1976,0,True,0.024109246690606403,1975|1976-1980,M1,1975,E0_full,tiling
Belgium,1977,0,True,0.01781439992506158,1975|1976-1980,M1,1975,E0_full,tiling
Belgium,1978,0,True,0.03299162527425539,1975|1976-1980,M1,1975,E0_full,tiling
Belgium,1979,0,True,0.07880542025660688,1975|1976-1980,M1,1975,E0_full,tiling
Canada,1976,0,True,0.00025753829164024264,1975|1976-1980,M1,1975,E0_full,tiling
Canada,1977,0,True,0.00025274214071889246,1975|1976-1980,M1,1975,E0_full,tiling
Canada,1978,0,True,0.0006300976494200093,1975|1976-1980,M1,1975,E0_full,tiling
Canada,1979,0,True,0.002225556432191552,1975|1976-1980,M1,1975,E0_full,tiling
Canada,1980,0,True,0.0025532420856610887,1975|1976-1980,M1,1975,E0_full,tiling
Denmark,1976,0,True,8.430227943826183e-05,1975|1976-1980,M1,1975,E0_full,tiling
Denmark,1977,0,True,0.0037519916472433046,1975|1976-1980,M1,1975,E0_full,tiling
Denmark,1978,0,True,0.017031070277034068,1975|1976-1980,M1,1975,E0_full,tiling
Denmark,1979,0,True,0.009601502239984462,1975|1976-1980,M1,1975,E0_full,tiling
Denmark,1980,0,True,0.1417900136154848,1975|1976-1980,M1,1975,E0_full,tiling
Finland,1976,0,True,0.00017355943143247522,1975|1976-1980,M1,1975,E0_full,tiling
Finland,1977,0,True,0.0005044945640918589,1975|1976-1980,M1,1975,E0_full,tiling
Finland,1978,0,True,0.0019178397473102909,1975|1976-1980,M1,1975,E0_full,tiling
Finland,1979,0,True,0.001285583437298708,1975|1976-1980,M1,1975,E0_full,tiling
Finland,1980,0,True,0.0009429941060240003,1975|1976-1980,M1,1975,E0_full,tiling
France,1976,0,True,0.024055712920141022,1975|1976-1980,M1,1975,E0_full,tiling
France,1977,0,True,0.06568496786226258,1975|1976-1980,M1,1975,E0_full,tiling
France,1978,0,True,0.10386350825651851,1975|1976-1980,M1,1975,E0_full,tiling
France,1979,0,True,0.1472564760387827,1975|1976-1980,M1,1975,E0_full,tiling
France,1980,0,True,0.41588498474961033,1975|1976-1980,M1,1975,E0_full,tiling
Germany,1976,0,True,0.015823198184850153,1975|1976-1980,M1,1975,E0_full,tiling
Germany,1977,0,True,0.02536277153262874,1975|1976-1980,M1,1975,E0_full,tiling
Germany,1978,0,True,0.014394689638759381,1975|1976-1980,M1,1975,E0_full,tiling
Germany,1979,0,True,0.016108751100463146,1975|1976-1980,M1,1975,E0_full,tiling
Germany,1980,0,True,0.05142276013278519,1975|1976-1980,M1,1975,E0_full,tiling
Ireland,1976,0,True,0.0005574059971916898,1975|1976-1980,M1,1975,E0_full,tiling
Ireland,1977,0,True,2.2751339280573504e-05,1975|1976-1980,M1,1975,E0_full,tiling
Ireland,1978,1,True,0.000176985397207232,1975|1976-1980,M1,1975,E0_full,tiling
Ireland,1979,1,True,0.0009446355867241504,1975|1976-1980,M1,1975,E0_full,tiling
Ireland,1980,1,True,0.0022259107279096585,1975|1976-1980,M1,1975,E0_full,tiling
Italy,1980,0,True,0.2212972857549778,1975|1976-1980,M1,1975,E0_full,tiling
Japan,1976,0,True,9.285868617702095e-05,1975|1976-1980,M1,1975,E0_full,tiling
Japan,1977,0,True,0.00019365204155950927,1975|1976-1980,M1,1975,E0_full,tiling
Japan,1978,0,True,0.0002644625955457062,1975|1976-1980,M1,1975,E0_full,tiling
Japan,1979,0,True,0.00015515541681104412,1975|1976-1980,M1,1975,E0_full,tiling
Japan,1980,0,True,0.00028689375368424206,1975|1976-1980,M1,1975,E0_full,tiling
Netherlands,1976,0,True,0.023134691291610457,1975|1976-1980,M1,1975,E0_full,tiling
Netherlands,1977,0,True,0.0063644888972954625,1975|1976-1980,M1,1975,E0_full,tiling
Netherlands,1978,0,True,0.013232617842587915,1975|1976-1980,M1,1975,E0_full,tiling
Netherlands,1979,0,True,0.06665933751129734,1975|1976-1980,M1,1975,E0_full,tiling
Netherlands,1980,0,True,0.232394513644344,1975|1976-1980,M1,1975,E0_full,tiling
Norway,1976,0,True,0.0014527994810106181,1975|1976-1980,M1,1975,E0_full,tiling
Norway,1977,0,True,0.011685587197575342,1975|1976-1980,M1,1975,E0_full,tiling
Norway,1978,0,True,0.030156701573427806,1975|1976-1980,M1,1975,E0_full,tiling
Norway,1979,0,True,0.018143629208431277,1975|1976-1980,M1,1975,E0_full,tiling
Norway,1980,0,True,0.016754999308773555,1975|1976-1980,M1,1975,E0_full,tiling
Portugal,1976,1,True,0.006807374664163438,1975|1976-1980,M1,1975,E0_full,tiling
Portugal,1977,0,True,0.25180989474168386,1975|1976-1980,M1,1975,E0_full,tiling
Spain,1976,1,True,0.04933493450666162,1975|1976-1980,M1,1975,E0_full,tiling
Spain,1977,1,True,0.5350167458802342,1975|1976-1980,M1,1975,E0_full,tiling
Spain,1978,0,True,0.9463551119193923,1975|1976-1980,M1,1975,E0_full,tiling
Sweden,1976,0,True,3.4448854258903436e-05,1975|1976-1980,M1,1975,E0_full,tiling
Sweden,1977,0,True,8.502858939688235e-05,1975|1976-1980,M1,1975,E0_full,tiling
Sweden,1978,0,True,9.679657943996624e-05,1975|1976-1980,M1,1975,E0_full,tiling
Sweden,1979,0,True,0.00010488774416470532,1975|1976-1980,M1,1975,E0_full,tiling
Sweden,1980,0,True,0.0002323560542320465,1975|1976-1980,M1,1975,E0_full,tiling
Switzerland,1976,0,True,0.00020177520316844435,1975|1976-1980,M1,1975,E0_full,tiling
Switzerland,1977,0,True,0.002984573159547415,1975|1976-1980,M1,1975,E0_full,tiling
Switzerland,1978,0,True,0.0013390926205316335,1975|1976-1980,M1,1975,E0_full,tiling
Switzerland,1979,0,True,0.0007115105456828344,1975|1976-1980,M1,1975,E0_full,tiling
Switzerland,1980,0,True,0.0003917429630110049,1975|1976-1980,M1,1975,E0_full,tiling
UK,1979,0,True,0.10806598737012114,1975|1976-1980,M1,1975,E0_full,tiling
UK,1980,0,True,0.25872882815457543,1975|1976-1980,M1,1975,E0_full,tiling
Australia,1976,0,True,1e-06,1975|1976-1980,M2,1975,E0_full,tiling
Australia,1977,0,True,1e-06,1975|1976-1980,M2,1975,E0_full,tiling
Australia,1978,0,True,1e-06,1975|1976-1980,M2,1975,E0_full,tiling
Australia,1979,0,True,1e-06,1975|1976-1980,M2,1975,E0_full,tiling
Australia,1980,0,True,1e-06,1975|1976-1980,M2,1975,E0_full,tiling
Belgium,1976,0,True,0.016918122670767415,1975|1976-1980,M2,1975,E0_full,tiling
Belgium,1977,0,True,0.02026104815122944,1975|1976-1980,M2,1975,E0_full,tiling
Belgium,1978,0,True,0.024490810856201164,1975|1976-1980,M2,1975,E0_full,tiling
Belgium,1979,0,True,0.03039088662128804,1975|1976-1980,M2,1975,E0_full,tiling
Canada,1976,0,True,1e-06,1975|1976-1980,M2,1975,E0_full,tiling
Canada,1977,0,True,1e-06,1975|1976-1980,M2,1975,E0_full,tiling
Canada,1978,0,True,1e-06,1975|1976-1980,M2,1975,E0_full,tiling
Canada,1979,0,True,1e-06,1975|1976-1980,M2,1975,E0_full,tiling
Canada,1980,0,True,1e-06,1975|1976-1980,M2,1975,E0_full,tiling
Denmark,1976,0,True,1e-06,1975|1976-1980,M2,1975,E0_full,tiling
Denmark,1977,0,True,1e-06,1975|1976-1980,M2,1975,E0_full,tiling
Denmark,1978,0,True,1e-06,1975|1976-1980,M2,1975,E0_full,tiling
Denmark,1979,0,True,1e-06,1975|1976-1980,M2,1975,E0_full,tiling
Denmark,1980,0,True,1e-06,1975|1976-1980,M2,1975,E0_full,tiling
Finland,1976,0,True,1e-06,1975|1976-1980,M2,1975,E0_full,tiling
Finland,1977,0,True,1e-06,1975|1976-1980,M2,1975,E0_full,tiling
Finland,1978,0,True,1e-06,1975|1976-1980,M2,1975,E0_full,tiling
Finland,1979,0,True,1e-06,1975|1976-1980,M2,1975,E0_full,tiling
Finland,1980,0,True,1e-06,1975|1976-1980,M2,1975,E0_full,tiling
France,1976,0,True,0.0715509124073538,1975|1976-1980,M2,1975,E0_full,tiling
France,1977,0,True,0.0714441480041044,1975|1976-1980,M2,1975,E0_full,tiling
France,1978,0,True,0.07365746385321616,1975|1976-1980,M2,1975,E0_full,tiling
France,1979,0,True,0.07627297495866459,1975|1976-1980,M2,1975,E0_full,tiling
France,1980,0,True,0.07752301070926834,1975|1976-1980,M2,1975,E0_full,tiling
Germany,1976,0,True,0.013741506328517365,1975|1976-1980,M2,1975,E0_full,tiling
Germany,1977,0,True,0.01459561779332209,1975|1976-1980,M2,1975,E0_full,tiling
Germany,1978,0,True,0.016463690927288128,1975|1976-1980,M2,1975,E0_full,tiling
Germany,1979,0,True,0.01748400189503051,1975|1976-1980,M2,1975,E0_full,tiling
Germany,1980,0,True,0.018566351364544133,1975|1976-1980,M2,1975,E0_full,tiling
Ireland,1976,0,True,1e-06,1975|1976-1980,M2,1975,E0_full,tiling
Ireland,1977,0,True,1e-06,1975|1976-1980,M2,1975,E0_full,tiling
Ireland,1978,1,True,1e-06,1975|1976-1980,M2,1975,E0_full,tiling
Ireland,1979,1,True,1e-06,1975|1976-1980,M2,1975,E0_full,tiling
Ireland,1980,1,True,1e-06,1975|1976-1980,M2,1975,E0_full,tiling
Italy,1980,0,True,0.053346289721732255,1975|1976-1980,M2,1975,E0_full,tiling
Japan,1976,0,True,1e-06,1975|1976-1980,M2,1975,E0_full,tiling
Japan,1977,0,True,1e-06,1975|1976-1980,M2,1975,E0_full,tiling
Japan,1978,0,True,1e-06,1975|1976-1980,M2,1975,E0_full,tiling
Japan,1979,0,True,1e-06,1975|1976-1980,M2,1975,E0_full,tiling
Japan,1980,0,True,1e-06,1975|1976-1980,M2,1975,E0_full,tiling
Netherlands,1976,0,True,0.03745214959365018,1975|1976-1980,M2,1975,E0_full,tiling
Netherlands,1977,0,True,0.03727455557940767,1975|1976-1980,M2,1975,E0_full,tiling
Netherlands,1978,0,True,0.03857331087299251,1975|1976-1980,M2,1975,E0_full,tiling
Netherlands,1979,0,True,0.040630486924689534,1975|1976-1980,M2,1975,E0_full,tiling
Netherlands,1980,0,True,0.0435058659066162,1975|1976-1980,M2,1975,E0_full,tiling
Norway,1976,0,True,1e-06,1975|1976-1980,M2,1975,E0_full,tiling
Norway,1977,0,True,1e-06,1975|1976-1980,M2,1975,E0_full,tiling
Norway,1978,0,True,1e-06,1975|1976-1980,M2,1975,E0_full,tiling
Norway,1979,0,True,1e-06,1975|1976-1980,M2,1975,E0_full,tiling
Norway,1980,0,True,1e-06,1975|1976-1980,M2,1975,E0_full,tiling
Portugal,1976,1,True,0.022199158527114914,1975|1976-1980,M2,1975,E0_full,tiling
Portugal,1977,0,True,0.024394606000110477,1975|1976-1980,M2,1975,E0_full,tiling
Spain,1976,1,True,0.02029972392424797,1975|1976-1980,M2,1975,E0_full,tiling
Spain,1977,1,True,0.020772403253258926,1975|1976-1980,M2,1975,E0_full,tiling
Spain,1978,0,True,0.02083215237791197,1975|1976-1980,M2,1975,E0_full,tiling
Sweden,1976,0,True,1e-06,1975|1976-1980,M2,1975,E0_full,tiling
Sweden,1977,0,True,1e-06,1975|1976-1980,M2,1975,E0_full,tiling
Sweden,1978,0,True,1e-06,1975|1976-1980,M2,1975,E0_full,tiling
Sweden,1979,0,True,1e-06,1975|1976-1980,M2,1975,E0_full,tiling
Sweden,1980,0,True,1e-06,1975|1976-1980,M2,1975,E0_full,tiling
Switzerland,1976,0,True,1e-06,1975|1976-1980,M2,1975,E0_full,tiling
Switzerland,1977,0,True,1e-06,1975|1976-1980,M2,1975,E0_full,tiling
Switzerland,1978,0,True,1e-06,1975|1976-1980,M2,1975,E0_full,tiling
Switzerland,1979,0,True,1e-06,1975|1976-1980,M2,1975,E0_full,tiling
Switzerland,1980,0,True,1e-06,1975|1976-1980,M2,1975,E0_full,tiling
UK,1979,0,True,0.048103992716151324,1975|1976-1980,M2,1975,E0_full,tiling
UK,1980,0,True,0.044744696277717315,1975|1976-1980,M2,1975,E0_full,tiling
USA,1976,0,True,0.02935264833485986,1975|1976-1980,M2,1975,E0_full,tiling
USA,1977,0,True,0.02909612651505377,1975|1976-1980,M2,1975,E0_full,tiling
USA,1978,0,True,0.02850600489226689,1975|1976-1980,M2,1975,E0_full,tiling
USA,1979,0,True,0.02704141058623293,1975|1976-1980,M2,1975,E0_full,tiling
USA,1980,0,True,0.027200460632719498,1975|1976-1980,M2,1975,E0_full,tiling
Australia,1981,0,True,0.0057415084977876975,1980|1981-1985,M1,1980,E0_full,tiling
Australia,1982,0,True,0.0078834758496106,1980|1981-1985,M1,1980,E0_full,tiling
Australia,1983,0,True,0.003331357985425969,1980|1981-1985,M1,1980,E0_full,tiling
Australia,1984,0,True,0.0019951791037105464,1980|1981-1985,M1,1980,E0_full,tiling
Australia,1985,0,True,0.011859136462862895,1980|1981-1985,M1,1980,E0_full,tiling
Belgium,1982,0,True,0.035277563601214854,1980|1981-1985,M1,1980,E0_full,tiling
Belgium,1985,0,True,0.03340524172677789,1980|1981-1985,M1,1980,E0_full,tiling
Canada,1981,0,True,0.002172765134945473,1980|1981-1985,M1,1980,E0_full,tiling
Canada,1982,0,True,0.0010607601055045491,1980|1981-1985,M1,1980,E0_full,tiling
Canada,1983,0,True,0.00038894805347975135,1980|1981-1985,M1,1980,E0_full,tiling
Canada,1984,0,True,0.00038947602695338645,1980|1981-1985,M1,1980,E0_full,tiling
Canada,1985,0,True,0.0005631843118360396,1980|1981-1985,M1,1980,E0_full,tiling
Denmark,1981,0,True,0.43157277679628325,1980|1981-1985,M1,1980,E0_full,tiling
Denmark,1982,0,True,0.8213133809012766,1980|1981-1985,M1,1980,E0_full,tiling
Denmark,1983,0,True,0.9326681331895262,1980|1981-1985,M1,1980,E0_full,tiling
Denmark,1984,0,True,0.9275346649616917,1980|1981-1985,M1,1980,E0_full,tiling
Denmark,1985,0,True,0.8293682769566817,1980|1981-1985,M1,1980,E0_full,tiling
Finland,1981,0,True,0.0007956667887659802,1980|1981-1985,M1,1980,E0_full,tiling
Finland,1982,0,True,0.0013653796431778089,1980|1981-1985,M1,1980,E0_full,tiling
Finland,1983,0,True,0.0024200006482623096,1980|1981-1985,M1,1980,E0_full,tiling
Finland,1984,0,True,0.002115386241689717,1980|1981-1985,M1,1980,E0_full,tiling
Finland,1985,0,True,0.0014209356936044609,1980|1981-1985,M1,1980,E0_full,tiling
France,1981,0,True,0.35864954253807124,1980|1981-1985,M1,1980,E0_full,tiling
France,1982,0,True,0.2741546848281827,1980|1981-1985,M1,1980,E0_full,tiling
France,1983,0,True,0.19656761322831634,1980|1981-1985,M1,1980,E0_full,tiling
France,1984,0,True,0.1720608538204657,1980|1981-1985,M1,1980,E0_full,tiling
France,1985,0,True,0.13390782271754176,1980|1981-1985,M1,1980,E0_full,tiling
Germany,1981,0,True,0.138768059643572,1980|1981-1985,M1,1980,E0_full,tiling
Germany,1982,0,True,0.13977289904883908,1980|1981-1985,M1,1980,E0_full,tiling
Germany,1983,0,True,0.057015871265958154,1980|1981-1985,M1,1980,E0_full,tiling
Germany,1984,0,True,0.041817918425044086,1980|1981-1985,M1,1980,E0_full,tiling
Germany,1985,0,True,0.036904385158697615,1980|1981-1985,M1,1980,E0_full,tiling
Ireland,1981,0,True,0.0062007992716698705,1980|1981-1985,M1,1980,E0_full,tiling
Italy,1981,0,True,0.15719964173823842,1980|1981-1985,M1,1980,E0_full,tiling
Italy,1982,0,True,0.15115249930228483,1980|1981-1985,M1,1980,E0_full,tiling
Italy,1983,0,True,0.23826402797472743,1980|1981-1985,M1,1980,E0_full,tiling
Italy,1984,0,True,0.19427285452515689,1980|1981-1985,M1,1980,E0_full,tiling
Italy,1985,0,True,0.24048924586244286,1980|1981-1985,M1,1980,E0_full,tiling
Japan,1981,0,True,0.00034331790719256526,1980|1981-1985,M1,1980,E0_full,tiling
Japan,1982,0,True,0.0002746135532245489,1980|1981-1985,M1,1980,E0_full,tiling
Japan,1983,0,True,0.00033313913277408674,1980|1981-1985,M1,1980,E0_full,tiling
Japan,1984,0,True,0.0003994346711265483,1980|1981-1985,M1,1980,E0_full,tiling
Japan,1985,0,True,0.0003054576267537165,1980|1981-1985,M1,1980,E0_full,tiling
Netherlands,1981,0,True,0.19819148041890292,1980|1981-1985,M1,1980,E0_full,tiling
Netherlands,1982,0,True,0.18321075705058842,1980|1981-1985,M1,1980,E0_full,tiling
Netherlands,1983,0,True,0.13257698316816693,1980|1981-1985,M1,1980,E0_full,tiling
Netherlands,1984,0,True,0.15722655380138015,1980|1981-1985,M1,1980,E0_full,tiling
Netherlands,1985,0,True,0.18036131490199617,1980|1981-1985,M1,1980,E0_full,tiling
Norway,1981,0,True,0.0017268093794646532,1980|1981-1985,M1,1980,E0_full,tiling
Norway,1982,0,True,0.0007882406774554127,1980|1981-1985,M1,1980,E0_full,tiling
Norway,1983,0,True,0.0005193679619001107,1980|1981-1985,M1,1980,E0_full,tiling
Norway,1984,0,True,0.0005268924224180432,1980|1981-1985,M1,1980,E0_full,tiling
Norway,1985,0,True,0.0006076593249885919,1980|1981-1985,M1,1980,E0_full,tiling
Portugal,1983,0,True,0.5018457808538224,1980|1981-1985,M1,1980,E0_full,tiling
Spain,1984,0,True,0.5213137819029383,1980|1981-1985,M1,1980,E0_full,tiling
Spain,1985,0,True,0.540415134833899,1980|1981-1985,M1,1980,E0_full,tiling
Sweden,1981,0,True,0.0009397409688101171,1980|1981-1985,M1,1980,E0_full,tiling
Sweden,1982,0,True,0.0005486935634646604,1980|1981-1985,M1,1980,E0_full,tiling
Sweden,1983,0,True,0.0018386970448742012,1980|1981-1985,M1,1980,E0_full,tiling
Sweden,1984,0,True,0.0010678804840150602,1980|1981-1985,M1,1980,E0_full,tiling
Sweden,1985,0,True,0.001291401574513931,1980|1981-1985,M1,1980,E0_full,tiling
Switzerland,1981,0,True,0.0006953311106260423,1980|1981-1985,M1,1980,E0_full,tiling
Switzerland,1982,0,True,0.0007148709641635177,1980|1981-1985,M1,1980,E0_full,tiling
Switzerland,1983,0,True,0.000771516169170587,1980|1981-1985,M1,1980,E0_full,tiling
Switzerland,1984,0,True,0.0013894017506964232,1980|1981-1985,M1,1980,E0_full,tiling
Switzerland,1985,0,True,0.0008140586163959762,1980|1981-1985,M1,1980,E0_full,tiling
UK,1981,0,True,0.0727180970018607,1980|1981-1985,M1,1980,E0_full,tiling
UK,1982,0,True,0.03489943935892564,1980|1981-1985,M1,1980,E0_full,tiling
UK,1983,0,True,0.02921698433467866,1980|1981-1985,M1,1980,E0_full,tiling
UK,1984,0,True,0.029658293630207156,1980|1981-1985,M1,1980,E0_full,tiling
UK,1985,0,True,0.06455882717768988,1980|1981-1985,M1,1980,E0_full,tiling
Australia,1981,0,True,1e-06,1980|1981-1985,M2,1980,E0_full,tiling
Australia,1982,0,True,1e-06,1980|1981-1985,M2,1980,E0_full,tiling
Australia,1983,0,True,1e-06,1980|1981-1985,M2,1980,E0_full,tiling
Australia,1984,0,True,1e-06,1980|1981-1985,M2,1980,E0_full,tiling
Australia,1985,0,True,1e-06,1980|1981-1985,M2,1980,E0_full,tiling
Belgium,1982,0,True,0.26244603200144895,1980|1981-1985,M2,1980,E0_full,tiling
Belgium,1985,0,True,0.4700017343281567,1980|1981-1985,M2,1980,E0_full,tiling
Canada,1981,0,True,1e-06,1980|1981-1985,M2,1980,E0_full,tiling
Canada,1982,0,True,1e-06,1980|1981-1985,M2,1980,E0_full,tiling
Canada,1983,0,True,1e-06,1980|1981-1985,M2,1980,E0_full,tiling
Canada,1984,0,True,1e-06,1980|1981-1985,M2,1980,E0_full,tiling
Canada,1985,0,True,1e-06,1980|1981-1985,M2,1980,E0_full,tiling
Denmark,1981,0,True,1e-06,1980|1981-1985,M2,1980,E0_full,tiling
Denmark,1982,0,True,1e-06,1980|1981-1985,M2,1980,E0_full,tiling
Denmark,1983,0,True,1e-06,1980|1981-1985,M2,1980,E0_full,tiling
Denmark,1984,0,True,1e-06,1980|1981-1985,M2,1980,E0_full,tiling
Denmark,1985,0,True,1e-06,1980|1981-1985,M2,1980,E0_full,tiling
Finland,1981,0,True,1e-06,1980|1981-1985,M2,1980,E0_full,tiling
Finland,1982,0,True,1e-06,1980|1981-1985,M2,1980,E0_full,tiling
Finland,1983,0,True,1e-06,1980|1981-1985,M2,1980,E0_full,tiling
Finland,1984,0,True,1e-06,1980|1981-1985,M2,1980,E0_full,tiling
Finland,1985,0,True,1e-06,1980|1981-1985,M2,1980,E0_full,tiling
France,1981,0,True,0.09183334254530706,1980|1981-1985,M2,1980,E0_full,tiling
France,1982,0,True,0.09495837039883025,1980|1981-1985,M2,1980,E0_full,tiling
France,1983,0,True,0.09624185985525004,1980|1981-1985,M2,1980,E0_full,tiling
France,1984,0,True,0.09859719183945127,1980|1981-1985,M2,1980,E0_full,tiling
France,1985,0,True,0.10019421375092558,1980|1981-1985,M2,1980,E0_full,tiling
Germany,1981,0,True,0.02548260392733657,1980|1981-1985,M2,1980,E0_full,tiling
Germany,1982,0,True,0.029148652660685455,1980|1981-1985,M2,1980,E0_full,tiling
Germany,1983,0,True,0.030480775964160413,1980|1981-1985,M2,1980,E0_full,tiling
Germany,1984,0,True,0.031871780076910675,1980|1981-1985,M2,1980,E0_full,tiling
Germany,1985,0,True,0.031871780076910675,1980|1981-1985,M2,1980,E0_full,tiling
Ireland,1981,0,True,1e-06,1980|1981-1985,M2,1980,E0_full,tiling
Italy,1981,0,True,0.07628002402412454,1980|1981-1985,M2,1980,E0_full,tiling
Italy,1982,0,True,0.08181640210362066,1980|1981-1985,M2,1980,E0_full,tiling
Italy,1983,0,True,0.08978024608245576,1980|1981-1985,M2,1980,E0_full,tiling
Italy,1984,0,True,0.09736273977643647,1980|1981-1985,M2,1980,E0_full,tiling
Italy,1985,0,True,0.1062746621653565,1980|1981-1985,M2,1980,E0_full,tiling
Japan,1981,0,True,1e-06,1980|1981-1985,M2,1980,E0_full,tiling
Japan,1982,0,True,1e-06,1980|1981-1985,M2,1980,E0_full,tiling
Japan,1983,0,True,1e-06,1980|1981-1985,M2,1980,E0_full,tiling
Japan,1984,0,True,1e-06,1980|1981-1985,M2,1980,E0_full,tiling
Japan,1985,0,True,1e-06,1980|1981-1985,M2,1980,E0_full,tiling
Netherlands,1981,0,True,0.0692873611640919,1980|1981-1985,M2,1980,E0_full,tiling
Netherlands,1982,0,True,0.07745444055799089,1980|1981-1985,M2,1980,E0_full,tiling
Netherlands,1983,0,True,0.08725700867333916,1980|1981-1985,M2,1980,E0_full,tiling
Netherlands,1984,0,True,0.09340663900690616,1980|1981-1985,M2,1980,E0_full,tiling
Netherlands,1985,0,True,0.10345351890450995,1980|1981-1985,M2,1980,E0_full,tiling
Norway,1981,0,True,1e-06,1980|1981-1985,M2,1980,E0_full,tiling
Norway,1982,0,True,1e-06,1980|1981-1985,M2,1980,E0_full,tiling
Norway,1983,0,True,1e-06,1980|1981-1985,M2,1980,E0_full,tiling
Norway,1984,0,True,1e-06,1980|1981-1985,M2,1980,E0_full,tiling
Norway,1985,0,True,1e-06,1980|1981-1985,M2,1980,E0_full,tiling
Portugal,1983,0,True,0.09901261726824372,1980|1981-1985,M2,1980,E0_full,tiling
Spain,1984,0,True,0.1045332119900806,1980|1981-1985,M2,1980,E0_full,tiling
Spain,1985,0,True,0.1126830430347371,1980|1981-1985,M2,1980,E0_full,tiling
Sweden,1981,0,True,1e-06,1980|1981-1985,M2,1980,E0_full,tiling
Sweden,1982,0,True,1e-06,1980|1981-1985,M2,1980,E0_full,tiling
Sweden,1983,0,True,1e-06,1980|1981-1985,M2,1980,E0_full,tiling
Sweden,1984,0,True,1e-06,1980|1981-1985,M2,1980,E0_full,tiling
Sweden,1985,0,True,1e-06,1980|1981-1985,M2,1980,E0_full,tiling
Switzerland,1981,0,True,1e-06,1980|1981-1985,M2,1980,E0_full,tiling
Switzerland,1982,0,True,1e-06,1980|1981-1985,M2,1980,E0_full,tiling
Switzerland,1983,0,True,1e-06,1980|1981-1985,M2,1980,E0_full,tiling
Switzerland,1984,0,True,1e-06,1980|1981-1985,M2,1980,E0_full,tiling
Switzerland,1985,0,True,1e-06,1980|1981-1985,M2,1980,E0_full,tiling
UK,1981,0,True,0.059895096464352184,1980|1981-1985,M2,1980,E0_full,tiling
UK,1982,0,True,0.05900227211103902,1980|1981-1985,M2,1980,E0_full,tiling
UK,1983,0,True,0.05839062648798604,1980|1981-1985,M2,1980,E0_full,tiling
UK,1984,0,True,0.058589087409667735,1980|1981-1985,M2,1980,E0_full,tiling
UK,1985,0,True,0.05811333458251253,1980|1981-1985,M2,1980,E0_full,tiling
USA,1981,0,True,0.028915452592469335,1980|1981-1985,M2,1980,E0_full,tiling
USA,1982,0,True,0.0306607430310674,1980|1981-1985,M2,1980,E0_full,tiling
USA,1983,0,True,0.033849143689528696,1980|1981-1985,M2,1980,E0_full,tiling
USA,1984,0,True,0.034539667417979425,1980|1981-1985,M2,1980,E0_full,tiling
USA,1985,0,True,0.03694082584923716,1980|1981-1985,M2,1980,E0_full,tiling
Australia,1986,0,True,0.018794972584553683,1985|1986-1990,M1,1985,E0_full,tiling
Australia,1987,0,True,0.007936317530041691,1985|1986-1990,M1,1985,E0_full,tiling
Australia,1988,0,True,0.008665363580470146,1985|1986-1990,M1,1985,E0_full,tiling
Australia,1989,0,True,0.021259774617809934,1985|1986-1990,M1,1985,E0_full,tiling
Australia,1990,0,True,0.009386222761132846,1985|1986-1990,M1,1985,E0_full,tiling
Belgium,1986,0,True,0.5569189260322223,1985|1986-1990,M1,1985,E0_full,tiling
Belgium,1987,0,True,0.5771471021118761,1985|1986-1990,M1,1985,E0_full,tiling
Belgium,1988,0,True,0.4950031473520752,1985|1986-1990,M1,1985,E0_full,tiling
Belgium,1989,0,True,0.3074476077157472,1985|1986-1990,M1,1985,E0_full,tiling
Belgium,1990,0,True,0.10026300490323513,1985|1986-1990,M1,1985,E0_full,tiling
Canada,1986,0,True,0.0006832143037311529,1985|1986-1990,M1,1985,E0_full,tiling
Canada,1987,0,True,0.0006751752291605527,1985|1986-1990,M1,1985,E0_full,tiling
Canada,1988,0,True,0.0008027912446873801,1985|1986-1990,M1,1985,E0_full,tiling
Canada,1989,0,True,0.0012739067290899735,1985|1986-1990,M1,1985,E0_full,tiling
Canada,1990,0,True,0.0010138704458791724,1985|1986-1990,M1,1985,E0_full,tiling
Denmark,1986,0,True,0.12618987523155276,1985|1986-1990,M1,1985,E0_full,tiling
Denmark,1987,0,True,0.03268715535415265,1985|1986-1990,M1,1985,E0_full,tiling
Denmark,1988,0,True,0.015251185556169515,1985|1986-1990,M1,1985,E0_full,tiling
Denmark,1989,0,True,0.017030760917580816,1985|1986-1990,M1,1985,E0_full,tiling
Denmark,1990,0,True,0.02422759174079222,1985|1986-1990,M1,1985,E0_full,tiling
Finland,1986,0,True,0.001541793167497368,1985|1986-1990,M1,1985,E0_full,tiling
Finland,1987,0,True,0.0025294680608807033,1985|1986-1990,M1,1985,E0_full,tiling
Finland,1988,0,True,0.0011749511502035879,1985|1986-1990,M1,1985,E0_full,tiling
Finland,1989,0,True,0.0004967524433561721,1985|1986-1990,M1,1985,E0_full,tiling
Finland,1990,0,True,0.0003980281653025931,1985|1986-1990,M1,1985,E0_full,tiling
France,1986,0,True,0.12322578870845312,1985|1986-1990,M1,1985,E0_full,tiling
France,1987,0,True,0.17031744165531443,1985|1986-1990,M1,1985,E0_full,tiling
France,1988,0,True,0.15637825398715088,1985|1986-1990,M1,1985,E0_full,tiling
France,1989,0,True,0.18202536914243703,1985|1986-1990,M1,1985,E0_full,tiling
France,1990,0,True,0.18147650402316323,1985|1986-1990,M1,1985,E0_full,tiling
Germany,1986,0,True,0.02912662984472922,1985|1986-1990,M1,1985,E0_full,tiling
Germany,1987,0,True,0.046053101625635015,1985|1986-1990,M1,1985,E0_full,tiling
Germany,1988,0,True,0.038134906391623834,1985|1986-1990,M1,1985,E0_full,tiling
Germany,1989,0,True,0.037551032352711164,1985|1986-1990,M1,1985,E0_full,tiling
Germany,1990,0,True,0.023299116458926863,1985|1986-1990,M1,1985,E0_full,tiling
Ireland,1987,0,True,0.9207658204327691,1985|1986-1990,M1,1985,E0_full,tiling
Ireland,1988,0,True,0.9041943774219835,1985|1986-1990,M1,1985,E0_full,tiling
Ireland,1989,0,True,0.5663984108617879,1985|1986-1990,M1,1985,E0_full,tiling
Ireland,1990,0,True,0.34829404551800625,1985|1986-1990,M1,1985,E0_full,tiling
Italy,1986,0,True,0.30566699583394824,1985|1986-1990,M1,1985,E0_full,tiling
Italy,1987,0,True,0.35831151967865776,1985|1986-1990,M1,1985,E0_full,tiling
Italy,1988,0,True,0.32037755968553394,1985|1986-1990,M1,1985,E0_full,tiling
Italy,1989,0,True,0.19271955990283043,1985|1986-1990,M1,1985,E0_full,tiling
Italy,1990,0,True,0.13996904206108202,1985|1986-1990,M1,1985,E0_full,tiling
Japan,1986,0,True,0.0010136490368597049,1985|1986-1990,M1,1985,E0_full,tiling
Japan,1987,0,True,0.0019191859505984796,1985|1986-1990,M1,1985,E0_full,tiling
Japan,1988,0,True,0.0015156318977579248,1985|1986-1990,M1,1985,E0_full,tiling
Japan,1989,0,True,0.0006430128054694879,1985|1986-1990,M1,1985,E0_full,tiling
Japan,1990,0,True,0.00021591661408891456,1985|1986-1990,M1,1985,E0_full,tiling
Netherlands,1986,0,True,0.19299504621616556,1985|1986-1990,M1,1985,E0_full,tiling
Netherlands,1987,0,True,0.23295632371474181,1985|1986-1990,M1,1985,E0_full,tiling
Netherlands,1988,0,True,0.1909129336085057,1985|1986-1990,M1,1985,E0_full,tiling
Netherlands,1989,0,True,0.1829074559961095,1985|1986-1990,M1,1985,E0_full,tiling
Netherlands,1990,0,True,0.1474928503890762,1985|1986-1990,M1,1985,E0_full,tiling
Norway,1986,0,True,0.0021550815651488584,1985|1986-1990,M1,1985,E0_full,tiling
Norway,1987,0,True,0.0009875941231697874,1985|1986-1990,M1,1985,E0_full,tiling
Norway,1988,0,True,0.000824413002533654,1985|1986-1990,M1,1985,E0_full,tiling
Norway,1989,0,True,0.0005081557760643493,1985|1986-1990,M1,1985,E0_full,tiling
Norway,1990,0,True,0.0005655285509346491,1985|1986-1990,M1,1985,E0_full,tiling
Portugal,1989,0,True,0.23608263161740178,1985|1986-1990,M1,1985,E0_full,tiling
Portugal,1990,0,True,0.3260932130048628,1985|1986-1990,M1,1985,E0_full,tiling
Spain,1986,0,True,0.39485145208079037,1985|1986-1990,M1,1985,E0_full,tiling
Spain,1987,0,True,0.35426450290427347,1985|1986-1990,M1,1985,E0_full,tiling
Spain,1988,0,True,0.1884898302911625,1985|1986-1990,M1,1985,E0_full,tiling
Spain,1989,0,True,0.21452812630543197,1985|1986-1990,M1,1985,E0_full,tiling
Spain,1990,0,True,0.21846220638974323,1985|1986-1990,M1,1985,E0_full,tiling
Sweden,1986,0,True,0.001870200720469093,1985|1986-1990,M1,1985,E0_full,tiling
Sweden,1987,0,True,0.0005183194168375772,1985|1986-1990,M1,1985,E0_full,tiling
Sweden,1988,0,True,0.00021461592399458547,1985|1986-1990,M1,1985,E0_full,tiling
Sweden,1989,0,True,0.00015264825718888547,1985|1986-1990,M1,1985,E0_full,tiling
Sweden,1990,0,True,0.00011777566470470812,1985|1986-1990,M1,1985,E0_full,tiling
Switzerland,1986,0,True,0.0008216950674459365,1985|1986-1990,M1,1985,E0_full,tiling
Switzerland,1987,0,True,0.0008177184444883448,1985|1986-1990,M1,1985,E0_full,tiling
Switzerland,1988,0,True,0.001882701696782441,1985|1986-1990,M1,1985,E0_full,tiling
Switzerland,1989,0,True,0.0022967897244171335,1985|1986-1990,M1,1985,E0_full,tiling
Switzerland,1990,0,True,0.001508395176810344,1985|1986-1990,M1,1985,E0_full,tiling
UK,1986,0,True,0.06617274400605049,1985|1986-1990,M1,1985,E0_full,tiling
UK,1987,0,True,0.0782370584865998,1985|1986-1990,M1,1985,E0_full,tiling
UK,1988,0,True,0.07583361958818688,1985|1986-1990,M1,1985,E0_full,tiling
UK,1989,0,True,0.11498365357023699,1985|1986-1990,M1,1985,E0_full,tiling
UK,1990,0,True,0.12610617218962797,1985|1986-1990,M1,1985,E0_full,tiling
Australia,1986,0,True,1e-06,1985|1986-1990,M2,1985,E0_full,tiling
Australia,1987,0,True,1e-06,1985|1986-1990,M2,1985,E0_full,tiling
Australia,1988,0,True,1e-06,1985|1986-1990,M2,1985,E0_full,tiling
Australia,1989,0,True,1e-06,1985|1986-1990,M2,1985,E0_full,tiling
Australia,1990,0,True,1e-06,1985|1986-1990,M2,1985,E0_full,tiling
Belgium,1986,0,True,0.52308702362096,1985|1986-1990,M2,1985,E0_full,tiling
Belgium,1987,0,True,0.5776002391691069,1985|1986-1990,M2,1985,E0_full,tiling
Belgium,1988,0,True,0.5823751436489806,1985|1986-1990,M2,1985,E0_full,tiling
Belgium,1989,0,True,0.5438172765566656,1985|1986-1990,M2,1985,E0_full,tiling
Belgium,1990,0,True,0.5895083742519641,1985|1986-1990,M2,1985,E0_full,tiling
Canada,1986,0,True,1e-06,1985|1986-1990,M2,1985,E0_full,tiling
Canada,1987,0,True,1e-06,1985|1986-1990,M2,1985,E0_full,tiling
Canada,1988,0,True,1e-06,1985|1986-1990,M2,1985,E0_full,tiling
Canada,1989,0,True,1e-06,1985|1986-1990,M2,1985,E0_full,tiling
Canada,1990,0,True,1e-06,1985|1986-1990,M2,1985,E0_full,tiling
Denmark,1986,0,True,1e-06,1985|1986-1990,M2,1985,E0_full,tiling
Denmark,1987,0,True,1e-06,1985|1986-1990,M2,1985,E0_full,tiling
Denmark,1988,0,True,1e-06,1985|1986-1990,M2,1985,E0_full,tiling
Denmark,1989,0,True,1e-06,1985|1986-1990,M2,1985,E0_full,tiling
Denmark,1990,0,True,1e-06,1985|1986-1990,M2,1985,E0_full,tiling
Finland,1986,0,True,1e-06,1985|1986-1990,M2,1985,E0_full,tiling
Finland,1987,0,True,1e-06,1985|1986-1990,M2,1985,E0_full,tiling
Finland,1988,0,True,1e-06,1985|1986-1990,M2,1985,E0_full,tiling
Finland,1989,0,True,1e-06,1985|1986-1990,M2,1985,E0_full,tiling
Finland,1990,0,True,1e-06,1985|1986-1990,M2,1985,E0_full,tiling
France,1986,0,True,0.0877586347184952,1985|1986-1990,M2,1985,E0_full,tiling
France,1987,0,True,0.09010439965096581,1985|1986-1990,M2,1985,E0_full,tiling
France,1988,0,True,0.08997394193388093,1985|1986-1990,M2,1985,E0_full,tiling
France,1989,0,True,0.09071384175562057,1985|1986-1990,M2,1985,E0_full,tiling
France,1990,0,True,0.09187444604306025,1985|1986-1990,M2,1985,E0_full,tiling
Germany,1986,0,True,0.029866386495376953,1985|1986-1990,M2,1985,E0_full,tiling
Germany,1987,0,True,0.03306781894439933,1985|1986-1990,M2,1985,E0_full,tiling
Germany,1988,0,True,0.03306781894439933,1985|1986-1990,M2,1985,E0_full,tiling
Germany,1989,0,True,0.029866386495376953,1985|1986-1990,M2,1985,E0_full,tiling
Germany,1990,0,True,0.03306781894439933,1985|1986-1990,M2,1985,E0_full,tiling
Ireland,1987,0,True,0.6903740051020788,1985|1986-1990,M2,1985,E0_full,tiling
Ireland,1988,0,True,0.6769775178628354,1985|1986-1990,M2,1985,E0_full,tiling
Ireland,1989,0,True,0.5558231644521331,1985|1986-1990,M2,1985,E0_full,tiling
Ireland,1990,0,True,0.4473944702054334,1985|1986-1990,M2,1985,E0_full,tiling
Italy,1986,0,True,0.10815687788481573,1985|1986-1990,M2,1985,E0_full,tiling
Italy,1987,0,True,0.11538461074260972,1985|1986-1990,M2,1985,E0_full,tiling
Italy,1988,0,True,0.11861454047017354,1985|1986-1990,M2,1985,E0_full,tiling
Italy,1989,0,True,0.1234266592583801,1985|1986-1990,M2,1985,E0_full,tiling
Italy,1990,0,True,0.12718200436058608,1985|1986-1990,M2,1985,E0_full,tiling
Japan,1986,0,True,1e-06,1985|1986-1990,M2,1985,E0_full,tiling
Japan,1987,0,True,1e-06,1985|1986-1990,M2,1985,E0_full,tiling
Japan,1988,0,True,1e-06,1985|1986-1990,M2,1985,E0_full,tiling
Japan,1989,0,True,1e-06,1985|1986-1990,M2,1985,E0_full,tiling
Japan,1990,0,True,1e-06,1985|1986-1990,M2,1985,E0_full,tiling
Netherlands,1986,0,True,0.0978490625474808,1985|1986-1990,M2,1985,E0_full,tiling
Netherlands,1987,0,True,0.10284224566130881,1985|1986-1990,M2,1985,E0_full,tiling
Netherlands,1988,0,True,0.1084859468639394,1985|1986-1990,M2,1985,E0_full,tiling
Netherlands,1989,0,True,0.10860737691261815,1985|1986-1990,M2,1985,E0_full,tiling
Netherlands,1990,0,True,0.10898620439995195,1985|1986-1990,M2,1985,E0_full,tiling
Norway,1986,0,True,1e-06,1985|1986-1990,M2,1985,E0_full,tiling
Norway,1987,0,True,1e-06,1985|1986-1990,M2,1985,E0_full,tiling
Norway,1988,0,True,1e-06,1985|1986-1990,M2,1985,E0_full,tiling
Norway,1989,0,True,1e-06,1985|1986-1990,M2,1985,E0_full,tiling
Norway,1990,0,True,1e-06,1985|1986-1990,M2,1985,E0_full,tiling
Portugal,1989,0,True,0.12695721027384801,1985|1986-1990,M2,1985,E0_full,tiling
Portugal,1990,0,True,0.12938008151102484,1985|1986-1990,M2,1985,E0_full,tiling
Spain,1986,0,True,0.1097606853946724,1985|1986-1990,M2,1985,E0_full,tiling
Spain,1987,0,True,0.11034780342187236,1985|1986-1990,M2,1985,E0_full,tiling
Spain,1988,0,True,0.1039384640680897,1985|1986-1990,M2,1985,E0_full,tiling
Spain,1989,0,True,0.10639047160569108,1985|1986-1990,M2,1985,E0_full,tiling
Spain,1990,0,True,0.10956589923236763,1985|1986-1990,M2,1985,E0_full,tiling
Sweden,1986,0,True,1e-06,1985|1986-1990,M2,1985,E0_full,tiling
Sweden,1987,0,True,1e-06,1985|1986-1990,M2,1985,E0_full,tiling
Sweden,1988,0,True,1e-06,1985|1986-1990,M2,1985,E0_full,tiling
Sweden,1989,0,True,1e-06,1985|1986-1990,M2,1985,E0_full,tiling
Sweden,1990,0,True,1e-06,1985|1986-1990,M2,1985,E0_full,tiling
Switzerland,1986,0,True,1e-06,1985|1986-1990,M2,1985,E0_full,tiling
Switzerland,1987,0,True,1e-06,1985|1986-1990,M2,1985,E0_full,tiling
Switzerland,1988,0,True,1e-06,1985|1986-1990,M2,1985,E0_full,tiling
Switzerland,1989,0,True,1e-06,1985|1986-1990,M2,1985,E0_full,tiling
Switzerland,1990,0,True,1e-06,1985|1986-1990,M2,1985,E0_full,tiling
UK,1986,0,True,0.05163518193985225,1985|1986-1990,M2,1985,E0_full,tiling
UK,1987,0,True,0.050669639135062464,1985|1986-1990,M2,1985,E0_full,tiling
UK,1988,0,True,0.04956824073027708,1985|1986-1990,M2,1985,E0_full,tiling
UK,1989,0,True,0.047418813522762095,1985|1986-1990,M2,1985,E0_full,tiling
UK,1990,0,True,0.04560802797376599,1985|1986-1990,M2,1985,E0_full,tiling
USA,1986,0,True,0.03833162156215466,1985|1986-1990,M2,1985,E0_full,tiling
USA,1987,0,True,0.04073414241554559,1985|1986-1990,M2,1985,E0_full,tiling
USA,1988,0,True,0.0422015341299312,1985|1986-1990,M2,1985,E0_full,tiling
USA,1989,0,True,0.04328046958520881,1985|1986-1990,M2,1985,E0_full,tiling
USA,1990,0,True,0.0464432795006032,1985|1986-1990,M2,1985,E0_full,tiling
Australia,1991,0,True,0.028693863236580953,1990|1991-1995,M1,1990,E0_full,tiling
Australia,1992,0,True,0.035400171270450725,1990|1991-1995,M1,1990,E0_full,tiling
Australia,1993,0,True,0.04206751704280412,1990|1991-1995,M1,1990,E0_full,tiling
Australia,1994,0,True,0.04059112869464947,1990|1991-1995,M1,1990,E0_full,tiling
Australia,1995,0,True,0.03962590956168149,1990|1991-1995,M1,1990,E0_full,tiling
Belgium,1991,0,True,0.04559336291655292,1990|1991-1995,M1,1990,E0_full,tiling
Belgium,1992,0,True,0.060626781286229996,1990|1991-1995,M1,1990,E0_full,tiling
Belgium,1993,0,True,0.0672132714104658,1990|1991-1995,M1,1990,E0_full,tiling
Belgium,1994,0,True,0.058721500419562284,1990|1991-1995,M1,1990,E0_full,tiling
Belgium,1995,0,True,0.056920576139763326,1990|1991-1995,M1,1990,E0_full,tiling
Canada,1991,0,True,0.0552634853084616,1990|1991-1995,M1,1990,E0_full,tiling
Canada,1992,0,True,0.05763757123844972,1990|1991-1995,M1,1990,E0_full,tiling
Canada,1993,0,True,0.06696397510764864,1990|1991-1995,M1,1990,E0_full,tiling
Canada,1994,0,True,0.06260894292939344,1990|1991-1995,M1,1990,E0_full,tiling
Canada,1995,0,True,0.06833364574951427,1990|1991-1995,M1,1990,E0_full,tiling
Denmark,1991,0,True,0.060505427981631506,1990|1991-1995,M1,1990,E0_full,tiling
Denmark,1992,0,True,0.0625218771695922,1990|1991-1995,M1,1990,E0_full,tiling
Denmark,1993,0,True,0.06586242937775212,1990|1991-1995,M1,1990,E0_full,tiling
Denmark,1994,0,True,0.0703700164531618,1990|1991-1995,M1,1990,E0_full,tiling
Denmark,1995,0,True,0.06871277819908111,1990|1991-1995,M1,1990,E0_full,tiling
Finland,1991,0,True,0.07833266212266474,1990|1991-1995,M1,1990,E0_full,tiling
Finland,1992,0,True,0.27714343968054655,1990|1991-1995,M1,1990,E0_full,tiling
Finland,1993,0,True,0.5966512745750379,1990|1991-1995,M1,1990,E0_full,tiling
Finland,1994,0,True,0.6387964965228353,1990|1991-1995,M1,1990,E0_full,tiling
Finland,1995,0,True,0.49245601683774626,1990|1991-1995,M1,1990,E0_full,tiling
France,1991,0,True,0.05017541511125059,1990|1991-1995,M1,1990,E0_full,tiling
France,1992,0,True,0.057931231169332846,1990|1991-1995,M1,1990,E0_full,tiling
France,1993,0,True,0.06750984045086622,1990|1991-1995,M1,1990,E0_full,tiling
France,1994,0,True,0.070990898652016,1990|1991-1995,M1,1990,E0_full,tiling
France,1995,0,True,0.07068410535015936,1990|1991-1995,M1,1990,E0_full,tiling
Germany,1991,0,True,0.07834699885476522,1990|1991-1995,M1,1990,E0_full,tiling
Germany,1992,0,True,0.08523741709914492,1990|1991-1995,M1,1990,E0_full,tiling
Germany,1993,0,True,0.09713882038464879,1990|1991-1995,M1,1990,E0_full,tiling
Germany,1994,0,True,0.0925073244499629,1990|1991-1995,M1,1990,E0_full,tiling
Germany,1995,0,True,0.11161556989374972,1990|1991-1995,M1,1990,E0_full,tiling
Ireland,1991,0,True,0.04208244927846204,1990|1991-1995,M1,1990,E0_full,tiling
Ireland,1992,0,True,0.04529581497541761,1990|1991-1995,M1,1990,E0_full,tiling
Ireland,1993,0,True,0.055908389505553484,1990|1991-1995,M1,1990,E0_full,tiling
Ireland,1994,0,True,0.041592921519603976,1990|1991-1995,M1,1990,E0_full,tiling
Ireland,1995,0,True,0.036430765096325556,1990|1991-1995,M1,1990,E0_full,tiling
Italy,1991,0,True,0.054215372364580794,1990|1991-1995,M1,1990,E0_full,tiling
Italy,1992,0,True,0.044099572443227854,1990|1991-1995,M1,1990,E0_full,tiling
Italy,1993,0,True,0.05670960600700089,1990|1991-1995,M1,1990,E0_full,tiling
Italy,1994,0,True,0.05989097134429476,1990|1991-1995,M1,1990,E0_full,tiling
Italy,1995,0,True,0.057868187708768025,1990|1991-1995,M1,1990,E0_full,tiling
Japan,1991,0,True,0.05063150777828839,1990|1991-1995,M1,1990,E0_full,tiling
Japan,1992,0,True,0.059903871531378876,1990|1991-1995,M1,1990,E0_full,tiling
Japan,1993,0,True,0.05268499324154771,1990|1991-1995,M1,1990,E0_full,tiling
Japan,1994,0,True,0.07357860826403695,1990|1991-1995,M1,1990,E0_full,tiling
Japan,1995,0,True,0.09469646453035208,1990|1991-1995,M1,1990,E0_full,tiling
Netherlands,1991,0,True,0.04102671980906637,1990|1991-1995,M1,1990,E0_full,tiling
Netherlands,1992,0,True,0.047782074271776935,1990|1991-1995,M1,1990,E0_full,tiling
Netherlands,1993,0,True,0.04206680441030141,1990|1991-1995,M1,1990,E0_full,tiling
Netherlands,1994,0,True,0.03908763720692919,1990|1991-1995,M1,1990,E0_full,tiling
Netherlands,1995,0,True,0.04339614284668796,1990|1991-1995,M1,1990,E0_full,tiling
Norway,1991,0,True,0.042639546381981815,1990|1991-1995,M1,1990,E0_full,tiling
Norway,1992,0,True,0.04530016246742611,1990|1991-1995,M1,1990,E0_full,tiling
Norway,1993,0,True,0.07155334661591377,1990|1991-1995,M1,1990,E0_full,tiling
Norway,1994,0,True,0.0595574613969616,1990|1991-1995,M1,1990,E0_full,tiling
Norway,1995,0,True,0.04229609381494697,1990|1991-1995,M1,1990,E0_full,tiling
Portugal,1991,0,True,0.05715966601052076,1990|1991-1995,M1,1990,E0_full,tiling
Portugal,1992,0,True,0.04590176242324905,1990|1991-1995,M1,1990,E0_full,tiling
Portugal,1993,0,True,0.04958478825143497,1990|1991-1995,M1,1990,E0_full,tiling
Portugal,1994,0,True,0.05291737735145118,1990|1991-1995,M1,1990,E0_full,tiling
Portugal,1995,0,True,0.05810506984901321,1990|1991-1995,M1,1990,E0_full,tiling
Spain,1991,0,True,0.06172293121881076,1990|1991-1995,M1,1990,E0_full,tiling
Spain,1992,0,True,0.06953434104588133,1990|1991-1995,M1,1990,E0_full,tiling
Spain,1993,0,True,0.0933491976324309,1990|1991-1995,M1,1990,E0_full,tiling
Spain,1994,0,True,0.0944725768082111,1990|1991-1995,M1,1990,E0_full,tiling
Spain,1995,0,True,0.09074458117378799,1990|1991-1995,M1,1990,E0_full,tiling
Sweden,1991,0,True,0.041557635190952964,1990|1991-1995,M1,1990,E0_full,tiling
Sweden,1992,0,True,0.06681888975076682,1990|1991-1995,M1,1990,E0_full,tiling
Sweden,1993,0,True,0.1927380540291937,1990|1991-1995,M1,1990,E0_full,tiling
Sweden,1994,0,True,0.22611275107804055,1990|1991-1995,M1,1990,E0_full,tiling
Sweden,1995,0,True,0.2046768370304389,1990|1991-1995,M1,1990,E0_full,tiling
Switzerland,1991,0,True,0.04971516322258484,1990|1991-1995,M1,1990,E0_full,tiling
Switzerland,1992,0,True,0.05749500843325024,1990|1991-1995,M1,1990,E0_full,tiling
Switzerland,1993,0,True,0.06642175876263637,1990|1991-1995,M1,1990,E0_full,tiling
Switzerland,1994,0,True,0.05050208421750764,1990|1991-1995,M1,1990,E0_full,tiling
Switzerland,1995,0,True,0.060137690497242,1990|1991-1995,M1,1990,E0_full,tiling
UK,1991,0,True,0.04002068081978044,1990|1991-1995,M1,1990,E0_full,tiling
UK,1992,0,True,0.046992694630322865,1990|1991-1995,M1,1990,E0_full,tiling
UK,1993,0,True,0.052740337969704135,1990|1991-1995,M1,1990,E0_full,tiling
UK,1994,0,True,0.05306984479020247,1990|1991-1995,M1,1990,E0_full,tiling
UK,1995,0,True,0.0505920302948035,1990|1991-1995,M1,1990,E0_full,tiling
Australia,1991,0,True,1e-06,1990|1991-1995,M2,1990,E0_full,tiling
Australia,1992,0,True,1e-06,1990|1991-1995,M2,1990,E0_full,tiling
Australia,1993,0,True,1e-06,1990|1991-1995,M2,1990,E0_full,tiling
Australia,1994,0,True,1e-06,1990|1991-1995,M2,1990,E0_full,tiling
Australia,1995,0,True,1e-06,1990|1991-1995,M2,1990,E0_full,tiling
Belgium,1991,0,True,0.25731511893751347,1990|1991-1995,M2,1990,E0_full,tiling
Belgium,1992,0,True,0.26674202403183245,1990|1991-1995,M2,1990,E0_full,tiling
Belgium,1993,0,True,0.3014139231783046,1990|1991-1995,M2,1990,E0_full,tiling
Belgium,1994,0,True,0.288738775773482,1990|1991-1995,M2,1990,E0_full,tiling
Belgium,1995,0,True,0.2769956054024196,1990|1991-1995,M2,1990,E0_full,tiling
Canada,1991,0,True,1e-06,1990|1991-1995,M2,1990,E0_full,tiling
Canada,1992,0,True,1e-06,1990|1991-1995,M2,1990,E0_full,tiling
Canada,1993,0,True,1e-06,1990|1991-1995,M2,1990,E0_full,tiling
Canada,1994,0,True,1e-06,1990|1991-1995,M2,1990,E0_full,tiling
Canada,1995,0,True,1e-06,1990|1991-1995,M2,1990,E0_full,tiling
Denmark,1991,0,True,1e-06,1990|1991-1995,M2,1990,E0_full,tiling
Denmark,1992,0,True,1e-06,1990|1991-1995,M2,1990,E0_full,tiling
Denmark,1993,0,True,1e-06,1990|1991-1995,M2,1990,E0_full,tiling
Denmark,1994,0,True,1e-06,1990|1991-1995,M2,1990,E0_full,tiling
Denmark,1995,0,True,1e-06,1990|1991-1995,M2,1990,E0_full,tiling
Finland,1991,0,True,1e-06,1990|1991-1995,M2,1990,E0_full,tiling
Finland,1992,0,True,1e-06,1990|1991-1995,M2,1990,E0_full,tiling
Finland,1993,0,True,1e-06,1990|1991-1995,M2,1990,E0_full,tiling
Finland,1994,0,True,1e-06,1990|1991-1995,M2,1990,E0_full,tiling
Finland,1995,0,True,1e-06,1990|1991-1995,M2,1990,E0_full,tiling
France,1991,0,True,0.09010255791250169,1990|1991-1995,M2,1990,E0_full,tiling
France,1992,0,True,0.09371011153842566,1990|1991-1995,M2,1990,E0_full,tiling
France,1993,0,True,0.10017176279742897,1990|1991-1995,M2,1990,E0_full,tiling
France,1994,0,True,0.10363389452047045,1990|1991-1995,M2,1990,E0_full,tiling
France,1995,0,True,0.11062404864224697,1990|1991-1995,M2,1990,E0_full,tiling
Germany,1991,0,True,0.03524812685321861,1990|1991-1995,M2,1990,E0_full,tiling
Germany,1992,0,True,0.030927533866806297,1990|1991-1995,M2,1990,E0_full,tiling
Germany,1993,0,True,0.03674041652376392,1990|1991-1995,M2,1990,E0_full,tiling
Germany,1994,0,True,0.04105081330509486,1990|1991-1995,M2,1990,E0_full,tiling
Germany,1995,0,True,0.0581353778794285,1990|1991-1995,M2,1990,E0_full,tiling
Ireland,1991,0,True,0.27320754178753154,1990|1991-1995,M2,1990,E0_full,tiling
Ireland,1992,0,True,0.24861320087188668,1990|1991-1995,M2,1990,E0_full,tiling
Ireland,1993,0,True,0.27021428271015796,1990|1991-1995,M2,1990,E0_full,tiling
Ireland,1994,0,True,0.23013721532640913,1990|1991-1995,M2,1990,E0_full,tiling
Ireland,1995,0,True,0.17985429752875218,1990|1991-1995,M2,1990,E0_full,tiling
Italy,1991,0,True,0.1262900365066693,1990|1991-1995,M2,1990,E0_full,tiling
Italy,1992,0,True,0.13953229161988723,1990|1991-1995,M2,1990,E0_full,tiling
Italy,1993,0,True,0.16116566294332713,1990|1991-1995,M2,1990,E0_full,tiling
Italy,1994,0,True,0.17563075713523243,1990|1991-1995,M2,1990,E0_full,tiling
Italy,1995,0,True,0.17486915552397872,1990|1991-1995,M2,1990,E0_full,tiling
Japan,1991,0,True,1e-06,1990|1991-1995,M2,1990,E0_full,tiling
Japan,1992,0,True,1e-06,1990|1991-1995,M2,1990,E0_full,tiling
Japan,1993,0,True,1e-06,1990|1991-1995,M2,1990,E0_full,tiling
Japan,1994,0,True,1e-06,1990|1991-1995,M2,1990,E0_full,tiling
Japan,1995,0,True,1e-06,1990|1991-1995,M2,1990,E0_full,tiling
Netherlands,1991,0,True,0.10195126970904708,1990|1991-1995,M2,1990,E0_full,tiling
Netherlands,1992,0,True,0.10346678973999626,1990|1991-1995,M2,1990,E0_full,tiling
Netherlands,1993,0,True,0.10571430611257124,1990|1991-1995,M2,1990,E0_full,tiling
Netherlands,1994,0,True,0.10033947538089245,1990|1991-1995,M2,1990,E0_full,tiling
Netherlands,1995,0,True,0.10098599369177916,1990|1991-1995,M2,1990,E0_full,tiling
Norway,1991,0,True,1e-06,1990|1991-1995,M2,1990,E0_full,tiling
Norway,1992,0,True,1e-06,1990|1991-1995,M2,1990,E0_full,tiling
Norway,1993,0,True,1e-06,1990|1991-1995,M2,1990,E0_full,tiling
Norway,1994,0,True,1e-06,1990|1991-1995,M2,1990,E0_full,tiling
Norway,1995,0,True,1e-06,1990|1991-1995,M2,1990,E0_full,tiling
Portugal,1991,0,True,0.13230142702419584,1990|1991-1995,M2,1990,E0_full,tiling
Portugal,1992,0,True,0.1135358282758914,1990|1991-1995,M2,1990,E0_full,tiling
Portugal,1993,0,True,0.12858054238599323,1990|1991-1995,M2,1990,E0_full,tiling
Portugal,1994,0,True,0.13818746592469328,1990|1991-1995,M2,1990,E0_full,tiling
Portugal,1995,0,True,0.1452499364620097,1990|1991-1995,M2,1990,E0_full,tiling
Spain,1991,0,True,0.10350393925149326,1990|1991-1995,M2,1990,E0_full,tiling
Spain,1992,0,True,0.1075026678177648,1990|1991-1995,M2,1990,E0_full,tiling
Spain,1993,0,True,0.1278724416557454,1990|1991-1995,M2,1990,E0_full,tiling
Spain,1994,0,True,0.13314912768513812,1990|1991-1995,M2,1990,E0_full,tiling
Spain,1995,0,True,0.14025529587981583,1990|1991-1995,M2,1990,E0_full,tiling
Sweden,1991,0,True,1e-06,1990|1991-1995,M2,1990,E0_full,tiling
Sweden,1992,0,True,1e-06,1990|1991-1995,M2,1990,E0_full,tiling
Sweden,1993,0,True,1e-06,1990|1991-1995,M2,1990,E0_full,tiling
Sweden,1994,0,True,1e-06,1990|1991-1995,M2,1990,E0_full,tiling
Sweden,1995,0,True,1e-06,1990|1991-1995,M2,1990,E0_full,tiling
Switzerland,1991,0,True,1e-06,1990|1991-1995,M2,1990,E0_full,tiling
Switzerland,1992,0,True,1e-06,1990|1991-1995,M2,1990,E0_full,tiling
Switzerland,1993,0,True,1e-06,1990|1991-1995,M2,1990,E0_full,tiling
Switzerland,1994,0,True,1e-06,1990|1991-1995,M2,1990,E0_full,tiling
Switzerland,1995,0,True,1e-06,1990|1991-1995,M2,1990,E0_full,tiling
UK,1991,0,True,0.049029974936196735,1990|1991-1995,M2,1990,E0_full,tiling
UK,1992,0,True,0.05110215927510632,1990|1991-1995,M2,1990,E0_full,tiling
UK,1993,0,True,0.053261649604988005,1990|1991-1995,M2,1990,E0_full,tiling
UK,1994,0,True,0.0545719402422636,1990|1991-1995,M2,1990,E0_full,tiling
UK,1995,0,True,0.05598632350929557,1990|1991-1995,M2,1990,E0_full,tiling
USA,1991,0,True,0.04821898392504291,1990|1991-1995,M2,1990,E0_full,tiling
USA,1992,0,True,0.051974019374010166,1990|1991-1995,M2,1990,E0_full,tiling
USA,1993,0,True,0.054137123986389604,1990|1991-1995,M2,1990,E0_full,tiling
USA,1994,0,True,0.05475289181779979,1990|1991-1995,M2,1990,E0_full,tiling
USA,1995,0,True,0.05525025071442177,1990|1991-1995,M2,1990,E0_full,tiling
Australia,1996,0,True,0.01275073274619698,1995|1996-2000,M1,1995,E0_full,tiling
Australia,1997,0,True,0.0072679313461012736,1995|1996-2000,M1,1995,E0_full,tiling
Australia,1998,0,True,0.007450816980055583,1995|1996-2000,M1,1995,E0_full,tiling
Australia,1999,0,True,0.006914118469073857,1995|1996-2000,M1,1995,E0_full,tiling
Australia,2000,0,True,0.009325423932341216,1995|1996-2000,M1,1995,E0_full,tiling
Belgium,1996,0,True,0.02629939453137023,1995|1996-2000,M1,1995,E0_full,tiling
Belgium,1997,0,True,0.02042769018562848,1995|1996-2000,M1,1995,E0_full,tiling
Belgium,1998,0,True,0.026912241558484814,1995|1996-2000,M1,1995,E0_full,tiling
Belgium,1999,0,True,0.01773678161785932,1995|1996-2000,M1,1995,E0_full,tiling
Belgium,2000,0,True,0.015827586755923443,1995|1996-2000,M1,1995,E0_full,tiling
Canada,1996,0,True,0.016228511381831366,1995|1996-2000,M1,1995,E0_full,tiling
Canada,1997,0,True,0.017397154151369866,1995|1996-2000,M1,1995,E0_full,tiling
Canada,1998,0,True,0.015297228600989895,1995|1996-2000,M1,1995,E0_full,tiling
Canada,1999,0,True,0.015418324385902191,1995|1996-2000,M1,1995,E0_full,tiling
Canada,2000,0,True,0.013405033193773922,1995|1996-2000,M1,1995,E0_full,tiling
Denmark,1996,0,True,0.025932880841408736,1995|1996-2000,M1,1995,E0_full,tiling
Denmark,1998,0,True,0.0313401594388685,1995|1996-2000,M1,1995,E0_full,tiling
Denmark,1999,0,True,0.016632717421869538,1995|1996-2000,M1,1995,E0_full,tiling
Finland,1996,0,True,0.46192752702146694,1995|1996-2000,M1,1995,E0_full,tiling
Finland,1997,0,True,0.28989931135287256,1995|1996-2000,M1,1995,E0_full,tiling
Finland,1998,0,True,0.15095291591763543,1995|1996-2000,M1,1995,E0_full,tiling
Finland,1999,0,True,0.0795342558612646,1995|1996-2000,M1,1995,E0_full,tiling
Finland,2000,0,True,0.046988873508659705,1995|1996-2000,M1,1995,E0_full,tiling
France,1996,0,True,0.03471359087091854,1995|1996-2000,M1,1995,E0_full,tiling
France,1997,0,True,0.026968847768852777,1995|1996-2000,M1,1995,E0_full,tiling
France,1998,0,True,0.021635632219820962,1995|1996-2000,M1,1995,E0_full,tiling
France,1999,0,True,0.014242716494765108,1995|1996-2000,M1,1995,E0_full,tiling
France,2000,0,True,0.015911754705114665,1995|1996-2000,M1,1995,E0_full,tiling
Germany,1996,0,True,0.08746871286190343,1995|1996-2000,M1,1995,E0_full,tiling
Germany,1997,0,True,0.086915300512436,1995|1996-2000,M1,1995,E0_full,tiling
Germany,1998,0,True,0.07847236577846849,1995|1996-2000,M1,1995,E0_full,tiling
Germany,1999,0,True,0.07316731248147937,1995|1996-2000,M1,1995,E0_full,tiling
Germany,2000,0,True,0.058789041776248954,1995|1996-2000,M1,1995,E0_full,tiling
Ireland,1996,0,True,0.01085607732895106,1995|1996-2000,M1,1995,E0_full,tiling
Ireland,1997,0,True,0.0068023305425586045,1995|1996-2000,M1,1995,E0_full,tiling
Ireland,1998,0,True,0.006676987510310674,1995|1996-2000,M1,1995,E0_full,tiling
Ireland,1999,0,True,0.0031900812380236112,1995|1996-2000,M1,1995,E0_full,tiling
Ireland,2000,0,True,0.0032313985491195926,1995|1996-2000,M1,1995,E0_full,tiling
Italy,1996,0,True,0.13099425959309802,1995|1996-2000,M1,1995,E0_full,tiling
Italy,1997,0,True,0.11079044319218892,1995|1996-2000,M1,1995,E0_full,tiling
Italy,1998,0,True,0.11969582218964134,1995|1996-2000,M1,1995,E0_full,tiling
Italy,1999,0,True,0.10203794780510923,1995|1996-2000,M1,1995,E0_full,tiling
Italy,2000,0,True,0.08404266212380855,1995|1996-2000,M1,1995,E0_full,tiling
Japan,1996,0,True,0.06546002052696491,1995|1996-2000,M1,1995,E0_full,tiling
Japan,1997,0,True,0.08033502382763086,1995|1996-2000,M1,1995,E0_full,tiling
Japan,1998,0,True,0.12621615131977734,1995|1996-2000,M1,1995,E0_full,tiling
Japan,1999,0,True,0.1468181951377686,1995|1996-2000,M1,1995,E0_full,tiling
Japan,2000,0,True,0.19402894494316994,1995|1996-2000,M1,1995,E0_full,tiling
Netherlands,1996,0,True,0.027841276679324817,1995|1996-2000,M1,1995,E0_full,tiling
Netherlands,1997,0,True,0.024077618919637094,1995|1996-2000,M1,1995,E0_full,tiling
Netherlands,1998,0,True,0.026962727212793896,1995|1996-2000,M1,1995,E0_full,tiling
Netherlands,1999,0,True,0.0217630646402511,1995|1996-2000,M1,1995,E0_full,tiling
Netherlands,2000,0,True,0.021966220201721946,1995|1996-2000,M1,1995,E0_full,tiling
Norway,1996,0,True,0.003580051456176313,1995|1996-2000,M1,1995,E0_full,tiling
Norway,1997,0,True,0.002004796780660262,1995|1996-2000,M1,1995,E0_full,tiling
Norway,1998,0,True,0.003278282593413687,1995|1996-2000,M1,1995,E0_full,tiling
Norway,1999,0,True,0.0030667076456275563,1995|1996-2000,M1,1995,E0_full,tiling
Norway,2000,0,True,0.0011021635773947461,1995|1996-2000,M1,1995,E0_full,tiling
Portugal,1996,0,True,0.039309993103415646,1995|1996-2000,M1,1995,E0_full,tiling
Portugal,1997,0,True,0.023285911006147936,1995|1996-2000,M1,1995,E0_full,tiling
Portugal,1998,0,True,0.010677499910154193,1995|1996-2000,M1,1995,E0_full,tiling
Portugal,1999,0,True,0.006752111904060046,1995|1996-2000,M1,1995,E0_full,tiling
Portugal,2000,0,True,0.007488105017095979,1995|1996-2000,M1,1995,E0_full,tiling
Spain,1996,0,True,0.1633350429308994,1995|1996-2000,M1,1995,E0_full,tiling
Spain,1997,0,True,0.1036605893297189,1995|1996-2000,M1,1995,E0_full,tiling
Spain,1998,0,True,0.07273374953782204,1995|1996-2000,M1,1995,E0_full,tiling
Spain,1999,0,True,0.05281274457271016,1995|1996-2000,M1,1995,E0_full,tiling
Spain,2000,0,True,0.052060458852072576,1995|1996-2000,M1,1995,E0_full,tiling
Sweden,1996,0,True,0.09460682159982158,1995|1996-2000,M1,1995,E0_full,tiling
Sweden,1997,0,True,0.039382305851296734,1995|1996-2000,M1,1995,E0_full,tiling
Sweden,1998,0,True,0.03189426626066565,1995|1996-2000,M1,1995,E0_full,tiling
Sweden,1999,0,True,0.01006190053339955,1995|1996-2000,M1,1995,E0_full,tiling
Sweden,2000,0,True,0.004502895013494979,1995|1996-2000,M1,1995,E0_full,tiling
Switzerland,1996,0,True,0.03152790568840394,1995|1996-2000,M1,1995,E0_full,tiling
Switzerland,1997,0,True,0.030538949297339184,1995|1996-2000,M1,1995,E0_full,tiling
Switzerland,1998,0,True,0.029639003735423268,1995|1996-2000,M1,1995,E0_full,tiling
Switzerland,1999,0,True,0.02600677546812662,1995|1996-2000,M1,1995,E0_full,tiling
Switzerland,2000,0,True,0.01624057376148499,1995|1996-2000,M1,1995,E0_full,tiling
UK,1996,0,True,0.054847794309434615,1995|1996-2000,M1,1995,E0_full,tiling
UK,1997,0,True,0.05774337326992888,1995|1996-2000,M1,1995,E0_full,tiling
UK,1998,0,True,0.05882855785149493,1995|1996-2000,M1,1995,E0_full,tiling
UK,1999,0,True,0.05159031817152833,1995|1996-2000,M1,1995,E0_full,tiling
UK,2000,0,True,0.04587564417656074,1995|1996-2000,M1,1995,E0_full,tiling
Australia,1996,0,True,1e-06,1995|1996-2000,M2,1995,E0_full,tiling
Australia,1997,0,True,1e-06,1995|1996-2000,M2,1995,E0_full,tiling
Australia,1998,0,True,1e-06,1995|1996-2000,M2,1995,E0_full,tiling
Australia,1999,0,True,1e-06,1995|1996-2000,M2,1995,E0_full,tiling
Australia,2000,0,True,1e-06,1995|1996-2000,M2,1995,E0_full,tiling
Belgium,1996,0,True,0.1362423992484679,1995|1996-2000,M2,1995,E0_full,tiling
Belgium,1997,0,True,0.12495065038690324,1995|1996-2000,M2,1995,E0_full,tiling
Belgium,1998,0,True,0.1136151043708852,1995|1996-2000,M2,1995,E0_full,tiling
Belgium,1999,0,True,0.10576153561894852,1995|1996-2000,M2,1995,E0_full,tiling
Belgium,2000,0,True,0.0946977302439416,1995|1996-2000,M2,1995,E0_full,tiling
Canada,1996,0,True,1e-06,1995|1996-2000,M2,1995,E0_full,tiling
Canada,1997,0,True,1e-06,1995|1996-2000,M2,1995,E0_full,tiling
Canada,1998,0,True,1e-06,1995|1996-2000,M2,1995,E0_full,tiling
Canada,1999,0,True,1e-06,1995|1996-2000,M2,1995,E0_full,tiling
Canada,2000,0,True,1e-06,1995|1996-2000,M2,1995,E0_full,tiling
Denmark,1996,0,True,1e-06,1995|1996-2000,M2,1995,E0_full,tiling
Denmark,1998,0,True,1e-06,1995|1996-2000,M2,1995,E0_full,tiling
Denmark,1999,0,True,1e-06,1995|1996-2000,M2,1995,E0_full,tiling
Finland,1996,0,True,1e-06,1995|1996-2000,M2,1995,E0_full,tiling
Finland,1997,0,True,1e-06,1995|1996-2000,M2,1995,E0_full,tiling
Finland,1998,0,True,1e-06,1995|1996-2000,M2,1995,E0_full,tiling
Finland,1999,0,True,1e-06,1995|1996-2000,M2,1995,E0_full,tiling
Finland,2000,0,True,1e-06,1995|1996-2000,M2,1995,E0_full,tiling
France,1996,0,True,0.10839468262893176,1995|1996-2000,M2,1995,E0_full,tiling
France,1997,0,True,0.10993954941236002,1995|1996-2000,M2,1995,E0_full,tiling
France,1998,0,True,0.10985502230615081,1995|1996-2000,M2,1995,E0_full,tiling
France,1999,0,True,0.10893189697470125,1995|1996-2000,M2,1995,E0_full,tiling
France,2000,0,True,0.10719948951130173,1995|1996-2000,M2,1995,E0_full,tiling
Germany,1996,0,True,0.059174275304041686,1995|1996-2000,M2,1995,E0_full,tiling
Germany,1997,0,True,0.061960883213130945,1995|1996-2000,M2,1995,E0_full,tiling
Germany,1998,0,True,0.06375790154064105,1995|1996-2000,M2,1995,E0_full,tiling
Germany,1999,0,True,0.06542615173663781,1995|1996-2000,M2,1995,E0_full,tiling
Germany,2000,0,True,0.06249167302363944,1995|1996-2000,M2,1995,E0_full,tiling
Ireland,1996,0,True,0.08802793446479629,1995|1996-2000,M2,1995,E0_full,tiling
Ireland,1997,0,True,0.07111344776953726,1995|1996-2000,M2,1995,E0_full,tiling
Ireland,1998,0,True,0.05456108117979196,1995|1996-2000,M2,1995,E0_full,tiling
Ireland,1999,0,True,0.0476816294893993,1995|1996-2000,M2,1995,E0_full,tiling
Ireland,2000,0,True,0.035495266959424454,1995|1996-2000,M2,1995,E0_full,tiling
Italy,1996,0,True,0.15961886197612185,1995|1996-2000,M2,1995,E0_full,tiling
Italy,1997,0,True,0.153692931940005,1995|1996-2000,M2,1995,E0_full,tiling
Italy,1998,0,True,0.1471706130963742,1995|1996-2000,M2,1995,E0_full,tiling
Italy,1999,0,True,0.14511538302591498,1995|1996-2000,M2,1995,E0_full,tiling
Italy,2000,0,True,0.13620063362576673,1995|1996-2000,M2,1995,E0_full,tiling
Japan,1996,0,True,1e-06,1995|1996-2000,M2,1995,E0_full,tiling
Japan,1997,0,True,1e-06,1995|1996-2000,M2,1995,E0_full,tiling
Japan,1998,0,True,1e-06,1995|1996-2000,M2,1995,E0_full,tiling
Japan,1999,0,True,1e-06,1995|1996-2000,M2,1995,E0_full,tiling
Japan,2000,0,True,1e-06,1995|1996-2000,M2,1995,E0_full,tiling
Netherlands,1996,0,True,0.09005212737158753,1995|1996-2000,M2,1995,E0_full,tiling
Netherlands,1997,0,True,0.08068649345062841,1995|1996-2000,M2,1995,E0_full,tiling
Netherlands,1998,0,True,0.07587278852144877,1995|1996-2000,M2,1995,E0_full,tiling
Netherlands,1999,0,True,0.06991171568179196,1995|1996-2000,M2,1995,E0_full,tiling
Netherlands,2000,0,True,0.06134248788874636,1995|1996-2000,M2,1995,E0_full,tiling
Norway,1996,0,True,1e-06,1995|1996-2000,M2,1995,E0_full,tiling
Norway,1997,0,True,1e-06,1995|1996-2000,M2,1995,E0_full,tiling
Norway,1998,0,True,1e-06,1995|1996-2000,M2,1995,E0_full,tiling
Norway,1999,0,True,1e-06,1995|1996-2000,M2,1995,E0_full,tiling
Norway,2000,0,True,1e-06,1995|1996-2000,M2,1995,E0_full,tiling
Portugal,1996,0,True,0.1348204486362499,1995|1996-2000,M2,1995,E0_full,tiling
Portugal,1997,0,True,0.12081421426147382,1995|1996-2000,M2,1995,E0_full,tiling
Portugal,1998,0,True,0.11209265164513225,1995|1996-2000,M2,1995,E0_full,tiling
Portugal,1999,0,True,0.11152188152541948,1995|1996-2000,M2,1995,E0_full,tiling
Portugal,2000,0,True,0.10827738282265076,1995|1996-2000,M2,1995,E0_full,tiling
Spain,1996,0,True,0.13467649223148032,1995|1996-2000,M2,1995,E0_full,tiling
Spain,1997,0,True,0.1323170146144603,1995|1996-2000,M2,1995,E0_full,tiling
Spain,1998,0,True,0.12843617097978527,1995|1996-2000,M2,1995,E0_full,tiling
Spain,1999,0,True,0.12550358600812378,1995|1996-2000,M2,1995,E0_full,tiling
Spain,2000,0,True,0.11983931030530015,1995|1996-2000,M2,1995,E0_full,tiling
Sweden,1996,0,True,1e-06,1995|1996-2000,M2,1995,E0_full,tiling
Sweden,1997,0,True,1e-06,1995|1996-2000,M2,1995,E0_full,tiling
Sweden,1998,0,True,1e-06,1995|1996-2000,M2,1995,E0_full,tiling
Sweden,1999,0,True,1e-06,1995|1996-2000,M2,1995,E0_full,tiling
Sweden,2000,0,True,1e-06,1995|1996-2000,M2,1995,E0_full,tiling
Switzerland,1996,0,True,1e-06,1995|1996-2000,M2,1995,E0_full,tiling
Switzerland,1997,0,True,1e-06,1995|1996-2000,M2,1995,E0_full,tiling
Switzerland,1998,0,True,1e-06,1995|1996-2000,M2,1995,E0_full,tiling
Switzerland,1999,0,True,1e-06,1995|1996-2000,M2,1995,E0_full,tiling
Switzerland,2000,0,True,1e-06,1995|1996-2000,M2,1995,E0_full,tiling
UK,1996,0,True,0.05711150037864815,1995|1996-2000,M2,1995,E0_full,tiling
UK,1997,0,True,0.05684552508921492,1995|1996-2000,M2,1995,E0_full,tiling
UK,1998,0,True,0.05578331587731938,1995|1996-2000,M2,1995,E0_full,tiling
UK,1999,0,True,0.05511258396249694,1995|1996-2000,M2,1995,E0_full,tiling
UK,2000,0,True,0.05392410575338162,1995|1996-2000,M2,1995,E0_full,tiling
USA,1996,0,True,0.05019179335212106,1995|1996-2000,M2,1995,E0_full,tiling
USA,1997,0,True,0.04841859636096586,1995|1996-2000,M2,1995,E0_full,tiling
USA,1998,0,True,0.046212028233179964,1995|1996-2000,M2,1995,E0_full,tiling
USA,1999,0,True,0.04410135900501644,1995|1996-2000,M2,1995,E0_full,tiling
USA,2000,0,True,0.04093190670335331,1995|1996-2000,M2,1995,E0_full,tiling
Australia,2001,0,True,0.008063838187128258,2000|2001-2005,M1,2000,E0_full,tiling
Australia,2002,0,True,0.006477782891750044,2000|2001-2005,M1,2000,E0_full,tiling
Australia,2003,0,True,0.00621619759277489,2000|2001-2005,M1,2000,E0_full,tiling
Australia,2004,0,True,0.006601275714448136,2000|2001-2005,M1,2000,E0_full,tiling
Australia,2005,0,True,0.0069373908826865435,2000|2001-2005,M1,2000,E0_full,tiling
Belgium,2001,0,True,0.017777826734670384,2000|2001-2005,M1,2000,E0_full,tiling
Belgium,2002,0,True,0.01768764615345204,2000|2001-2005,M1,2000,E0_full,tiling
Belgium,2003,0,True,0.0275912572252261,2000|2001-2005,M1,2000,E0_full,tiling
Belgium,2004,0,True,0.021438585057023847,2000|2001-2005,M1,2000,E0_full,tiling
Belgium,2005,0,True,0.02984547878769867,2000|2001-2005,M1,2000,E0_full,tiling
Canada,2001,0,True,0.00982860593952415,2000|2001-2005,M1,2000,E0_full,tiling
Canada,2002,0,True,0.008048123361101892,2000|2001-2005,M1,2000,E0_full,tiling
Canada,2003,0,True,0.01149195280855429,2000|2001-2005,M1,2000,E0_full,tiling
Canada,2004,0,True,0.008842332534350999,2000|2001-2005,M1,2000,E0_full,tiling
Canada,2005,0,True,0.011329611094138351,2000|2001-2005,M1,2000,E0_full,tiling
Denmark,2001,0,True,0.0051215216494922035,2000|2001-2005,M1,2000,E0_full,tiling
Denmark,2002,0,True,0.007858631038739058,2000|2001-2005,M1,2000,E0_full,tiling
Denmark,2003,0,True,0.009197200248120204,2000|2001-2005,M1,2000,E0_full,tiling
Denmark,2004,0,True,0.006528230957156586,2000|2001-2005,M1,2000,E0_full,tiling
Denmark,2005,0,True,0.0024506025890728414,2000|2001-2005,M1,2000,E0_full,tiling
Finland,2001,0,True,0.006330100850433775,2000|2001-2005,M1,2000,E0_full,tiling
Finland,2002,0,True,0.006632878535594435,2000|2001-2005,M1,2000,E0_full,tiling
Finland,2003,0,True,0.011102824099462628,2000|2001-2005,M1,2000,E0_full,tiling
Finland,2004,0,True,0.010934831871293862,2000|2001-2005,M1,2000,E0_full,tiling
Finland,2005,0,True,0.011867179268384657,2000|2001-2005,M1,2000,E0_full,tiling
France,2001,0,True,0.012405417125542302,2000|2001-2005,M1,2000,E0_full,tiling
France,2002,0,True,0.018952124976470405,2000|2001-2005,M1,2000,E0_full,tiling
France,2003,0,True,0.027166998973615204,2000|2001-2005,M1,2000,E0_full,tiling
France,2004,0,True,0.027829953160410547,2000|2001-2005,M1,2000,E0_full,tiling
France,2005,0,True,0.02727039307445891,2000|2001-2005,M1,2000,E0_full,tiling
Germany,2001,0,True,0.05479999167045288,2000|2001-2005,M1,2000,E0_full,tiling
Germany,2002,0,True,0.05498177526952556,2000|2001-2005,M1,2000,E0_full,tiling
Germany,2003,0,True,0.09860878310501509,2000|2001-2005,M1,2000,E0_full,tiling
Germany,2004,0,True,0.0799234063906148,2000|2001-2005,M1,2000,E0_full,tiling
Germany,2005,0,True,0.0721606144617183,2000|2001-2005,M1,2000,E0_full,tiling
Ireland,2001,0,True,0.00825951532111686,2000|2001-2005,M1,2000,E0_full,tiling
Ireland,2002,0,True,0.012738170329143563,2000|2001-2005,M1,2000,E0_full,tiling
Ireland,2003,0,True,0.014670450833669742,2000|2001-2005,M1,2000,E0_full,tiling
Ireland,2004,0,True,0.006864133798332456,2000|2001-2005,M1,2000,E0_full,tiling
Ireland,2005,0,True,0.005085244425044667,2000|2001-2005,M1,2000,E0_full,tiling
Italy,2001,0,True,0.0803369212648865,2000|2001-2005,M1,2000,E0_full,tiling
Italy,2002,0,True,0.09773307909333266,2000|2001-2005,M1,2000,E0_full,tiling
Italy,2003,0,True,0.12641080947125408,2000|2001-2005,M1,2000,E0_full,tiling
Italy,2004,0,True,0.12615920237824682,2000|2001-2005,M1,2000,E0_full,tiling
Italy,2005,0,True,0.13560885766218078,2000|2001-2005,M1,2000,E0_full,tiling
Japan,2001,0,True,0.14275811602933336,2000|2001-2005,M1,2000,E0_full,tiling
Japan,2002,0,True,0.16961426359992865,2000|2001-2005,M1,2000,E0_full,tiling
Japan,2003,0,True,0.22865422984467543,2000|2001-2005,M1,2000,E0_full,tiling
Japan,2004,0,True,0.17998363120207997,2000|2001-2005,M1,2000,E0_full,tiling
Japan,2005,0,True,0.1618246798113021,2000|2001-2005,M1,2000,E0_full,tiling
Netherlands,2001,0,True,0.0384361412360202,2000|2001-2005,M1,2000,E0_full,tiling
Netherlands,2002,0,True,0.04512031656282845,2000|2001-2005,M1,2000,E0_full,tiling
Netherlands,2003,0,True,0.04518894781723399,2000|2001-2005,M1,2000,E0_full,tiling
Netherlands,2004,0,True,0.026036202577732325,2000|2001-2005,M1,2000,E0_full,tiling
Netherlands,2005,0,True,0.023562500502365996,2000|2001-2005,M1,2000,E0_full,tiling
Norway,2001,0,True,0.0008294322028836685,2000|2001-2005,M1,2000,E0_full,tiling
Norway,2002,0,True,0.0025579404690514534,2000|2001-2005,M1,2000,E0_full,tiling
Norway,2003,0,True,0.005875059426461701,2000|2001-2005,M1,2000,E0_full,tiling
Norway,2004,0,True,0.004979098602470445,2000|2001-2005,M1,2000,E0_full,tiling
Norway,2005,0,True,0.0019416950473534359,2000|2001-2005,M1,2000,E0_full,tiling
Portugal,2001,0,True,0.023240574385315082,2000|2001-2005,M1,2000,E0_full,tiling
Portugal,2002,0,True,0.03410874234004273,2000|2001-2005,M1,2000,E0_full,tiling
Portugal,2003,0,True,0.06136580057859411,2000|2001-2005,M1,2000,E0_full,tiling
Portugal,2004,0,True,0.11520304296273239,2000|2001-2005,M1,2000,E0_full,tiling
Portugal,2005,0,True,0.1477942423848084,2000|2001-2005,M1,2000,E0_full,tiling
Spain,2001,0,True,0.05868944272179187,2000|2001-2005,M1,2000,E0_full,tiling
Spain,2002,0,True,0.06058730444643389,2000|2001-2005,M1,2000,E0_full,tiling
Spain,2003,0,True,0.06530227014462037,2000|2001-2005,M1,2000,E0_full,tiling
Spain,2004,0,True,0.07050781036926569,2000|2001-2005,M1,2000,E0_full,tiling
Spain,2005,0,True,0.042885576818379206,2000|2001-2005,M1,2000,E0_full,tiling
Sweden,2001,0,True,0.0025972699988952167,2000|2001-2005,M1,2000,E0_full,tiling
Sweden,2002,0,True,0.004956774867542019,2000|2001-2005,M1,2000,E0_full,tiling
Sweden,2003,0,True,0.006275840183125074,2000|2001-2005,M1,2000,E0_full,tiling
Sweden,2004,0,True,0.004517016907689361,2000|2001-2005,M1,2000,E0_full,tiling
Sweden,2005,0,True,0.00385562664254303,2000|2001-2005,M1,2000,E0_full,tiling
Switzerland,2001,0,True,0.014092281307593262,2000|2001-2005,M1,2000,E0_full,tiling
Switzerland,2002,0,True,0.03845687717240877,2000|2001-2005,M1,2000,E0_full,tiling
Switzerland,2003,0,True,0.02557888552198257,2000|2001-2005,M1,2000,E0_full,tiling
Switzerland,2004,0,True,0.023035198554334557,2000|2001-2005,M1,2000,E0_full,tiling
Switzerland,2005,0,True,0.014473826763150946,2000|2001-2005,M1,2000,E0_full,tiling
UK,2001,0,True,0.037229704894757645,2000|2001-2005,M1,2000,E0_full,tiling
UK,2002,0,True,0.03586753706609354,2000|2001-2005,M1,2000,E0_full,tiling
UK,2003,0,True,0.04308017355353355,2000|2001-2005,M1,2000,E0_full,tiling
UK,2004,0,True,0.05077716497088041,2000|2001-2005,M1,2000,E0_full,tiling
UK,2005,0,True,0.05255108559096497,2000|2001-2005,M1,2000,E0_full,tiling
Australia,2001,0,True,1e-06,2000|2001-2005,M2,2000,E0_full,tiling
Australia,2002,0,True,1e-06,2000|2001-2005,M2,2000,E0_full,tiling
Australia,2003,0,True,1e-06,2000|2001-2005,M2,2000,E0_full,tiling
Australia,2004,0,True,1e-06,2000|2001-2005,M2,2000,E0_full,tiling
Australia,2005,0,True,1e-06,2000|2001-2005,M2,2000,E0_full,tiling
Belgium,2001,0,True,0.06909749303679474,2000|2001-2005,M2,2000,E0_full,tiling
Belgium,2002,0,True,0.0660718968384696,2000|2001-2005,M2,2000,E0_full,tiling
Belgium,2003,0,True,0.06226249787499414,2000|2001-2005,M2,2000,E0_full,tiling
Belgium,2004,0,True,0.05790591816310401,2000|2001-2005,M2,2000,E0_full,tiling
Belgium,2005,0,True,0.055972201589149916,2000|2001-2005,M2,2000,E0_full,tiling
Canada,2001,0,True,1e-06,2000|2001-2005,M2,2000,E0_full,tiling
Canada,2002,0,True,1e-06,2000|2001-2005,M2,2000,E0_full,tiling
Canada,2003,0,True,1e-06,2000|2001-2005,M2,2000,E0_full,tiling
Canada,2004,0,True,1e-06,2000|2001-2005,M2,2000,E0_full,tiling
Canada,2005,0,True,1e-06,2000|2001-2005,M2,2000,E0_full,tiling
Denmark,2001,0,True,1e-06,2000|2001-2005,M2,2000,E0_full,tiling
Denmark,2002,0,True,1e-06,2000|2001-2005,M2,2000,E0_full,tiling
Denmark,2003,0,True,1e-06,2000|2001-2005,M2,2000,E0_full,tiling
Denmark,2004,0,True,1e-06,2000|2001-2005,M2,2000,E0_full,tiling
Denmark,2005,0,True,1e-06,2000|2001-2005,M2,2000,E0_full,tiling
Finland,2001,0,True,1e-06,2000|2001-2005,M2,2000,E0_full,tiling
Finland,2002,0,True,1e-06,2000|2001-2005,M2,2000,E0_full,tiling
Finland,2003,0,True,1e-06,2000|2001-2005,M2,2000,E0_full,tiling
Finland,2004,0,True,1e-06,2000|2001-2005,M2,2000,E0_full,tiling
Finland,2005,0,True,1e-06,2000|2001-2005,M2,2000,E0_full,tiling
France,2001,0,True,0.0991462576395703,2000|2001-2005,M2,2000,E0_full,tiling
France,2002,0,True,0.10104109098513912,2000|2001-2005,M2,2000,E0_full,tiling
France,2003,0,True,0.10526485282790174,2000|2001-2005,M2,2000,E0_full,tiling
France,2004,0,True,0.10685535985992854,2000|2001-2005,M2,2000,E0_full,tiling
France,2005,0,True,0.10837933604315905,2000|2001-2005,M2,2000,E0_full,tiling
Germany,2001,0,True,0.04996232257682459,2000|2001-2005,M2,2000,E0_full,tiling
Germany,2002,0,True,0.05357504080469674,2000|2001-2005,M2,2000,E0_full,tiling
Germany,2003,0,True,0.06172319350381668,2000|2001-2005,M2,2000,E0_full,tiling
Germany,2004,0,True,0.06590055104315742,2000|2001-2005,M2,2000,E0_full,tiling
Germany,2005,0,True,0.07221488316811603,2000|2001-2005,M2,2000,E0_full,tiling
Ireland,2001,0,True,0.029249291773151245,2000|2001-2005,M2,2000,E0_full,tiling
Ireland,2002,0,True,0.027305445491273783,2000|2001-2005,M2,2000,E0_full,tiling
Ireland,2003,0,True,0.02657631212058554,2000|2001-2005,M2,2000,E0_full,tiling
Ireland,2004,0,True,0.025420167948408238,2000|2001-2005,M2,2000,E0_full,tiling
Ireland,2005,0,True,0.02412474010796868,2000|2001-2005,M2,2000,E0_full,tiling
Italy,2001,0,True,0.12347728419109366,2000|2001-2005,M2,2000,E0_full,tiling
Italy,2002,0,True,0.11869497529512214,2000|2001-2005,M2,2000,E0_full,tiling
Italy,2003,0,True,0.11629436268850193,2000|2001-2005,M2,2000,E0_full,tiling
Italy,2004,0,True,0.11555883229942437,2000|2001-2005,M2,2000,E0_full,tiling
Italy,2005,0,True,0.11846023829133003,2000|2001-2005,M2,2000,E0_full,tiling
Japan,2001,0,True,1e-06,2000|2001-2005,M2,2000,E0_full,tiling
Japan,2002,0,True,1e-06,2000|2001-2005,M2,2000,E0_full,tiling
Japan,2003,0,True,1e-06,2000|2001-2005,M2,2000,E0_full,tiling
Japan,2004,0,True,1e-06,2000|2001-2005,M2,2000,E0_full,tiling
Japan,2005,0,True,1e-06,2000|2001-2005,M2,2000,E0_full,tiling
Netherlands,2001,0,True,0.054172782759317945,2000|2001-2005,M2,2000,E0_full,tiling
Netherlands,2002,0,True,0.05346229355814586,2000|2001-2005,M2,2000,E0_full,tiling
Netherlands,2003,0,True,0.05476299729328987,2000|2001-2005,M2,2000,E0_full,tiling
Netherlands,2004,0,True,0.05510003263438994,2000|2001-2005,M2,2000,E0_full,tiling
Netherlands,2005,0,True,0.05456544268250823,2000|2001-2005,M2,2000,E0_full,tiling
Norway,2001,0,True,1e-06,2000|2001-2005,M2,2000,E0_full,tiling
Norway,2002,0,True,1e-06,2000|2001-2005,M2,2000,E0_full,tiling
Norway,2003,0,True,1e-06,2000|2001-2005,M2,2000,E0_full,tiling
Norway,2004,0,True,1e-06,2000|2001-2005,M2,2000,E0_full,tiling
Norway,2005,0,True,1e-06,2000|2001-2005,M2,2000,E0_full,tiling
Portugal,2001,0,True,0.10468810850846884,2000|2001-2005,M2,2000,E0_full,tiling
Portugal,2002,0,True,0.11130592558233125,2000|2001-2005,M2,2000,E0_full,tiling
Portugal,2003,0,True,0.12152676287848799,2000|2001-2005,M2,2000,E0_full,tiling
Portugal,2004,0,True,0.13062580169428856,2000|2001-2005,M2,2000,E0_full,tiling
Portugal,2005,0,True,0.14646731321946174,2000|2001-2005,M2,2000,E0_full,tiling
Spain,2001,0,True,0.10013622743264364,2000|2001-2005,M2,2000,E0_full,tiling
Spain,2002,0,True,0.09585396302499122,2000|2001-2005,M2,2000,E0_full,tiling
Spain,2003,0,True,0.09067660665852806,2000|2001-2005,M2,2000,E0_full,tiling
Spain,2004,0,True,0.0873836383379115,2000|2001-2005,M2,2000,E0_full,tiling
Spain,2005,0,True,0.08341632364165505,2000|2001-2005,M2,2000,E0_full,tiling
Sweden,2001,0,True,1e-06,2000|2001-2005,M2,2000,E0_full,tiling
Sweden,2002,0,True,1e-06,2000|2001-2005,M2,2000,E0_full,tiling
Sweden,2003,0,True,1e-06,2000|2001-2005,M2,2000,E0_full,tiling
Sweden,2004,0,True,1e-06,2000|2001-2005,M2,2000,E0_full,tiling
Sweden,2005,0,True,1e-06,2000|2001-2005,M2,2000,E0_full,tiling
Switzerland,2001,0,True,1e-06,2000|2001-2005,M2,2000,E0_full,tiling
Switzerland,2002,0,True,1e-06,2000|2001-2005,M2,2000,E0_full,tiling
Switzerland,2003,0,True,1e-06,2000|2001-2005,M2,2000,E0_full,tiling
Switzerland,2004,0,True,1e-06,2000|2001-2005,M2,2000,E0_full,tiling
Switzerland,2005,0,True,1e-06,2000|2001-2005,M2,2000,E0_full,tiling
UK,2001,0,True,0.05256276345594045,2000|2001-2005,M2,2000,E0_full,tiling
UK,2002,0,True,0.05265092312707145,2000|2001-2005,M2,2000,E0_full,tiling
UK,2003,0,True,0.05313624229359571,2000|2001-2005,M2,2000,E0_full,tiling
UK,2004,0,True,0.05438302243308748,2000|2001-2005,M2,2000,E0_full,tiling
UK,2005,0,True,0.05489102921367779,2000|2001-2005,M2,2000,E0_full,tiling
USA,2001,0,True,0.03683378861436989,2000|2001-2005,M2,2000,E0_full,tiling
USA,2002,0,True,0.038646007219400855,2000|2001-2005,M2,2000,E0_full,tiling
USA,2003,0,True,0.040787022615014414,2000|2001-2005,M2,2000,E0_full,tiling
USA,2004,0,True,0.04185796366697174,2000|2001-2005,M2,2000,E0_full,tiling
USA,2005,0,True,0.04219285987002597,2000|2001-2005,M2,2000,E0_full,tiling
Australia,2006,0,True,0.004760067947810463,2005|2006-2010,M1,2005,E0_full,tiling
Australia,2007,0,True,0.0036231511860058043,2005|2006-2010,M1,2005,E0_full,tiling
Australia,2008,0,True,0.003939313669820721,2005|2006-2010,M1,2005,E0_full,tiling
Australia,2009,0,True,0.005873333772564996,2005|2006-2010,M1,2005,E0_full,tiling
Australia,2010,0,True,0.01274402118983632,2005|2006-2010,M1,2005,E0_full,tiling
Belgium,2006,0,True,0.017122141906317986,2005|2006-2010,M1,2005,E0_full,tiling
Belgium,2007,0,True,0.0123686995868581,2005|2006-2010,M1,2005,E0_full,tiling
Belgium,2008,0,True,0.013601367293034091,2005|2006-2010,M1,2005,E0_full,tiling
Belgium,2009,0,True,0.017058318971964522,2005|2006-2010,M1,2005,E0_full,tiling
Belgium,2010,0,True,0.02811462617889748,2005|2006-2010,M1,2005,E0_full,tiling
Canada,2006,0,True,0.01017976158916822,2005|2006-2010,M1,2005,E0_full,tiling
Canada,2007,0,True,0.010408845551428477,2005|2006-2010,M1,2005,E0_full,tiling
Canada,2008,0,True,0.007730612523019004,2005|2006-2010,M1,2005,E0_full,tiling
Canada,2009,0,True,0.010807679958795717,2005|2006-2010,M1,2005,E0_full,tiling
Canada,2010,0,True,0.014824696993036015,2005|2006-2010,M1,2005,E0_full,tiling
Denmark,2006,0,True,0.0018474734081160471,2005|2006-2010,M1,2005,E0_full,tiling
Denmark,2007,0,True,0.0014919425435797335,2005|2006-2010,M1,2005,E0_full,tiling
Denmark,2008,0,True,0.00415664349509886,2005|2006-2010,M1,2005,E0_full,tiling
Denmark,2009,0,True,0.00568500272858779,2005|2006-2010,M1,2005,E0_full,tiling
Denmark,2010,0,True,0.010383964087015229,2005|2006-2010,M1,2005,E0_full,tiling
Finland,2006,0,True,0.015336963909885452,2005|2006-2010,M1,2005,E0_full,tiling
Finland,2007,0,True,0.012150341221278832,2005|2006-2010,M1,2005,E0_full,tiling
Finland,2008,0,True,0.011243068490935577,2005|2006-2010,M1,2005,E0_full,tiling
Finland,2009,0,True,0.020951874542959836,2005|2006-2010,M1,2005,E0_full,tiling
Finland,2010,0,True,0.032570930102907375,2005|2006-2010,M1,2005,E0_full,tiling
France,2006,0,True,0.05757972072398802,2005|2006-2010,M1,2005,E0_full,tiling
France,2007,0,True,0.04755487526936682,2005|2006-2010,M1,2005,E0_full,tiling
France,2008,0,True,0.053215663122384946,2005|2006-2010,M1,2005,E0_full,tiling
France,2009,0,True,0.07110121819360904,2005|2006-2010,M1,2005,E0_full,tiling
France,2010,0,True,0.1029386895211429,2005|2006-2010,M1,2005,E0_full,tiling
Germany,2006,0,True,0.059721274872467804,2005|2006-2010,M1,2005,E0_full,tiling
Germany,2007,0,True,0.04082092694613275,2005|2006-2010,M1,2005,E0_full,tiling
Germany,2008,0,True,0.03854551404574551,2005|2006-2010,M1,2005,E0_full,tiling
Germany,2009,0,True,0.04693531238590281,2005|2006-2010,M1,2005,E0_full,tiling
Germany,2010,0,True,0.13011786908376055,2005|2006-2010,M1,2005,E0_full,tiling
Ireland,2006,0,True,0.0017705357907681902,2005|2006-2010,M1,2005,E0_full,tiling
Ireland,2007,1,True,0.0027270859650099857,2005|2006-2010,M1,2005,E0_full,tiling
Ireland,2008,1,True,0.01437280755716647,2005|2006-2010,M1,2005,E0_full,tiling
Ireland,2009,1,True,0.03901674282030813,2005|2006-2010,M1,2005,E0_full,tiling
Ireland,2010,0,True,0.5421517000707073,2005|2006-2010,M1,2005,E0_full,tiling
Italy,2006,0,True,0.07988653339514325,2005|2006-2010,M1,2005,E0_full,tiling
Italy,2007,0,True,0.06682497997668055,2005|2006-2010,M1,2005,E0_full,tiling
Italy,2008,0,True,0.09674450962072843,2005|2006-2010,M1,2005,E0_full,tiling
Italy,2009,0,True,0.11507300132479391,2005|2006-2010,M1,2005,E0_full,tiling
Italy,2010,0,True,0.12725258242374368,2005|2006-2010,M1,2005,E0_full,tiling
Japan,2006,0,True,0.035361022863226184,2005|2006-2010,M1,2005,E0_full,tiling
Japan,2007,0,True,0.029974213051819087,2005|2006-2010,M1,2005,E0_full,tiling
Japan,2008,0,True,0.04598677013975304,2005|2006-2010,M1,2005,E0_full,tiling
Japan,2009,0,True,0.1004739339841466,2005|2006-2010,M1,2005,E0_full,tiling
Japan,2010,0,True,0.14629774003550078,2005|2006-2010,M1,2005,E0_full,tiling
Netherlands,2006,0,True,0.02389203999269321,2005|2006-2010,M1,2005,E0_full,tiling
Netherlands,2007,0,True,0.03582105780927469,2005|2006-2010,M1,2005,E0_full,tiling
Netherlands,2008,0,True,0.06962505106103554,2005|2006-2010,M1,2005,E0_full,tiling
Netherlands,2009,0,True,0.04492219902531509,2005|2006-2010,M1,2005,E0_full,tiling
Netherlands,2010,0,True,0.06836877147051727,2005|2006-2010,M1,2005,E0_full,tiling
Norway,2006,0,True,0.00875375827024951,2005|2006-2010,M1,2005,E0_full,tiling
Norway,2007,0,True,0.006061852917071359,2005|2006-2010,M1,2005,E0_full,tiling
Norway,2008,0,True,0.006592962355352775,2005|2006-2010,M1,2005,E0_full,tiling
Norway,2009,0,True,0.0034276729517072023,2005|2006-2010,M1,2005,E0_full,tiling
Norway,2010,0,True,0.006229328766590209,2005|2006-2010,M1,2005,E0_full,tiling
Portugal,2006,0,True,0.1832658833193447,2005|2006-2010,M1,2005,E0_full,tiling
Portugal,2007,0,True,0.13434632624067,2005|2006-2010,M1,2005,E0_full,tiling
Portugal,2008,1,True,0.1373397475296208,2005|2006-2010,M1,2005,E0_full,tiling
Portugal,2009,1,True,0.21539334752220993,2005|2006-2010,M1,2005,E0_full,tiling
Portugal,2010,1,True,0.44235188304176504,2005|2006-2010,M1,2005,E0_full,tiling
Spain,2006,0,True,0.008422687223279332,2005|2006-2010,M1,2005,E0_full,tiling
Spain,2007,0,True,0.00820224095851528,2005|2006-2010,M1,2005,E0_full,tiling
Spain,2008,0,True,0.03122729652644707,2005|2006-2010,M1,2005,E0_full,tiling
Spain,2009,0,True,0.08785457701987265,2005|2006-2010,M1,2005,E0_full,tiling
Spain,2010,0,True,0.13341294614849586,2005|2006-2010,M1,2005,E0_full,tiling
Sweden,2006,0,True,0.002455423360547729,2005|2006-2010,M1,2005,E0_full,tiling
Sweden,2007,0,True,0.001662576081976575,2005|2006-2010,M1,2005,E0_full,tiling
Sweden,2008,0,True,0.0017324215344021662,2005|2006-2010,M1,2005,E0_full,tiling
Sweden,2009,0,True,0.0023138752013101456,2005|2006-2010,M1,2005,E0_full,tiling
Sweden,2010,0,True,0.0033617231764865715,2005|2006-2010,M1,2005,E0_full,tiling
Switzerland,2006,0,True,0.010558247700593956,2005|2006-2010,M1,2005,E0_full,tiling
Switzerland,2007,0,True,0.011416191581715885,2005|2006-2010,M1,2005,E0_full,tiling
Switzerland,2008,0,True,0.014611815592535634,2005|2006-2010,M1,2005,E0_full,tiling
Switzerland,2009,0,True,0.013257251664486438,2005|2006-2010,M1,2005,E0_full,tiling
Switzerland,2010,0,True,0.014961182985166572,2005|2006-2010,M1,2005,E0_full,tiling
UK,2006,0,True,0.03817245307020487,2005|2006-2010,M1,2005,E0_full,tiling
UK,2007,0,True,0.03431032822379463,2005|2006-2010,M1,2005,E0_full,tiling
UK,2008,0,True,0.04026332144213889,2005|2006-2010,M1,2005,E0_full,tiling
UK,2009,0,True,0.035367729508209586,2005|2006-2010,M1,2005,E0_full,tiling
UK,2010,0,True,0.11967756863985991,2005|2006-2010,M1,2005,E0_full,tiling
Australia,2006,0,True,1e-06,2005|2006-2010,M2,2005,E0_full,tiling
Australia,2007,0,True,1e-06,2005|2006-2010,M2,2005,E0_full,tiling
Australia,2008,0,True,1e-06,2005|2006-2010,M2,2005,E0_full,tiling
Australia,2009,0,True,1e-06,2005|2006-2010,M2,2005,E0_full,tiling
Australia,2010,0,True,1e-06,2005|2006-2010,M2,2005,E0_full,tiling
Belgium,2006,0,True,0.046912127566395526,2005|2006-2010,M2,2005,E0_full,tiling
Belgium,2007,0,True,0.04390770668339152,2005|2006-2010,M2,2005,E0_full,tiling
Belgium,2008,0,True,0.04818296761325463,2005|2006-2010,M2,2005,E0_full,tiling
Belgium,2009,0,True,0.053767910636804195,2005|2006-2010,M2,2005,E0_full,tiling
Belgium,2010,0,True,0.053851960293751895,2005|2006-2010,M2,2005,E0_full,tiling
Canada,2006,0,True,1e-06,2005|2006-2010,M2,2005,E0_full,tiling
Canada,2007,0,True,1e-06,2005|2006-2010,M2,2005,E0_full,tiling
Canada,2008,0,True,1e-06,2005|2006-2010,M2,2005,E0_full,tiling
Canada,2009,0,True,1e-06,2005|2006-2010,M2,2005,E0_full,tiling
Canada,2010,0,True,1e-06,2005|2006-2010,M2,2005,E0_full,tiling
Denmark,2006,0,True,1e-06,2005|2006-2010,M2,2005,E0_full,tiling
Denmark,2007,0,True,1e-06,2005|2006-2010,M2,2005,E0_full,tiling
Denmark,2008,0,True,1e-06,2005|2006-2010,M2,2005,E0_full,tiling
Denmark,2009,0,True,1e-06,2005|2006-2010,M2,2005,E0_full,tiling
Denmark,2010,0,True,1e-06,2005|2006-2010,M2,2005,E0_full,tiling
Finland,2006,0,True,1e-06,2005|2006-2010,M2,2005,E0_full,tiling
Finland,2007,0,True,1e-06,2005|2006-2010,M2,2005,E0_full,tiling
Finland,2008,0,True,1e-06,2005|2006-2010,M2,2005,E0_full,tiling
Finland,2009,0,True,1e-06,2005|2006-2010,M2,2005,E0_full,tiling
Finland,2010,0,True,1e-06,2005|2006-2010,M2,2005,E0_full,tiling
France,2006,0,True,0.0977668544987827,2005|2006-2010,M2,2005,E0_full,tiling
France,2007,0,True,0.09769163124454679,2005|2006-2010,M2,2005,E0_full,tiling
France,2008,0,True,0.10201135492108686,2005|2006-2010,M2,2005,E0_full,tiling
France,2009,0,True,0.11779138613966442,2005|2006-2010,M2,2005,E0_full,tiling
France,2010,0,True,0.12042777954726164,2005|2006-2010,M2,2005,E0_full,tiling
Germany,2006,0,True,0.05881934714068694,2005|2006-2010,M2,2005,E0_full,tiling
Germany,2007,0,True,0.0532450784937642,2005|2006-2010,M2,2005,E0_full,tiling
Germany,2008,0,True,0.056323181627619706,2005|2006-2010,M2,2005,E0_full,tiling
Germany,2009,0,True,0.07391244213425001,2005|2006-2010,M2,2005,E0_full,tiling
Germany,2010,0,True,0.10315532809947475,2005|2006-2010,M2,2005,E0_full,tiling
Ireland,2006,0,True,0.021575843540395132,2005|2006-2010,M2,2005,E0_full,tiling
Ireland,2007,1,True,0.02174020751331327,2005|2006-2010,M2,2005,E0_full,tiling
Ireland,2008,1,True,0.0348373792420221,2005|2006-2010,M2,2005,E0_full,tiling
Ireland,2009,1,True,0.05629886223285041,2005|2006-2010,M2,2005,E0_full,tiling
Ireland,2010,0,True,0.10144387047669218,2005|2006-2010,M2,2005,E0_full,tiling
Italy,2006,0,True,0.11172035761783317,2005|2006-2010,M2,2005,E0_full,tiling
Italy,2007,0,True,0.10742525208399413,2005|2006-2010,M2,2005,E0_full,tiling
Italy,2008,0,True,0.1181380488671914,2005|2006-2010,M2,2005,E0_full,tiling
Italy,2009,0,True,0.13619830554899737,2005|2006-2010,M2,2005,E0_full,tiling
Italy,2010,0,True,0.1410180211535466,2005|2006-2010,M2,2005,E0_full,tiling
Japan,2006,0,True,1e-06,2005|2006-2010,M2,2005,E0_full,tiling
Japan,2007,0,True,1e-06,2005|2006-2010,M2,2005,E0_full,tiling
Japan,2008,0,True,1e-06,2005|2006-2010,M2,2005,E0_full,tiling
Japan,2009,0,True,1e-06,2005|2006-2010,M2,2005,E0_full,tiling
Japan,2010,0,True,1e-06,2005|2006-2010,M2,2005,E0_full,tiling
Netherlands,2006,0,True,0.046816155527804784,2005|2006-2010,M2,2005,E0_full,tiling
Netherlands,2007,0,True,0.04473816313542758,2005|2006-2010,M2,2005,E0_full,tiling
Netherlands,2008,0,True,0.05681459959149845,2005|2006-2010,M2,2005,E0_full,tiling
Netherlands,2009,0,True,0.05925960190490129,2005|2006-2010,M2,2005,E0_full,tiling
Netherlands,2010,0,True,0.06230288289517418,2005|2006-2010,M2,2005,E0_full,tiling
Norway,2006,0,True,1e-06,2005|2006-2010,M2,2005,E0_full,tiling
Norway,2007,0,True,1e-06,2005|2006-2010,M2,2005,E0_full,tiling
Norway,2008,0,True,1e-06,2005|2006-2010,M2,2005,E0_full,tiling
Norway,2009,0,True,1e-06,2005|2006-2010,M2,2005,E0_full,tiling
Norway,2010,0,True,1e-06,2005|2006-2010,M2,2005,E0_full,tiling
Portugal,2006,0,True,0.140140080257401,2005|2006-2010,M2,2005,E0_full,tiling
Portugal,2007,0,True,0.13719968666188376,2005|2006-2010,M2,2005,E0_full,tiling
Portugal,2008,1,True,0.1463739027510361,2005|2006-2010,M2,2005,E0_full,tiling
Portugal,2009,1,True,0.1901925760170301,2005|2006-2010,M2,2005,E0_full,tiling
Portugal,2010,1,True,0.24462406705101544,2005|2006-2010,M2,2005,E0_full,tiling
Spain,2006,0,True,0.07045925556799289,2005|2006-2010,M2,2005,E0_full,tiling
Spain,2007,0,True,0.06669383887621388,2005|2006-2010,M2,2005,E0_full,tiling
Spain,2008,0,True,0.07122165033316166,2005|2006-2010,M2,2005,E0_full,tiling
Spain,2009,0,True,0.0889987575004698,2005|2006-2010,M2,2005,E0_full,tiling
Spain,2010,0,True,0.10008511081706514,2005|2006-2010,M2,2005,E0_full,tiling
Sweden,2006,0,True,1e-06,2005|2006-2010,M2,2005,E0_full,tiling
Sweden,2007,0,True,1e-06,2005|2006-2010,M2,2005,E0_full,tiling
Sweden,2008,0,True,1e-06,2005|2006-2010,M2,2005,E0_full,tiling
Sweden,2009,0,True,1e-06,2005|2006-2010,M2,2005,E0_full,tiling
Sweden,2010,0,True,1e-06,2005|2006-2010,M2,2005,E0_full,tiling
Switzerland,2006,0,True,1e-06,2005|2006-2010,M2,2005,E0_full,tiling
Switzerland,2007,0,True,1e-06,2005|2006-2010,M2,2005,E0_full,tiling
Switzerland,2008,0,True,1e-06,2005|2006-2010,M2,2005,E0_full,tiling
Switzerland,2009,0,True,1e-06,2005|2006-2010,M2,2005,E0_full,tiling
Switzerland,2010,0,True,1e-06,2005|2006-2010,M2,2005,E0_full,tiling
UK,2006,0,True,0.053537435161054775,2005|2006-2010,M2,2005,E0_full,tiling
UK,2007,0,True,0.05396734493709878,2005|2006-2010,M2,2005,E0_full,tiling
UK,2008,0,True,0.05731790854802686,2005|2006-2010,M2,2005,E0_full,tiling
UK,2009,0,True,0.0637782697409407,2005|2006-2010,M2,2005,E0_full,tiling
UK,2010,0,True,0.0694218887291038,2005|2006-2010,M2,2005,E0_full,tiling
USA,2006,0,True,0.039898422595393,2005|2006-2010,M2,2005,E0_full,tiling
USA,2007,0,True,0.040377213406322575,2005|2006-2010,M2,2005,E0_full,tiling
USA,2008,0,True,0.04467490036335601,2005|2006-2010,M2,2005,E0_full,tiling
USA,2009,0,True,0.05951124815193662,2005|2006-2010,M2,2005,E0_full,tiling
USA,2010,0,True,0.07070622766019313,2005|2006-2010,M2,2005,E0_full,tiling
Australia,2011,0,True,0.007901374710327173,2010|2011-2015,M1,2010,E0_full,tiling
Australia,2012,0,True,0.011062720395952129,2010|2011-2015,M1,2010,E0_full,tiling
Australia,2013,0,True,0.005022126389659832,2010|2011-2015,M1,2010,E0_full,tiling
Australia,2014,0,True,0.0035036701601954797,2010|2011-2015,M1,2010,E0_full,tiling
Australia,2015,0,True,0.002408390106898942,2010|2011-2015,M1,2010,E0_full,tiling
Belgium,2011,0,True,0.032638910449849845,2010|2011-2015,M1,2010,E0_full,tiling
Belgium,2012,0,True,0.04008279139298753,2010|2011-2015,M1,2010,E0_full,tiling
Belgium,2013,0,True,0.03768414382799921,2010|2011-2015,M1,2010,E0_full,tiling
Belgium,2014,0,True,0.05142040119528566,2010|2011-2015,M1,2010,E0_full,tiling
Belgium,2015,0,True,0.04134986680055456,2010|2011-2015,M1,2010,E0_full,tiling
Canada,2011,0,True,0.0009477426704702554,2010|2011-2015,M1,2010,E0_full,tiling
Canada,2012,0,True,0.0010199951623341109,2010|2011-2015,M1,2010,E0_full,tiling
Canada,2013,0,True,0.0009163562434960375,2010|2011-2015,M1,2010,E0_full,tiling
Canada,2014,0,True,0.0009694891526600408,2010|2011-2015,M1,2010,E0_full,tiling
Canada,2015,0,True,0.0008015741166129697,2010|2011-2015,M1,2010,E0_full,tiling
Denmark,2011,0,True,0.000522436452619537,2010|2011-2015,M1,2010,E0_full,tiling
Denmark,2012,0,True,0.0006985760290848035,2010|2011-2015,M1,2010,E0_full,tiling
Denmark,2013,0,True,0.00045350066876663166,2010|2011-2015,M1,2010,E0_full,tiling
Denmark,2014,0,True,0.0003144662898065245,2010|2011-2015,M1,2010,E0_full,tiling
Denmark,2015,0,True,0.00032962917137556235,2010|2011-2015,M1,2010,E0_full,tiling
Finland,2011,0,True,0.0006436401320484088,2010|2011-2015,M1,2010,E0_full,tiling
Finland,2012,0,True,0.0010308942555132118,2010|2011-2015,M1,2010,E0_full,tiling
Finland,2013,0,True,0.0017253837918356637,2010|2011-2015,M1,2010,E0_full,tiling
Finland,2014,0,True,0.0037429497357780793,2010|2011-2015,M1,2010,E0_full,tiling
Finland,2015,0,True,0.003776482114261995,2010|2011-2015,M1,2010,E0_full,tiling
France,2011,0,True,0.0824217080347309,2010|2011-2015,M1,2010,E0_full,tiling
France,2012,0,True,0.10998351277457324,2010|2011-2015,M1,2010,E0_full,tiling
France,2013,0,True,0.11306519643271566,2010|2011-2015,M1,2010,E0_full,tiling
France,2014,0,True,0.10641132990541108,2010|2011-2015,M1,2010,E0_full,tiling
France,2015,0,True,0.12162481947616172,2010|2011-2015,M1,2010,E0_full,tiling
Germany,2011,0,True,0.054666305446972215,2010|2011-2015,M1,2010,E0_full,tiling
Germany,2012,0,True,0.028152495279586714,2010|2011-2015,M1,2010,E0_full,tiling
Germany,2013,0,True,0.02331252196735904,2010|2011-2015,M1,2010,E0_full,tiling
Germany,2014,0,True,0.01758079539692149,2010|2011-2015,M1,2010,E0_full,tiling
Germany,2015,0,True,0.0103947243732273,2010|2011-2015,M1,2010,E0_full,tiling
Italy,2011,0,True,0.16932326344977291,2010|2011-2015,M1,2010,E0_full,tiling
Italy,2012,0,True,0.15403606306650472,2010|2011-2015,M1,2010,E0_full,tiling
Italy,2013,0,True,0.26515549805536054,2010|2011-2015,M1,2010,E0_full,tiling
Italy,2014,0,True,0.2646928388014414,2010|2011-2015,M1,2010,E0_full,tiling
Italy,2015,0,True,0.25672098210067434,2010|2011-2015,M1,2010,E0_full,tiling
Japan,2011,0,True,0.011134985689919608,2010|2011-2015,M1,2010,E0_full,tiling
Japan,2012,0,True,0.0030007084323877067,2010|2011-2015,M1,2010,E0_full,tiling
Japan,2013,0,True,0.003707735357498242,2010|2011-2015,M1,2010,E0_full,tiling
Japan,2014,0,True,0.001483732288765992,2010|2011-2015,M1,2010,E0_full,tiling
Japan,2015,0,True,0.0008428872956305919,2010|2011-2015,M1,2010,E0_full,tiling
Netherlands,2011,0,True,0.03895639998557478,2010|2011-2015,M1,2010,E0_full,tiling
Netherlands,2012,0,True,0.04488573470940479,2010|2011-2015,M1,2010,E0_full,tiling
Netherlands,2013,0,True,0.05695165281211123,2010|2011-2015,M1,2010,E0_full,tiling
Netherlands,2014,0,True,0.05768811698361246,2010|2011-2015,M1,2010,E0_full,tiling
Netherlands,2015,0,True,0.10202290380855422,2010|2011-2015,M1,2010,E0_full,tiling
Norway,2011,0,True,0.00012753873307357627,2010|2011-2015,M1,2010,E0_full,tiling
Norway,2012,0,True,0.0001957278573448591,2010|2011-2015,M1,2010,E0_full,tiling
Norway,2013,0,True,0.00016066660611881777,2010|2011-2015,M1,2010,E0_full,tiling
Norway,2014,0,True,0.00012973900933231717,2010|2011-2015,M1,2010,E0_full,tiling
Norway,2015,0,True,0.00014990039920281995,2010|2011-2015,M1,2010,E0_full,tiling
Portugal,2011,0,True,0.594833781775283,2010|2011-2015,M1,2010,E0_full,tiling
Spain,2011,0,True,0.26059627798086127,2010|2011-2015,M1,2010,E0_full,tiling
Spain,2012,0,True,0.4948115772265615,2010|2011-2015,M1,2010,E0_full,tiling
Spain,2013,0,True,0.5652375534855834,2010|2011-2015,M1,2010,E0_full,tiling
Spain,2014,0,True,0.5431791396550754,2010|2011-2015,M1,2010,E0_full,tiling
Spain,2015,0,True,0.31178006205249015,2010|2011-2015,M1,2010,E0_full,tiling
Sweden,2011,0,True,0.00017739848731264306,2010|2011-2015,M1,2010,E0_full,tiling
Sweden,2012,0,True,0.0001585685736509419,2010|2011-2015,M1,2010,E0_full,tiling
Sweden,2013,0,True,0.00019842683110695146,2010|2011-2015,M1,2010,E0_full,tiling
Sweden,2014,0,True,0.00028662964431584514,2010|2011-2015,M1,2010,E0_full,tiling
Sweden,2015,0,True,0.0003149843605873888,2010|2011-2015,M1,2010,E0_full,tiling
Switzerland,2011,0,True,0.0010122998405445206,2010|2011-2015,M1,2010,E0_full,tiling
Switzerland,2012,0,True,0.0009167678308815324,2010|2011-2015,M1,2010,E0_full,tiling
Switzerland,2013,0,True,0.0008943078944290672,2010|2011-2015,M1,2010,E0_full,tiling
Switzerland,2014,0,True,0.0005701322867159727,2010|2011-2015,M1,2010,E0_full,tiling
Switzerland,2015,0,True,0.0009187118544717439,2010|2011-2015,M1,2010,E0_full,tiling
UK,2011,0,True,0.19765213019894426,2010|2011-2015,M1,2010,E0_full,tiling
UK,2012,0,True,0.23808272724809293,2010|2011-2015,M1,2010,E0_full,tiling
UK,2013,0,True,0.21329171929006896,2010|2011-2015,M1,2010,E0_full,tiling
UK,2014,0,True,0.1622071985929407,2010|2011-2015,M1,2010,E0_full,tiling
UK,2015,0,True,0.1313863382135371,2010|2011-2015,M1,2010,E0_full,tiling
Australia,2011,0,True,1e-06,2010|2011-2015,M2,2010,E0_full,tiling
Australia,2012,0,True,1e-06,2010|2011-2015,M2,2010,E0_full,tiling
Australia,2013,0,True,1e-06,2010|2011-2015,M2,2010,E0_full,tiling
Australia,2014,0,True,1e-06,2010|2011-2015,M2,2010,E0_full,tiling
Australia,2015,0,True,1e-06,2010|2011-2015,M2,2010,E0_full,tiling
Belgium,2011,0,True,0.05154103035495047,2010|2011-2015,M2,2010,E0_full,tiling
Belgium,2012,0,True,0.05253688643457963,2010|2011-2015,M2,2010,E0_full,tiling
Belgium,2013,0,True,0.05308061818915508,2010|2011-2015,M2,2010,E0_full,tiling
Belgium,2014,0,True,0.05426369237254153,2010|2011-2015,M2,2010,E0_full,tiling
Belgium,2015,0,True,0.05284694286043276,2010|2011-2015,M2,2010,E0_full,tiling
Canada,2011,0,True,1e-06,2010|2011-2015,M2,2010,E0_full,tiling
Canada,2012,0,True,1e-06,2010|2011-2015,M2,2010,E0_full,tiling
Canada,2013,0,True,1e-06,2010|2011-2015,M2,2010,E0_full,tiling
Canada,2014,0,True,1e-06,2010|2011-2015,M2,2010,E0_full,tiling
Canada,2015,0,True,1e-06,2010|2011-2015,M2,2010,E0_full,tiling
Denmark,2011,0,True,1e-06,2010|2011-2015,M2,2010,E0_full,tiling
Denmark,2012,0,True,1e-06,2010|2011-2015,M2,2010,E0_full,tiling
Denmark,2013,0,True,1e-06,2010|2011-2015,M2,2010,E0_full,tiling
Denmark,2014,0,True,1e-06,2010|2011-2015,M2,2010,E0_full,tiling
Denmark,2015,0,True,1e-06,2010|2011-2015,M2,2010,E0_full,tiling
Finland,2011,0,True,1e-06,2010|2011-2015,M2,2010,E0_full,tiling
Finland,2012,0,True,1e-06,2010|2011-2015,M2,2010,E0_full,tiling
Finland,2013,0,True,1e-06,2010|2011-2015,M2,2010,E0_full,tiling
Finland,2014,0,True,1e-06,2010|2011-2015,M2,2010,E0_full,tiling
Finland,2015,0,True,1e-06,2010|2011-2015,M2,2010,E0_full,tiling
France,2011,0,True,0.11478231854056316,2010|2011-2015,M2,2010,E0_full,tiling
France,2012,0,True,0.11787979216309742,2010|2011-2015,M2,2010,E0_full,tiling
France,2013,0,True,0.12109527099548825,2010|2011-2015,M2,2010,E0_full,tiling
France,2014,0,True,0.12281427386870811,2010|2011-2015,M2,2010,E0_full,tiling
France,2015,0,True,0.12362650140827715,2010|2011-2015,M2,2010,E0_full,tiling
Germany,2011,0,True,0.06979550597257345,2010|2011-2015,M2,2010,E0_full,tiling
Germany,2012,0,True,0.07274344040747356,2010|2011-2015,M2,2010,E0_full,tiling
Germany,2013,0,True,0.06748229357748389,2010|2011-2015,M2,2010,E0_full,tiling
Germany,2014,0,True,0.061355573389430554,2010|2011-2015,M2,2010,E0_full,tiling
Germany,2015,0,True,0.055027216231362634,2010|2011-2015,M2,2010,E0_full,tiling
Italy,2011,0,True,0.13145118115558393,2010|2011-2015,M2,2010,E0_full,tiling
Italy,2012,0,True,0.14331362927588578,2010|2011-2015,M2,2010,E0_full,tiling
Italy,2013,0,True,0.1544339497594908,2010|2011-2015,M2,2010,E0_full,tiling
Italy,2014,0,True,0.16011505215339797,2010|2011-2015,M2,2010,E0_full,tiling
Italy,2015,0,True,0.1599448169105997,2010|2011-2015,M2,2010,E0_full,tiling
Japan,2011,0,True,1e-06,2010|2011-2015,M2,2010,E0_full,tiling
Japan,2012,0,True,1e-06,2010|2011-2015,M2,2010,E0_full,tiling
Japan,2013,0,True,1e-06,2010|2011-2015,M2,2010,E0_full,tiling
Japan,2014,0,True,1e-06,2010|2011-2015,M2,2010,E0_full,tiling
Japan,2015,0,True,1e-06,2010|2011-2015,M2,2010,E0_full,tiling
Netherlands,2011,0,True,0.06437436634171682,2010|2011-2015,M2,2010,E0_full,tiling
Netherlands,2012,0,True,0.07004925397124113,2010|2011-2015,M2,2010,E0_full,tiling
Netherlands,2013,0,True,0.07195542814037105,2010|2011-2015,M2,2010,E0_full,tiling
Netherlands,2014,0,True,0.0722116402968408,2010|2011-2015,M2,2010,E0_full,tiling
Netherlands,2015,0,True,0.06801177434437804,2010|2011-2015,M2,2010,E0_full,tiling
Norway,2011,0,True,1e-06,2010|2011-2015,M2,2010,E0_full,tiling
Norway,2012,0,True,1e-06,2010|2011-2015,M2,2010,E0_full,tiling
Norway,2013,0,True,1e-06,2010|2011-2015,M2,2010,E0_full,tiling
Norway,2014,0,True,1e-06,2010|2011-2015,M2,2010,E0_full,tiling
Norway,2015,0,True,1e-06,2010|2011-2015,M2,2010,E0_full,tiling
Portugal,2011,0,True,0.26217032602061996,2010|2011-2015,M2,2010,E0_full,tiling
Spain,2011,0,True,0.10751583130539936,2010|2011-2015,M2,2010,E0_full,tiling
Spain,2012,0,True,0.13805178892968953,2010|2011-2015,M2,2010,E0_full,tiling
Spain,2013,0,True,0.15874718688811984,2010|2011-2015,M2,2010,E0_full,tiling
Spain,2014,0,True,0.17044733376116766,2010|2011-2015,M2,2010,E0_full,tiling
Spain,2015,0,True,0.16705476255472196,2010|2011-2015,M2,2010,E0_full,tiling
Sweden,2011,0,True,1e-06,2010|2011-2015,M2,2010,E0_full,tiling
Sweden,2012,0,True,1e-06,2010|2011-2015,M2,2010,E0_full,tiling
Sweden,2013,0,True,1e-06,2010|2011-2015,M2,2010,E0_full,tiling
Sweden,2014,0,True,1e-06,2010|2011-2015,M2,2010,E0_full,tiling
Sweden,2015,0,True,1e-06,2010|2011-2015,M2,2010,E0_full,tiling
Switzerland,2011,0,True,1e-06,2010|2011-2015,M2,2010,E0_full,tiling
Switzerland,2012,0,True,1e-06,2010|2011-2015,M2,2010,E0_full,tiling
Switzerland,2013,0,True,1e-06,2010|2011-2015,M2,2010,E0_full,tiling
Switzerland,2014,0,True,1e-06,2010|2011-2015,M2,2010,E0_full,tiling
Switzerland,2015,0,True,1e-06,2010|2011-2015,M2,2010,E0_full,tiling
UK,2011,0,True,0.0715200094622221,2010|2011-2015,M2,2010,E0_full,tiling
UK,2012,0,True,0.073164532327033,2010|2011-2015,M2,2010,E0_full,tiling
UK,2013,0,True,0.07368521946460849,2010|2011-2015,M2,2010,E0_full,tiling
UK,2014,0,True,0.07469163930568826,2010|2011-2015,M2,2010,E0_full,tiling
UK,2015,0,True,0.0750427239609026,2010|2011-2015,M2,2010,E0_full,tiling
USA,2011,0,True,0.06802428177906965,2010|2011-2015,M2,2010,E0_full,tiling
USA,2012,0,True,0.07331898510243481,2010|2011-2015,M2,2010,E0_full,tiling
USA,2013,0,True,0.07423753599886468,2010|2011-2015,M2,2010,E0_full,tiling
USA,2014,0,True,0.07678433187497441,2010|2011-2015,M2,2010,E0_full,tiling
USA,2015,0,True,0.07344956296779957,2010|2011-2015,M2,2010,E0_full,tiling
Australia,2016,0,True,0.012642928769385815,2015|2016-2020,M1,2015,E0_full,tiling
Australia,2017,0,True,0.014679208734190827,2015|2016-2020,M1,2015,E0_full,tiling
Australia,2018,0,False,0.014188516139943664,2015|2016-2020,M1,2015,E0_full,tiling
Australia,2019,0,False,0.024225049000549666,2015|2016-2020,M1,2015,E0_full,tiling
Belgium,2016,0,True,0.026127285052831826,2015|2016-2020,M1,2015,E0_full,tiling
Belgium,2017,0,True,0.025464945503140976,2015|2016-2020,M1,2015,E0_full,tiling
Belgium,2018,0,False,0.022819242835347614,2015|2016-2020,M1,2015,E0_full,tiling
Belgium,2019,0,False,0.02679289502581898,2015|2016-2020,M1,2015,E0_full,tiling
Belgium,2020,0,False,0.07190721797376394,2015|2016-2020,M1,2015,E0_full,tiling
Canada,2016,0,True,0.01642606987067333,2015|2016-2020,M1,2015,E0_full,tiling
Canada,2017,0,True,0.016818247912994445,2015|2016-2020,M1,2015,E0_full,tiling
Canada,2018,0,False,0.01946000761537006,2015|2016-2020,M1,2015,E0_full,tiling
Canada,2019,0,False,0.022709402177950096,2015|2016-2020,M1,2015,E0_full,tiling
Canada,2020,0,False,0.07437288806608913,2015|2016-2020,M1,2015,E0_full,tiling
Denmark,2016,0,True,0.0029521062264267887,2015|2016-2020,M1,2015,E0_full,tiling
Denmark,2017,0,True,0.0027035277999255614,2015|2016-2020,M1,2015,E0_full,tiling
Denmark,2018,0,False,0.003148264556366177,2015|2016-2020,M1,2015,E0_full,tiling
Denmark,2019,0,False,0.002212148936153961,2015|2016-2020,M1,2015,E0_full,tiling
Denmark,2020,0,False,0.005201310265948422,2015|2016-2020,M1,2015,E0_full,tiling
Finland,2016,0,True,0.07711905467535025,2015|2016-2020,M1,2015,E0_full,tiling
Finland,2017,0,True,0.05527213725755084,2015|2016-2020,M1,2015,E0_full,tiling
Finland,2018,0,False,0.045455418574818066,2015|2016-2020,M1,2015,E0_full,tiling
Finland,2019,0,False,0.04430304847833016,2015|2016-2020,M1,2015,E0_full,tiling
Finland,2020,0,False,0.10168091377950497,2015|2016-2020,M1,2015,E0_full,tiling
France,2016,0,True,0.14558651044625467,2015|2016-2020,M1,2015,E0_full,tiling
France,2017,0,True,0.14346614461291057,2015|2016-2020,M1,2015,E0_full,tiling
France,2018,0,False,0.14233819994388244,2015|2016-2020,M1,2015,E0_full,tiling
France,2019,0,False,0.16866366281681236,2015|2016-2020,M1,2015,E0_full,tiling
France,2020,0,False,0.28879050548219604,2015|2016-2020,M1,2015,E0_full,tiling
Germany,2016,0,True,0.008064437341860612,2015|2016-2020,M1,2015,E0_full,tiling
Germany,2017,0,True,0.008566655662502986,2015|2016-2020,M1,2015,E0_full,tiling
Germany,2018,0,False,0.007454963983405987,2015|2016-2020,M1,2015,E0_full,tiling
Germany,2019,0,False,0.00909050835905991,2015|2016-2020,M1,2015,E0_full,tiling
Germany,2020,0,False,0.040110892367813865,2015|2016-2020,M1,2015,E0_full,tiling
Ireland,2016,0,True,0.0191367051008696,2015|2016-2020,M1,2015,E0_full,tiling
Ireland,2017,0,True,0.012554421655451021,2015|2016-2020,M1,2015,E0_full,tiling
Ireland,2018,0,False,0.011650515777512827,2015|2016-2020,M1,2015,E0_full,tiling
Ireland,2019,0,False,0.057831543314789756,2015|2016-2020,M1,2015,E0_full,tiling
Ireland,2020,0,False,0.04069632586043215,2015|2016-2020,M1,2015,E0_full,tiling
Italy,2016,0,True,0.09077554453534964,2015|2016-2020,M1,2015,E0_full,tiling
Italy,2017,0,True,0.08335389769269005,2015|2016-2020,M1,2015,E0_full,tiling
Italy,2018,0,False,0.0813365923321637,2015|2016-2020,M1,2015,E0_full,tiling
Italy,2019,0,False,0.0825204365021939,2015|2016-2020,M1,2015,E0_full,tiling
Italy,2020,0,False,0.18090248872221695,2015|2016-2020,M1,2015,E0_full,tiling
Japan,2016,0,True,0.017683235029130225,2015|2016-2020,M1,2015,E0_full,tiling
Japan,2017,0,True,0.014693702848793696,2015|2016-2020,M1,2015,E0_full,tiling
Netherlands,2016,0,True,0.013598994878449552,2015|2016-2020,M1,2015,E0_full,tiling
Netherlands,2017,0,True,0.007927455277195733,2015|2016-2020,M1,2015,E0_full,tiling
Netherlands,2018,0,False,0.008624762438002165,2015|2016-2020,M1,2015,E0_full,tiling
Netherlands,2019,0,False,0.011251034184502686,2015|2016-2020,M1,2015,E0_full,tiling
Netherlands,2020,0,False,0.02850412038317544,2015|2016-2020,M1,2015,E0_full,tiling
Norway,2016,0,True,0.004737684461642005,2015|2016-2020,M1,2015,E0_full,tiling
Norway,2017,0,True,0.0053526883077209125,2015|2016-2020,M1,2015,E0_full,tiling
Norway,2018,0,False,0.004867861117823434,2015|2016-2020,M1,2015,E0_full,tiling
Norway,2019,0,False,0.006810950671170261,2015|2016-2020,M1,2015,E0_full,tiling
Norway,2020,0,False,0.010598495285261144,2015|2016-2020,M1,2015,E0_full,tiling
Portugal,2017,0,True,0.04318081228763732,2015|2016-2020,M1,2015,E0_full,tiling
Portugal,2018,0,False,0.04307554262474656,2015|2016-2020,M1,2015,E0_full,tiling
Portugal,2019,0,False,0.03863490211204303,2015|2016-2020,M1,2015,E0_full,tiling
Portugal,2020,0,False,0.13575641387156637,2015|2016-2020,M1,2015,E0_full,tiling
Spain,2016,0,True,0.07125274773516886,2015|2016-2020,M1,2015,E0_full,tiling
Spain,2017,0,True,0.06627011139959764,2015|2016-2020,M1,2015,E0_full,tiling
Spain,2018,0,False,0.06927631982969475,2015|2016-2020,M1,2015,E0_full,tiling
Spain,2019,0,False,0.07133958776502211,2015|2016-2020,M1,2015,E0_full,tiling
Spain,2020,0,False,0.38964645829404243,2015|2016-2020,M1,2015,E0_full,tiling
Sweden,2016,0,True,0.003259056892653533,2015|2016-2020,M1,2015,E0_full,tiling
Sweden,2017,0,True,0.0029061098611298493,2015|2016-2020,M1,2015,E0_full,tiling
Sweden,2018,0,False,0.002965231051075676,2015|2016-2020,M1,2015,E0_full,tiling
Sweden,2019,0,False,0.002460850984301987,2015|2016-2020,M1,2015,E0_full,tiling
Sweden,2020,0,False,0.004324064438146843,2015|2016-2020,M1,2015,E0_full,tiling
Switzerland,2016,0,True,0.014972644879700384,2015|2016-2020,M1,2015,E0_full,tiling
Switzerland,2017,0,True,0.013678317504356819,2015|2016-2020,M1,2015,E0_full,tiling
Switzerland,2018,0,False,0.013860307797153566,2015|2016-2020,M1,2015,E0_full,tiling
Switzerland,2019,0,False,0.01646812555706281,2015|2016-2020,M1,2015,E0_full,tiling
Switzerland,2020,0,False,0.05942356824705295,2015|2016-2020,M1,2015,E0_full,tiling
UK,2016,0,True,0.07171044660349168,2015|2016-2020,M1,2015,E0_full,tiling
UK,2017,0,True,0.07827352083767868,2015|2016-2020,M1,2015,E0_full,tiling
UK,2018,0,False,0.07766682470220539,2015|2016-2020,M1,2015,E0_full,tiling
UK,2019,0,False,0.08121840489821934,2015|2016-2020,M1,2015,E0_full,tiling
UK,2020,0,False,0.10985347543195863,2015|2016-2020,M1,2015,E0_full,tiling
Australia,2016,0,True,1e-06,2015|2016-2020,M2,2015,E0_full,tiling
Australia,2017,0,True,1e-06,2015|2016-2020,M2,2015,E0_full,tiling
Australia,2018,0,False,1e-06,2015|2016-2020,M2,2015,E0_full,tiling
Australia,2019,0,False,1e-06,2015|2016-2020,M2,2015,E0_full,tiling
Belgium,2016,0,True,0.04921394632073389,2015|2016-2020,M2,2015,E0_full,tiling
Belgium,2017,0,True,0.04699400438648614,2015|2016-2020,M2,2015,E0_full,tiling
Belgium,2018,0,False,0.04549703591816237,2015|2016-2020,M2,2015,E0_full,tiling
Belgium,2019,0,False,0.043977543426649696,2015|2016-2020,M2,2015,E0_full,tiling
Belgium,2020,0,False,0.055459777470575566,2015|2016-2020,M2,2015,E0_full,tiling
Canada,2016,0,True,1e-06,2015|2016-2020,M2,2015,E0_full,tiling
Canada,2017,0,True,1e-06,2015|2016-2020,M2,2015,E0_full,tiling
Canada,2018,0,False,1e-06,2015|2016-2020,M2,2015,E0_full,tiling
Canada,2019,0,False,1e-06,2015|2016-2020,M2,2015,E0_full,tiling
Canada,2020,0,False,1e-06,2015|2016-2020,M2,2015,E0_full,tiling
Denmark,2016,0,True,1e-06,2015|2016-2020,M2,2015,E0_full,tiling
Denmark,2017,0,True,1e-06,2015|2016-2020,M2,2015,E0_full,tiling
Denmark,2018,0,False,1e-06,2015|2016-2020,M2,2015,E0_full,tiling
Denmark,2019,0,False,1e-06,2015|2016-2020,M2,2015,E0_full,tiling
Denmark,2020,0,False,1e-06,2015|2016-2020,M2,2015,E0_full,tiling
Finland,2016,0,True,1e-06,2015|2016-2020,M2,2015,E0_full,tiling
Finland,2017,0,True,1e-06,2015|2016-2020,M2,2015,E0_full,tiling
Finland,2018,0,False,1e-06,2015|2016-2020,M2,2015,E0_full,tiling
Finland,2019,0,False,1e-06,2015|2016-2020,M2,2015,E0_full,tiling
Finland,2020,0,False,1e-06,2015|2016-2020,M2,2015,E0_full,tiling
France,2016,0,True,0.11861326984398576,2015|2016-2020,M2,2015,E0_full,tiling
France,2017,0,True,0.11882409357302577,2015|2016-2020,M2,2015,E0_full,tiling
France,2018,0,False,0.11840276990779043,2015|2016-2020,M2,2015,E0_full,tiling
France,2019,0,False,0.11801647682961744,2015|2016-2020,M2,2015,E0_full,tiling
France,2020,0,False,0.14073076730094122,2015|2016-2020,M2,2015,E0_full,tiling
Germany,2016,0,True,0.04096448373344518,2015|2016-2020,M2,2015,E0_full,tiling
Germany,2017,0,True,0.035775430728531385,2015|2016-2020,M2,2015,E0_full,tiling
Germany,2018,0,False,0.0323796113585376,2015|2016-2020,M2,2015,E0_full,tiling
Germany,2019,0,False,0.030211433333895428,2015|2016-2020,M2,2015,E0_full,tiling
Germany,2020,0,False,0.0403076340167087,2015|2016-2020,M2,2015,E0_full,tiling
Ireland,2016,0,True,0.1356327221906518,2015|2016-2020,M2,2015,E0_full,tiling
Ireland,2017,0,True,0.11843495672416987,2015|2016-2020,M2,2015,E0_full,tiling
Ireland,2018,0,False,0.1073359725027532,2015|2016-2020,M2,2015,E0_full,tiling
Ireland,2019,0,False,0.09453183879427118,2015|2016-2020,M2,2015,E0_full,tiling
Ireland,2020,0,False,0.09705043826189902,2015|2016-2020,M2,2015,E0_full,tiling
Italy,2016,0,True,0.1513310285017747,2015|2016-2020,M2,2015,E0_full,tiling
Italy,2017,0,True,0.15007023298368377,2015|2016-2020,M2,2015,E0_full,tiling
Italy,2018,0,False,0.15058399363888555,2015|2016-2020,M2,2015,E0_full,tiling
Italy,2019,0,False,0.15090072311923977,2015|2016-2020,M2,2015,E0_full,tiling
Italy,2020,0,False,0.19701946495800374,2015|2016-2020,M2,2015,E0_full,tiling
Japan,2016,0,True,1e-06,2015|2016-2020,M2,2015,E0_full,tiling
Japan,2017,0,True,1e-06,2015|2016-2020,M2,2015,E0_full,tiling
Netherlands,2016,0,True,0.060032991833360666,2015|2016-2020,M2,2015,E0_full,tiling
Netherlands,2017,0,True,0.0543020441008872,2015|2016-2020,M2,2015,E0_full,tiling
Netherlands,2018,0,False,0.049556180122578515,2015|2016-2020,M2,2015,E0_full,tiling
Netherlands,2019,0,False,0.04578840858478522,2015|2016-2020,M2,2015,E0_full,tiling
Netherlands,2020,0,False,0.051524487136093054,2015|2016-2020,M2,2015,E0_full,tiling
Norway,2016,0,True,1e-06,2015|2016-2020,M2,2015,E0_full,tiling
Norway,2017,0,True,1e-06,2015|2016-2020,M2,2015,E0_full,tiling
Norway,2018,0,False,1e-06,2015|2016-2020,M2,2015,E0_full,tiling
Norway,2019,0,False,1e-06,2015|2016-2020,M2,2015,E0_full,tiling
Norway,2020,0,False,1e-06,2015|2016-2020,M2,2015,E0_full,tiling
Portugal,2017,0,True,0.363435645038634,2015|2016-2020,M2,2015,E0_full,tiling
Portugal,2018,0,False,0.3404233283373841,2015|2016-2020,M2,2015,E0_full,tiling
Portugal,2019,0,False,0.31714702180356025,2015|2016-2020,M2,2015,E0_full,tiling
Portugal,2020,0,False,0.40981675368661696,2015|2016-2020,M2,2015,E0_full,tiling
Spain,2016,0,True,0.157518374117318,2015|2016-2020,M2,2015,E0_full,tiling
Spain,2017,0,True,0.15605248752477965,2015|2016-2020,M2,2015,E0_full,tiling
Spain,2018,0,False,0.15357228738938047,2015|2016-2020,M2,2015,E0_full,tiling
Spain,2019,0,False,0.14895597317822495,2015|2016-2020,M2,2015,E0_full,tiling
Spain,2020,0,False,0.2143637546845777,2015|2016-2020,M2,2015,E0_full,tiling
Sweden,2016,0,True,1e-06,2015|2016-2020,M2,2015,E0_full,tiling
Sweden,2017,0,True,1e-06,2015|2016-2020,M2,2015,E0_full,tiling
Sweden,2018,0,False,1e-06,2015|2016-2020,M2,2015,E0_full,tiling
Sweden,2019,0,False,1e-06,2015|2016-2020,M2,2015,E0_full,tiling
Sweden,2020,0,False,1e-06,2015|2016-2020,M2,2015,E0_full,tiling
Switzerland,2016,0,True,1e-06,2015|2016-2020,M2,2015,E0_full,tiling
Switzerland,2017,0,True,1e-06,2015|2016-2020,M2,2015,E0_full,tiling
Switzerland,2018,0,False,1e-06,2015|2016-2020,M2,2015,E0_full,tiling
Switzerland,2019,0,False,1e-06,2015|2016-2020,M2,2015,E0_full,tiling
Switzerland,2020,0,False,1e-06,2015|2016-2020,M2,2015,E0_full,tiling
UK,2016,0,True,0.07151007267380435,2015|2016-2020,M2,2015,E0_full,tiling
UK,2017,0,True,0.07126155598632948,2015|2016-2020,M2,2015,E0_full,tiling
UK,2018,0,False,0.07097200222474503,2015|2016-2020,M2,2015,E0_full,tiling
UK,2019,0,False,0.07068727482051164,2015|2016-2020,M2,2015,E0_full,tiling
UK,2020,0,False,0.08167360365069143,2015|2016-2020,M2,2015,E0_full,tiling
USA,2016,0,True,0.07157726409268704,2015|2016-2020,M2,2015,E0_full,tiling
USA,2017,0,True,0.07083587482582239,2015|2016-2020,M2,2015,E0_full,tiling
USA,2018,0,False,0.07182598120014559,2015|2016-2020,M2,2015,E0_full,tiling
USA,2019,0,False,0.07358943825690575,2015|2016-2020,M2,2015,E0_full,tiling
USA,2020,0,False,0.1057548482006554,2015|2016-2020,M2,2015,E0_full,tiling
Australia,1951,0,True,0.010713674123336576,1950|1951-1955,M1,1950,E0_R1,tiling
Australia,1952,0,True,0.0022994122520514494,1950|1951-1955,M1,1950,E0_R1,tiling
Australia,1953,0,True,0.0015917485936646609,1950|1951-1955,M1,1950,E0_R1,tiling
Australia,1954,0,True,0.001076647875358673,1950|1951-1955,M1,1950,E0_R1,tiling
Australia,1955,0,True,0.004226925086442865,1950|1951-1955,M1,1950,E0_R1,tiling
Belgium,1951,0,True,0.24567891579651152,1950|1951-1955,M1,1950,E0_R1,tiling
Belgium,1952,0,True,0.14424819617734785,1950|1951-1955,M1,1950,E0_R1,tiling
Belgium,1953,0,True,0.028289666975713224,1950|1951-1955,M1,1950,E0_R1,tiling
Belgium,1954,0,True,0.07721682993668944,1950|1951-1955,M1,1950,E0_R1,tiling
Belgium,1955,0,True,0.09398563990868408,1950|1951-1955,M1,1950,E0_R1,tiling
Canada,1951,0,True,0.0006272451015507693,1950|1951-1955,M1,1950,E0_R1,tiling
Canada,1952,0,True,0.000541522529676012,1950|1951-1955,M1,1950,E0_R1,tiling
Canada,1953,0,True,0.000720769474836207,1950|1951-1955,M1,1950,E0_R1,tiling
Canada,1954,0,True,0.001716013551372979,1950|1951-1955,M1,1950,E0_R1,tiling
Canada,1955,0,True,0.004832293522019918,1950|1951-1955,M1,1950,E0_R1,tiling
Denmark,1954,0,True,0.001805069257606565,1950|1951-1955,M1,1950,E0_R1,tiling
Denmark,1955,0,True,0.004134270905697137,1950|1951-1955,M1,1950,E0_R1,tiling
Finland,1951,0,True,0.01401157788286353,1950|1951-1955,M1,1950,E0_R1,tiling
Finland,1952,0,True,0.0033907099809194403,1950|1951-1955,M1,1950,E0_R1,tiling
Finland,1953,0,True,0.007119499416547728,1950|1951-1955,M1,1950,E0_R1,tiling
Finland,1954,0,True,0.003931474293457156,1950|1951-1955,M1,1950,E0_R1,tiling
Finland,1955,0,True,0.002748283547542915,1950|1951-1955,M1,1950,E0_R1,tiling
France,1951,0,True,0.05160737321431267,1950|1951-1955,M1,1950,E0_R1,tiling
France,1952,0,True,0.0960623455760194,1950|1951-1955,M1,1950,E0_R1,tiling
France,1953,0,True,0.11492460291038047,1950|1951-1955,M1,1950,E0_R1,tiling
France,1954,0,True,0.11654878927546854,1950|1951-1955,M1,1950,E0_R1,tiling
France,1955,0,True,0.37735393335802786,1950|1951-1955,M1,1950,E0_R1,tiling
Germany,1954,0,True,0.18639618628720073,1950|1951-1955,M1,1950,E0_R1,tiling
Germany,1955,0,True,0.12764425249748199,1950|1951-1955,M1,1950,E0_R1,tiling
Ireland,1951,0,True,1e-06,1950|1951-1955,M1,1950,E0_R1,tiling
Ireland,1952,0,True,1e-06,1950|1951-1955,M1,1950,E0_R1,tiling
Ireland,1953,0,True,1e-06,1950|1951-1955,M1,1950,E0_R1,tiling
Ireland,1954,0,True,1e-06,1950|1951-1955,M1,1950,E0_R1,tiling
Ireland,1955,0,True,1e-06,1950|1951-1955,M1,1950,E0_R1,tiling
Italy,1951,0,True,0.1308996485935651,1950|1951-1955,M1,1950,E0_R1,tiling
Italy,1952,0,True,0.06392720444868856,1950|1951-1955,M1,1950,E0_R1,tiling
Italy,1953,0,True,0.07345090875911783,1950|1951-1955,M1,1950,E0_R1,tiling
Italy,1954,0,True,0.09617090517498689,1950|1951-1955,M1,1950,E0_R1,tiling
Italy,1955,0,True,0.09262381695004276,1950|1951-1955,M1,1950,E0_R1,tiling
Netherlands,1951,0,True,0.013324191592123067,1950|1951-1955,M1,1950,E0_R1,tiling
Norway,1951,0,True,0.0017608113564673788,1950|1951-1955,M1,1950,E0_R1,tiling
Norway,1952,0,True,0.0026079815376068146,1950|1951-1955,M1,1950,E0_R1,tiling
Norway,1953,0,True,0.000560435219796572,1950|1951-1955,M1,1950,E0_R1,tiling
Norway,1954,0,True,0.001403185629849853,1950|1951-1955,M1,1950,E0_R1,tiling
Norway,1955,0,True,0.004797852459790805,1950|1951-1955,M1,1950,E0_R1,tiling
Portugal,1951,0,True,0.15588923521966058,1950|1951-1955,M1,1950,E0_R1,tiling
Portugal,1952,0,True,0.029695346521757624,1950|1951-1955,M1,1950,E0_R1,tiling
Portugal,1953,0,True,0.07044711157191051,1950|1951-1955,M1,1950,E0_R1,tiling
Portugal,1954,0,True,0.08852396049180956,1950|1951-1955,M1,1950,E0_R1,tiling
Portugal,1955,0,True,0.10264962076833281,1950|1951-1955,M1,1950,E0_R1,tiling
Spain,1953,0,True,0.197208262909275,1950|1951-1955,M1,1950,E0_R1,tiling
Spain,1954,0,True,0.19273942591207874,1950|1951-1955,M1,1950,E0_R1,tiling
Spain,1955,0,True,0.11773627165773626,1950|1951-1955,M1,1950,E0_R1,tiling
Sweden,1951,0,True,0.006741057635755201,1950|1951-1955,M1,1950,E0_R1,tiling
Sweden,1952,0,True,0.0016089175425815874,1950|1951-1955,M1,1950,E0_R1,tiling
Sweden,1953,0,True,0.0021601444234153433,1950|1951-1955,M1,1950,E0_R1,tiling
Sweden,1954,0,True,0.003983538621693779,1950|1951-1955,M1,1950,E0_R1,tiling
Sweden,1955,0,True,0.006864302577204463,1950|1951-1955,M1,1950,E0_R1,tiling
Switzerland,1951,0,True,0.24620952754917313,1950|1951-1955,M1,1950,E0_R1,tiling
Switzerland,1952,0,True,0.28833523760994473,1950|1951-1955,M1,1950,E0_R1,tiling
Switzerland,1953,0,True,0.1521724185581704,1950|1951-1955,M1,1950,E0_R1,tiling
Switzerland,1954,0,True,0.060802209248283216,1950|1951-1955,M1,1950,E0_R1,tiling
Switzerland,1955,0,True,0.029523203350894835,1950|1951-1955,M1,1950,E0_R1,tiling
UK,1953,0,True,0.012044390301251512,1950|1951-1955,M1,1950,E0_R1,tiling
UK,1954,0,True,0.009926091931792547,1950|1951-1955,M1,1950,E0_R1,tiling
UK,1955,0,True,0.02920501654926498,1950|1951-1955,M1,1950,E0_R1,tiling
Australia,1951,0,True,1e-06,1950|1951-1955,M2,1950,E0_R1,tiling
Australia,1952,0,True,1e-06,1950|1951-1955,M2,1950,E0_R1,tiling
Australia,1953,0,True,1e-06,1950|1951-1955,M2,1950,E0_R1,tiling
Australia,1954,0,True,1e-06,1950|1951-1955,M2,1950,E0_R1,tiling
Australia,1955,0,True,1e-06,1950|1951-1955,M2,1950,E0_R1,tiling
Belgium,1951,0,True,0.09645636104924003,1950|1951-1955,M2,1950,E0_R1,tiling
Belgium,1952,0,True,0.10038124028829709,1950|1951-1955,M2,1950,E0_R1,tiling
Belgium,1953,0,True,0.10589277121874258,1950|1951-1955,M2,1950,E0_R1,tiling
Belgium,1954,0,True,0.10819779007198557,1950|1951-1955,M2,1950,E0_R1,tiling
Belgium,1955,0,True,0.10497816453514133,1950|1951-1955,M2,1950,E0_R1,tiling
Canada,1951,0,True,1e-06,1950|1951-1955,M2,1950,E0_R1,tiling
Canada,1952,0,True,1e-06,1950|1951-1955,M2,1950,E0_R1,tiling
Canada,1953,0,True,1e-06,1950|1951-1955,M2,1950,E0_R1,tiling
Canada,1954,0,True,1e-06,1950|1951-1955,M2,1950,E0_R1,tiling
Canada,1955,0,True,1e-06,1950|1951-1955,M2,1950,E0_R1,tiling
Denmark,1954,0,True,1e-06,1950|1951-1955,M2,1950,E0_R1,tiling
Denmark,1955,0,True,1e-06,1950|1951-1955,M2,1950,E0_R1,tiling
Finland,1951,0,True,1e-06,1950|1951-1955,M2,1950,E0_R1,tiling
Finland,1952,0,True,1e-06,1950|1951-1955,M2,1950,E0_R1,tiling
Finland,1953,0,True,1e-06,1950|1951-1955,M2,1950,E0_R1,tiling
Finland,1954,0,True,1e-06,1950|1951-1955,M2,1950,E0_R1,tiling
Finland,1955,0,True,1e-06,1950|1951-1955,M2,1950,E0_R1,tiling
France,1951,0,True,0.05195806401093418,1950|1951-1955,M2,1950,E0_R1,tiling
France,1952,0,True,0.05115185931455208,1950|1951-1955,M2,1950,E0_R1,tiling
France,1953,0,True,0.052883524652967216,1950|1951-1955,M2,1950,E0_R1,tiling
France,1954,0,True,0.05236565656644499,1950|1951-1955,M2,1950,E0_R1,tiling
France,1955,0,True,0.05147291115437166,1950|1951-1955,M2,1950,E0_R1,tiling
Germany,1954,0,True,0.02632826058448241,1950|1951-1955,M2,1950,E0_R1,tiling
Germany,1955,0,True,0.023709285425557947,1950|1951-1955,M2,1950,E0_R1,tiling
Ireland,1951,0,True,1e-06,1950|1951-1955,M2,1950,E0_R1,tiling
Ireland,1952,0,True,1e-06,1950|1951-1955,M2,1950,E0_R1,tiling
Ireland,1953,0,True,1e-06,1950|1951-1955,M2,1950,E0_R1,tiling
Ireland,1954,0,True,1e-06,1950|1951-1955,M2,1950,E0_R1,tiling
Ireland,1955,0,True,1e-06,1950|1951-1955,M2,1950,E0_R1,tiling
Italy,1951,0,True,0.017986001578387836,1950|1951-1955,M2,1950,E0_R1,tiling
Italy,1952,0,True,0.01888044691313967,1950|1951-1955,M2,1950,E0_R1,tiling
Italy,1953,0,True,0.019230937600922954,1950|1951-1955,M2,1950,E0_R1,tiling
Italy,1954,0,True,0.02002529178650386,1950|1951-1955,M2,1950,E0_R1,tiling
Italy,1955,0,True,0.019946584083021784,1950|1951-1955,M2,1950,E0_R1,tiling
Netherlands,1951,0,True,0.2193251429111768,1950|1951-1955,M2,1950,E0_R1,tiling
Norway,1951,0,True,1e-06,1950|1951-1955,M2,1950,E0_R1,tiling
Norway,1952,0,True,1e-06,1950|1951-1955,M2,1950,E0_R1,tiling
Norway,1953,0,True,1e-06,1950|1951-1955,M2,1950,E0_R1,tiling
Norway,1954,0,True,1e-06,1950|1951-1955,M2,1950,E0_R1,tiling
Norway,1955,0,True,1e-06,1950|1951-1955,M2,1950,E0_R1,tiling
Portugal,1951,0,True,0.03260603406116657,1950|1951-1955,M2,1950,E0_R1,tiling
Portugal,1952,0,True,0.03233287831775841,1950|1951-1955,M2,1950,E0_R1,tiling
Portugal,1953,0,True,0.032190675394354724,1950|1951-1955,M2,1950,E0_R1,tiling
Portugal,1954,0,True,0.03193218706463776,1950|1951-1955,M2,1950,E0_R1,tiling
Portugal,1955,0,True,0.031066548207457256,1950|1951-1955,M2,1950,E0_R1,tiling
Spain,1953,0,True,0.0380646862648597,1950|1951-1955,M2,1950,E0_R1,tiling
Spain,1954,0,True,0.03381662458961628,1950|1951-1955,M2,1950,E0_R1,tiling
Spain,1955,0,True,0.033584921194977094,1950|1951-1955,M2,1950,E0_R1,tiling
Sweden,1951,0,True,1e-06,1950|1951-1955,M2,1950,E0_R1,tiling
Sweden,1952,0,True,1e-06,1950|1951-1955,M2,1950,E0_R1,tiling
Sweden,1953,0,True,1e-06,1950|1951-1955,M2,1950,E0_R1,tiling
Sweden,1954,0,True,1e-06,1950|1951-1955,M2,1950,E0_R1,tiling
Sweden,1955,0,True,1e-06,1950|1951-1955,M2,1950,E0_R1,tiling
Switzerland,1951,0,True,1e-06,1950|1951-1955,M2,1950,E0_R1,tiling
Switzerland,1952,0,True,1e-06,1950|1951-1955,M2,1950,E0_R1,tiling
Switzerland,1953,0,True,1e-06,1950|1951-1955,M2,1950,E0_R1,tiling
Switzerland,1954,0,True,1e-06,1950|1951-1955,M2,1950,E0_R1,tiling
Switzerland,1955,0,True,1e-06,1950|1951-1955,M2,1950,E0_R1,tiling
UK,1953,0,True,0.13239745327106237,1950|1951-1955,M2,1950,E0_R1,tiling
UK,1954,0,True,0.12612316679211125,1950|1951-1955,M2,1950,E0_R1,tiling
UK,1955,0,True,0.11786110716290041,1950|1951-1955,M2,1950,E0_R1,tiling
USA,1953,0,True,0.0935626153809149,1950|1951-1955,M2,1950,E0_R1,tiling
USA,1954,0,True,0.09437268753433099,1950|1951-1955,M2,1950,E0_R1,tiling
USA,1955,0,True,0.08941129804321617,1950|1951-1955,M2,1950,E0_R1,tiling
Australia,1956,0,True,0.044236569441244315,1955|1956-1960,M1,1955,E0_R1,tiling
Australia,1957,0,True,0.025442293389771147,1955|1956-1960,M1,1955,E0_R1,tiling
Australia,1958,0,True,0.01582970911890191,1955|1956-1960,M1,1955,E0_R1,tiling
Australia,1959,0,True,0.016954786256218452,1955|1956-1960,M1,1955,E0_R1,tiling
Australia,1960,0,True,0.028908639226840126,1955|1956-1960,M1,1955,E0_R1,tiling
Belgium,1956,0,True,0.024075308968063588,1955|1956-1960,M1,1955,E0_R1,tiling
Belgium,1957,0,True,0.01567569537960976,1955|1956-1960,M1,1955,E0_R1,tiling
Belgium,1958,0,True,0.024650372004965223,1955|1956-1960,M1,1955,E0_R1,tiling
Belgium,1959,0,True,0.037627284815491456,1955|1956-1960,M1,1955,E0_R1,tiling
Belgium,1960,0,True,0.03004845172589853,1955|1956-1960,M1,1955,E0_R1,tiling
Canada,1956,0,True,0.048972688393904396,1955|1956-1960,M1,1955,E0_R1,tiling
Canada,1957,0,True,0.07326331915055034,1955|1956-1960,M1,1955,E0_R1,tiling
Canada,1958,0,True,0.029401638375056192,1955|1956-1960,M1,1955,E0_R1,tiling
Canada,1959,0,True,0.04502843686855798,1955|1956-1960,M1,1955,E0_R1,tiling
Canada,1960,0,True,0.020927134601535047,1955|1956-1960,M1,1955,E0_R1,tiling
Denmark,1956,0,True,0.050051915267492204,1955|1956-1960,M1,1955,E0_R1,tiling
Denmark,1960,0,True,0.012049228549270064,1955|1956-1960,M1,1955,E0_R1,tiling
Finland,1956,0,True,0.012277704167274436,1955|1956-1960,M1,1955,E0_R1,tiling
Finland,1957,0,True,0.013236814143873626,1955|1956-1960,M1,1955,E0_R1,tiling
Finland,1958,0,True,0.013210957438245612,1955|1956-1960,M1,1955,E0_R1,tiling
Finland,1959,0,True,0.008796824095189028,1955|1956-1960,M1,1955,E0_R1,tiling
Finland,1960,0,True,0.0070813492073087975,1955|1956-1960,M1,1955,E0_R1,tiling
France,1956,0,True,0.18403309339381743,1955|1956-1960,M1,1955,E0_R1,tiling
France,1957,0,True,0.26400052768129967,1955|1956-1960,M1,1955,E0_R1,tiling
France,1958,0,True,0.29026355843990087,1955|1956-1960,M1,1955,E0_R1,tiling
France,1959,0,True,0.08193738563906026,1955|1956-1960,M1,1955,E0_R1,tiling
France,1960,0,True,0.039526590063297146,1955|1956-1960,M1,1955,E0_R1,tiling
Germany,1956,0,True,0.051410242244604866,1955|1956-1960,M1,1955,E0_R1,tiling
Germany,1957,0,True,0.04388392492070017,1955|1956-1960,M1,1955,E0_R1,tiling
Germany,1958,0,True,0.026984164749009085,1955|1956-1960,M1,1955,E0_R1,tiling
Germany,1959,0,True,0.02407590009084535,1955|1956-1960,M1,1955,E0_R1,tiling
Germany,1960,0,True,0.03898289228427444,1955|1956-1960,M1,1955,E0_R1,tiling
Ireland,1956,0,True,0.04795925836112486,1955|1956-1960,M1,1955,E0_R1,tiling
Ireland,1957,0,True,0.031396999158167654,1955|1956-1960,M1,1955,E0_R1,tiling
Ireland,1958,0,True,0.01869629539501638,1955|1956-1960,M1,1955,E0_R1,tiling
Ireland,1959,0,True,0.01750654756911337,1955|1956-1960,M1,1955,E0_R1,tiling
Ireland,1960,0,True,0.062442598671047095,1955|1956-1960,M1,1955,E0_R1,tiling
Italy,1956,0,True,0.036438611162786905,1955|1956-1960,M1,1955,E0_R1,tiling
Italy,1957,0,True,0.034903513300053,1955|1956-1960,M1,1955,E0_R1,tiling
Italy,1958,0,True,0.03630691532899735,1955|1956-1960,M1,1955,E0_R1,tiling
Italy,1959,0,True,0.039465327473358625,1955|1956-1960,M1,1955,E0_R1,tiling
Italy,1960,0,True,0.03554244788969998,1955|1956-1960,M1,1955,E0_R1,tiling
Japan,1957,0,True,0.00781041936221767,1955|1956-1960,M1,1955,E0_R1,tiling
Japan,1958,0,True,0.011914100781854954,1955|1956-1960,M1,1955,E0_R1,tiling
Japan,1959,0,True,0.008130739281894823,1955|1956-1960,M1,1955,E0_R1,tiling
Japan,1960,0,True,0.010246280575617498,1955|1956-1960,M1,1955,E0_R1,tiling
Netherlands,1957,0,True,0.1072972199998527,1955|1956-1960,M1,1955,E0_R1,tiling
Norway,1956,0,True,0.01565805208665817,1955|1956-1960,M1,1955,E0_R1,tiling
Norway,1957,0,True,0.015580847223232533,1955|1956-1960,M1,1955,E0_R1,tiling
Norway,1958,0,True,0.01630939424505327,1955|1956-1960,M1,1955,E0_R1,tiling
Norway,1959,0,True,0.014818200690289622,1955|1956-1960,M1,1955,E0_R1,tiling
Norway,1960,0,True,0.013015286441972859,1955|1956-1960,M1,1955,E0_R1,tiling
Portugal,1956,0,True,0.032149227302782295,1955|1956-1960,M1,1955,E0_R1,tiling
Portugal,1957,0,True,0.024104565626783946,1955|1956-1960,M1,1955,E0_R1,tiling
Portugal,1958,0,True,0.030957091438875012,1955|1956-1960,M1,1955,E0_R1,tiling
Portugal,1959,0,True,0.035681738738352,1955|1956-1960,M1,1955,E0_R1,tiling
Portugal,1960,0,True,0.04177722030012907,1955|1956-1960,M1,1955,E0_R1,tiling
Spain,1956,0,True,0.22827191283463275,1955|1956-1960,M1,1955,E0_R1,tiling
Spain,1957,0,True,0.25176168208021366,1955|1956-1960,M1,1955,E0_R1,tiling
Spain,1958,0,True,0.20796017599656208,1955|1956-1960,M1,1955,E0_R1,tiling
Spain,1959,0,True,0.04420536828876086,1955|1956-1960,M1,1955,E0_R1,tiling
Spain,1960,0,True,0.017150070507793908,1955|1956-1960,M1,1955,E0_R1,tiling
Sweden,1956,0,True,0.02431993257458697,1955|1956-1960,M1,1955,E0_R1,tiling
Sweden,1957,0,True,0.020548331031811477,1955|1956-1960,M1,1955,E0_R1,tiling
Sweden,1958,0,True,0.02089126773636201,1955|1956-1960,M1,1955,E0_R1,tiling
Sweden,1959,0,True,0.018436913032097522,1955|1956-1960,M1,1955,E0_R1,tiling
Sweden,1960,0,True,0.022176675839909,1955|1956-1960,M1,1955,E0_R1,tiling
Switzerland,1956,0,True,0.021747041516735035,1955|1956-1960,M1,1955,E0_R1,tiling
Switzerland,1957,0,True,0.03285279314595048,1955|1956-1960,M1,1955,E0_R1,tiling
Switzerland,1958,0,True,0.06841629919108348,1955|1956-1960,M1,1955,E0_R1,tiling
Switzerland,1959,0,True,0.033942642894670645,1955|1956-1960,M1,1955,E0_R1,tiling
Switzerland,1960,0,True,0.029482130750576523,1955|1956-1960,M1,1955,E0_R1,tiling
UK,1956,0,True,0.06400923034025024,1955|1956-1960,M1,1955,E0_R1,tiling
UK,1957,0,True,0.046847470957526435,1955|1956-1960,M1,1955,E0_R1,tiling
UK,1958,0,True,0.04226732895679638,1955|1956-1960,M1,1955,E0_R1,tiling
UK,1959,0,True,0.0375230093812289,1955|1956-1960,M1,1955,E0_R1,tiling
UK,1960,0,True,0.05543928488701026,1955|1956-1960,M1,1955,E0_R1,tiling
Australia,1956,0,True,1e-06,1955|1956-1960,M2,1955,E0_R1,tiling
Australia,1957,0,True,1e-06,1955|1956-1960,M2,1955,E0_R1,tiling
Australia,1958,0,True,1e-06,1955|1956-1960,M2,1955,E0_R1,tiling
Australia,1959,0,True,1e-06,1955|1956-1960,M2,1955,E0_R1,tiling
Australia,1960,0,True,1e-06,1955|1956-1960,M2,1955,E0_R1,tiling
Belgium,1956,0,True,0.0909453459277491,1955|1956-1960,M2,1955,E0_R1,tiling
Belgium,1957,0,True,0.08470597952460367,1955|1956-1960,M2,1955,E0_R1,tiling
Belgium,1958,0,True,0.0938872010344985,1955|1956-1960,M2,1955,E0_R1,tiling
Belgium,1959,0,True,0.1024046494852492,1955|1956-1960,M2,1955,E0_R1,tiling
Belgium,1960,0,True,0.10162291900776327,1955|1956-1960,M2,1955,E0_R1,tiling
Canada,1956,0,True,1e-06,1955|1956-1960,M2,1955,E0_R1,tiling
Canada,1957,0,True,1e-06,1955|1956-1960,M2,1955,E0_R1,tiling
Canada,1958,0,True,1e-06,1955|1956-1960,M2,1955,E0_R1,tiling
Canada,1959,0,True,1e-06,1955|1956-1960,M2,1955,E0_R1,tiling
Canada,1960,0,True,1e-06,1955|1956-1960,M2,1955,E0_R1,tiling
Denmark,1956,0,True,1e-06,1955|1956-1960,M2,1955,E0_R1,tiling
Denmark,1960,0,True,1e-06,1955|1956-1960,M2,1955,E0_R1,tiling
Finland,1956,0,True,1e-06,1955|1956-1960,M2,1955,E0_R1,tiling
Finland,1957,0,True,1e-06,1955|1956-1960,M2,1955,E0_R1,tiling
Finland,1958,0,True,1e-06,1955|1956-1960,M2,1955,E0_R1,tiling
Finland,1959,0,True,1e-06,1955|1956-1960,M2,1955,E0_R1,tiling
Finland,1960,0,True,1e-06,1955|1956-1960,M2,1955,E0_R1,tiling
France,1956,0,True,0.04440787374654143,1955|1956-1960,M2,1955,E0_R1,tiling
France,1957,0,True,0.04411236348933123,1955|1956-1960,M2,1955,E0_R1,tiling
France,1958,0,True,0.04367635356056217,1955|1956-1960,M2,1955,E0_R1,tiling
France,1959,0,True,0.04327411273436635,1955|1956-1960,M2,1955,E0_R1,tiling
France,1960,0,True,0.04111722499401222,1955|1956-1960,M2,1955,E0_R1,tiling
Germany,1956,0,True,0.0168424371775763,1955|1956-1960,M2,1955,E0_R1,tiling
Germany,1957,0,True,0.015814358466696096,1955|1956-1960,M2,1955,E0_R1,tiling
Germany,1958,0,True,0.015814358466696096,1955|1956-1960,M2,1955,E0_R1,tiling
Germany,1959,0,True,0.014848086925065609,1955|1956-1960,M2,1955,E0_R1,tiling
Germany,1960,0,True,0.013086748648676632,1955|1956-1960,M2,1955,E0_R1,tiling
Ireland,1956,0,True,1e-06,1955|1956-1960,M2,1955,E0_R1,tiling
Ireland,1957,0,True,1e-06,1955|1956-1960,M2,1955,E0_R1,tiling
Ireland,1958,0,True,1e-06,1955|1956-1960,M2,1955,E0_R1,tiling
Ireland,1959,0,True,1e-06,1955|1956-1960,M2,1955,E0_R1,tiling
Ireland,1960,0,True,1e-06,1955|1956-1960,M2,1955,E0_R1,tiling
Italy,1956,0,True,0.02140225555464506,1955|1956-1960,M2,1955,E0_R1,tiling
Italy,1957,0,True,0.021010360765600023,1955|1956-1960,M2,1955,E0_R1,tiling
Italy,1958,0,True,0.020893031645959514,1955|1956-1960,M2,1955,E0_R1,tiling
Italy,1959,0,True,0.021440400845618792,1955|1956-1960,M2,1955,E0_R1,tiling
Italy,1960,0,True,0.020596944978678835,1955|1956-1960,M2,1955,E0_R1,tiling
Japan,1957,0,True,1e-06,1955|1956-1960,M2,1955,E0_R1,tiling
Japan,1958,0,True,1e-06,1955|1956-1960,M2,1955,E0_R1,tiling
Japan,1959,0,True,1e-06,1955|1956-1960,M2,1955,E0_R1,tiling
Japan,1960,0,True,1e-06,1955|1956-1960,M2,1955,E0_R1,tiling
Netherlands,1957,0,True,0.03718737969899095,1955|1956-1960,M2,1955,E0_R1,tiling
Norway,1956,0,True,1e-06,1955|1956-1960,M2,1955,E0_R1,tiling
Norway,1957,0,True,1e-06,1955|1956-1960,M2,1955,E0_R1,tiling
Norway,1958,0,True,1e-06,1955|1956-1960,M2,1955,E0_R1,tiling
Norway,1959,0,True,1e-06,1955|1956-1960,M2,1955,E0_R1,tiling
Norway,1960,0,True,1e-06,1955|1956-1960,M2,1955,E0_R1,tiling
Portugal,1956,0,True,0.02597784530649204,1955|1956-1960,M2,1955,E0_R1,tiling
Portugal,1957,0,True,0.025042028643667013,1955|1956-1960,M2,1955,E0_R1,tiling
Portugal,1958,0,True,0.027981197457815885,1955|1956-1960,M2,1955,E0_R1,tiling
Portugal,1959,0,True,0.027515040977901233,1955|1956-1960,M2,1955,E0_R1,tiling
Portugal,1960,0,True,0.02744439696918621,1955|1956-1960,M2,1955,E0_R1,tiling
Spain,1956,0,True,0.023646097739603203,1955|1956-1960,M2,1955,E0_R1,tiling
Spain,1957,0,True,0.02273153271383851,1955|1956-1960,M2,1955,E0_R1,tiling
Spain,1958,0,True,0.02086163914397421,1955|1956-1960,M2,1955,E0_R1,tiling
Spain,1959,0,True,0.020483456471966793,1955|1956-1960,M2,1955,E0_R1,tiling
Spain,1960,0,True,0.020868969566194138,1955|1956-1960,M2,1955,E0_R1,tiling
Sweden,1956,0,True,1e-06,1955|1956-1960,M2,1955,E0_R1,tiling
Sweden,1957,0,True,1e-06,1955|1956-1960,M2,1955,E0_R1,tiling
Sweden,1958,0,True,1e-06,1955|1956-1960,M2,1955,E0_R1,tiling
Sweden,1959,0,True,1e-06,1955|1956-1960,M2,1955,E0_R1,tiling
Sweden,1960,0,True,1e-06,1955|1956-1960,M2,1955,E0_R1,tiling
Switzerland,1956,0,True,1e-06,1955|1956-1960,M2,1955,E0_R1,tiling
Switzerland,1957,0,True,1e-06,1955|1956-1960,M2,1955,E0_R1,tiling
Switzerland,1958,0,True,1e-06,1955|1956-1960,M2,1955,E0_R1,tiling
Switzerland,1959,0,True,1e-06,1955|1956-1960,M2,1955,E0_R1,tiling
Switzerland,1960,0,True,1e-06,1955|1956-1960,M2,1955,E0_R1,tiling
UK,1956,0,True,0.11018512890243914,1955|1956-1960,M2,1955,E0_R1,tiling
UK,1957,0,True,0.10243355099976395,1955|1956-1960,M2,1955,E0_R1,tiling
UK,1958,0,True,0.09820473513642743,1955|1956-1960,M2,1955,E0_R1,tiling
UK,1959,0,True,0.09271046736327575,1955|1956-1960,M2,1955,E0_R1,tiling
UK,1960,0,True,0.08695213408803593,1955|1956-1960,M2,1955,E0_R1,tiling
USA,1956,0,True,0.0853160938960198,1955|1956-1960,M2,1955,E0_R1,tiling
USA,1957,0,True,0.07788572919915654,1955|1956-1960,M2,1955,E0_R1,tiling
USA,1958,0,True,0.07870395503389264,1955|1956-1960,M2,1955,E0_R1,tiling
USA,1959,0,True,0.07449451229547024,1955|1956-1960,M2,1955,E0_R1,tiling
USA,1960,0,True,0.06956994980899583,1955|1956-1960,M2,1955,E0_R1,tiling
Australia,1961,0,True,0.06421243719433033,1960|1961-1965,M1,1960,E0_R1,tiling
Australia,1962,0,True,0.06424785664574356,1960|1961-1965,M1,1960,E0_R1,tiling
Australia,1963,0,True,0.06389043022182803,1960|1961-1965,M1,1960,E0_R1,tiling
Australia,1964,0,True,0.0633526688679047,1960|1961-1965,M1,1960,E0_R1,tiling
Australia,1965,0,True,0.06557023846390213,1960|1961-1965,M1,1960,E0_R1,tiling
Belgium,1961,0,True,0.07841229343498773,1960|1961-1965,M1,1960,E0_R1,tiling
Belgium,1962,0,True,0.07769950319851496,1960|1961-1965,M1,1960,E0_R1,tiling
Belgium,1963,0,True,0.07735010849942593,1960|1961-1965,M1,1960,E0_R1,tiling
Belgium,1964,0,True,0.0760160461307091,1960|1961-1965,M1,1960,E0_R1,tiling
Belgium,1965,0,True,0.07551903443001674,1960|1961-1965,M1,1960,E0_R1,tiling
Canada,1961,0,True,0.06811931269727854,1960|1961-1965,M1,1960,E0_R1,tiling
Canada,1962,0,True,0.06794228736792018,1960|1961-1965,M1,1960,E0_R1,tiling
Canada,1963,0,True,0.06763239143698459,1960|1961-1965,M1,1960,E0_R1,tiling
Canada,1964,0,True,0.06681622041409223,1960|1961-1965,M1,1960,E0_R1,tiling
Canada,1965,0,True,0.06592232824613502,1960|1961-1965,M1,1960,E0_R1,tiling
Denmark,1961,0,True,0.06786382586553574,1960|1961-1965,M1,1960,E0_R1,tiling
Denmark,1962,0,True,0.06612875300240002,1960|1961-1965,M1,1960,E0_R1,tiling
Denmark,1963,0,True,0.06385343267558015,1960|1961-1965,M1,1960,E0_R1,tiling
Denmark,1964,0,True,0.0651013386774321,1960|1961-1965,M1,1960,E0_R1,tiling
Denmark,1965,0,True,0.06279404001919724,1960|1961-1965,M1,1960,E0_R1,tiling
Finland,1961,0,True,0.06846343276614959,1960|1961-1965,M1,1960,E0_R1,tiling
Finland,1962,0,True,0.0707087583596676,1960|1961-1965,M1,1960,E0_R1,tiling
Finland,1963,0,True,0.07392217728024975,1960|1961-1965,M1,1960,E0_R1,tiling
Finland,1964,0,True,0.07424737995467207,1960|1961-1965,M1,1960,E0_R1,tiling
Finland,1965,0,True,0.07528299213250955,1960|1961-1965,M1,1960,E0_R1,tiling
France,1961,0,True,0.06378594101419581,1960|1961-1965,M1,1960,E0_R1,tiling
France,1962,0,True,0.06344318337800042,1960|1961-1965,M1,1960,E0_R1,tiling
France,1963,0,True,0.06326108211173836,1960|1961-1965,M1,1960,E0_R1,tiling
France,1964,0,True,0.06293603574287161,1960|1961-1965,M1,1960,E0_R1,tiling
France,1965,0,True,0.06268513448797537,1960|1961-1965,M1,1960,E0_R1,tiling
Germany,1961,0,True,0.06293825340395577,1960|1961-1965,M1,1960,E0_R1,tiling
Germany,1962,0,True,0.06293825340395577,1960|1961-1965,M1,1960,E0_R1,tiling
Germany,1963,0,True,0.06340704957218134,1960|1961-1965,M1,1960,E0_R1,tiling
Germany,1964,0,True,0.06340704957218134,1960|1961-1965,M1,1960,E0_R1,tiling
Germany,1965,0,True,0.06340704957218134,1960|1961-1965,M1,1960,E0_R1,tiling
Ireland,1961,0,True,0.08702610776160631,1960|1961-1965,M1,1960,E0_R1,tiling
Ireland,1962,0,True,0.08739833651175549,1960|1961-1965,M1,1960,E0_R1,tiling
Ireland,1963,0,True,0.08768617849781278,1960|1961-1965,M1,1960,E0_R1,tiling
Ireland,1964,0,True,0.0861813582078944,1960|1961-1965,M1,1960,E0_R1,tiling
Ireland,1965,0,True,0.08864071153063494,1960|1961-1965,M1,1960,E0_R1,tiling
Italy,1961,0,True,0.06273152882011136,1960|1961-1965,M1,1960,E0_R1,tiling
Italy,1962,0,True,0.06255068932941452,1960|1961-1965,M1,1960,E0_R1,tiling
Italy,1963,0,True,0.06222812633351279,1960|1961-1965,M1,1960,E0_R1,tiling
Italy,1964,0,True,0.06220869838257889,1960|1961-1965,M1,1960,E0_R1,tiling
Italy,1965,0,True,0.06239469494157617,1960|1961-1965,M1,1960,E0_R1,tiling
Japan,1961,0,True,0.062177019530292726,1960|1961-1965,M1,1960,E0_R1,tiling
Japan,1962,0,True,0.062072211915640794,1960|1961-1965,M1,1960,E0_R1,tiling
Japan,1963,0,True,0.06168346306686032,1960|1961-1965,M1,1960,E0_R1,tiling
Japan,1964,0,True,0.06165864751430486,1960|1961-1965,M1,1960,E0_R1,tiling
Japan,1965,0,True,0.061911652691986355,1960|1961-1965,M1,1960,E0_R1,tiling
Netherlands,1963,0,True,0.0625170469047823,1960|1961-1965,M1,1960,E0_R1,tiling
Netherlands,1964,0,True,0.06091446419624609,1960|1961-1965,M1,1960,E0_R1,tiling
Netherlands,1965,0,True,0.06044893585270131,1960|1961-1965,M1,1960,E0_R1,tiling
Norway,1961,0,True,0.07632233026219706,1960|1961-1965,M1,1960,E0_R1,tiling
Norway,1962,0,True,0.07554439651506213,1960|1961-1965,M1,1960,E0_R1,tiling
Norway,1963,0,True,0.0743505456532567,1960|1961-1965,M1,1960,E0_R1,tiling
Norway,1964,0,True,0.07310210947523027,1960|1961-1965,M1,1960,E0_R1,tiling
Norway,1965,0,True,0.0722350466908679,1960|1961-1965,M1,1960,E0_R1,tiling
Portugal,1961,0,True,0.06510553514719396,1960|1961-1965,M1,1960,E0_R1,tiling
Portugal,1962,0,True,0.06562098298145022,1960|1961-1965,M1,1960,E0_R1,tiling
Portugal,1963,0,True,0.06630865717170699,1960|1961-1965,M1,1960,E0_R1,tiling
Portugal,1964,0,True,0.06667478669421929,1960|1961-1965,M1,1960,E0_R1,tiling
Portugal,1965,0,True,0.06616344167232387,1960|1961-1965,M1,1960,E0_R1,tiling
Spain,1961,0,True,0.06212636581198792,1960|1961-1965,M1,1960,E0_R1,tiling
Spain,1962,0,True,0.06176953221781136,1960|1961-1965,M1,1960,E0_R1,tiling
Spain,1963,0,True,0.061189855504169194,1960|1961-1965,M1,1960,E0_R1,tiling
Spain,1964,0,True,0.06060650346329053,1960|1961-1965,M1,1960,E0_R1,tiling
Spain,1965,0,True,0.06040242691897642,1960|1961-1965,M1,1960,E0_R1,tiling
Sweden,1961,0,True,0.07640555046525922,1960|1961-1965,M1,1960,E0_R1,tiling
Sweden,1962,0,True,0.07429888409189508,1960|1961-1965,M1,1960,E0_R1,tiling
Sweden,1963,0,True,0.07280804686657608,1960|1961-1965,M1,1960,E0_R1,tiling
Sweden,1964,0,True,0.07145512818695594,1960|1961-1965,M1,1960,E0_R1,tiling
Sweden,1965,0,True,0.0702783127159105,1960|1961-1965,M1,1960,E0_R1,tiling
Switzerland,1961,0,True,0.07458919076781956,1960|1961-1965,M1,1960,E0_R1,tiling
Switzerland,1962,0,True,0.07390408972079389,1960|1961-1965,M1,1960,E0_R1,tiling
Switzerland,1963,0,True,0.07378287598470024,1960|1961-1965,M1,1960,E0_R1,tiling
Switzerland,1964,0,True,0.07344651430206074,1960|1961-1965,M1,1960,E0_R1,tiling
Switzerland,1965,0,True,0.07329792087910367,1960|1961-1965,M1,1960,E0_R1,tiling
UK,1961,0,True,0.07494723991339243,1960|1961-1965,M1,1960,E0_R1,tiling
UK,1962,0,True,0.07464695414474114,1960|1961-1965,M1,1960,E0_R1,tiling
UK,1963,0,True,0.07446465762001991,1960|1961-1965,M1,1960,E0_R1,tiling
UK,1964,0,True,0.07377575898627152,1960|1961-1965,M1,1960,E0_R1,tiling
UK,1965,0,True,0.07318363529897697,1960|1961-1965,M1,1960,E0_R1,tiling
Australia,1961,0,True,1e-06,1960|1961-1965,M2,1960,E0_R1,tiling
Australia,1962,0,True,1e-06,1960|1961-1965,M2,1960,E0_R1,tiling
Australia,1963,0,True,1e-06,1960|1961-1965,M2,1960,E0_R1,tiling
Australia,1964,0,True,1e-06,1960|1961-1965,M2,1960,E0_R1,tiling
Australia,1965,0,True,1e-06,1960|1961-1965,M2,1960,E0_R1,tiling
Belgium,1961,0,True,0.08654400946796893,1960|1961-1965,M2,1960,E0_R1,tiling
Belgium,1962,0,True,0.0800010497765313,1960|1961-1965,M2,1960,E0_R1,tiling
Belgium,1963,0,True,0.07694277240886027,1960|1961-1965,M2,1960,E0_R1,tiling
Belgium,1964,0,True,0.06612759024224832,1960|1961-1965,M2,1960,E0_R1,tiling
Belgium,1965,0,True,0.06243273326186337,1960|1961-1965,M2,1960,E0_R1,tiling
Canada,1961,0,True,1e-06,1960|1961-1965,M2,1960,E0_R1,tiling
Canada,1962,0,True,1e-06,1960|1961-1965,M2,1960,E0_R1,tiling
Canada,1963,0,True,1e-06,1960|1961-1965,M2,1960,E0_R1,tiling
Canada,1964,0,True,1e-06,1960|1961-1965,M2,1960,E0_R1,tiling
Canada,1965,0,True,1e-06,1960|1961-1965,M2,1960,E0_R1,tiling
Denmark,1961,0,True,1e-06,1960|1961-1965,M2,1960,E0_R1,tiling
Denmark,1962,0,True,1e-06,1960|1961-1965,M2,1960,E0_R1,tiling
Denmark,1963,0,True,1e-06,1960|1961-1965,M2,1960,E0_R1,tiling
Denmark,1964,0,True,1e-06,1960|1961-1965,M2,1960,E0_R1,tiling
Denmark,1965,0,True,1e-06,1960|1961-1965,M2,1960,E0_R1,tiling
Finland,1961,0,True,1e-06,1960|1961-1965,M2,1960,E0_R1,tiling
Finland,1962,0,True,1e-06,1960|1961-1965,M2,1960,E0_R1,tiling
Finland,1963,0,True,1e-06,1960|1961-1965,M2,1960,E0_R1,tiling
Finland,1964,0,True,1e-06,1960|1961-1965,M2,1960,E0_R1,tiling
Finland,1965,0,True,1e-06,1960|1961-1965,M2,1960,E0_R1,tiling
France,1961,0,True,0.03646022055034139,1960|1961-1965,M2,1960,E0_R1,tiling
France,1962,0,True,0.03475002059264596,1960|1961-1965,M2,1960,E0_R1,tiling
France,1963,0,True,0.03386979672049897,1960|1961-1965,M2,1960,E0_R1,tiling
France,1964,0,True,0.0323462591374901,1960|1961-1965,M2,1960,E0_R1,tiling
France,1965,0,True,0.03121100922247871,1960|1961-1965,M2,1960,E0_R1,tiling
Germany,1961,0,True,0.01128014855980541,1960|1961-1965,M2,1960,E0_R1,tiling
Germany,1962,0,True,0.01128014855980541,1960|1961-1965,M2,1960,E0_R1,tiling
Germany,1963,0,True,0.0120711865664989,1960|1961-1965,M2,1960,E0_R1,tiling
Germany,1964,0,True,0.0120711865664989,1960|1961-1965,M2,1960,E0_R1,tiling
Germany,1965,0,True,0.0120711865664989,1960|1961-1965,M2,1960,E0_R1,tiling
Ireland,1961,0,True,1e-06,1960|1961-1965,M2,1960,E0_R1,tiling
Ireland,1962,0,True,1e-06,1960|1961-1965,M2,1960,E0_R1,tiling
Ireland,1963,0,True,1e-06,1960|1961-1965,M2,1960,E0_R1,tiling
Ireland,1964,0,True,1e-06,1960|1961-1965,M2,1960,E0_R1,tiling
Ireland,1965,0,True,1e-06,1960|1961-1965,M2,1960,E0_R1,tiling
Italy,1961,0,True,0.019608475655478918,1960|1961-1965,M2,1960,E0_R1,tiling
Italy,1962,0,True,0.01910241577896371,1960|1961-1965,M2,1960,E0_R1,tiling
Italy,1963,0,True,0.01822815873352975,1960|1961-1965,M2,1960,E0_R1,tiling
Italy,1964,0,True,0.01817664300042226,1960|1961-1965,M2,1960,E0_R1,tiling
Italy,1965,0,True,0.018675126523894657,1960|1961-1965,M2,1960,E0_R1,tiling
Japan,1961,0,True,1e-06,1960|1961-1965,M2,1960,E0_R1,tiling
Japan,1962,0,True,1e-06,1960|1961-1965,M2,1960,E0_R1,tiling
Japan,1963,0,True,1e-06,1960|1961-1965,M2,1960,E0_R1,tiling
Japan,1964,0,True,1e-06,1960|1961-1965,M2,1960,E0_R1,tiling
Japan,1965,0,True,1e-06,1960|1961-1965,M2,1960,E0_R1,tiling
Netherlands,1963,0,True,0.018135241432704192,1960|1961-1965,M2,1960,E0_R1,tiling
Netherlands,1964,0,True,0.014326678108298364,1960|1961-1965,M2,1960,E0_R1,tiling
Netherlands,1965,0,True,0.01336173677335223,1960|1961-1965,M2,1960,E0_R1,tiling
Norway,1961,0,True,1e-06,1960|1961-1965,M2,1960,E0_R1,tiling
Norway,1962,0,True,1e-06,1960|1961-1965,M2,1960,E0_R1,tiling
Norway,1963,0,True,1e-06,1960|1961-1965,M2,1960,E0_R1,tiling
Norway,1964,0,True,1e-06,1960|1961-1965,M2,1960,E0_R1,tiling
Norway,1965,0,True,1e-06,1960|1961-1965,M2,1960,E0_R1,tiling
Portugal,1961,0,True,0.025660381563513305,1960|1961-1965,M2,1960,E0_R1,tiling
Portugal,1962,0,True,0.027551337452820936,1960|1961-1965,M2,1960,E0_R1,tiling
Portugal,1963,0,True,0.030261792040080168,1960|1961-1965,M2,1960,E0_R1,tiling
Portugal,1964,0,True,0.031796869738571897,1960|1961-1965,M2,1960,E0_R1,tiling
Portugal,1965,0,True,0.029670949097844967,1960|1961-1965,M2,1960,E0_R1,tiling
Spain,1961,0,True,0.02437396448803148,1960|1961-1965,M2,1960,E0_R1,tiling
Spain,1962,0,True,0.023141253167601558,1960|1961-1965,M2,1960,E0_R1,tiling
Spain,1963,0,True,0.021254549511514616,1960|1961-1965,M2,1960,E0_R1,tiling
Spain,1964,0,True,0.01949310962355931,1960|1961-1965,M2,1960,E0_R1,tiling
Spain,1965,0,True,0.018907843010889797,1960|1961-1965,M2,1960,E0_R1,tiling
Sweden,1961,0,True,1e-06,1960|1961-1965,M2,1960,E0_R1,tiling
Sweden,1962,0,True,1e-06,1960|1961-1965,M2,1960,E0_R1,tiling
Sweden,1963,0,True,1e-06,1960|1961-1965,M2,1960,E0_R1,tiling
Sweden,1964,0,True,1e-06,1960|1961-1965,M2,1960,E0_R1,tiling
Sweden,1965,0,True,1e-06,1960|1961-1965,M2,1960,E0_R1,tiling
Switzerland,1961,0,True,1e-06,1960|1961-1965,M2,1960,E0_R1,tiling
Switzerland,1962,0,True,1e-06,1960|1961-1965,M2,1960,E0_R1,tiling
Switzerland,1963,0,True,1e-06,1960|1961-1965,M2,1960,E0_R1,tiling
Switzerland,1964,0,True,1e-06,1960|1961-1965,M2,1960,E0_R1,tiling
Switzerland,1965,0,True,1e-06,1960|1961-1965,M2,1960,E0_R1,tiling
UK,1961,0,True,0.07253956325402006,1960|1961-1965,M2,1960,E0_R1,tiling
UK,1962,0,True,0.07005243452907058,1960|1961-1965,M2,1960,E0_R1,tiling
UK,1963,0,True,0.06857692218740251,1960|1961-1965,M2,1960,E0_R1,tiling
UK,1964,0,True,0.06322972158744271,1960|1961-1965,M2,1960,E0_R1,tiling
UK,1965,0,True,0.058913752726374516,1960|1961-1965,M2,1960,E0_R1,tiling
USA,1961,0,True,0.05842367800607648,1960|1961-1965,M2,1960,E0_R1,tiling
USA,1962,0,True,0.05549432785208695,1960|1961-1965,M2,1960,E0_R1,tiling
USA,1963,0,True,0.05315936636972225,1960|1961-1965,M2,1960,E0_R1,tiling
USA,1964,0,True,0.04961540161039306,1960|1961-1965,M2,1960,E0_R1,tiling
USA,1965,0,True,0.04643013300496692,1960|1961-1965,M2,1960,E0_R1,tiling
Australia,1966,0,True,0.023498325949265455,1965|1966-1970,M1,1965,E0_R1,tiling
Australia,1967,0,True,0.018460919197550104,1965|1966-1970,M1,1965,E0_R1,tiling
Australia,1968,0,True,0.01851092827858286,1965|1966-1970,M1,1965,E0_R1,tiling
Australia,1969,0,True,0.015682086394383864,1965|1966-1970,M1,1965,E0_R1,tiling
Australia,1970,0,True,0.013427702338785813,1965|1966-1970,M1,1965,E0_R1,tiling
Belgium,1966,0,True,0.018052282991617652,1965|1966-1970,M1,1965,E0_R1,tiling
Belgium,1967,0,True,0.014908584902706948,1965|1966-1970,M1,1965,E0_R1,tiling
Belgium,1968,0,True,0.018474116492304307,1965|1966-1970,M1,1965,E0_R1,tiling
Belgium,1969,0,True,0.019393381144566936,1965|1966-1970,M1,1965,E0_R1,tiling
Belgium,1970,0,True,0.03294057332607595,1965|1966-1970,M1,1965,E0_R1,tiling
Canada,1966,0,True,0.019586848181524806,1965|1966-1970,M1,1965,E0_R1,tiling
Canada,1967,0,True,0.01513245710955819,1965|1966-1970,M1,1965,E0_R1,tiling
Canada,1968,0,True,0.018997941201780246,1965|1966-1970,M1,1965,E0_R1,tiling
Canada,1969,0,True,0.01832071189743361,1965|1966-1970,M1,1965,E0_R1,tiling
Canada,1970,0,True,0.009754980290760752,1965|1966-1970,M1,1965,E0_R1,tiling
Denmark,1966,0,True,0.0027950514631670544,1965|1966-1970,M1,1965,E0_R1,tiling
Denmark,1967,0,True,0.003218254787534288,1965|1966-1970,M1,1965,E0_R1,tiling
Denmark,1968,0,True,0.0014379869086721922,1965|1966-1970,M1,1965,E0_R1,tiling
Denmark,1969,0,True,0.0015163384187777428,1965|1966-1970,M1,1965,E0_R1,tiling
Denmark,1970,0,True,0.0015361549172579385,1965|1966-1970,M1,1965,E0_R1,tiling
Finland,1966,0,True,0.04257415290884759,1965|1966-1970,M1,1965,E0_R1,tiling
Finland,1967,0,True,0.03174936646321664,1965|1966-1970,M1,1965,E0_R1,tiling
Finland,1968,0,True,0.074857944882166,1965|1966-1970,M1,1965,E0_R1,tiling
Finland,1969,0,True,0.02795566950670952,1965|1966-1970,M1,1965,E0_R1,tiling
Finland,1970,0,True,0.019677504668319967,1965|1966-1970,M1,1965,E0_R1,tiling
France,1966,0,True,0.05156587524454447,1965|1966-1970,M1,1965,E0_R1,tiling
France,1967,0,True,0.06069435061562361,1965|1966-1970,M1,1965,E0_R1,tiling
France,1968,0,True,0.09401189310365184,1965|1966-1970,M1,1965,E0_R1,tiling
France,1969,0,True,0.13204683190141642,1965|1966-1970,M1,1965,E0_R1,tiling
France,1970,0,True,0.10692813123717212,1965|1966-1970,M1,1965,E0_R1,tiling
Germany,1966,0,True,0.02947511384765813,1965|1966-1970,M1,1965,E0_R1,tiling
Germany,1967,0,True,0.02594403766502257,1965|1966-1970,M1,1965,E0_R1,tiling
Germany,1968,0,True,0.014406822459812972,1965|1966-1970,M1,1965,E0_R1,tiling
Germany,1969,0,True,0.01361851408780146,1965|1966-1970,M1,1965,E0_R1,tiling
Germany,1970,0,True,0.029378195884347303,1965|1966-1970,M1,1965,E0_R1,tiling
Ireland,1966,0,True,0.02998674051619394,1965|1966-1970,M1,1965,E0_R1,tiling
Ireland,1967,0,True,0.04523287428552863,1965|1966-1970,M1,1965,E0_R1,tiling
Ireland,1968,0,True,0.03707465098317385,1965|1966-1970,M1,1965,E0_R1,tiling
Ireland,1969,0,True,0.034020761269031564,1965|1966-1970,M1,1965,E0_R1,tiling
Ireland,1970,0,True,0.021372466849543716,1965|1966-1970,M1,1965,E0_R1,tiling
Italy,1966,0,True,0.011515015365054719,1965|1966-1970,M1,1965,E0_R1,tiling
Italy,1967,0,True,0.009849181133796342,1965|1966-1970,M1,1965,E0_R1,tiling
Italy,1968,0,True,0.014438286279446207,1965|1966-1970,M1,1965,E0_R1,tiling
Italy,1969,0,True,0.02377779986482256,1965|1966-1970,M1,1965,E0_R1,tiling
Italy,1970,0,True,0.02054693256391962,1965|1966-1970,M1,1965,E0_R1,tiling
Japan,1966,0,True,0.006830036091954076,1965|1966-1970,M1,1965,E0_R1,tiling
Japan,1967,0,True,0.006095870963182582,1965|1966-1970,M1,1965,E0_R1,tiling
Japan,1968,0,True,0.007707111736656538,1965|1966-1970,M1,1965,E0_R1,tiling
Japan,1969,0,True,0.007660504561901163,1965|1966-1970,M1,1965,E0_R1,tiling
Japan,1970,0,True,0.00757597583831056,1965|1966-1970,M1,1965,E0_R1,tiling
Netherlands,1966,0,True,0.03818986811046271,1965|1966-1970,M1,1965,E0_R1,tiling
Netherlands,1967,0,True,0.027974177252880605,1965|1966-1970,M1,1965,E0_R1,tiling
Netherlands,1968,0,True,0.03098127714420266,1965|1966-1970,M1,1965,E0_R1,tiling
Netherlands,1969,0,True,0.030519033320039687,1965|1966-1970,M1,1965,E0_R1,tiling
Netherlands,1970,0,True,0.015128945505743431,1965|1966-1970,M1,1965,E0_R1,tiling
Norway,1967,0,True,0.005884179475990236,1965|1966-1970,M1,1965,E0_R1,tiling
Norway,1968,0,True,0.005934572097554829,1965|1966-1970,M1,1965,E0_R1,tiling
Norway,1969,0,True,0.006621998449236149,1965|1966-1970,M1,1965,E0_R1,tiling
Norway,1970,0,True,0.0036094027191422894,1965|1966-1970,M1,1965,E0_R1,tiling
Portugal,1966,0,True,0.01937784327247616,1965|1966-1970,M1,1965,E0_R1,tiling
Portugal,1967,0,True,0.016227878275881485,1965|1966-1970,M1,1965,E0_R1,tiling
Portugal,1968,0,True,0.012825740390015486,1965|1966-1970,M1,1965,E0_R1,tiling
Portugal,1969,0,True,0.013574741042159503,1965|1966-1970,M1,1965,E0_R1,tiling
Portugal,1970,0,True,0.015445500428072707,1965|1966-1970,M1,1965,E0_R1,tiling
Spain,1966,0,True,0.03437767926191034,1965|1966-1970,M1,1965,E0_R1,tiling
Spain,1967,0,True,0.048120456593649136,1965|1966-1970,M1,1965,E0_R1,tiling
Spain,1968,0,True,0.04190186833565409,1965|1966-1970,M1,1965,E0_R1,tiling
Spain,1969,0,True,0.044795127849974595,1965|1966-1970,M1,1965,E0_R1,tiling
Spain,1970,0,True,0.04904947346635396,1965|1966-1970,M1,1965,E0_R1,tiling
Sweden,1966,0,True,0.004086174339242493,1965|1966-1970,M1,1965,E0_R1,tiling
Sweden,1967,0,True,0.004199307090350458,1965|1966-1970,M1,1965,E0_R1,tiling
Sweden,1968,0,True,0.004757727460683465,1965|1966-1970,M1,1965,E0_R1,tiling
Sweden,1969,0,True,0.005744802963313665,1965|1966-1970,M1,1965,E0_R1,tiling
Sweden,1970,0,True,0.00814208120705318,1965|1966-1970,M1,1965,E0_R1,tiling
Switzerland,1966,0,True,0.042819512215107006,1965|1966-1970,M1,1965,E0_R1,tiling
Switzerland,1967,0,True,0.014335410800735643,1965|1966-1970,M1,1965,E0_R1,tiling
Switzerland,1968,0,True,0.011903352017651298,1965|1966-1970,M1,1965,E0_R1,tiling
Switzerland,1969,0,True,0.03988131920188684,1965|1966-1970,M1,1965,E0_R1,tiling
Switzerland,1970,0,True,0.02709615084855049,1965|1966-1970,M1,1965,E0_R1,tiling
UK,1966,0,True,0.0394812075958034,1965|1966-1970,M1,1965,E0_R1,tiling
UK,1967,0,True,0.03943990431468559,1965|1966-1970,M1,1965,E0_R1,tiling
UK,1968,0,True,0.05426090700764809,1965|1966-1970,M1,1965,E0_R1,tiling
UK,1969,0,True,0.04666952051355058,1965|1966-1970,M1,1965,E0_R1,tiling
UK,1970,1,True,0.027826813168420693,1965|1966-1970,M1,1965,E0_R1,tiling
Australia,1966,0,True,1e-06,1965|1966-1970,M2,1965,E0_R1,tiling
Australia,1967,0,True,1e-06,1965|1966-1970,M2,1965,E0_R1,tiling
Australia,1968,0,True,1e-06,1965|1966-1970,M2,1965,E0_R1,tiling
Australia,1969,0,True,1e-06,1965|1966-1970,M2,1965,E0_R1,tiling
Australia,1970,0,True,1e-06,1965|1966-1970,M2,1965,E0_R1,tiling
Belgium,1966,0,True,0.04933302833658967,1965|1966-1970,M2,1965,E0_R1,tiling
Belgium,1967,0,True,0.04669350624324462,1965|1966-1970,M2,1965,E0_R1,tiling
Belgium,1968,0,True,0.04745971442904541,1965|1966-1970,M2,1965,E0_R1,tiling
Belgium,1969,0,True,0.04258856621427745,1965|1966-1970,M2,1965,E0_R1,tiling
Belgium,1970,0,True,0.03658515695608191,1965|1966-1970,M2,1965,E0_R1,tiling
Canada,1966,0,True,1e-06,1965|1966-1970,M2,1965,E0_R1,tiling
Canada,1967,0,True,1e-06,1965|1966-1970,M2,1965,E0_R1,tiling
Canada,1968,0,True,1e-06,1965|1966-1970,M2,1965,E0_R1,tiling
Canada,1969,0,True,1e-06,1965|1966-1970,M2,1965,E0_R1,tiling
Canada,1970,0,True,1e-06,1965|1966-1970,M2,1965,E0_R1,tiling
Denmark,1966,0,True,1e-06,1965|1966-1970,M2,1965,E0_R1,tiling
Denmark,1967,0,True,1e-06,1965|1966-1970,M2,1965,E0_R1,tiling
Denmark,1968,0,True,1e-06,1965|1966-1970,M2,1965,E0_R1,tiling
Denmark,1969,0,True,1e-06,1965|1966-1970,M2,1965,E0_R1,tiling
Denmark,1970,0,True,1e-06,1965|1966-1970,M2,1965,E0_R1,tiling
Finland,1966,0,True,1e-06,1965|1966-1970,M2,1965,E0_R1,tiling
Finland,1967,0,True,1e-06,1965|1966-1970,M2,1965,E0_R1,tiling
Finland,1968,0,True,1e-06,1965|1966-1970,M2,1965,E0_R1,tiling
Finland,1969,0,True,1e-06,1965|1966-1970,M2,1965,E0_R1,tiling
Finland,1970,0,True,1e-06,1965|1966-1970,M2,1965,E0_R1,tiling
France,1966,0,True,0.027752190433209797,1965|1966-1970,M2,1965,E0_R1,tiling
France,1967,0,True,0.02813263494202643,1965|1966-1970,M2,1965,E0_R1,tiling
France,1968,0,True,0.028019003856130497,1965|1966-1970,M2,1965,E0_R1,tiling
France,1969,0,True,0.02728617049334821,1965|1966-1970,M2,1965,E0_R1,tiling
France,1970,0,True,0.030822115562161478,1965|1966-1970,M2,1965,E0_R1,tiling
Germany,1966,0,True,0.012451031963468322,1965|1966-1970,M2,1965,E0_R1,tiling
Germany,1967,0,True,0.015280002870236942,1965|1966-1970,M2,1965,E0_R1,tiling
Germany,1968,0,True,0.015280002870236942,1965|1966-1970,M2,1965,E0_R1,tiling
Germany,1969,0,True,0.013331306506522202,1965|1966-1970,M2,1965,E0_R1,tiling
Germany,1970,0,True,0.01162819747929978,1965|1966-1970,M2,1965,E0_R1,tiling
Ireland,1966,0,True,1e-06,1965|1966-1970,M2,1965,E0_R1,tiling
Ireland,1967,0,True,1e-06,1965|1966-1970,M2,1965,E0_R1,tiling
Ireland,1968,0,True,1e-06,1965|1966-1970,M2,1965,E0_R1,tiling
Ireland,1969,0,True,1e-06,1965|1966-1970,M2,1965,E0_R1,tiling
Ireland,1970,0,True,1e-06,1965|1966-1970,M2,1965,E0_R1,tiling
Italy,1966,0,True,0.020281314194339185,1965|1966-1970,M2,1965,E0_R1,tiling
Italy,1967,0,True,0.020068085346535928,1965|1966-1970,M2,1965,E0_R1,tiling
Italy,1968,0,True,0.021322275147540797,1965|1966-1970,M2,1965,E0_R1,tiling
Italy,1969,0,True,0.02165664491573681,1965|1966-1970,M2,1965,E0_R1,tiling
Italy,1970,0,True,0.022161284774018783,1965|1966-1970,M2,1965,E0_R1,tiling
Japan,1966,0,True,1e-06,1965|1966-1970,M2,1965,E0_R1,tiling
Japan,1967,0,True,1e-06,1965|1966-1970,M2,1965,E0_R1,tiling
Japan,1968,0,True,1e-06,1965|1966-1970,M2,1965,E0_R1,tiling
Japan,1969,0,True,1e-06,1965|1966-1970,M2,1965,E0_R1,tiling
Japan,1970,0,True,1e-06,1965|1966-1970,M2,1965,E0_R1,tiling
Netherlands,1966,0,True,0.01065835281871139,1965|1966-1970,M2,1965,E0_R1,tiling
Netherlands,1967,0,True,0.010330583042758221,1965|1966-1970,M2,1965,E0_R1,tiling
Netherlands,1968,0,True,0.00998608819250296,1965|1966-1970,M2,1965,E0_R1,tiling
Netherlands,1969,0,True,0.008547879462348014,1965|1966-1970,M2,1965,E0_R1,tiling
Netherlands,1970,0,True,0.0075279224340506065,1965|1966-1970,M2,1965,E0_R1,tiling
Norway,1967,0,True,1e-06,1965|1966-1970,M2,1965,E0_R1,tiling
Norway,1968,0,True,1e-06,1965|1966-1970,M2,1965,E0_R1,tiling
Norway,1969,0,True,1e-06,1965|1966-1970,M2,1965,E0_R1,tiling
Norway,1970,0,True,1e-06,1965|1966-1970,M2,1965,E0_R1,tiling
Portugal,1966,0,True,0.026774393199836106,1965|1966-1970,M2,1965,E0_R1,tiling
Portugal,1967,0,True,0.02463733003971555,1965|1966-1970,M2,1965,E0_R1,tiling
Portugal,1968,0,True,0.023151168597975644,1965|1966-1970,M2,1965,E0_R1,tiling
Portugal,1969,0,True,0.02275787001206753,1965|1966-1970,M2,1965,E0_R1,tiling
Portugal,1970,0,True,0.022389917448509787,1965|1966-1970,M2,1965,E0_R1,tiling
Spain,1966,0,True,0.019746042720324593,1965|1966-1970,M2,1965,E0_R1,tiling
Spain,1967,0,True,0.0196776182925108,1965|1966-1970,M2,1965,E0_R1,tiling
Spain,1968,0,True,0.019943364397781452,1965|1966-1970,M2,1965,E0_R1,tiling
Spain,1969,0,True,0.020156814839344988,1965|1966-1970,M2,1965,E0_R1,tiling
Spain,1970,0,True,0.020179628242299654,1965|1966-1970,M2,1965,E0_R1,tiling
Sweden,1966,0,True,1e-06,1965|1966-1970,M2,1965,E0_R1,tiling
Sweden,1967,0,True,1e-06,1965|1966-1970,M2,1965,E0_R1,tiling
Sweden,1968,0,True,1e-06,1965|1966-1970,M2,1965,E0_R1,tiling
Sweden,1969,0,True,1e-06,1965|1966-1970,M2,1965,E0_R1,tiling
Sweden,1970,0,True,1e-06,1965|1966-1970,M2,1965,E0_R1,tiling
Switzerland,1966,0,True,1e-06,1965|1966-1970,M2,1965,E0_R1,tiling
Switzerland,1967,0,True,1e-06,1965|1966-1970,M2,1965,E0_R1,tiling
Switzerland,1968,0,True,1e-06,1965|1966-1970,M2,1965,E0_R1,tiling
Switzerland,1969,0,True,1e-06,1965|1966-1970,M2,1965,E0_R1,tiling
Switzerland,1970,0,True,1e-06,1965|1966-1970,M2,1965,E0_R1,tiling
UK,1966,0,True,0.04948245775829202,1965|1966-1970,M2,1965,E0_R1,tiling
UK,1967,0,True,0.047787017574529085,1965|1966-1970,M2,1965,E0_R1,tiling
UK,1968,0,True,0.04743142790704191,1965|1966-1970,M2,1965,E0_R1,tiling
UK,1969,0,True,0.04416793182831484,1965|1966-1970,M2,1965,E0_R1,tiling
UK,1970,1,True,0.03915860087355758,1965|1966-1970,M2,1965,E0_R1,tiling
USA,1966,0,True,0.036626045210832237,1965|1966-1970,M2,1965,E0_R1,tiling
USA,1967,0,True,0.03503669929660063,1965|1966-1970,M2,1965,E0_R1,tiling
USA,1968,0,True,0.0354838903397265,1965|1966-1970,M2,1965,E0_R1,tiling
USA,1969,0,True,0.03144889745644758,1965|1966-1970,M2,1965,E0_R1,tiling
USA,1970,0,True,0.030560301827297024,1965|1966-1970,M2,1965,E0_R1,tiling
Australia,1971,0,True,0.007396000633370545,1970|1971-1975,M1,1970,E0_R1,tiling
Australia,1972,0,True,0.0041386962144127366,1970|1971-1975,M1,1970,E0_R1,tiling
Australia,1973,0,True,0.0030965063060831356,1970|1971-1975,M1,1970,E0_R1,tiling
Australia,1974,0,True,0.009324209064723298,1970|1971-1975,M1,1970,E0_R1,tiling
Australia,1975,0,True,0.0034173129000035062,1970|1971-1975,M1,1970,E0_R1,tiling
Belgium,1971,0,True,0.008401830993120382,1970|1971-1975,M1,1970,E0_R1,tiling
Belgium,1972,0,True,0.00629000238694396,1970|1971-1975,M1,1970,E0_R1,tiling
Belgium,1973,0,True,0.012128140428478195,1970|1971-1975,M1,1970,E0_R1,tiling
Belgium,1974,0,True,0.019811613107744142,1970|1971-1975,M1,1970,E0_R1,tiling
Belgium,1975,0,True,0.014968269430573108,1970|1971-1975,M1,1970,E0_R1,tiling
Canada,1971,0,True,0.0039422660282731805,1970|1971-1975,M1,1970,E0_R1,tiling
Canada,1972,0,True,0.004023233449542617,1970|1971-1975,M1,1970,E0_R1,tiling
Canada,1973,0,True,0.009659228343102962,1970|1971-1975,M1,1970,E0_R1,tiling
Canada,1974,0,True,0.01634982435290695,1970|1971-1975,M1,1970,E0_R1,tiling
Canada,1975,0,True,0.010557032035338618,1970|1971-1975,M1,1970,E0_R1,tiling
Denmark,1971,0,True,0.0009071399973289894,1970|1971-1975,M1,1970,E0_R1,tiling
Denmark,1972,0,True,0.0004978772780987707,1970|1971-1975,M1,1970,E0_R1,tiling
Denmark,1973,0,True,0.00016672413137617764,1970|1971-1975,M1,1970,E0_R1,tiling
Denmark,1974,0,True,0.00045552495378116853,1970|1971-1975,M1,1970,E0_R1,tiling
Denmark,1975,0,True,0.00012179638867110593,1970|1971-1975,M1,1970,E0_R1,tiling
Finland,1971,0,True,0.014158868020133745,1970|1971-1975,M1,1970,E0_R1,tiling
Finland,1972,0,True,0.011926279564590319,1970|1971-1975,M1,1970,E0_R1,tiling
Finland,1973,0,True,0.0071206663940034,1970|1971-1975,M1,1970,E0_R1,tiling
Finland,1974,0,True,0.00474084938715848,1970|1971-1975,M1,1970,E0_R1,tiling
Finland,1975,0,True,0.002937211650487146,1970|1971-1975,M1,1970,E0_R1,tiling
France,1971,0,True,0.038971543910636994,1970|1971-1975,M1,1970,E0_R1,tiling
France,1972,0,True,0.023412170064613394,1970|1971-1975,M1,1970,E0_R1,tiling
France,1973,0,True,0.04654309085205528,1970|1971-1975,M1,1970,E0_R1,tiling
France,1974,0,True,0.07696786298445937,1970|1971-1975,M1,1970,E0_R1,tiling
France,1975,0,True,0.03345678896753397,1970|1971-1975,M1,1970,E0_R1,tiling
Germany,1971,0,True,0.009652734676808864,1970|1971-1975,M1,1970,E0_R1,tiling
Germany,1972,0,True,0.007241354541592861,1970|1971-1975,M1,1970,E0_R1,tiling
Germany,1973,0,True,0.010382888238478582,1970|1971-1975,M1,1970,E0_R1,tiling
Germany,1974,0,True,0.0066762387847255,1970|1971-1975,M1,1970,E0_R1,tiling
Germany,1975,0,True,0.006827415091573769,1970|1971-1975,M1,1970,E0_R1,tiling
Ireland,1971,0,True,0.006117714592947937,1970|1971-1975,M1,1970,E0_R1,tiling
Ireland,1972,0,True,0.010119695118234764,1970|1971-1975,M1,1970,E0_R1,tiling
Ireland,1973,0,True,0.01982513142605336,1970|1971-1975,M1,1970,E0_R1,tiling
Ireland,1974,0,True,0.015548024098715923,1970|1971-1975,M1,1970,E0_R1,tiling
Ireland,1975,0,True,0.01758168177835871,1970|1971-1975,M1,1970,E0_R1,tiling
Italy,1971,1,True,0.020771747875554872,1970|1971-1975,M1,1970,E0_R1,tiling
Italy,1972,1,True,0.024274252581712483,1970|1971-1975,M1,1970,E0_R1,tiling
Italy,1973,1,True,0.0465886257061256,1970|1971-1975,M1,1970,E0_R1,tiling
Italy,1974,0,True,0.17156489216836587,1970|1971-1975,M1,1970,E0_R1,tiling
Japan,1971,0,True,0.003645616910346038,1970|1971-1975,M1,1970,E0_R1,tiling
Japan,1972,0,True,0.0030524347799279093,1970|1971-1975,M1,1970,E0_R1,tiling
Japan,1973,0,True,0.00338683268109414,1970|1971-1975,M1,1970,E0_R1,tiling
Japan,1974,0,True,0.00969796159353371,1970|1971-1975,M1,1970,E0_R1,tiling
Japan,1975,0,True,0.006601269310405699,1970|1971-1975,M1,1970,E0_R1,tiling
Netherlands,1971,0,True,0.007034030800690524,1970|1971-1975,M1,1970,E0_R1,tiling
Netherlands,1972,0,True,0.002303462049335528,1970|1971-1975,M1,1970,E0_R1,tiling
Netherlands,1973,0,True,0.003805802378814473,1970|1971-1975,M1,1970,E0_R1,tiling
Netherlands,1974,0,True,0.003964804836897998,1970|1971-1975,M1,1970,E0_R1,tiling
Netherlands,1975,0,True,0.0024071818770950593,1970|1971-1975,M1,1970,E0_R1,tiling
Norway,1971,0,True,0.003207258288873755,1970|1971-1975,M1,1970,E0_R1,tiling
Norway,1972,0,True,0.003831894597872812,1970|1971-1975,M1,1970,E0_R1,tiling
Norway,1973,0,True,0.00455559016970971,1970|1971-1975,M1,1970,E0_R1,tiling
Norway,1974,0,True,0.0061375291353242415,1970|1971-1975,M1,1970,E0_R1,tiling
Norway,1975,0,True,0.010502640021018458,1970|1971-1975,M1,1970,E0_R1,tiling
Portugal,1971,0,True,0.012922316907308837,1970|1971-1975,M1,1970,E0_R1,tiling
Portugal,1972,0,True,0.011147796511878402,1970|1971-1975,M1,1970,E0_R1,tiling
Portugal,1973,0,True,0.010046181066565588,1970|1971-1975,M1,1970,E0_R1,tiling
Portugal,1974,1,True,0.03729544739783526,1970|1971-1975,M1,1970,E0_R1,tiling
Portugal,1975,1,True,0.02520072191842821,1970|1971-1975,M1,1970,E0_R1,tiling
Spain,1971,0,True,0.047338921947169495,1970|1971-1975,M1,1970,E0_R1,tiling
Spain,1972,0,True,0.030372078675630937,1970|1971-1975,M1,1970,E0_R1,tiling
Spain,1973,0,True,0.025137733901371268,1970|1971-1975,M1,1970,E0_R1,tiling
Spain,1974,0,True,0.04336757414154221,1970|1971-1975,M1,1970,E0_R1,tiling
Spain,1975,1,True,0.0617256782861284,1970|1971-1975,M1,1970,E0_R1,tiling
Sweden,1971,0,True,0.003271754177258072,1970|1971-1975,M1,1970,E0_R1,tiling
Sweden,1972,0,True,0.0017799250213864034,1970|1971-1975,M1,1970,E0_R1,tiling
Sweden,1973,0,True,0.001596295446057848,1970|1971-1975,M1,1970,E0_R1,tiling
Sweden,1974,0,True,0.002623408330529171,1970|1971-1975,M1,1970,E0_R1,tiling
Sweden,1975,0,True,0.002349635565021586,1970|1971-1975,M1,1970,E0_R1,tiling
Switzerland,1971,0,True,0.0017413759369911738,1970|1971-1975,M1,1970,E0_R1,tiling
Switzerland,1972,0,True,0.004981348295148053,1970|1971-1975,M1,1970,E0_R1,tiling
Switzerland,1973,0,True,0.004564476931804616,1970|1971-1975,M1,1970,E0_R1,tiling
Switzerland,1974,0,True,0.004600972202129564,1970|1971-1975,M1,1970,E0_R1,tiling
Switzerland,1975,0,True,0.0013849274777789867,1970|1971-1975,M1,1970,E0_R1,tiling
UK,1971,1,True,0.011446838357717209,1970|1971-1975,M1,1970,E0_R1,tiling
UK,1972,1,True,0.009050511165771437,1970|1971-1975,M1,1970,E0_R1,tiling
UK,1973,0,True,0.01708949765534469,1970|1971-1975,M1,1970,E0_R1,tiling
Australia,1971,0,True,1e-06,1970|1971-1975,M2,1970,E0_R1,tiling
Australia,1972,0,True,1e-06,1970|1971-1975,M2,1970,E0_R1,tiling
Australia,1973,0,True,1e-06,1970|1971-1975,M2,1970,E0_R1,tiling
Australia,1974,0,True,1e-06,1970|1971-1975,M2,1970,E0_R1,tiling
Australia,1975,0,True,1e-06,1970|1971-1975,M2,1970,E0_R1,tiling
Belgium,1971,0,True,0.028075418647609075,1970|1971-1975,M2,1970,E0_R1,tiling
Belgium,1972,0,True,0.026994826054419142,1970|1971-1975,M2,1970,E0_R1,tiling
Belgium,1973,0,True,0.024311679896809924,1970|1971-1975,M2,1970,E0_R1,tiling
Belgium,1974,0,True,0.020903223530441484,1970|1971-1975,M2,1970,E0_R1,tiling
Belgium,1975,0,True,0.02181270249553009,1970|1971-1975,M2,1970,E0_R1,tiling
Canada,1971,0,True,1e-06,1970|1971-1975,M2,1970,E0_R1,tiling
Canada,1972,0,True,1e-06,1970|1971-1975,M2,1970,E0_R1,tiling
Canada,1973,0,True,1e-06,1970|1971-1975,M2,1970,E0_R1,tiling
Canada,1974,0,True,1e-06,1970|1971-1975,M2,1970,E0_R1,tiling
Canada,1975,0,True,1e-06,1970|1971-1975,M2,1970,E0_R1,tiling
Denmark,1971,0,True,1e-06,1970|1971-1975,M2,1970,E0_R1,tiling
Denmark,1972,0,True,1e-06,1970|1971-1975,M2,1970,E0_R1,tiling
Denmark,1973,0,True,1e-06,1970|1971-1975,M2,1970,E0_R1,tiling
Denmark,1974,0,True,1e-06,1970|1971-1975,M2,1970,E0_R1,tiling
Denmark,1975,0,True,1e-06,1970|1971-1975,M2,1970,E0_R1,tiling
Finland,1971,0,True,1e-06,1970|1971-1975,M2,1970,E0_R1,tiling
Finland,1972,0,True,1e-06,1970|1971-1975,M2,1970,E0_R1,tiling
Finland,1973,0,True,1e-06,1970|1971-1975,M2,1970,E0_R1,tiling
Finland,1974,0,True,1e-06,1970|1971-1975,M2,1970,E0_R1,tiling
Finland,1975,0,True,1e-06,1970|1971-1975,M2,1970,E0_R1,tiling
France,1971,0,True,0.0280167865164481,1970|1971-1975,M2,1970,E0_R1,tiling
France,1972,0,True,0.026794035201506448,1970|1971-1975,M2,1970,E0_R1,tiling
France,1973,0,True,0.025853345443154527,1970|1971-1975,M2,1970,E0_R1,tiling
France,1974,0,True,0.02565250572967394,1970|1971-1975,M2,1970,E0_R1,tiling
France,1975,0,True,0.02598149947296376,1970|1971-1975,M2,1970,E0_R1,tiling
Germany,1971,0,True,0.010326503739278984,1970|1971-1975,M2,1970,E0_R1,tiling
Germany,1972,0,True,0.010326503739278984,1970|1971-1975,M2,1970,E0_R1,tiling
Germany,1973,0,True,0.010326503739278984,1970|1971-1975,M2,1970,E0_R1,tiling
Germany,1974,0,True,0.011100167680776962,1970|1971-1975,M2,1970,E0_R1,tiling
Germany,1975,0,True,0.015914370795549956,1970|1971-1975,M2,1970,E0_R1,tiling
Ireland,1971,0,True,1e-06,1970|1971-1975,M2,1970,E0_R1,tiling
Ireland,1972,0,True,1e-06,1970|1971-1975,M2,1970,E0_R1,tiling
Ireland,1973,0,True,1e-06,1970|1971-1975,M2,1970,E0_R1,tiling
Ireland,1974,0,True,1e-06,1970|1971-1975,M2,1970,E0_R1,tiling
Ireland,1975,0,True,1e-06,1970|1971-1975,M2,1970,E0_R1,tiling
Italy,1971,1,True,0.02314342046498174,1970|1971-1975,M2,1970,E0_R1,tiling
Italy,1972,1,True,0.0267293436086165,1970|1971-1975,M2,1970,E0_R1,tiling
Italy,1973,1,True,0.028778514995552715,1970|1971-1975,M2,1970,E0_R1,tiling
Italy,1974,0,True,0.028462603428579935,1970|1971-1975,M2,1970,E0_R1,tiling
Japan,1971,0,True,1e-06,1970|1971-1975,M2,1970,E0_R1,tiling
Japan,1972,0,True,1e-06,1970|1971-1975,M2,1970,E0_R1,tiling
Japan,1973,0,True,1e-06,1970|1971-1975,M2,1970,E0_R1,tiling
Japan,1974,0,True,1e-06,1970|1971-1975,M2,1970,E0_R1,tiling
Japan,1975,0,True,1e-06,1970|1971-1975,M2,1970,E0_R1,tiling
Netherlands,1971,0,True,0.007206443684700996,1970|1971-1975,M2,1970,E0_R1,tiling
Netherlands,1972,0,True,0.006290094163949177,1970|1971-1975,M2,1970,E0_R1,tiling
Netherlands,1973,0,True,0.0052842328278252014,1970|1971-1975,M2,1970,E0_R1,tiling
Netherlands,1974,0,True,0.004487168532874804,1970|1971-1975,M2,1970,E0_R1,tiling
Netherlands,1975,0,True,0.004645713158433466,1970|1971-1975,M2,1970,E0_R1,tiling
Norway,1971,0,True,1e-06,1970|1971-1975,M2,1970,E0_R1,tiling
Norway,1972,0,True,1e-06,1970|1971-1975,M2,1970,E0_R1,tiling
Norway,1973,0,True,1e-06,1970|1971-1975,M2,1970,E0_R1,tiling
Norway,1974,0,True,1e-06,1970|1971-1975,M2,1970,E0_R1,tiling
Norway,1975,0,True,1e-06,1970|1971-1975,M2,1970,E0_R1,tiling
Portugal,1971,0,True,0.018313405021730022,1970|1971-1975,M2,1970,E0_R1,tiling
Portugal,1972,0,True,0.017195940168541857,1970|1971-1975,M2,1970,E0_R1,tiling
Portugal,1973,0,True,0.01583109213537695,1970|1971-1975,M2,1970,E0_R1,tiling
Portugal,1974,1,True,0.015769961345657765,1970|1971-1975,M2,1970,E0_R1,tiling
Portugal,1975,1,True,0.020823817742581203,1970|1971-1975,M2,1970,E0_R1,tiling
Spain,1971,0,True,0.018555784661927494,1970|1971-1975,M2,1970,E0_R1,tiling
Spain,1972,0,True,0.017967055570886774,1970|1971-1975,M2,1970,E0_R1,tiling
Spain,1973,0,True,0.01727645902989358,1970|1971-1975,M2,1970,E0_R1,tiling
Spain,1974,0,True,0.017070005121737404,1970|1971-1975,M2,1970,E0_R1,tiling
Spain,1975,1,True,0.017171196340665683,1970|1971-1975,M2,1970,E0_R1,tiling
Sweden,1971,0,True,1e-06,1970|1971-1975,M2,1970,E0_R1,tiling
Sweden,1972,0,True,1e-06,1970|1971-1975,M2,1970,E0_R1,tiling
Sweden,1973,0,True,1e-06,1970|1971-1975,M2,1970,E0_R1,tiling
Sweden,1974,0,True,1e-06,1970|1971-1975,M2,1970,E0_R1,tiling
Sweden,1975,0,True,1e-06,1970|1971-1975,M2,1970,E0_R1,tiling
Switzerland,1971,0,True,1e-06,1970|1971-1975,M2,1970,E0_R1,tiling
Switzerland,1972,0,True,1e-06,1970|1971-1975,M2,1970,E0_R1,tiling
Switzerland,1973,0,True,1e-06,1970|1971-1975,M2,1970,E0_R1,tiling
Switzerland,1974,0,True,1e-06,1970|1971-1975,M2,1970,E0_R1,tiling
Switzerland,1975,0,True,1e-06,1970|1971-1975,M2,1970,E0_R1,tiling
UK,1971,1,True,0.029569172236947588,1970|1971-1975,M2,1970,E0_R1,tiling
UK,1972,1,True,0.028120591391737882,1970|1971-1975,M2,1970,E0_R1,tiling
UK,1973,0,True,0.025262364486882072,1970|1971-1975,M2,1970,E0_R1,tiling
USA,1971,0,True,0.02651815654388454,1970|1971-1975,M2,1970,E0_R1,tiling
USA,1972,0,True,0.02577573469319156,1970|1971-1975,M2,1970,E0_R1,tiling
USA,1973,0,True,0.024612256830248074,1970|1971-1975,M2,1970,E0_R1,tiling
USA,1974,0,True,0.023085440104093285,1970|1971-1975,M2,1970,E0_R1,tiling
USA,1975,0,True,0.023921882734135716,1970|1971-1975,M2,1970,E0_R1,tiling
Australia,1976,0,True,0.002746627086847201,1975|1976-1980,M1,1975,E0_R1,tiling
Australia,1977,0,True,0.0016166734207186868,1975|1976-1980,M1,1975,E0_R1,tiling
Australia,1978,0,True,0.0013692185154289436,1975|1976-1980,M1,1975,E0_R1,tiling
Australia,1979,0,True,0.002603038364354462,1975|1976-1980,M1,1975,E0_R1,tiling
Australia,1980,0,True,0.0040402347156433035,1975|1976-1980,M1,1975,E0_R1,tiling
Belgium,1976,0,True,0.024794639295562193,1975|1976-1980,M1,1975,E0_R1,tiling
Belgium,1977,0,True,0.022635261518252795,1975|1976-1980,M1,1975,E0_R1,tiling
Belgium,1978,0,True,0.04311084479679478,1975|1976-1980,M1,1975,E0_R1,tiling
Belgium,1979,0,True,0.06700775819693734,1975|1976-1980,M1,1975,E0_R1,tiling
Canada,1976,0,True,0.00197643772595649,1975|1976-1980,M1,1975,E0_R1,tiling
Canada,1977,0,True,0.0027212922298605305,1975|1976-1980,M1,1975,E0_R1,tiling
Canada,1978,0,True,0.004797613593724353,1975|1976-1980,M1,1975,E0_R1,tiling
Canada,1979,0,True,0.006485220432734342,1975|1976-1980,M1,1975,E0_R1,tiling
Canada,1980,0,True,0.009108074769605365,1975|1976-1980,M1,1975,E0_R1,tiling
Denmark,1976,0,True,0.0005317902847539115,1975|1976-1980,M1,1975,E0_R1,tiling
Denmark,1977,0,True,0.002152728021779772,1975|1976-1980,M1,1975,E0_R1,tiling
Denmark,1978,0,True,0.004569009200126544,1975|1976-1980,M1,1975,E0_R1,tiling
Denmark,1979,0,True,0.007418116833534752,1975|1976-1980,M1,1975,E0_R1,tiling
Denmark,1980,0,True,0.04753147370880787,1975|1976-1980,M1,1975,E0_R1,tiling
Finland,1976,0,True,0.0002774041194116277,1975|1976-1980,M1,1975,E0_R1,tiling
Finland,1977,0,True,0.0005215477637205798,1975|1976-1980,M1,1975,E0_R1,tiling
Finland,1978,0,True,0.0010234037981214587,1975|1976-1980,M1,1975,E0_R1,tiling
Finland,1979,0,True,0.0010347482652042972,1975|1976-1980,M1,1975,E0_R1,tiling
Finland,1980,0,True,0.0009886464456152879,1975|1976-1980,M1,1975,E0_R1,tiling
France,1976,0,True,0.036539340403273286,1975|1976-1980,M1,1975,E0_R1,tiling
France,1977,0,True,0.04606835798152528,1975|1976-1980,M1,1975,E0_R1,tiling
France,1978,0,True,0.061853084798310164,1975|1976-1980,M1,1975,E0_R1,tiling
France,1979,0,True,0.04788955157435818,1975|1976-1980,M1,1975,E0_R1,tiling
France,1980,0,True,0.06572148683238703,1975|1976-1980,M1,1975,E0_R1,tiling
Germany,1976,0,True,0.019055212487176756,1975|1976-1980,M1,1975,E0_R1,tiling
Germany,1977,0,True,0.022879907866226647,1975|1976-1980,M1,1975,E0_R1,tiling
Germany,1978,0,True,0.020371023102852426,1975|1976-1980,M1,1975,E0_R1,tiling
Germany,1979,0,True,0.028443710224919816,1975|1976-1980,M1,1975,E0_R1,tiling
Germany,1980,0,True,0.07402813932423448,1975|1976-1980,M1,1975,E0_R1,tiling
Ireland,1976,0,True,0.0042343344415262385,1975|1976-1980,M1,1975,E0_R1,tiling
Ireland,1977,0,True,0.0010088308443459194,1975|1976-1980,M1,1975,E0_R1,tiling
Ireland,1978,1,True,0.0025275867098772174,1975|1976-1980,M1,1975,E0_R1,tiling
Ireland,1979,1,True,0.020088767903039723,1975|1976-1980,M1,1975,E0_R1,tiling
Ireland,1980,1,True,0.06857353358747044,1975|1976-1980,M1,1975,E0_R1,tiling
Italy,1980,0,True,0.07991294455029306,1975|1976-1980,M1,1975,E0_R1,tiling
Japan,1976,0,True,0.001524083574700333,1975|1976-1980,M1,1975,E0_R1,tiling
Japan,1977,0,True,0.001864043728409636,1975|1976-1980,M1,1975,E0_R1,tiling
Japan,1978,0,True,0.0023480788001675806,1975|1976-1980,M1,1975,E0_R1,tiling
Japan,1979,0,True,0.002560234162013007,1975|1976-1980,M1,1975,E0_R1,tiling
Japan,1980,0,True,0.0036637617166992895,1975|1976-1980,M1,1975,E0_R1,tiling
Netherlands,1976,0,True,0.013423535758264044,1975|1976-1980,M1,1975,E0_R1,tiling
Netherlands,1977,0,True,0.006597303369657813,1975|1976-1980,M1,1975,E0_R1,tiling
Netherlands,1978,0,True,0.009565822168736377,1975|1976-1980,M1,1975,E0_R1,tiling
Netherlands,1979,0,True,0.024032915601071736,1975|1976-1980,M1,1975,E0_R1,tiling
Netherlands,1980,0,True,0.05127069248352592,1975|1976-1980,M1,1975,E0_R1,tiling
Norway,1976,0,True,0.005660570710295976,1975|1976-1980,M1,1975,E0_R1,tiling
Norway,1977,0,True,0.010070843919888762,1975|1976-1980,M1,1975,E0_R1,tiling
Norway,1978,0,True,0.02969589683700361,1975|1976-1980,M1,1975,E0_R1,tiling
Norway,1979,0,True,0.02863824058970127,1975|1976-1980,M1,1975,E0_R1,tiling
Norway,1980,0,True,0.021234759159908204,1975|1976-1980,M1,1975,E0_R1,tiling
Portugal,1976,1,True,0.0533929740877069,1975|1976-1980,M1,1975,E0_R1,tiling
Portugal,1977,0,True,0.08675925495983058,1975|1976-1980,M1,1975,E0_R1,tiling
Spain,1976,1,True,0.05811781125813434,1975|1976-1980,M1,1975,E0_R1,tiling
Spain,1977,1,True,0.11286775989636515,1975|1976-1980,M1,1975,E0_R1,tiling
Spain,1978,0,True,0.0837530277537116,1975|1976-1980,M1,1975,E0_R1,tiling
Sweden,1976,0,True,0.0010585145484960112,1975|1976-1980,M1,1975,E0_R1,tiling
Sweden,1977,0,True,0.0018072385617551583,1975|1976-1980,M1,1975,E0_R1,tiling
Sweden,1978,0,True,0.003270790444445979,1975|1976-1980,M1,1975,E0_R1,tiling
Sweden,1979,0,True,0.003706877886174391,1975|1976-1980,M1,1975,E0_R1,tiling
Sweden,1980,0,True,0.004758067182113759,1975|1976-1980,M1,1975,E0_R1,tiling
Switzerland,1976,0,True,0.0021356835277486982,1975|1976-1980,M1,1975,E0_R1,tiling
Switzerland,1977,0,True,0.010162504404363441,1975|1976-1980,M1,1975,E0_R1,tiling
Switzerland,1978,0,True,0.005998175506141511,1975|1976-1980,M1,1975,E0_R1,tiling
Switzerland,1979,0,True,0.006545356636909398,1975|1976-1980,M1,1975,E0_R1,tiling
Switzerland,1980,0,True,0.00653717989921765,1975|1976-1980,M1,1975,E0_R1,tiling
UK,1979,0,True,0.031411152398972,1975|1976-1980,M1,1975,E0_R1,tiling
UK,1980,0,True,0.06667734741025723,1975|1976-1980,M1,1975,E0_R1,tiling
Australia,1976,0,True,1e-06,1975|1976-1980,M2,1975,E0_R1,tiling
Australia,1977,0,True,1e-06,1975|1976-1980,M2,1975,E0_R1,tiling
Australia,1978,0,True,1e-06,1975|1976-1980,M2,1975,E0_R1,tiling
Australia,1979,0,True,1e-06,1975|1976-1980,M2,1975,E0_R1,tiling
Australia,1980,0,True,1e-06,1975|1976-1980,M2,1975,E0_R1,tiling
Belgium,1976,0,True,0.02350999293879173,1975|1976-1980,M2,1975,E0_R1,tiling
Belgium,1977,0,True,0.026282579978191913,1975|1976-1980,M2,1975,E0_R1,tiling
Belgium,1978,0,True,0.029553863364399753,1975|1976-1980,M2,1975,E0_R1,tiling
Belgium,1979,0,True,0.033782287075586885,1975|1976-1980,M2,1975,E0_R1,tiling
Canada,1976,0,True,1e-06,1975|1976-1980,M2,1975,E0_R1,tiling
Canada,1977,0,True,1e-06,1975|1976-1980,M2,1975,E0_R1,tiling
Canada,1978,0,True,1e-06,1975|1976-1980,M2,1975,E0_R1,tiling
Canada,1979,0,True,1e-06,1975|1976-1980,M2,1975,E0_R1,tiling
Canada,1980,0,True,1e-06,1975|1976-1980,M2,1975,E0_R1,tiling
Denmark,1976,0,True,1e-06,1975|1976-1980,M2,1975,E0_R1,tiling
Denmark,1977,0,True,1e-06,1975|1976-1980,M2,1975,E0_R1,tiling
Denmark,1978,0,True,1e-06,1975|1976-1980,M2,1975,E0_R1,tiling
Denmark,1979,0,True,1e-06,1975|1976-1980,M2,1975,E0_R1,tiling
Denmark,1980,0,True,1e-06,1975|1976-1980,M2,1975,E0_R1,tiling
Finland,1976,0,True,1e-06,1975|1976-1980,M2,1975,E0_R1,tiling
Finland,1977,0,True,1e-06,1975|1976-1980,M2,1975,E0_R1,tiling
Finland,1978,0,True,1e-06,1975|1976-1980,M2,1975,E0_R1,tiling
Finland,1979,0,True,1e-06,1975|1976-1980,M2,1975,E0_R1,tiling
Finland,1980,0,True,1e-06,1975|1976-1980,M2,1975,E0_R1,tiling
France,1976,0,True,0.032640481974665535,1975|1976-1980,M2,1975,E0_R1,tiling
France,1977,0,True,0.032582614935933056,1975|1976-1980,M2,1975,E0_R1,tiling
France,1978,0,True,0.03378621062872231,1975|1976-1980,M2,1975,E0_R1,tiling
France,1979,0,True,0.03521915631870718,1975|1976-1980,M2,1975,E0_R1,tiling
France,1980,0,True,0.035908029533484175,1975|1976-1980,M2,1975,E0_R1,tiling
Germany,1976,0,True,0.019827455490521673,1975|1976-1980,M2,1975,E0_R1,tiling
Germany,1977,0,True,0.02109844268722894,1975|1976-1980,M2,1975,E0_R1,tiling
Germany,1978,0,True,0.02388397915289047,1975|1976-1980,M2,1975,E0_R1,tiling
Germany,1979,0,True,0.02540825856217412,1975|1976-1980,M2,1975,E0_R1,tiling
Germany,1980,0,True,0.027027124205504148,1975|1976-1980,M2,1975,E0_R1,tiling
Ireland,1976,0,True,1e-06,1975|1976-1980,M2,1975,E0_R1,tiling
Ireland,1977,0,True,1e-06,1975|1976-1980,M2,1975,E0_R1,tiling
Ireland,1978,1,True,1e-06,1975|1976-1980,M2,1975,E0_R1,tiling
Ireland,1979,1,True,1e-06,1975|1976-1980,M2,1975,E0_R1,tiling
Ireland,1980,1,True,1e-06,1975|1976-1980,M2,1975,E0_R1,tiling
Italy,1980,0,True,0.05145338643335576,1975|1976-1980,M2,1975,E0_R1,tiling
Japan,1976,0,True,1e-06,1975|1976-1980,M2,1975,E0_R1,tiling
Japan,1977,0,True,1e-06,1975|1976-1980,M2,1975,E0_R1,tiling
Japan,1978,0,True,1e-06,1975|1976-1980,M2,1975,E0_R1,tiling
Japan,1979,0,True,1e-06,1975|1976-1980,M2,1975,E0_R1,tiling
Japan,1980,0,True,1e-06,1975|1976-1980,M2,1975,E0_R1,tiling
Netherlands,1976,0,True,0.00939415311885544,1975|1976-1980,M2,1975,E0_R1,tiling
Netherlands,1977,0,True,0.009331961987156656,1975|1976-1980,M2,1975,E0_R1,tiling
Netherlands,1978,0,True,0.009789642400955513,1975|1976-1980,M2,1975,E0_R1,tiling
Netherlands,1979,0,True,0.010528048748126418,1975|1976-1980,M2,1975,E0_R1,tiling
Netherlands,1980,0,True,0.011587179423654198,1975|1976-1980,M2,1975,E0_R1,tiling
Norway,1976,0,True,1e-06,1975|1976-1980,M2,1975,E0_R1,tiling
Norway,1977,0,True,1e-06,1975|1976-1980,M2,1975,E0_R1,tiling
Norway,1978,0,True,1e-06,1975|1976-1980,M2,1975,E0_R1,tiling
Norway,1979,0,True,1e-06,1975|1976-1980,M2,1975,E0_R1,tiling
Norway,1980,0,True,1e-06,1975|1976-1980,M2,1975,E0_R1,tiling
Portugal,1976,1,True,0.03179983738208395,1975|1976-1980,M2,1975,E0_R1,tiling
Portugal,1977,0,True,0.03509338032771236,1975|1976-1980,M2,1975,E0_R1,tiling
Spain,1976,1,True,0.023318317168733886,1975|1976-1980,M2,1975,E0_R1,tiling
Spain,1977,1,True,0.023809834689689807,1975|1976-1980,M2,1975,E0_R1,tiling
Spain,1978,0,True,0.023871889201995598,1975|1976-1980,M2,1975,E0_R1,tiling
Sweden,1976,0,True,1e-06,1975|1976-1980,M2,1975,E0_R1,tiling
Sweden,1977,0,True,1e-06,1975|1976-1980,M2,1975,E0_R1,tiling
Sweden,1978,0,True,1e-06,1975|1976-1980,M2,1975,E0_R1,tiling
Sweden,1979,0,True,1e-06,1975|1976-1980,M2,1975,E0_R1,tiling
Sweden,1980,0,True,1e-06,1975|1976-1980,M2,1975,E0_R1,tiling
Switzerland,1976,0,True,1e-06,1975|1976-1980,M2,1975,E0_R1,tiling
Switzerland,1977,0,True,1e-06,1975|1976-1980,M2,1975,E0_R1,tiling
Switzerland,1978,0,True,1e-06,1975|1976-1980,M2,1975,E0_R1,tiling
Switzerland,1979,0,True,1e-06,1975|1976-1980,M2,1975,E0_R1,tiling
Switzerland,1980,0,True,1e-06,1975|1976-1980,M2,1975,E0_R1,tiling
UK,1979,0,True,0.04100108846466908,1975|1976-1980,M2,1975,E0_R1,tiling
UK,1980,0,True,0.037891237187286146,1975|1976-1980,M2,1975,E0_R1,tiling
USA,1976,0,True,0.025945661141907144,1975|1976-1980,M2,1975,E0_R1,tiling
USA,1977,0,True,0.02569692014675739,1975|1976-1980,M2,1975,E0_R1,tiling
USA,1978,0,True,0.02512552053854206,1975|1976-1980,M2,1975,E0_R1,tiling
USA,1979,0,True,0.023712468524600332,1975|1976-1980,M2,1975,E0_R1,tiling
USA,1980,0,True,0.023865563700942293,1975|1976-1980,M2,1975,E0_R1,tiling
Australia,1981,0,True,0.005050403404029435,1980|1981-1985,M1,1980,E0_R1,tiling
Australia,1982,0,True,0.005579127494997922,1980|1981-1985,M1,1980,E0_R1,tiling
Australia,1983,0,True,0.004091904556204967,1980|1981-1985,M1,1980,E0_R1,tiling
Australia,1984,0,True,0.0024931567855229248,1980|1981-1985,M1,1980,E0_R1,tiling
Australia,1985,0,True,0.0063797192551556265,1980|1981-1985,M1,1980,E0_R1,tiling
Belgium,1982,0,True,0.13275439486770133,1980|1981-1985,M1,1980,E0_R1,tiling
Belgium,1983,0,True,0.14113270231639863,1980|1981-1985,M1,1980,E0_R1,tiling
Belgium,1984,0,True,0.034813465898116715,1980|1981-1985,M1,1980,E0_R1,tiling
Belgium,1985,0,True,0.01996845638858181,1980|1981-1985,M1,1980,E0_R1,tiling
Canada,1981,0,True,0.009147839752150437,1980|1981-1985,M1,1980,E0_R1,tiling
Canada,1982,0,True,0.004510855520388447,1980|1981-1985,M1,1980,E0_R1,tiling
Canada,1983,0,True,0.001238162357918191,1980|1981-1985,M1,1980,E0_R1,tiling
Canada,1984,0,True,0.0013591368152941353,1980|1981-1985,M1,1980,E0_R1,tiling
Canada,1985,0,True,0.0026931630102379374,1980|1981-1985,M1,1980,E0_R1,tiling
Denmark,1981,0,True,0.2145419508055271,1980|1981-1985,M1,1980,E0_R1,tiling
Denmark,1982,0,True,0.5469598600684638,1980|1981-1985,M1,1980,E0_R1,tiling
Denmark,1983,0,True,0.7268076096084599,1980|1981-1985,M1,1980,E0_R1,tiling
Denmark,1984,0,True,0.7395735620104452,1980|1981-1985,M1,1980,E0_R1,tiling
Denmark,1985,0,True,0.5598864875527695,1980|1981-1985,M1,1980,E0_R1,tiling
Finland,1981,0,True,0.000869949123031811,1980|1981-1985,M1,1980,E0_R1,tiling
Finland,1982,0,True,0.0014992448919146177,1980|1981-1985,M1,1980,E0_R1,tiling
Finland,1983,0,True,0.002222401969369917,1980|1981-1985,M1,1980,E0_R1,tiling
Finland,1984,0,True,0.0017879992234327098,1980|1981-1985,M1,1980,E0_R1,tiling
Finland,1985,0,True,0.0016860427197200845,1980|1981-1985,M1,1980,E0_R1,tiling
France,1981,0,True,0.13708930476089098,1980|1981-1985,M1,1980,E0_R1,tiling
France,1982,0,True,0.13630250412235193,1980|1981-1985,M1,1980,E0_R1,tiling
France,1983,0,True,0.127341869649839,1980|1981-1985,M1,1980,E0_R1,tiling
France,1984,0,True,0.11552750422811546,1980|1981-1985,M1,1980,E0_R1,tiling
France,1985,0,True,0.06045825957826315,1980|1981-1985,M1,1980,E0_R1,tiling
Germany,1981,0,True,0.26954289091254496,1980|1981-1985,M1,1980,E0_R1,tiling
Germany,1982,0,True,0.25191477964563863,1980|1981-1985,M1,1980,E0_R1,tiling
Germany,1983,0,True,0.11819188637907038,1980|1981-1985,M1,1980,E0_R1,tiling
Germany,1984,0,True,0.10513602962973023,1980|1981-1985,M1,1980,E0_R1,tiling
Germany,1985,0,True,0.05530562063573536,1980|1981-1985,M1,1980,E0_R1,tiling
Ireland,1981,0,True,0.08329038317331398,1980|1981-1985,M1,1980,E0_R1,tiling
Italy,1981,0,True,0.16091017689933432,1980|1981-1985,M1,1980,E0_R1,tiling
Italy,1982,0,True,0.1733943236705197,1980|1981-1985,M1,1980,E0_R1,tiling
Italy,1983,0,True,0.1968787588692231,1980|1981-1985,M1,1980,E0_R1,tiling
Italy,1984,0,True,0.15637782223165642,1980|1981-1985,M1,1980,E0_R1,tiling
Italy,1985,0,True,0.16591922587802357,1980|1981-1985,M1,1980,E0_R1,tiling
Japan,1981,0,True,0.0059362304306888455,1980|1981-1985,M1,1980,E0_R1,tiling
Japan,1982,0,True,0.004501761983433103,1980|1981-1985,M1,1980,E0_R1,tiling
Japan,1983,0,True,0.005896662050001813,1980|1981-1985,M1,1980,E0_R1,tiling
Japan,1984,0,True,0.006248558769126577,1980|1981-1985,M1,1980,E0_R1,tiling
Japan,1985,0,True,0.004638684174525503,1980|1981-1985,M1,1980,E0_R1,tiling
Netherlands,1981,0,True,0.07795720221698253,1980|1981-1985,M1,1980,E0_R1,tiling
Netherlands,1982,0,True,0.07938772549367097,1980|1981-1985,M1,1980,E0_R1,tiling
Netherlands,1983,0,True,0.06610368961259168,1980|1981-1985,M1,1980,E0_R1,tiling
Netherlands,1984,0,True,0.07893242635769987,1980|1981-1985,M1,1980,E0_R1,tiling
Netherlands,1985,0,True,0.05863300623246437,1980|1981-1985,M1,1980,E0_R1,tiling
Norway,1981,0,True,0.005587406226484828,1980|1981-1985,M1,1980,E0_R1,tiling
Norway,1982,0,True,0.003728047480593991,1980|1981-1985,M1,1980,E0_R1,tiling
Norway,1983,0,True,0.002253929226708899,1980|1981-1985,M1,1980,E0_R1,tiling
Norway,1984,0,True,0.0019250084049689323,1980|1981-1985,M1,1980,E0_R1,tiling
Norway,1985,0,True,0.0014355604637261564,1980|1981-1985,M1,1980,E0_R1,tiling
Portugal,1983,0,True,0.44015828016875425,1980|1981-1985,M1,1980,E0_R1,tiling
Spain,1984,0,True,0.15879605802275576,1980|1981-1985,M1,1980,E0_R1,tiling
Spain,1985,0,True,0.08124698364729033,1980|1981-1985,M1,1980,E0_R1,tiling
Sweden,1981,0,True,0.015784390940881587,1980|1981-1985,M1,1980,E0_R1,tiling
Sweden,1982,0,True,0.022907310290393758,1980|1981-1985,M1,1980,E0_R1,tiling
Sweden,1983,0,True,0.060801103648312274,1980|1981-1985,M1,1980,E0_R1,tiling
Sweden,1984,0,True,0.039997960082980635,1980|1981-1985,M1,1980,E0_R1,tiling
Sweden,1985,0,True,0.026112390510782974,1980|1981-1985,M1,1980,E0_R1,tiling
Switzerland,1981,0,True,0.00778395501760995,1980|1981-1985,M1,1980,E0_R1,tiling
Switzerland,1982,0,True,0.004905994442495108,1980|1981-1985,M1,1980,E0_R1,tiling
Switzerland,1983,0,True,0.0026694717062370706,1980|1981-1985,M1,1980,E0_R1,tiling
Switzerland,1984,0,True,0.0034516630592902214,1980|1981-1985,M1,1980,E0_R1,tiling
Switzerland,1985,0,True,0.0019177676991552117,1980|1981-1985,M1,1980,E0_R1,tiling
UK,1981,0,True,0.07033330325607708,1980|1981-1985,M1,1980,E0_R1,tiling
UK,1982,0,True,0.03569843635336001,1980|1981-1985,M1,1980,E0_R1,tiling
UK,1983,0,True,0.028251184653640377,1980|1981-1985,M1,1980,E0_R1,tiling
UK,1984,0,True,0.04353319803526812,1980|1981-1985,M1,1980,E0_R1,tiling
UK,1985,0,True,0.05178831005914644,1980|1981-1985,M1,1980,E0_R1,tiling
Australia,1981,0,True,1e-06,1980|1981-1985,M2,1980,E0_R1,tiling
Australia,1982,0,True,1e-06,1980|1981-1985,M2,1980,E0_R1,tiling
Australia,1983,0,True,1e-06,1980|1981-1985,M2,1980,E0_R1,tiling
Australia,1984,0,True,1e-06,1980|1981-1985,M2,1980,E0_R1,tiling
Australia,1985,0,True,1e-06,1980|1981-1985,M2,1980,E0_R1,tiling
Belgium,1982,0,True,0.14908558899157215,1980|1981-1985,M2,1980,E0_R1,tiling
Belgium,1983,0,True,0.19553977223864105,1980|1981-1985,M2,1980,E0_R1,tiling
Belgium,1984,0,True,0.21717677302821253,1980|1981-1985,M2,1980,E0_R1,tiling
Belgium,1985,0,True,0.2427996744674608,1980|1981-1985,M2,1980,E0_R1,tiling
Canada,1981,0,True,1e-06,1980|1981-1985,M2,1980,E0_R1,tiling
Canada,1982,0,True,1e-06,1980|1981-1985,M2,1980,E0_R1,tiling
Canada,1983,0,True,1e-06,1980|1981-1985,M2,1980,E0_R1,tiling
Canada,1984,0,True,1e-06,1980|1981-1985,M2,1980,E0_R1,tiling
Canada,1985,0,True,1e-06,1980|1981-1985,M2,1980,E0_R1,tiling
Denmark,1981,0,True,1e-06,1980|1981-1985,M2,1980,E0_R1,tiling
Denmark,1982,0,True,1e-06,1980|1981-1985,M2,1980,E0_R1,tiling
Denmark,1983,0,True,1e-06,1980|1981-1985,M2,1980,E0_R1,tiling
Denmark,1984,0,True,1e-06,1980|1981-1985,M2,1980,E0_R1,tiling
Denmark,1985,0,True,1e-06,1980|1981-1985,M2,1980,E0_R1,tiling
Finland,1981,0,True,1e-06,1980|1981-1985,M2,1980,E0_R1,tiling
Finland,1982,0,True,1e-06,1980|1981-1985,M2,1980,E0_R1,tiling
Finland,1983,0,True,1e-06,1980|1981-1985,M2,1980,E0_R1,tiling
Finland,1984,0,True,1e-06,1980|1981-1985,M2,1980,E0_R1,tiling
Finland,1985,0,True,1e-06,1980|1981-1985,M2,1980,E0_R1,tiling
France,1981,0,True,0.04952672992364997,1980|1981-1985,M2,1980,E0_R1,tiling
France,1982,0,True,0.05154369455698635,1980|1981-1985,M2,1980,E0_R1,tiling
France,1983,0,True,0.05237661249710047,1980|1981-1985,M2,1980,E0_R1,tiling
France,1984,0,True,0.05391188513732792,1980|1981-1985,M2,1980,E0_R1,tiling
France,1985,0,True,0.05495782881502866,1980|1981-1985,M2,1980,E0_R1,tiling
Germany,1981,0,True,0.036935997714823664,1980|1981-1985,M2,1980,E0_R1,tiling
Germany,1982,0,True,0.04258075373730946,1980|1981-1985,M2,1980,E0_R1,tiling
Germany,1983,0,True,0.04463930226961304,1980|1981-1985,M2,1980,E0_R1,tiling
Germany,1984,0,True,0.04679250657813781,1980|1981-1985,M2,1980,E0_R1,tiling
Germany,1985,0,True,0.04679250657813781,1980|1981-1985,M2,1980,E0_R1,tiling
Ireland,1981,0,True,1e-06,1980|1981-1985,M2,1980,E0_R1,tiling
Italy,1981,0,True,0.07330153900466307,1980|1981-1985,M2,1980,E0_R1,tiling
Italy,1982,0,True,0.07903585839043578,1980|1981-1985,M2,1980,E0_R1,tiling
Italy,1983,0,True,0.08733288421722898,1980|1981-1985,M2,1980,E0_R1,tiling
Italy,1984,0,True,0.09528099681516226,1980|1981-1985,M2,1980,E0_R1,tiling
Italy,1985,0,True,0.10467702843628732,1980|1981-1985,M2,1980,E0_R1,tiling
Japan,1981,0,True,1e-06,1980|1981-1985,M2,1980,E0_R1,tiling
Japan,1982,0,True,1e-06,1980|1981-1985,M2,1980,E0_R1,tiling
Japan,1983,0,True,1e-06,1980|1981-1985,M2,1980,E0_R1,tiling
Japan,1984,0,True,1e-06,1980|1981-1985,M2,1980,E0_R1,tiling
Japan,1985,0,True,1e-06,1980|1981-1985,M2,1980,E0_R1,tiling
Netherlands,1981,0,True,0.025486068530309876,1980|1981-1985,M2,1980,E0_R1,tiling
Netherlands,1982,0,True,0.029790503559478525,1980|1981-1985,M2,1980,E0_R1,tiling
Netherlands,1983,0,True,0.03522929205293267,1980|1981-1985,M2,1980,E0_R1,tiling
Netherlands,1984,0,True,0.038787729308370364,1980|1981-1985,M2,1980,E0_R1,tiling
Netherlands,1985,0,True,0.04483624242271521,1980|1981-1985,M2,1980,E0_R1,tiling
Norway,1981,0,True,1e-06,1980|1981-1985,M2,1980,E0_R1,tiling
Norway,1982,0,True,1e-06,1980|1981-1985,M2,1980,E0_R1,tiling
Norway,1983,0,True,1e-06,1980|1981-1985,M2,1980,E0_R1,tiling
Norway,1984,0,True,1e-06,1980|1981-1985,M2,1980,E0_R1,tiling
Norway,1985,0,True,1e-06,1980|1981-1985,M2,1980,E0_R1,tiling
Portugal,1983,0,True,0.11273403083040189,1980|1981-1985,M2,1980,E0_R1,tiling
Spain,1984,0,True,0.08110194116515172,1980|1981-1985,M2,1980,E0_R1,tiling
Spain,1985,0,True,0.08695666226148877,1980|1981-1985,M2,1980,E0_R1,tiling
Sweden,1981,0,True,1e-06,1980|1981-1985,M2,1980,E0_R1,tiling
Sweden,1982,0,True,1e-06,1980|1981-1985,M2,1980,E0_R1,tiling
Sweden,1983,0,True,1e-06,1980|1981-1985,M2,1980,E0_R1,tiling
Sweden,1984,0,True,1e-06,1980|1981-1985,M2,1980,E0_R1,tiling
Sweden,1985,0,True,1e-06,1980|1981-1985,M2,1980,E0_R1,tiling
Switzerland,1981,0,True,1e-06,1980|1981-1985,M2,1980,E0_R1,tiling
Switzerland,1982,0,True,1e-06,1980|1981-1985,M2,1980,E0_R1,tiling
Switzerland,1983,0,True,1e-06,1980|1981-1985,M2,1980,E0_R1,tiling
Switzerland,1984,0,True,1e-06,1980|1981-1985,M2,1980,E0_R1,tiling
Switzerland,1985,0,True,1e-06,1980|1981-1985,M2,1980,E0_R1,tiling
UK,1981,0,True,0.05052185929405718,1980|1981-1985,M2,1980,E0_R1,tiling
UK,1982,0,True,0.049674712107448414,1980|1981-1985,M2,1980,E0_R1,tiling
UK,1983,0,True,0.049095316296276864,1980|1981-1985,M2,1980,E0_R1,tiling
UK,1984,0,True,0.04928322720852343,1980|1981-1985,M2,1980,E0_R1,tiling
UK,1985,0,True,0.04883290378384183,1980|1981-1985,M2,1980,E0_R1,tiling
USA,1981,0,True,0.025587677025761774,1980|1981-1985,M2,1980,E0_R1,tiling
USA,1982,0,True,0.027335085029057536,1980|1981-1985,M2,1980,E0_R1,tiling
USA,1983,0,True,0.03055969468361956,1980|1981-1985,M2,1980,E0_R1,tiling
USA,1984,0,True,0.031263279872312776,1980|1981-1985,M2,1980,E0_R1,tiling
USA,1985,0,True,0.03372352578648421,1980|1981-1985,M2,1980,E0_R1,tiling
Australia,1986,0,True,0.014681889110287468,1985|1986-1990,M1,1985,E0_R1,tiling
Australia,1987,0,True,0.00941518515724342,1985|1986-1990,M1,1985,E0_R1,tiling
Australia,1988,0,True,0.006598519976893128,1985|1986-1990,M1,1985,E0_R1,tiling
Australia,1989,0,True,0.013812613329883029,1985|1986-1990,M1,1985,E0_R1,tiling
Australia,1990,0,True,0.009537442469465729,1985|1986-1990,M1,1985,E0_R1,tiling
Belgium,1986,0,True,0.13051171709444173,1985|1986-1990,M1,1985,E0_R1,tiling
Belgium,1987,0,True,0.09595745615808986,1985|1986-1990,M1,1985,E0_R1,tiling
Belgium,1988,0,True,0.10463262937554617,1985|1986-1990,M1,1985,E0_R1,tiling
Belgium,1989,0,True,0.12125646655414775,1985|1986-1990,M1,1985,E0_R1,tiling
Belgium,1990,0,True,0.04847167575826893,1985|1986-1990,M1,1985,E0_R1,tiling
Canada,1986,0,True,0.004645856936695121,1985|1986-1990,M1,1985,E0_R1,tiling
Canada,1987,0,True,0.005141098544503402,1985|1986-1990,M1,1985,E0_R1,tiling
Canada,1988,0,True,0.005507365714738522,1985|1986-1990,M1,1985,E0_R1,tiling
Canada,1989,0,True,0.007377831629936011,1985|1986-1990,M1,1985,E0_R1,tiling
Canada,1990,0,True,0.007888467307425484,1985|1986-1990,M1,1985,E0_R1,tiling
Denmark,1986,0,True,0.13379311392730592,1985|1986-1990,M1,1985,E0_R1,tiling
Denmark,1987,0,True,0.12303674246053846,1985|1986-1990,M1,1985,E0_R1,tiling
Denmark,1988,0,True,0.10906421117025404,1985|1986-1990,M1,1985,E0_R1,tiling
Denmark,1989,0,True,0.09907567836501029,1985|1986-1990,M1,1985,E0_R1,tiling
Denmark,1990,0,True,0.0923422296036714,1985|1986-1990,M1,1985,E0_R1,tiling
Finland,1986,0,True,0.0027355349668985165,1985|1986-1990,M1,1985,E0_R1,tiling
Finland,1987,0,True,0.004571208447354747,1985|1986-1990,M1,1985,E0_R1,tiling
Finland,1988,0,True,0.002675596023843324,1985|1986-1990,M1,1985,E0_R1,tiling
Finland,1989,0,True,0.001623977138312383,1985|1986-1990,M1,1985,E0_R1,tiling
Finland,1990,0,True,0.0018167684301902656,1985|1986-1990,M1,1985,E0_R1,tiling
France,1986,0,True,0.03939029061167056,1985|1986-1990,M1,1985,E0_R1,tiling
France,1987,0,True,0.04649971182552104,1985|1986-1990,M1,1985,E0_R1,tiling
France,1988,0,True,0.06345934584229129,1985|1986-1990,M1,1985,E0_R1,tiling
France,1989,0,True,0.07922598438413152,1985|1986-1990,M1,1985,E0_R1,tiling
France,1990,0,True,0.0857215387833727,1985|1986-1990,M1,1985,E0_R1,tiling
Germany,1986,0,True,0.024008388433097997,1985|1986-1990,M1,1985,E0_R1,tiling
Germany,1987,0,True,0.02363528934228441,1985|1986-1990,M1,1985,E0_R1,tiling
Germany,1988,0,True,0.026121895387752878,1985|1986-1990,M1,1985,E0_R1,tiling
Germany,1989,0,True,0.022529874001910175,1985|1986-1990,M1,1985,E0_R1,tiling
Germany,1990,0,True,0.0219547051078061,1985|1986-1990,M1,1985,E0_R1,tiling
Ireland,1987,0,True,0.8504247814158211,1985|1986-1990,M1,1985,E0_R1,tiling
Ireland,1988,0,True,0.7817565431322884,1985|1986-1990,M1,1985,E0_R1,tiling
Ireland,1989,0,True,0.51675772210914,1985|1986-1990,M1,1985,E0_R1,tiling
Ireland,1990,0,True,0.4438244363949084,1985|1986-1990,M1,1985,E0_R1,tiling
Italy,1986,0,True,0.17591671430426892,1985|1986-1990,M1,1985,E0_R1,tiling
Italy,1987,0,True,0.18201838633131562,1985|1986-1990,M1,1985,E0_R1,tiling
Italy,1988,0,True,0.19750602083120983,1985|1986-1990,M1,1985,E0_R1,tiling
Italy,1989,0,True,0.152510626733773,1985|1986-1990,M1,1985,E0_R1,tiling
Italy,1990,0,True,0.14775786655223652,1985|1986-1990,M1,1985,E0_R1,tiling
Japan,1986,0,True,0.005252014776126484,1985|1986-1990,M1,1985,E0_R1,tiling
Japan,1987,0,True,0.005711209839315004,1985|1986-1990,M1,1985,E0_R1,tiling
Japan,1988,0,True,0.00530831698959311,1985|1986-1990,M1,1985,E0_R1,tiling
Japan,1989,0,True,0.004739757383357762,1985|1986-1990,M1,1985,E0_R1,tiling
Japan,1990,0,True,0.0034360495050981092,1985|1986-1990,M1,1985,E0_R1,tiling
Netherlands,1986,0,True,0.06617758668124617,1985|1986-1990,M1,1985,E0_R1,tiling
Netherlands,1987,0,True,0.0815757335274228,1985|1986-1990,M1,1985,E0_R1,tiling
Netherlands,1988,0,True,0.09379255645434523,1985|1986-1990,M1,1985,E0_R1,tiling
Netherlands,1989,0,True,0.12058123403048585,1985|1986-1990,M1,1985,E0_R1,tiling
Netherlands,1990,0,True,0.1063712547196119,1985|1986-1990,M1,1985,E0_R1,tiling
Norway,1986,0,True,0.0034378588054614603,1985|1986-1990,M1,1985,E0_R1,tiling
Norway,1987,0,True,0.003020579344085271,1985|1986-1990,M1,1985,E0_R1,tiling
Norway,1988,0,True,0.0037111882347383896,1985|1986-1990,M1,1985,E0_R1,tiling
Norway,1989,0,True,0.0030717834766842062,1985|1986-1990,M1,1985,E0_R1,tiling
Norway,1990,0,True,0.0022388274692509117,1985|1986-1990,M1,1985,E0_R1,tiling
Portugal,1989,0,True,0.12083245095724493,1985|1986-1990,M1,1985,E0_R1,tiling
Portugal,1990,0,True,0.1625680765182981,1985|1986-1990,M1,1985,E0_R1,tiling
Spain,1986,0,True,0.060011826849479616,1985|1986-1990,M1,1985,E0_R1,tiling
Spain,1987,0,True,0.06531356285425938,1985|1986-1990,M1,1985,E0_R1,tiling
Spain,1988,0,True,0.07602256420051798,1985|1986-1990,M1,1985,E0_R1,tiling
Spain,1989,0,True,0.13577741801579613,1985|1986-1990,M1,1985,E0_R1,tiling
Spain,1990,0,True,0.19410021143245085,1985|1986-1990,M1,1985,E0_R1,tiling
Sweden,1986,0,True,0.02555113241299381,1985|1986-1990,M1,1985,E0_R1,tiling
Sweden,1987,0,True,0.013624606391389276,1985|1986-1990,M1,1985,E0_R1,tiling
Sweden,1988,0,True,0.009357931224666742,1985|1986-1990,M1,1985,E0_R1,tiling
Sweden,1989,0,True,0.006432655987474281,1985|1986-1990,M1,1985,E0_R1,tiling
Sweden,1990,0,True,0.006104826312978122,1985|1986-1990,M1,1985,E0_R1,tiling
Switzerland,1986,0,True,0.0008958332306192037,1985|1986-1990,M1,1985,E0_R1,tiling
Switzerland,1987,0,True,0.0012068049673844598,1985|1986-1990,M1,1985,E0_R1,tiling
Switzerland,1988,0,True,0.002265264304896592,1985|1986-1990,M1,1985,E0_R1,tiling
Switzerland,1989,0,True,0.003432348155232206,1985|1986-1990,M1,1985,E0_R1,tiling
Switzerland,1990,0,True,0.003034446024863287,1985|1986-1990,M1,1985,E0_R1,tiling
UK,1986,0,True,0.04672151553125536,1985|1986-1990,M1,1985,E0_R1,tiling
UK,1987,0,True,0.04590950970388557,1985|1986-1990,M1,1985,E0_R1,tiling
UK,1988,0,True,0.05779135027585203,1985|1986-1990,M1,1985,E0_R1,tiling
UK,1989,0,True,0.08989445057288332,1985|1986-1990,M1,1985,E0_R1,tiling
UK,1990,0,True,0.10535557316656619,1985|1986-1990,M1,1985,E0_R1,tiling
Australia,1986,0,True,1e-06,1985|1986-1990,M2,1985,E0_R1,tiling
Australia,1987,0,True,1e-06,1985|1986-1990,M2,1985,E0_R1,tiling
Australia,1988,0,True,1e-06,1985|1986-1990,M2,1985,E0_R1,tiling
Australia,1989,0,True,1e-06,1985|1986-1990,M2,1985,E0_R1,tiling
Australia,1990,0,True,1e-06,1985|1986-1990,M2,1985,E0_R1,tiling
Belgium,1986,0,True,0.28649458589524096,1985|1986-1990,M2,1985,E0_R1,tiling
Belgium,1987,0,True,0.31859850901727055,1985|1986-1990,M2,1985,E0_R1,tiling
Belgium,1988,0,True,0.32154370104758906,1985|1986-1990,M2,1985,E0_R1,tiling
Belgium,1989,0,True,0.2983947677979991,1985|1986-1990,M2,1985,E0_R1,tiling
Belgium,1990,0,True,0.32598817423144,1985|1986-1990,M2,1985,E0_R1,tiling
Canada,1986,0,True,1e-06,1985|1986-1990,M2,1985,E0_R1,tiling
Canada,1987,0,True,1e-06,1985|1986-1990,M2,1985,E0_R1,tiling
Canada,1988,0,True,1e-06,1985|1986-1990,M2,1985,E0_R1,tiling
Canada,1989,0,True,1e-06,1985|1986-1990,M2,1985,E0_R1,tiling
Canada,1990,0,True,1e-06,1985|1986-1990,M2,1985,E0_R1,tiling
Denmark,1986,0,True,1e-06,1985|1986-1990,M2,1985,E0_R1,tiling
Denmark,1987,0,True,1e-06,1985|1986-1990,M2,1985,E0_R1,tiling
Denmark,1988,0,True,1e-06,1985|1986-1990,M2,1985,E0_R1,tiling
Denmark,1989,0,True,1e-06,1985|1986-1990,M2,1985,E0_R1,tiling
Denmark,1990,0,True,1e-06,1985|1986-1990,M2,1985,E0_R1,tiling
Finland,1986,0,True,1e-06,1985|1986-1990,M2,1985,E0_R1,tiling
Finland,1987,0,True,1e-06,1985|1986-1990,M2,1985,E0_R1,tiling
Finland,1988,0,True,1e-06,1985|1986-1990,M2,1985,E0_R1,tiling
Finland,1989,0,True,1e-06,1985|1986-1990,M2,1985,E0_R1,tiling
Finland,1990,0,True,1e-06,1985|1986-1990,M2,1985,E0_R1,tiling
France,1986,0,True,0.04997098904080821,1985|1986-1990,M2,1985,E0_R1,tiling
France,1987,0,True,0.05148992651399006,1985|1986-1990,M2,1985,E0_R1,tiling
France,1988,0,True,0.051405271311884174,1985|1986-1990,M2,1985,E0_R1,tiling
France,1989,0,True,0.05188567991421093,1985|1986-1990,M2,1985,E0_R1,tiling
France,1990,0,True,0.052640617540163144,1985|1986-1990,M2,1985,E0_R1,tiling
Germany,1986,0,True,0.04400822220964214,1985|1986-1990,M2,1985,E0_R1,tiling
Germany,1987,0,True,0.04891190225870436,1985|1986-1990,M2,1985,E0_R1,tiling
Germany,1988,0,True,0.04891190225870436,1985|1986-1990,M2,1985,E0_R1,tiling
Germany,1989,0,True,0.04400822220964214,1985|1986-1990,M2,1985,E0_R1,tiling
Germany,1990,0,True,0.04891190225870436,1985|1986-1990,M2,1985,E0_R1,tiling
Ireland,1987,0,True,0.7249784232568478,1985|1986-1990,M2,1985,E0_R1,tiling
Ireland,1988,0,True,0.7117611160713933,1985|1986-1990,M2,1985,E0_R1,tiling
Ireland,1989,0,True,0.5890568738970048,1985|1986-1990,M2,1985,E0_R1,tiling
Ireland,1990,0,True,0.475227508173901,1985|1986-1990,M2,1985,E0_R1,tiling
Italy,1986,0,True,0.10710879594803331,1985|1986-1990,M2,1985,E0_R1,tiling
Italy,1987,0,True,0.11467911298044138,1985|1986-1990,M2,1985,E0_R1,tiling
Italy,1988,0,True,0.11806982079466567,1985|1986-1990,M2,1985,E0_R1,tiling
Italy,1989,0,True,0.12312975698136068,1985|1986-1990,M2,1985,E0_R1,tiling
Italy,1990,0,True,0.12708506834884853,1985|1986-1990,M2,1985,E0_R1,tiling
Japan,1986,0,True,1e-06,1985|1986-1990,M2,1985,E0_R1,tiling
Japan,1987,0,True,1e-06,1985|1986-1990,M2,1985,E0_R1,tiling
Japan,1988,0,True,1e-06,1985|1986-1990,M2,1985,E0_R1,tiling
Japan,1989,0,True,1e-06,1985|1986-1990,M2,1985,E0_R1,tiling
Japan,1990,0,True,1e-06,1985|1986-1990,M2,1985,E0_R1,tiling
Netherlands,1986,0,True,0.04517955054142121,1985|1986-1990,M2,1985,E0_R1,tiling
Netherlands,1987,0,True,0.04828548279971681,1985|1986-1990,M2,1985,E0_R1,tiling
Netherlands,1988,0,True,0.051866423419172504,1985|1986-1990,M2,1985,E0_R1,tiling
Netherlands,1989,0,True,0.05194428108897849,1985|1986-1990,M2,1985,E0_R1,tiling
Netherlands,1990,0,True,0.05218739278296278,1985|1986-1990,M2,1985,E0_R1,tiling
Norway,1986,0,True,1e-06,1985|1986-1990,M2,1985,E0_R1,tiling
Norway,1987,0,True,1e-06,1985|1986-1990,M2,1985,E0_R1,tiling
Norway,1988,0,True,1e-06,1985|1986-1990,M2,1985,E0_R1,tiling
Norway,1989,0,True,1e-06,1985|1986-1990,M2,1985,E0_R1,tiling
Norway,1990,0,True,1e-06,1985|1986-1990,M2,1985,E0_R1,tiling
Portugal,1989,0,True,0.14500869523211687,1985|1986-1990,M2,1985,E0_R1,tiling
Portugal,1990,0,True,0.14787542374955798,1985|1986-1990,M2,1985,E0_R1,tiling
Spain,1986,0,True,0.08375638591187484,1985|1986-1990,M2,1985,E0_R1,tiling
Spain,1987,0,True,0.08416350326079268,1985|1986-1990,M2,1985,E0_R1,tiling
Spain,1988,0,True,0.0797128792605006,1985|1986-1990,M2,1985,E0_R1,tiling
Spain,1989,0,True,0.08141722526122101,1985|1986-1990,M2,1985,E0_R1,tiling
Spain,1990,0,True,0.08362129352935785,1985|1986-1990,M2,1985,E0_R1,tiling
Sweden,1986,0,True,1e-06,1985|1986-1990,M2,1985,E0_R1,tiling
Sweden,1987,0,True,1e-06,1985|1986-1990,M2,1985,E0_R1,tiling
Sweden,1988,0,True,1e-06,1985|1986-1990,M2,1985,E0_R1,tiling
Sweden,1989,0,True,1e-06,1985|1986-1990,M2,1985,E0_R1,tiling
Sweden,1990,0,True,1e-06,1985|1986-1990,M2,1985,E0_R1,tiling
Switzerland,1986,0,True,1e-06,1985|1986-1990,M2,1985,E0_R1,tiling
Switzerland,1987,0,True,1e-06,1985|1986-1990,M2,1985,E0_R1,tiling
Switzerland,1988,0,True,1e-06,1985|1986-1990,M2,1985,E0_R1,tiling
Switzerland,1989,0,True,1e-06,1985|1986-1990,M2,1985,E0_R1,tiling
Switzerland,1990,0,True,1e-06,1985|1986-1990,M2,1985,E0_R1,tiling
UK,1986,0,True,0.043812407196084494,1985|1986-1990,M2,1985,E0_R1,tiling
UK,1987,0,True,0.04290649723522123,1985|1986-1990,M2,1985,E0_R1,tiling
UK,1988,0,True,0.04187545264987847,1985|1986-1990,M2,1985,E0_R1,tiling
UK,1989,0,True,0.03987065334797845,1985|1986-1990,M2,1985,E0_R1,tiling
UK,1990,0,True,0.038189461444458575,1985|1986-1990,M2,1985,E0_R1,tiling
USA,1986,0,True,0.03551741873009054,1985|1986-1990,M2,1985,E0_R1,tiling
USA,1987,0,True,0.037986309222236135,1985|1986-1990,M2,1985,E0_R1,tiling
USA,1988,0,True,0.0395017859560798,1985|1986-1990,M2,1985,E0_R1,tiling
USA,1989,0,True,0.04061958973150234,1985|1986-1990,M2,1985,E0_R1,tiling
USA,1990,0,True,0.04391277166020347,1985|1986-1990,M2,1985,E0_R1,tiling
Australia,1991,0,True,0.05299042077398836,1990|1991-1995,M1,1990,E0_R1,tiling
Australia,1992,0,True,0.051788649574821724,1990|1991-1995,M1,1990,E0_R1,tiling
Australia,1993,0,True,0.052052684190892116,1990|1991-1995,M1,1990,E0_R1,tiling
Australia,1994,0,True,0.05448282151879124,1990|1991-1995,M1,1990,E0_R1,tiling
Australia,1995,0,True,0.057086026538646695,1990|1991-1995,M1,1990,E0_R1,tiling
Belgium,1991,0,True,0.07150874393411925,1990|1991-1995,M1,1990,E0_R1,tiling
Belgium,1992,0,True,0.07078739765550644,1990|1991-1995,M1,1990,E0_R1,tiling
Belgium,1993,0,True,0.07063419282347158,1990|1991-1995,M1,1990,E0_R1,tiling
Belgium,1994,0,True,0.06825326317308235,1990|1991-1995,M1,1990,E0_R1,tiling
Belgium,1995,0,True,0.06627374274831505,1990|1991-1995,M1,1990,E0_R1,tiling
Canada,1991,0,True,0.06837079774192037,1990|1991-1995,M1,1990,E0_R1,tiling
Canada,1992,0,True,0.06827560060160728,1990|1991-1995,M1,1990,E0_R1,tiling
Canada,1993,0,True,0.07117089015052883,1990|1991-1995,M1,1990,E0_R1,tiling
Canada,1994,0,True,0.06926607390413186,1990|1991-1995,M1,1990,E0_R1,tiling
Canada,1995,0,True,0.07149511077747467,1990|1991-1995,M1,1990,E0_R1,tiling
Denmark,1991,0,True,0.0666985523055766,1990|1991-1995,M1,1990,E0_R1,tiling
Denmark,1992,0,True,0.0633035721626022,1990|1991-1995,M1,1990,E0_R1,tiling
Denmark,1993,0,True,0.06171955373862177,1990|1991-1995,M1,1990,E0_R1,tiling
Denmark,1994,0,True,0.06060296748247558,1990|1991-1995,M1,1990,E0_R1,tiling
Denmark,1995,0,True,0.06493880802919676,1990|1991-1995,M1,1990,E0_R1,tiling
Finland,1991,0,True,0.08400573932649594,1990|1991-1995,M1,1990,E0_R1,tiling
Finland,1992,0,True,0.14408878015213744,1990|1991-1995,M1,1990,E0_R1,tiling
Finland,1993,0,True,0.2171096008309304,1990|1991-1995,M1,1990,E0_R1,tiling
Finland,1994,0,True,0.22150036079197652,1990|1991-1995,M1,1990,E0_R1,tiling
Finland,1995,0,True,0.2052933507686184,1990|1991-1995,M1,1990,E0_R1,tiling
France,1991,0,True,0.05874546230111871,1990|1991-1995,M1,1990,E0_R1,tiling
France,1992,0,True,0.05819383964949136,1990|1991-1995,M1,1990,E0_R1,tiling
France,1993,0,True,0.057605869339536486,1990|1991-1995,M1,1990,E0_R1,tiling
France,1994,0,True,0.056901669786822394,1990|1991-1995,M1,1990,E0_R1,tiling
France,1995,0,True,0.0577483752243245,1990|1991-1995,M1,1990,E0_R1,tiling
Germany,1991,0,True,0.06172380132570131,1990|1991-1995,M1,1990,E0_R1,tiling
Germany,1992,0,True,0.07138254888440326,1990|1991-1995,M1,1990,E0_R1,tiling
Germany,1993,0,True,0.08329578297354126,1990|1991-1995,M1,1990,E0_R1,tiling
Germany,1994,0,True,0.08545272192798387,1990|1991-1995,M1,1990,E0_R1,tiling
Germany,1995,0,True,0.09155935686181897,1990|1991-1995,M1,1990,E0_R1,tiling
Ireland,1991,0,True,0.07608376739208098,1990|1991-1995,M1,1990,E0_R1,tiling
Ireland,1992,0,True,0.07192967758443211,1990|1991-1995,M1,1990,E0_R1,tiling
Ireland,1993,0,True,0.06958241781145462,1990|1991-1995,M1,1990,E0_R1,tiling
Ireland,1994,0,True,0.0651607064834336,1990|1991-1995,M1,1990,E0_R1,tiling
Ireland,1995,0,True,0.060098890527578774,1990|1991-1995,M1,1990,E0_R1,tiling
Italy,1991,0,True,0.06878274378523207,1990|1991-1995,M1,1990,E0_R1,tiling
Italy,1992,0,True,0.06517151397836746,1990|1991-1995,M1,1990,E0_R1,tiling
Italy,1993,0,True,0.06432845446068935,1990|1991-1995,M1,1990,E0_R1,tiling
Italy,1994,0,True,0.06189767165828904,1990|1991-1995,M1,1990,E0_R1,tiling
Italy,1995,0,True,0.06261544180167247,1990|1991-1995,M1,1990,E0_R1,tiling
Japan,1991,0,True,0.06320517661909945,1990|1991-1995,M1,1990,E0_R1,tiling
Japan,1992,0,True,0.063506268495924,1990|1991-1995,M1,1990,E0_R1,tiling
Japan,1993,0,True,0.06383924789786799,1990|1991-1995,M1,1990,E0_R1,tiling
Japan,1994,0,True,0.06704958838350103,1990|1991-1995,M1,1990,E0_R1,tiling
Japan,1995,0,True,0.07250056437673985,1990|1991-1995,M1,1990,E0_R1,tiling
Netherlands,1991,0,True,0.05773090822699656,1990|1991-1995,M1,1990,E0_R1,tiling
Netherlands,1992,0,True,0.058679127887940545,1990|1991-1995,M1,1990,E0_R1,tiling
Netherlands,1993,0,True,0.057785181519644735,1990|1991-1995,M1,1990,E0_R1,tiling
Netherlands,1994,0,True,0.055933644502135324,1990|1991-1995,M1,1990,E0_R1,tiling
Netherlands,1995,0,True,0.05418065108370349,1990|1991-1995,M1,1990,E0_R1,tiling
Norway,1991,0,True,0.05165975709360046,1990|1991-1995,M1,1990,E0_R1,tiling
Norway,1992,0,True,0.05432178671322085,1990|1991-1995,M1,1990,E0_R1,tiling
Norway,1993,0,True,0.06261578637677645,1990|1991-1995,M1,1990,E0_R1,tiling
Norway,1994,0,True,0.059839120360781047,1990|1991-1995,M1,1990,E0_R1,tiling
Norway,1995,0,True,0.05762863236988761,1990|1991-1995,M1,1990,E0_R1,tiling
Portugal,1991,0,True,0.0583379773942287,1990|1991-1995,M1,1990,E0_R1,tiling
Portugal,1992,0,True,0.0560170387263358,1990|1991-1995,M1,1990,E0_R1,tiling
Portugal,1993,0,True,0.057159849619231096,1990|1991-1995,M1,1990,E0_R1,tiling
Portugal,1994,0,True,0.05873604076745882,1990|1991-1995,M1,1990,E0_R1,tiling
Portugal,1995,0,True,0.0599506206349953,1990|1991-1995,M1,1990,E0_R1,tiling
Spain,1991,0,True,0.06956277849327891,1990|1991-1995,M1,1990,E0_R1,tiling
Spain,1992,0,True,0.07043707643848611,1990|1991-1995,M1,1990,E0_R1,tiling
Spain,1993,0,True,0.06979551614091141,1990|1991-1995,M1,1990,E0_R1,tiling
Spain,1994,0,True,0.0685855061571811,1990|1991-1995,M1,1990,E0_R1,tiling
Spain,1995,0,True,0.06578559988162058,1990|1991-1995,M1,1990,E0_R1,tiling
Sweden,1991,0,True,0.07372358656500155,1990|1991-1995,M1,1990,E0_R1,tiling
Sweden,1992,0,True,0.07861082993490924,1990|1991-1995,M1,1990,E0_R1,tiling
Sweden,1993,0,True,0.08740318510693136,1990|1991-1995,M1,1990,E0_R1,tiling
Sweden,1994,0,True,0.09208533273511883,1990|1991-1995,M1,1990,E0_R1,tiling
Sweden,1995,0,True,0.09157761565726379,1990|1991-1995,M1,1990,E0_R1,tiling
Switzerland,1991,0,True,0.05344377370931023,1990|1991-1995,M1,1990,E0_R1,tiling
Switzerland,1992,0,True,0.053131410064849956,1990|1991-1995,M1,1990,E0_R1,tiling
Switzerland,1993,0,True,0.050681490382689036,1990|1991-1995,M1,1990,E0_R1,tiling
Switzerland,1994,0,True,0.049164200756461204,1990|1991-1995,M1,1990,E0_R1,tiling
Switzerland,1995,0,True,0.050975041502498326,1990|1991-1995,M1,1990,E0_R1,tiling
UK,1991,0,True,0.05952044745610382,1990|1991-1995,M1,1990,E0_R1,tiling
UK,1992,0,True,0.05699580220569194,1990|1991-1995,M1,1990,E0_R1,tiling
UK,1993,0,True,0.055391880385633856,1990|1991-1995,M1,1990,E0_R1,tiling
UK,1994,0,True,0.0548971487932675,1990|1991-1995,M1,1990,E0_R1,tiling
UK,1995,0,True,0.0561100159782716,1990|1991-1995,M1,1990,E0_R1,tiling
Australia,1991,0,True,1e-06,1990|1991-1995,M2,1990,E0_R1,tiling
Australia,1992,0,True,1e-06,1990|1991-1995,M2,1990,E0_R1,tiling
Australia,1993,0,True,1e-06,1990|1991-1995,M2,1990,E0_R1,tiling
Australia,1994,0,True,1e-06,1990|1991-1995,M2,1990,E0_R1,tiling
Australia,1995,0,True,1e-06,1990|1991-1995,M2,1990,E0_R1,tiling
Belgium,1991,0,True,0.19856648798991067,1990|1991-1995,M2,1990,E0_R1,tiling
Belgium,1992,0,True,0.20525608106085758,1990|1991-1995,M2,1990,E0_R1,tiling
Belgium,1993,0,True,0.22997470961685784,1990|1991-1995,M2,1990,E0_R1,tiling
Belgium,1994,0,True,0.2209137214111296,1990|1991-1995,M2,1990,E0_R1,tiling
Belgium,1995,0,True,0.21254535916188722,1990|1991-1995,M2,1990,E0_R1,tiling
Canada,1991,0,True,1e-06,1990|1991-1995,M2,1990,E0_R1,tiling
Canada,1992,0,True,1e-06,1990|1991-1995,M2,1990,E0_R1,tiling
Canada,1993,0,True,1e-06,1990|1991-1995,M2,1990,E0_R1,tiling
Canada,1994,0,True,1e-06,1990|1991-1995,M2,1990,E0_R1,tiling
Canada,1995,0,True,1e-06,1990|1991-1995,M2,1990,E0_R1,tiling
Denmark,1991,0,True,1e-06,1990|1991-1995,M2,1990,E0_R1,tiling
Denmark,1992,0,True,1e-06,1990|1991-1995,M2,1990,E0_R1,tiling
Denmark,1993,0,True,1e-06,1990|1991-1995,M2,1990,E0_R1,tiling
Denmark,1994,0,True,1e-06,1990|1991-1995,M2,1990,E0_R1,tiling
Denmark,1995,0,True,1e-06,1990|1991-1995,M2,1990,E0_R1,tiling
Finland,1991,0,True,1e-06,1990|1991-1995,M2,1990,E0_R1,tiling
Finland,1992,0,True,1e-06,1990|1991-1995,M2,1990,E0_R1,tiling
Finland,1993,0,True,1e-06,1990|1991-1995,M2,1990,E0_R1,tiling
Finland,1994,0,True,1e-06,1990|1991-1995,M2,1990,E0_R1,tiling
Finland,1995,0,True,1e-06,1990|1991-1995,M2,1990,E0_R1,tiling
France,1991,0,True,0.05398929372892568,1990|1991-1995,M2,1990,E0_R1,tiling
France,1992,0,True,0.05649290355897078,1990|1991-1995,M2,1990,E0_R1,tiling
France,1993,0,True,0.06102288832897278,1990|1991-1995,M2,1990,E0_R1,tiling
France,1994,0,True,0.06347364569059434,1990|1991-1995,M2,1990,E0_R1,tiling
France,1995,0,True,0.06847079027492377,1990|1991-1995,M2,1990,E0_R1,tiling
Germany,1991,0,True,0.05282839351467594,1990|1991-1995,M2,1990,E0_R1,tiling
Germany,1992,0,True,0.04587258371340931,1990|1991-1995,M2,1990,E0_R1,tiling
Germany,1993,0,True,0.055242295554461494,1990|1991-1995,M2,1990,E0_R1,tiling
Germany,1994,0,True,0.06224205167342951,1990|1991-1995,M2,1990,E0_R1,tiling
Germany,1995,0,True,0.09024654393546079,1990|1991-1995,M2,1990,E0_R1,tiling
Ireland,1991,0,True,0.3001446361102114,1990|1991-1995,M2,1990,E0_R1,tiling
Ireland,1992,0,True,0.2714721602392301,1990|1991-1995,M2,1990,E0_R1,tiling
Ireland,1993,0,True,0.29665661229349666,1990|1991-1995,M2,1990,E0_R1,tiling
Ireland,1994,0,True,0.24993157064730268,1990|1991-1995,M2,1990,E0_R1,tiling
Ireland,1995,0,True,0.19151454359498654,1990|1991-1995,M2,1990,E0_R1,tiling
Italy,1991,0,True,0.12702784660076055,1990|1991-1995,M2,1990,E0_R1,tiling
Italy,1992,0,True,0.1417480273825577,1990|1991-1995,M2,1990,E0_R1,tiling
Italy,1993,0,True,0.16602786193050234,1990|1991-1995,M2,1990,E0_R1,tiling
Italy,1994,0,True,0.18239328706736085,1990|1991-1995,M2,1990,E0_R1,tiling
Italy,1995,0,True,0.18152939813536695,1990|1991-1995,M2,1990,E0_R1,tiling
Japan,1991,0,True,1e-06,1990|1991-1995,M2,1990,E0_R1,tiling
Japan,1992,0,True,1e-06,1990|1991-1995,M2,1990,E0_R1,tiling
Japan,1993,0,True,1e-06,1990|1991-1995,M2,1990,E0_R1,tiling
Japan,1994,0,True,1e-06,1990|1991-1995,M2,1990,E0_R1,tiling
Japan,1995,0,True,1e-06,1990|1991-1995,M2,1990,E0_R1,tiling
Netherlands,1991,0,True,0.05136139703852619,1990|1991-1995,M2,1990,E0_R1,tiling
Netherlands,1992,0,True,0.05239747541319837,1990|1991-1995,M2,1990,E0_R1,tiling
Netherlands,1993,0,True,0.053945021693080464,1990|1991-1995,M2,1990,E0_R1,tiling
Netherlands,1994,0,True,0.0502661303064444,1990|1991-1995,M2,1990,E0_R1,tiling
Netherlands,1995,0,True,0.050704637001299194,1990|1991-1995,M2,1990,E0_R1,tiling
Norway,1991,0,True,1e-06,1990|1991-1995,M2,1990,E0_R1,tiling
Norway,1992,0,True,1e-06,1990|1991-1995,M2,1990,E0_R1,tiling
Norway,1993,0,True,1e-06,1990|1991-1995,M2,1990,E0_R1,tiling
Norway,1994,0,True,1e-06,1990|1991-1995,M2,1990,E0_R1,tiling
Norway,1995,0,True,1e-06,1990|1991-1995,M2,1990,E0_R1,tiling
Portugal,1991,0,True,0.15480448333535984,1990|1991-1995,M2,1990,E0_R1,tiling
Portugal,1992,0,True,0.1312453012865795,1990|1991-1995,M2,1990,E0_R1,tiling
Portugal,1993,0,True,0.15012245903632693,1990|1991-1995,M2,1990,E0_R1,tiling
Portugal,1994,0,True,0.16221915945216167,1990|1991-1995,M2,1990,E0_R1,tiling
Portugal,1995,0,True,0.17112655341199665,1990|1991-1995,M2,1990,E0_R1,tiling
Spain,1991,0,True,0.08332013550604911,1990|1991-1995,M2,1990,E0_R1,tiling
Spain,1992,0,True,0.08627038147470027,1990|1991-1995,M2,1990,E0_R1,tiling
Spain,1993,0,True,0.10122783254430782,1990|1991-1995,M2,1990,E0_R1,tiling
Spain,1994,0,True,0.10508758400503605,1990|1991-1995,M2,1990,E0_R1,tiling
Spain,1995,0,True,0.11027869754236881,1990|1991-1995,M2,1990,E0_R1,tiling
Sweden,1991,0,True,1e-06,1990|1991-1995,M2,1990,E0_R1,tiling
Sweden,1992,0,True,1e-06,1990|1991-1995,M2,1990,E0_R1,tiling
Sweden,1993,0,True,1e-06,1990|1991-1995,M2,1990,E0_R1,tiling
Sweden,1994,0,True,1e-06,1990|1991-1995,M2,1990,E0_R1,tiling
Sweden,1995,0,True,1e-06,1990|1991-1995,M2,1990,E0_R1,tiling
Switzerland,1991,0,True,1e-06,1990|1991-1995,M2,1990,E0_R1,tiling
Switzerland,1992,0,True,1e-06,1990|1991-1995,M2,1990,E0_R1,tiling
Switzerland,1993,0,True,1e-06,1990|1991-1995,M2,1990,E0_R1,tiling
Switzerland,1994,0,True,1e-06,1990|1991-1995,M2,1990,E0_R1,tiling
Switzerland,1995,0,True,1e-06,1990|1991-1995,M2,1990,E0_R1,tiling
UK,1991,0,True,0.03989133528772118,1990|1991-1995,M2,1990,E0_R1,tiling
UK,1992,0,True,0.04185026967657507,1990|1991-1995,M2,1990,E0_R1,tiling
UK,1993,0,True,0.04390542576811945,1990|1991-1995,M2,1990,E0_R1,tiling
UK,1994,0,True,0.045159018397344305,1990|1991-1995,M2,1990,E0_R1,tiling
UK,1995,0,True,0.046517657846321614,1990|1991-1995,M2,1990,E0_R1,tiling
USA,1991,0,True,0.04679101689996178,1990|1991-1995,M2,1990,E0_R1,tiling
USA,1992,0,True,0.0510009086627937,1990|1991-1995,M2,1990,E0_R1,tiling
USA,1993,0,True,0.05344591438023131,1990|1991-1995,M2,1990,E0_R1,tiling
USA,1994,0,True,0.054144475222596467,1990|1991-1995,M2,1990,E0_R1,tiling
USA,1995,0,True,0.0547095124874248,1990|1991-1995,M2,1990,E0_R1,tiling
Australia,1996,0,True,0.014813958117180812,1995|1996-2000,M1,1995,E0_R1,tiling
Australia,1997,0,True,0.009874720053349998,1995|1996-2000,M1,1995,E0_R1,tiling
Australia,1998,0,True,0.008725008078537926,1995|1996-2000,M1,1995,E0_R1,tiling
Australia,1999,0,True,0.010878723234056633,1995|1996-2000,M1,1995,E0_R1,tiling
Australia,2000,0,True,0.014642035227093888,1995|1996-2000,M1,1995,E0_R1,tiling
Belgium,1996,0,True,0.024078166069262146,1995|1996-2000,M1,1995,E0_R1,tiling
Belgium,1997,0,True,0.02191936743366223,1995|1996-2000,M1,1995,E0_R1,tiling
Belgium,1998,0,True,0.021858033224596625,1995|1996-2000,M1,1995,E0_R1,tiling
Belgium,1999,0,True,0.020480418750983196,1995|1996-2000,M1,1995,E0_R1,tiling
Belgium,2000,0,True,0.015736261512491797,1995|1996-2000,M1,1995,E0_R1,tiling
Canada,1996,0,True,0.020774187172835804,1995|1996-2000,M1,1995,E0_R1,tiling
Canada,1997,0,True,0.018643496631898078,1995|1996-2000,M1,1995,E0_R1,tiling
Canada,1998,0,True,0.0176192534416705,1995|1996-2000,M1,1995,E0_R1,tiling
Canada,1999,0,True,0.018036754162006653,1995|1996-2000,M1,1995,E0_R1,tiling
Canada,2000,0,True,0.01290200869649474,1995|1996-2000,M1,1995,E0_R1,tiling
Denmark,1996,0,True,0.018918511935285785,1995|1996-2000,M1,1995,E0_R1,tiling
Denmark,1998,0,True,0.02686491718160974,1995|1996-2000,M1,1995,E0_R1,tiling
Denmark,1999,0,True,0.020301678549841384,1995|1996-2000,M1,1995,E0_R1,tiling
Denmark,2000,0,True,0.012213032776171157,1995|1996-2000,M1,1995,E0_R1,tiling
Finland,1996,0,True,0.5488833121320654,1995|1996-2000,M1,1995,E0_R1,tiling
Finland,1997,0,True,0.3526838524188758,1995|1996-2000,M1,1995,E0_R1,tiling
Finland,1998,0,True,0.19392809058311236,1995|1996-2000,M1,1995,E0_R1,tiling
Finland,1999,0,True,0.13567930671313716,1995|1996-2000,M1,1995,E0_R1,tiling
Finland,2000,0,True,0.07234807082643056,1995|1996-2000,M1,1995,E0_R1,tiling
France,1996,0,True,0.0626857027114121,1995|1996-2000,M1,1995,E0_R1,tiling
France,1997,0,True,0.057173503596310814,1995|1996-2000,M1,1995,E0_R1,tiling
France,1998,0,True,0.0448507232667538,1995|1996-2000,M1,1995,E0_R1,tiling
France,1999,0,True,0.03724392844675017,1995|1996-2000,M1,1995,E0_R1,tiling
France,2000,0,True,0.04588496763160448,1995|1996-2000,M1,1995,E0_R1,tiling
Germany,1996,0,True,0.1428146869965451,1995|1996-2000,M1,1995,E0_R1,tiling
Germany,1997,0,True,0.14293322620419024,1995|1996-2000,M1,1995,E0_R1,tiling
Germany,1998,0,True,0.14049747487135023,1995|1996-2000,M1,1995,E0_R1,tiling
Germany,1999,0,True,0.15544779204167458,1995|1996-2000,M1,1995,E0_R1,tiling
Germany,2000,0,True,0.11406014885635228,1995|1996-2000,M1,1995,E0_R1,tiling
Ireland,1996,0,True,0.016890186720101487,1995|1996-2000,M1,1995,E0_R1,tiling
Ireland,1997,0,True,0.01390252732725466,1995|1996-2000,M1,1995,E0_R1,tiling
Ireland,1998,0,True,0.01475898725928123,1995|1996-2000,M1,1995,E0_R1,tiling
Ireland,1999,0,True,0.01047192443951158,1995|1996-2000,M1,1995,E0_R1,tiling
Ireland,2000,0,True,0.009925284879994231,1995|1996-2000,M1,1995,E0_R1,tiling
Italy,1996,0,True,0.08777474583554556,1995|1996-2000,M1,1995,E0_R1,tiling
Italy,1997,0,True,0.07406673485398138,1995|1996-2000,M1,1995,E0_R1,tiling
Italy,1998,0,True,0.08065751999775608,1995|1996-2000,M1,1995,E0_R1,tiling
Italy,1999,0,True,0.09375842496233834,1995|1996-2000,M1,1995,E0_R1,tiling
Italy,2000,0,True,0.1019514011646895,1995|1996-2000,M1,1995,E0_R1,tiling
Japan,1996,0,True,0.05072712828933614,1995|1996-2000,M1,1995,E0_R1,tiling
Japan,1997,0,True,0.06676902830880864,1995|1996-2000,M1,1995,E0_R1,tiling
Japan,1998,0,True,0.10313254127291026,1995|1996-2000,M1,1995,E0_R1,tiling
Japan,1999,0,True,0.13070962698855326,1995|1996-2000,M1,1995,E0_R1,tiling
Japan,2000,0,True,0.1533081659596302,1995|1996-2000,M1,1995,E0_R1,tiling
Netherlands,1996,0,True,0.02671354913870475,1995|1996-2000,M1,1995,E0_R1,tiling
Netherlands,1997,0,True,0.030117000637741812,1995|1996-2000,M1,1995,E0_R1,tiling
Netherlands,1998,0,True,0.03165089634767352,1995|1996-2000,M1,1995,E0_R1,tiling
Netherlands,1999,0,True,0.029127902167583587,1995|1996-2000,M1,1995,E0_R1,tiling
Netherlands,2000,0,True,0.026367282112514764,1995|1996-2000,M1,1995,E0_R1,tiling
Norway,1996,0,True,0.002560634694908713,1995|1996-2000,M1,1995,E0_R1,tiling
Norway,1997,0,True,0.0017060172315136743,1995|1996-2000,M1,1995,E0_R1,tiling
Norway,1998,0,True,0.0027809528287613674,1995|1996-2000,M1,1995,E0_R1,tiling
Norway,1999,0,True,0.0025151424680146996,1995|1996-2000,M1,1995,E0_R1,tiling
Norway,2000,0,True,0.0006170906417720031,1995|1996-2000,M1,1995,E0_R1,tiling
Portugal,1996,0,True,0.12591953903802408,1995|1996-2000,M1,1995,E0_R1,tiling
Portugal,1997,0,True,0.1581624218805495,1995|1996-2000,M1,1995,E0_R1,tiling
Portugal,1998,0,True,0.16091830882668398,1995|1996-2000,M1,1995,E0_R1,tiling
Portugal,1999,0,True,0.20418693444685992,1995|1996-2000,M1,1995,E0_R1,tiling
Portugal,2000,0,True,0.25922562136206095,1995|1996-2000,M1,1995,E0_R1,tiling
Spain,1996,0,True,0.11139474025155047,1995|1996-2000,M1,1995,E0_R1,tiling
Spain,1997,0,True,0.0885247400390035,1995|1996-2000,M1,1995,E0_R1,tiling
Spain,1998,0,True,0.09109041811454023,1995|1996-2000,M1,1995,E0_R1,tiling
Spain,1999,0,True,0.11409554877001346,1995|1996-2000,M1,1995,E0_R1,tiling
Spain,2000,0,True,0.1629683428713923,1995|1996-2000,M1,1995,E0_R1,tiling
Sweden,1996,0,True,0.05036890390502749,1995|1996-2000,M1,1995,E0_R1,tiling
Sweden,1997,0,True,0.04004744428571702,1995|1996-2000,M1,1995,E0_R1,tiling
Sweden,1998,0,True,0.03646384172300128,1995|1996-2000,M1,1995,E0_R1,tiling
Sweden,1999,0,True,0.01470732774878486,1995|1996-2000,M1,1995,E0_R1,tiling
Sweden,2000,0,True,0.007689358292766169,1995|1996-2000,M1,1995,E0_R1,tiling
Switzerland,1996,0,True,0.013816975206436315,1995|1996-2000,M1,1995,E0_R1,tiling
Switzerland,1997,0,True,0.014302731137800584,1995|1996-2000,M1,1995,E0_R1,tiling
Switzerland,1998,0,True,0.010998408119665314,1995|1996-2000,M1,1995,E0_R1,tiling
Switzerland,1999,0,True,0.014450749800355503,1995|1996-2000,M1,1995,E0_R1,tiling
Switzerland,2000,0,True,0.007417151924274223,1995|1996-2000,M1,1995,E0_R1,tiling
UK,1996,0,True,0.03435596977912202,1995|1996-2000,M1,1995,E0_R1,tiling
UK,1997,0,True,0.03427831416545429,1995|1996-2000,M1,1995,E0_R1,tiling
UK,1998,0,True,0.033335783964496185,1995|1996-2000,M1,1995,E0_R1,tiling
UK,1999,0,True,0.03716869852781224,1995|1996-2000,M1,1995,E0_R1,tiling
UK,2000,0,True,0.042265583173408734,1995|1996-2000,M1,1995,E0_R1,tiling
Australia,1996,0,True,1e-06,1995|1996-2000,M2,1995,E0_R1,tiling
Australia,1997,0,True,1e-06,1995|1996-2000,M2,1995,E0_R1,tiling
Australia,1998,0,True,1e-06,1995|1996-2000,M2,1995,E0_R1,tiling
Australia,1999,0,True,1e-06,1995|1996-2000,M2,1995,E0_R1,tiling
Australia,2000,0,True,1e-06,1995|1996-2000,M2,1995,E0_R1,tiling
Belgium,1996,0,True,0.13773645225106862,1995|1996-2000,M2,1995,E0_R1,tiling
Belgium,1997,0,True,0.12638427780745898,1995|1996-2000,M2,1995,E0_R1,tiling
Belgium,1998,0,True,0.11498104845034568,1995|1996-2000,M2,1995,E0_R1,tiling
Belgium,1999,0,True,0.10707617172597005,1995|1996-2000,M2,1995,E0_R1,tiling
Belgium,2000,0,True,0.0959334878678425,1995|1996-2000,M2,1995,E0_R1,tiling
Canada,1996,0,True,1e-06,1995|1996-2000,M2,1995,E0_R1,tiling
Canada,1997,0,True,1e-06,1995|1996-2000,M2,1995,E0_R1,tiling
Canada,1998,0,True,1e-06,1995|1996-2000,M2,1995,E0_R1,tiling
Canada,1999,0,True,1e-06,1995|1996-2000,M2,1995,E0_R1,tiling
Canada,2000,0,True,1e-06,1995|1996-2000,M2,1995,E0_R1,tiling
Denmark,1996,0,True,1e-06,1995|1996-2000,M2,1995,E0_R1,tiling
Denmark,1998,0,True,1e-06,1995|1996-2000,M2,1995,E0_R1,tiling
Denmark,1999,0,True,1e-06,1995|1996-2000,M2,1995,E0_R1,tiling
Denmark,2000,0,True,1e-06,1995|1996-2000,M2,1995,E0_R1,tiling
Finland,1996,0,True,1e-06,1995|1996-2000,M2,1995,E0_R1,tiling
Finland,1997,0,True,1e-06,1995|1996-2000,M2,1995,E0_R1,tiling
Finland,1998,0,True,1e-06,1995|1996-2000,M2,1995,E0_R1,tiling
Finland,1999,0,True,1e-06,1995|1996-2000,M2,1995,E0_R1,tiling
Finland,2000,0,True,1e-06,1995|1996-2000,M2,1995,E0_R1,tiling
France,1996,0,True,0.07035690473553792,1995|1996-2000,M2,1995,E0_R1,tiling
France,1997,0,True,0.07151420431331,1995|1996-2000,M2,1995,E0_R1,tiling
France,1998,0,True,0.0714508035825046,1995|1996-2000,M2,1995,E0_R1,tiling
France,1999,0,True,0.07075899767538041,1995|1996-2000,M2,1995,E0_R1,tiling
France,2000,0,True,0.06946366643719021,1995|1996-2000,M2,1995,E0_R1,tiling
Germany,1996,0,True,0.09369776513246623,1995|1996-2000,M2,1995,E0_R1,tiling
Germany,1997,0,True,0.0984386061491041,1995|1996-2000,M2,1995,E0_R1,tiling
Germany,1998,0,True,0.10149826629725107,1995|1996-2000,M2,1995,E0_R1,tiling
Germany,1999,0,True,0.10434000761629751,1995|1996-2000,M2,1995,E0_R1,tiling
Germany,2000,0,True,0.09934217229918964,1995|1996-2000,M2,1995,E0_R1,tiling
Ireland,1996,0,True,0.08864529847028925,1995|1996-2000,M2,1995,E0_R1,tiling
Ireland,1997,0,True,0.06978682680502997,1995|1996-2000,M2,1995,E0_R1,tiling
Ireland,1998,0,True,0.051826312847120186,1995|1996-2000,M2,1995,E0_R1,tiling
Ireland,1999,0,True,0.04454119616485337,1995|1996-2000,M2,1995,E0_R1,tiling
Ireland,2000,0,True,0.031961684149985126,1995|1996-2000,M2,1995,E0_R1,tiling
Italy,1996,0,True,0.1664866304843185,1995|1996-2000,M2,1995,E0_R1,tiling
Italy,1997,0,True,0.1596279719615702,1995|1996-2000,M2,1995,E0_R1,tiling
Italy,1998,0,True,0.15210443249893257,1995|1996-2000,M2,1995,E0_R1,tiling
Italy,1999,0,True,0.1497395787880079,1995|1996-2000,M2,1995,E0_R1,tiling
Italy,2000,0,True,0.139516894204139,1995|1996-2000,M2,1995,E0_R1,tiling
Japan,1996,0,True,1e-06,1995|1996-2000,M2,1995,E0_R1,tiling
Japan,1997,0,True,1e-06,1995|1996-2000,M2,1995,E0_R1,tiling
Japan,1998,0,True,1e-06,1995|1996-2000,M2,1995,E0_R1,tiling
Japan,1999,0,True,1e-06,1995|1996-2000,M2,1995,E0_R1,tiling
Japan,2000,0,True,1e-06,1995|1996-2000,M2,1995,E0_R1,tiling
Netherlands,1996,0,True,0.046935397646632515,1995|1996-2000,M2,1995,E0_R1,tiling
Netherlands,1997,0,True,0.04052454998528018,1995|1996-2000,M2,1995,E0_R1,tiling
Netherlands,1998,0,True,0.03733257013749816,1995|1996-2000,M2,1995,E0_R1,tiling
Netherlands,1999,0,True,0.03348075443644254,1995|1996-2000,M2,1995,E0_R1,tiling
Netherlands,2000,0,True,0.028148188698025437,1995|1996-2000,M2,1995,E0_R1,tiling
Norway,1996,0,True,1e-06,1995|1996-2000,M2,1995,E0_R1,tiling
Norway,1997,0,True,1e-06,1995|1996-2000,M2,1995,E0_R1,tiling
Norway,1998,0,True,1e-06,1995|1996-2000,M2,1995,E0_R1,tiling
Norway,1999,0,True,1e-06,1995|1996-2000,M2,1995,E0_R1,tiling
Norway,2000,0,True,1e-06,1995|1996-2000,M2,1995,E0_R1,tiling
Portugal,1996,0,True,0.163594414864788,1995|1996-2000,M2,1995,E0_R1,tiling
Portugal,1997,0,True,0.14506752196099262,1995|1996-2000,M2,1995,E0_R1,tiling
Portugal,1998,0,True,0.13358237786693464,1995|1996-2000,M2,1995,E0_R1,tiling
Portugal,1999,0,True,0.13283245595400886,1995|1996-2000,M2,1995,E0_R1,tiling
Portugal,2000,0,True,0.12857402079009458,1995|1996-2000,M2,1995,E0_R1,tiling
Spain,1996,0,True,0.11104504207540326,1995|1996-2000,M2,1995,E0_R1,tiling
Spain,1997,0,True,0.10927034406185934,1995|1996-2000,M2,1995,E0_R1,tiling
Spain,1998,0,True,0.10634798810899772,1995|1996-2000,M2,1995,E0_R1,tiling
Spain,1999,0,True,0.10413673014129884,1995|1996-2000,M2,1995,E0_R1,tiling
Spain,2000,0,True,0.09985779628880322,1995|1996-2000,M2,1995,E0_R1,tiling
Sweden,1996,0,True,1e-06,1995|1996-2000,M2,1995,E0_R1,tiling
Sweden,1997,0,True,1e-06,1995|1996-2000,M2,1995,E0_R1,tiling
Sweden,1998,0,True,1e-06,1995|1996-2000,M2,1995,E0_R1,tiling
Sweden,1999,0,True,1e-06,1995|1996-2000,M2,1995,E0_R1,tiling
Sweden,2000,0,True,1e-06,1995|1996-2000,M2,1995,E0_R1,tiling
Switzerland,1996,0,True,1e-06,1995|1996-2000,M2,1995,E0_R1,tiling
Switzerland,1997,0,True,1e-06,1995|1996-2000,M2,1995,E0_R1,tiling
Switzerland,1998,0,True,1e-06,1995|1996-2000,M2,1995,E0_R1,tiling
Switzerland,1999,0,True,1e-06,1995|1996-2000,M2,1995,E0_R1,tiling
Switzerland,2000,0,True,1e-06,1995|1996-2000,M2,1995,E0_R1,tiling
UK,1996,0,True,0.04746118859511773,1995|1996-2000,M2,1995,E0_R1,tiling
UK,1997,0,True,0.047200649298659116,1995|1996-2000,M2,1995,E0_R1,tiling
UK,1998,0,True,0.04616235850307179,1995|1996-2000,M2,1995,E0_R1,tiling
UK,1999,0,True,0.04550856832099147,1995|1996-2000,M2,1995,E0_R1,tiling
UK,2000,0,True,0.044353656873629334,1995|1996-2000,M2,1995,E0_R1,tiling
USA,1996,0,True,0.050027146336461444,1995|1996-2000,M2,1995,E0_R1,tiling
USA,1997,0,True,0.04797683344510311,1995|1996-2000,M2,1995,E0_R1,tiling
USA,1998,0,True,0.0454417752319698,1995|1996-2000,M2,1995,E0_R1,tiling
USA,1999,0,True,0.04303461249724563,1995|1996-2000,M2,1995,E0_R1,tiling
USA,2000,0,True,0.03945432336660936,1995|1996-2000,M2,1995,E0_R1,tiling
Australia,2001,0,True,0.010388519177101705,2000|2001-2005,M1,2000,E0_R1,tiling
Australia,2002,0,True,0.008487361236324681,2000|2001-2005,M1,2000,E0_R1,tiling
Australia,2003,0,True,0.007185929790693389,2000|2001-2005,M1,2000,E0_R1,tiling
Australia,2004,0,True,0.008154399231925014,2000|2001-2005,M1,2000,E0_R1,tiling
Australia,2005,0,True,0.009556022046909035,2000|2001-2005,M1,2000,E0_R1,tiling
Belgium,2001,0,True,0.017515453917630795,2000|2001-2005,M1,2000,E0_R1,tiling
Belgium,2002,0,True,0.01363828400490514,2000|2001-2005,M1,2000,E0_R1,tiling
Belgium,2003,0,True,0.016219113709352147,2000|2001-2005,M1,2000,E0_R1,tiling
Belgium,2004,0,True,0.013409798345874293,2000|2001-2005,M1,2000,E0_R1,tiling
Belgium,2005,0,True,0.021842842727188474,2000|2001-2005,M1,2000,E0_R1,tiling
Canada,2001,0,True,0.008831564023912998,2000|2001-2005,M1,2000,E0_R1,tiling
Canada,2002,0,True,0.006745469725724236,2000|2001-2005,M1,2000,E0_R1,tiling
Canada,2003,0,True,0.005935303403507136,2000|2001-2005,M1,2000,E0_R1,tiling
Canada,2004,0,True,0.0051647643576483325,2000|2001-2005,M1,2000,E0_R1,tiling
Canada,2005,0,True,0.006463502479886734,2000|2001-2005,M1,2000,E0_R1,tiling
Denmark,2001,0,True,0.00735148148603977,2000|2001-2005,M1,2000,E0_R1,tiling
Denmark,2002,0,True,0.007550255144554518,2000|2001-2005,M1,2000,E0_R1,tiling
Denmark,2003,0,True,0.00685463537119482,2000|2001-2005,M1,2000,E0_R1,tiling
Denmark,2004,0,True,0.004512524139050789,2000|2001-2005,M1,2000,E0_R1,tiling
Denmark,2005,0,True,0.0020041846656886795,2000|2001-2005,M1,2000,E0_R1,tiling
Finland,2001,0,True,0.020249105335447767,2000|2001-2005,M1,2000,E0_R1,tiling
Finland,2002,0,True,0.01884213631866091,2000|2001-2005,M1,2000,E0_R1,tiling
Finland,2003,0,True,0.026478737964753366,2000|2001-2005,M1,2000,E0_R1,tiling
Finland,2004,0,True,0.027701079746663963,2000|2001-2005,M1,2000,E0_R1,tiling
Finland,2005,0,True,0.029424659777304515,2000|2001-2005,M1,2000,E0_R1,tiling
France,2001,0,True,0.01488389503627976,2000|2001-2005,M1,2000,E0_R1,tiling
France,2002,0,True,0.021802334343168396,2000|2001-2005,M1,2000,E0_R1,tiling
France,2003,0,True,0.023435090045843023,2000|2001-2005,M1,2000,E0_R1,tiling
France,2004,0,True,0.022512716809039712,2000|2001-2005,M1,2000,E0_R1,tiling
France,2005,0,True,0.025514322283015138,2000|2001-2005,M1,2000,E0_R1,tiling
Germany,2001,0,True,0.10231592673714833,2000|2001-2005,M1,2000,E0_R1,tiling
Germany,2002,0,True,0.0799515426210436,2000|2001-2005,M1,2000,E0_R1,tiling
Germany,2003,0,True,0.08279025795239787,2000|2001-2005,M1,2000,E0_R1,tiling
Germany,2004,0,True,0.054372666561308666,2000|2001-2005,M1,2000,E0_R1,tiling
Germany,2005,0,True,0.04060386421435985,2000|2001-2005,M1,2000,E0_R1,tiling
Ireland,2001,0,True,0.011708278100801967,2000|2001-2005,M1,2000,E0_R1,tiling
Ireland,2002,0,True,0.012856981122676775,2000|2001-2005,M1,2000,E0_R1,tiling
Ireland,2003,0,True,0.007162845217131917,2000|2001-2005,M1,2000,E0_R1,tiling
Ireland,2004,0,True,0.005689650753189418,2000|2001-2005,M1,2000,E0_R1,tiling
Ireland,2005,0,True,0.006620538411270945,2000|2001-2005,M1,2000,E0_R1,tiling
Italy,2001,0,True,0.0994667372477755,2000|2001-2005,M1,2000,E0_R1,tiling
Italy,2002,0,True,0.1044290926204653,2000|2001-2005,M1,2000,E0_R1,tiling
Italy,2003,0,True,0.1112636320129153,2000|2001-2005,M1,2000,E0_R1,tiling
Italy,2004,0,True,0.11059887023905603,2000|2001-2005,M1,2000,E0_R1,tiling
Italy,2005,0,True,0.12595121586100763,2000|2001-2005,M1,2000,E0_R1,tiling
Japan,2001,0,True,0.13088101729875024,2000|2001-2005,M1,2000,E0_R1,tiling
Japan,2002,0,True,0.17895435870370063,2000|2001-2005,M1,2000,E0_R1,tiling
Japan,2003,0,True,0.21197771838376983,2000|2001-2005,M1,2000,E0_R1,tiling
Japan,2004,0,True,0.18681799546225838,2000|2001-2005,M1,2000,E0_R1,tiling
Japan,2005,0,True,0.18201369990266145,2000|2001-2005,M1,2000,E0_R1,tiling
Netherlands,2001,0,True,0.03017161791987482,2000|2001-2005,M1,2000,E0_R1,tiling
Netherlands,2002,0,True,0.02706741534223759,2000|2001-2005,M1,2000,E0_R1,tiling
Netherlands,2003,0,True,0.025827382690685595,2000|2001-2005,M1,2000,E0_R1,tiling
Netherlands,2004,0,True,0.015489663985650246,2000|2001-2005,M1,2000,E0_R1,tiling
Netherlands,2005,0,True,0.01353138184102495,2000|2001-2005,M1,2000,E0_R1,tiling
Norway,2001,0,True,0.0003896260260032218,2000|2001-2005,M1,2000,E0_R1,tiling
Norway,2002,0,True,0.000906031580319741,2000|2001-2005,M1,2000,E0_R1,tiling
Norway,2003,0,True,0.002162541889873036,2000|2001-2005,M1,2000,E0_R1,tiling
Norway,2004,0,True,0.0017576046451047045,2000|2001-2005,M1,2000,E0_R1,tiling
Norway,2005,0,True,0.0009628771665993165,2000|2001-2005,M1,2000,E0_R1,tiling
Portugal,2001,0,True,0.30409787327439763,2000|2001-2005,M1,2000,E0_R1,tiling
Portugal,2002,0,True,0.27292219980656884,2000|2001-2005,M1,2000,E0_R1,tiling
Portugal,2003,0,True,0.23610670362049,2000|2001-2005,M1,2000,E0_R1,tiling
Portugal,2004,0,True,0.28567521790214895,2000|2001-2005,M1,2000,E0_R1,tiling
Portugal,2005,0,True,0.34993505396135355,2000|2001-2005,M1,2000,E0_R1,tiling
Spain,2001,0,True,0.16000233478628614,2000|2001-2005,M1,2000,E0_R1,tiling
Spain,2002,0,True,0.14455847049700898,2000|2001-2005,M1,2000,E0_R1,tiling
Spain,2003,0,True,0.12842414369426386,2000|2001-2005,M1,2000,E0_R1,tiling
Spain,2004,0,True,0.14121013778747185,2000|2001-2005,M1,2000,E0_R1,tiling
Spain,2005,0,True,0.17428841644143284,2000|2001-2005,M1,2000,E0_R1,tiling
Sweden,2001,0,True,0.003586571783717829,2000|2001-2005,M1,2000,E0_R1,tiling
Sweden,2002,0,True,0.006328593238340141,2000|2001-2005,M1,2000,E0_R1,tiling
Sweden,2003,0,True,0.004872366153882377,2000|2001-2005,M1,2000,E0_R1,tiling
Sweden,2004,0,True,0.0032283533918153495,2000|2001-2005,M1,2000,E0_R1,tiling
Sweden,2005,0,True,0.0029334336281939787,2000|2001-2005,M1,2000,E0_R1,tiling
Switzerland,2001,0,True,0.00914802348333132,2000|2001-2005,M1,2000,E0_R1,tiling
Switzerland,2002,0,True,0.023117282019260995,2000|2001-2005,M1,2000,E0_R1,tiling
Switzerland,2003,0,True,0.013252814706402456,2000|2001-2005,M1,2000,E0_R1,tiling
Switzerland,2004,0,True,0.008957983498210155,2000|2001-2005,M1,2000,E0_R1,tiling
Switzerland,2005,0,True,0.005456377750876892,2000|2001-2005,M1,2000,E0_R1,tiling
UK,2001,0,True,0.018930494023208618,2000|2001-2005,M1,2000,E0_R1,tiling
UK,2002,0,True,0.018654288553633363,2000|2001-2005,M1,2000,E0_R1,tiling
UK,2003,0,True,0.01945416700276034,2000|2001-2005,M1,2000,E0_R1,tiling
UK,2004,0,True,0.019347545717768016,2000|2001-2005,M1,2000,E0_R1,tiling
UK,2005,0,True,0.020844290329940958,2000|2001-2005,M1,2000,E0_R1,tiling
Australia,2001,0,True,1e-06,2000|2001-2005,M2,2000,E0_R1,tiling
Australia,2002,0,True,1e-06,2000|2001-2005,M2,2000,E0_R1,tiling
Australia,2003,0,True,1e-06,2000|2001-2005,M2,2000,E0_R1,tiling
Australia,2004,0,True,1e-06,2000|2001-2005,M2,2000,E0_R1,tiling
Australia,2005,0,True,1e-06,2000|2001-2005,M2,2000,E0_R1,tiling
Belgium,2001,0,True,0.07478127071342358,2000|2001-2005,M2,2000,E0_R1,tiling
Belgium,2002,0,True,0.07134600588450789,2000|2001-2005,M2,2000,E0_R1,tiling
Belgium,2003,0,True,0.06702993767635058,2000|2001-2005,M2,2000,E0_R1,tiling
Belgium,2004,0,True,0.06210755917024023,2000|2001-2005,M2,2000,E0_R1,tiling
Belgium,2005,0,True,0.0599277719075545,2000|2001-2005,M2,2000,E0_R1,tiling
Canada,2001,0,True,1e-06,2000|2001-2005,M2,2000,E0_R1,tiling
Canada,2002,0,True,1e-06,2000|2001-2005,M2,2000,E0_R1,tiling
Canada,2003,0,True,1e-06,2000|2001-2005,M2,2000,E0_R1,tiling
Canada,2004,0,True,1e-06,2000|2001-2005,M2,2000,E0_R1,tiling
Canada,2005,0,True,1e-06,2000|2001-2005,M2,2000,E0_R1,tiling
Denmark,2001,0,True,1e-06,2000|2001-2005,M2,2000,E0_R1,tiling
Denmark,2002,0,True,1e-06,2000|2001-2005,M2,2000,E0_R1,tiling
Denmark,2003,0,True,1e-06,2000|2001-2005,M2,2000,E0_R1,tiling
Denmark,2004,0,True,1e-06,2000|2001-2005,M2,2000,E0_R1,tiling
Denmark,2005,0,True,1e-06,2000|2001-2005,M2,2000,E0_R1,tiling
Finland,2001,0,True,1e-06,2000|2001-2005,M2,2000,E0_R1,tiling
Finland,2002,0,True,1e-06,2000|2001-2005,M2,2000,E0_R1,tiling
Finland,2003,0,True,1e-06,2000|2001-2005,M2,2000,E0_R1,tiling
Finland,2004,0,True,1e-06,2000|2001-2005,M2,2000,E0_R1,tiling
Finland,2005,0,True,1e-06,2000|2001-2005,M2,2000,E0_R1,tiling
France,2001,0,True,0.06662298295332758,2000|2001-2005,M2,2000,E0_R1,tiling
France,2002,0,True,0.06807436014754824,2000|2001-2005,M2,2000,E0_R1,tiling
France,2003,0,True,0.07132602869726545,2000|2001-2005,M2,2000,E0_R1,tiling
France,2004,0,True,0.07255628177044406,2000|2001-2005,M2,2000,E0_R1,tiling
France,2005,0,True,0.0737380152914346,2000|2001-2005,M2,2000,E0_R1,tiling
Germany,2001,0,True,0.07899617097250133,2000|2001-2005,M2,2000,E0_R1,tiling
Germany,2002,0,True,0.08522032195053149,2000|2001-2005,M2,2000,E0_R1,tiling
Germany,2003,0,True,0.09931474520316473,2000|2001-2005,M2,2000,E0_R1,tiling
Germany,2004,0,True,0.10656062707774074,2000|2001-2005,M2,2000,E0_R1,tiling
Germany,2005,0,True,0.11752581980473466,2000|2001-2005,M2,2000,E0_R1,tiling
Ireland,2001,0,True,0.02591815705814515,2000|2001-2005,M2,2000,E0_R1,tiling
Ireland,2002,0,True,0.023975100836772324,2000|2001-2005,M2,2000,E0_R1,tiling
Ireland,2003,0,True,0.023250940834553424,2000|2001-2005,M2,2000,E0_R1,tiling
Ireland,2004,0,True,0.022108136548527068,2000|2001-2005,M2,2000,E0_R1,tiling
Ireland,2005,0,True,0.02083589683920688,2000|2001-2005,M2,2000,E0_R1,tiling
Italy,2001,0,True,0.12615194036675562,2000|2001-2005,M2,2000,E0_R1,tiling
Italy,2002,0,True,0.12066241884748477,2000|2001-2005,M2,2000,E0_R1,tiling
Italy,2003,0,True,0.11791560444477917,2000|2001-2005,M2,2000,E0_R1,tiling
Italy,2004,0,True,0.11707521770136159,2000|2001-2005,M2,2000,E0_R1,tiling
Italy,2005,0,True,0.12039356444026446,2000|2001-2005,M2,2000,E0_R1,tiling
Japan,2001,0,True,1e-06,2000|2001-2005,M2,2000,E0_R1,tiling
Japan,2002,0,True,1e-06,2000|2001-2005,M2,2000,E0_R1,tiling
Japan,2003,0,True,1e-06,2000|2001-2005,M2,2000,E0_R1,tiling
Japan,2004,0,True,1e-06,2000|2001-2005,M2,2000,E0_R1,tiling
Japan,2005,0,True,1e-06,2000|2001-2005,M2,2000,E0_R1,tiling
Netherlands,2001,0,True,0.025738195184623457,2000|2001-2005,M2,2000,E0_R1,tiling
Netherlands,2002,0,True,0.02529861416436276,2000|2001-2005,M2,2000,E0_R1,tiling
Netherlands,2003,0,True,0.02610480290942542,2000|2001-2005,M2,2000,E0_R1,tiling
Netherlands,2004,0,True,0.02631473349303283,2000|2001-2005,M2,2000,E0_R1,tiling
Netherlands,2005,0,True,0.025981948152219315,2000|2001-2005,M2,2000,E0_R1,tiling
Norway,2001,0,True,1e-06,2000|2001-2005,M2,2000,E0_R1,tiling
Norway,2002,0,True,1e-06,2000|2001-2005,M2,2000,E0_R1,tiling
Norway,2003,0,True,1e-06,2000|2001-2005,M2,2000,E0_R1,tiling
Norway,2004,0,True,1e-06,2000|2001-2005,M2,2000,E0_R1,tiling
Norway,2005,0,True,1e-06,2000|2001-2005,M2,2000,E0_R1,tiling
Portugal,2001,0,True,0.12833330079250632,2000|2001-2005,M2,2000,E0_R1,tiling
Portugal,2002,0,True,0.13742794984648074,2000|2001-2005,M2,2000,E0_R1,tiling
Portugal,2003,0,True,0.1515389020129113,2000|2001-2005,M2,2000,E0_R1,tiling
Portugal,2004,0,True,0.1641518445708448,2000|2001-2005,M2,2000,E0_R1,tiling
Portugal,2005,0,True,0.18618396253839373,2000|2001-2005,M2,2000,E0_R1,tiling
Spain,2001,0,True,0.08878091660836804,2000|2001-2005,M2,2000,E0_R1,tiling
Spain,2002,0,True,0.08533413385928008,2000|2001-2005,M2,2000,E0_R1,tiling
Spain,2003,0,True,0.08115178415570741,2000|2001-2005,M2,2000,E0_R1,tiling
Spain,2004,0,True,0.078482358964055,2000|2001-2005,M2,2000,E0_R1,tiling
Spain,2005,0,True,0.07525588016185018,2000|2001-2005,M2,2000,E0_R1,tiling
Sweden,2001,0,True,1e-06,2000|2001-2005,M2,2000,E0_R1,tiling
Sweden,2002,0,True,1e-06,2000|2001-2005,M2,2000,E0_R1,tiling
Sweden,2003,0,True,1e-06,2000|2001-2005,M2,2000,E0_R1,tiling
Sweden,2004,0,True,1e-06,2000|2001-2005,M2,2000,E0_R1,tiling
Sweden,2005,0,True,1e-06,2000|2001-2005,M2,2000,E0_R1,tiling
Switzerland,2001,0,True,1e-06,2000|2001-2005,M2,2000,E0_R1,tiling
Switzerland,2002,0,True,1e-06,2000|2001-2005,M2,2000,E0_R1,tiling
Switzerland,2003,0,True,1e-06,2000|2001-2005,M2,2000,E0_R1,tiling
Switzerland,2004,0,True,1e-06,2000|2001-2005,M2,2000,E0_R1,tiling
Switzerland,2005,0,True,1e-06,2000|2001-2005,M2,2000,E0_R1,tiling
UK,2001,0,True,0.04329348805802944,2000|2001-2005,M2,2000,E0_R1,tiling
UK,2002,0,True,0.04337971861383695,2000|2001-2005,M2,2000,E0_R1,tiling
UK,2003,0,True,0.04385490587242341,2000|2001-2005,M2,2000,E0_R1,tiling
UK,2004,0,True,0.04507940649053596,2000|2001-2005,M2,2000,E0_R1,tiling
UK,2005,0,True,0.04557986492180244,2000|2001-2005,M2,2000,E0_R1,tiling
USA,2001,0,True,0.03545087371990928,2000|2001-2005,M2,2000,E0_R1,tiling
USA,2002,0,True,0.03749930143608694,2000|2001-2005,M2,2000,E0_R1,tiling
USA,2003,0,True,0.03993972748950605,2000|2001-2005,M2,2000,E0_R1,tiling
USA,2004,0,True,0.04116837231136972,2000|2001-2005,M2,2000,E0_R1,tiling
USA,2005,0,True,0.04155364063575635,2000|2001-2005,M2,2000,E0_R1,tiling
Australia,2006,0,True,0.00988189690721596,2005|2006-2010,M1,2005,E0_R1,tiling
Australia,2007,0,True,0.008751946111877384,2005|2006-2010,M1,2005,E0_R1,tiling
Australia,2008,0,True,0.010562925767256117,2005|2006-2010,M1,2005,E0_R1,tiling
Australia,2009,0,True,0.009048935248353367,2005|2006-2010,M1,2005,E0_R1,tiling
Australia,2010,0,True,0.011777518148515628,2005|2006-2010,M1,2005,E0_R1,tiling
Belgium,2006,0,True,0.014572140436462534,2005|2006-2010,M1,2005,E0_R1,tiling
Belgium,2007,0,True,0.014730975329867316,2005|2006-2010,M1,2005,E0_R1,tiling
Belgium,2008,0,True,0.02142103186467323,2005|2006-2010,M1,2005,E0_R1,tiling
Belgium,2009,0,True,0.022199189475468492,2005|2006-2010,M1,2005,E0_R1,tiling
Belgium,2010,0,True,0.02500071226559965,2005|2006-2010,M1,2005,E0_R1,tiling
Canada,2006,0,True,0.006179813161676447,2005|2006-2010,M1,2005,E0_R1,tiling
Canada,2007,0,True,0.0067367781423199324,2005|2006-2010,M1,2005,E0_R1,tiling
Canada,2008,0,True,0.007353045004760533,2005|2006-2010,M1,2005,E0_R1,tiling
Canada,2009,0,True,0.009255510816103658,2005|2006-2010,M1,2005,E0_R1,tiling
Canada,2010,0,True,0.013312456935691249,2005|2006-2010,M1,2005,E0_R1,tiling
Denmark,2006,0,True,0.0019032877797392793,2005|2006-2010,M1,2005,E0_R1,tiling
Denmark,2007,0,True,0.001963399771059251,2005|2006-2010,M1,2005,E0_R1,tiling
Denmark,2008,0,True,0.0037302318472463483,2005|2006-2010,M1,2005,E0_R1,tiling
Denmark,2009,0,True,0.005808231524492184,2005|2006-2010,M1,2005,E0_R1,tiling
Denmark,2010,0,True,0.00486594935380689,2005|2006-2010,M1,2005,E0_R1,tiling
Finland,2006,0,True,0.023134493225429067,2005|2006-2010,M1,2005,E0_R1,tiling
Finland,2007,0,True,0.018042820418149592,2005|2006-2010,M1,2005,E0_R1,tiling
Finland,2008,0,True,0.017352353968365607,2005|2006-2010,M1,2005,E0_R1,tiling
Finland,2009,0,True,0.0412976158388255,2005|2006-2010,M1,2005,E0_R1,tiling
Finland,2010,0,True,0.058909048755745985,2005|2006-2010,M1,2005,E0_R1,tiling
France,2006,0,True,0.023285600088638215,2005|2006-2010,M1,2005,E0_R1,tiling
France,2007,0,True,0.023157567001670012,2005|2006-2010,M1,2005,E0_R1,tiling
France,2008,0,True,0.030652240298027694,2005|2006-2010,M1,2005,E0_R1,tiling
France,2009,0,True,0.0411487512357046,2005|2006-2010,M1,2005,E0_R1,tiling
France,2010,0,True,0.04731579729500628,2005|2006-2010,M1,2005,E0_R1,tiling
Germany,2006,0,True,0.02008321458716965,2005|2006-2010,M1,2005,E0_R1,tiling
Germany,2007,0,True,0.013051084182050445,2005|2006-2010,M1,2005,E0_R1,tiling
Germany,2008,0,True,0.01286832614734216,2005|2006-2010,M1,2005,E0_R1,tiling
Germany,2009,0,True,0.022717522348448337,2005|2006-2010,M1,2005,E0_R1,tiling
Germany,2010,0,True,0.04047441969585279,2005|2006-2010,M1,2005,E0_R1,tiling
Ireland,2006,0,True,0.007117558528875257,2005|2006-2010,M1,2005,E0_R1,tiling
Ireland,2007,1,True,0.012473942186938248,2005|2006-2010,M1,2005,E0_R1,tiling
Ireland,2008,1,True,0.032634917010219776,2005|2006-2010,M1,2005,E0_R1,tiling
Ireland,2009,1,True,0.04510479059599307,2005|2006-2010,M1,2005,E0_R1,tiling
Ireland,2010,0,True,0.1008788710473788,2005|2006-2010,M1,2005,E0_R1,tiling
Italy,2006,0,True,0.031191492352722658,2005|2006-2010,M1,2005,E0_R1,tiling
Italy,2007,0,True,0.029827287901099078,2005|2006-2010,M1,2005,E0_R1,tiling
Italy,2008,0,True,0.04006151387685044,2005|2006-2010,M1,2005,E0_R1,tiling
Italy,2009,0,True,0.05109545737448539,2005|2006-2010,M1,2005,E0_R1,tiling
Italy,2010,0,True,0.06101728042704708,2005|2006-2010,M1,2005,E0_R1,tiling
Japan,2006,0,True,0.04491970120239148,2005|2006-2010,M1,2005,E0_R1,tiling
Japan,2007,0,True,0.05446496824981828,2005|2006-2010,M1,2005,E0_R1,tiling
Japan,2008,0,True,0.069599251810187,2005|2006-2010,M1,2005,E0_R1,tiling
Japan,2009,0,True,0.18490943451420042,2005|2006-2010,M1,2005,E0_R1,tiling
Japan,2010,0,True,0.19515722405847777,2005|2006-2010,M1,2005,E0_R1,tiling
Netherlands,2006,0,True,0.011799480278986635,2005|2006-2010,M1,2005,E0_R1,tiling
Netherlands,2007,0,True,0.013233383330431305,2005|2006-2010,M1,2005,E0_R1,tiling
Netherlands,2008,0,True,0.018124826840912853,2005|2006-2010,M1,2005,E0_R1,tiling
Netherlands,2009,0,True,0.026220346729772297,2005|2006-2010,M1,2005,E0_R1,tiling
Netherlands,2010,0,True,0.03095098760018777,2005|2006-2010,M1,2005,E0_R1,tiling
Norway,2006,0,True,0.0030685251306820445,2005|2006-2010,M1,2005,E0_R1,tiling
Norway,2007,0,True,0.00276326141573702,2005|2006-2010,M1,2005,E0_R1,tiling
Norway,2008,0,True,0.002462335801123968,2005|2006-2010,M1,2005,E0_R1,tiling
Norway,2009,0,True,0.0030194461776927198,2005|2006-2010,M1,2005,E0_R1,tiling
Norway,2010,0,True,0.0028254332044583812,2005|2006-2010,M1,2005,E0_R1,tiling
Portugal,2006,0,True,0.28109179235165466,2005|2006-2010,M1,2005,E0_R1,tiling
Portugal,2007,0,True,0.27634282798778,2005|2006-2010,M1,2005,E0_R1,tiling
Portugal,2008,1,True,0.29916223795280533,2005|2006-2010,M1,2005,E0_R1,tiling
Portugal,2009,1,True,0.4649251086357619,2005|2006-2010,M1,2005,E0_R1,tiling
Portugal,2010,1,True,0.5651726573691278,2005|2006-2010,M1,2005,E0_R1,tiling
Spain,2006,0,True,0.16697124784180067,2005|2006-2010,M1,2005,E0_R1,tiling
Spain,2007,0,True,0.19058444600505872,2005|2006-2010,M1,2005,E0_R1,tiling
Spain,2008,0,True,0.29188028842590186,2005|2006-2010,M1,2005,E0_R1,tiling
Spain,2009,0,True,0.26766602151883834,2005|2006-2010,M1,2005,E0_R1,tiling
Spain,2010,0,True,0.19347181440191033,2005|2006-2010,M1,2005,E0_R1,tiling
Sweden,2006,0,True,0.0021713241083644546,2005|2006-2010,M1,2005,E0_R1,tiling
Sweden,2007,0,True,0.0016538568224629836,2005|2006-2010,M1,2005,E0_R1,tiling
Sweden,2008,0,True,0.0017518043550544399,2005|2006-2010,M1,2005,E0_R1,tiling
Sweden,2009,0,True,0.0021017972226676862,2005|2006-2010,M1,2005,E0_R1,tiling
Sweden,2010,0,True,0.0021249220025905714,2005|2006-2010,M1,2005,E0_R1,tiling
Switzerland,2006,0,True,0.0037682140632103525,2005|2006-2010,M1,2005,E0_R1,tiling
Switzerland,2007,0,True,0.0052977099522757785,2005|2006-2010,M1,2005,E0_R1,tiling
Switzerland,2008,0,True,0.005785227169245682,2005|2006-2010,M1,2005,E0_R1,tiling
Switzerland,2009,0,True,0.00728929385286283,2005|2006-2010,M1,2005,E0_R1,tiling
Switzerland,2010,0,True,0.00626694851892529,2005|2006-2010,M1,2005,E0_R1,tiling
UK,2006,0,True,0.04644460270934874,2005|2006-2010,M1,2005,E0_R1,tiling
UK,2007,0,True,0.04878619801487613,2005|2006-2010,M1,2005,E0_R1,tiling
UK,2008,0,True,0.05536509815002228,2005|2006-2010,M1,2005,E0_R1,tiling
UK,2009,0,True,0.045357290557347704,2005|2006-2010,M1,2005,E0_R1,tiling
UK,2010,0,True,0.05212870455723173,2005|2006-2010,M1,2005,E0_R1,tiling
Australia,2006,0,True,1e-06,2005|2006-2010,M2,2005,E0_R1,tiling
Australia,2007,0,True,1e-06,2005|2006-2010,M2,2005,E0_R1,tiling
Australia,2008,0,True,1e-06,2005|2006-2010,M2,2005,E0_R1,tiling
Australia,2009,0,True,1e-06,2005|2006-2010,M2,2005,E0_R1,tiling
Australia,2010,0,True,1e-06,2005|2006-2010,M2,2005,E0_R1,tiling
Belgium,2006,0,True,0.051099293825877676,2005|2006-2010,M2,2005,E0_R1,tiling
Belgium,2007,0,True,0.04764041812044707,2005|2006-2010,M2,2005,E0_R1,tiling
Belgium,2008,0,True,0.05256582174601275,2005|2006-2010,M2,2005,E0_R1,tiling
Belgium,2009,0,True,0.05903297637263307,2005|2006-2010,M2,2005,E0_R1,tiling
Belgium,2010,0,True,0.05913056214298464,2005|2006-2010,M2,2005,E0_R1,tiling
Canada,2006,0,True,1e-06,2005|2006-2010,M2,2005,E0_R1,tiling
Canada,2007,0,True,1e-06,2005|2006-2010,M2,2005,E0_R1,tiling
Canada,2008,0,True,1e-06,2005|2006-2010,M2,2005,E0_R1,tiling
Canada,2009,0,True,1e-06,2005|2006-2010,M2,2005,E0_R1,tiling
Canada,2010,0,True,1e-06,2005|2006-2010,M2,2005,E0_R1,tiling
Denmark,2006,0,True,1e-06,2005|2006-2010,M2,2005,E0_R1,tiling
Denmark,2007,0,True,1e-06,2005|2006-2010,M2,2005,E0_R1,tiling
Denmark,2008,0,True,1e-06,2005|2006-2010,M2,2005,E0_R1,tiling
Denmark,2009,0,True,1e-06,2005|2006-2010,M2,2005,E0_R1,tiling
Denmark,2010,0,True,1e-06,2005|2006-2010,M2,2005,E0_R1,tiling
Finland,2006,0,True,1e-06,2005|2006-2010,M2,2005,E0_R1,tiling
Finland,2007,0,True,1e-06,2005|2006-2010,M2,2005,E0_R1,tiling
Finland,2008,0,True,1e-06,2005|2006-2010,M2,2005,E0_R1,tiling
Finland,2009,0,True,1e-06,2005|2006-2010,M2,2005,E0_R1,tiling
Finland,2010,0,True,1e-06,2005|2006-2010,M2,2005,E0_R1,tiling
France,2006,0,True,0.06796406611240938,2005|2006-2010,M2,2005,E0_R1,tiling
France,2007,0,True,0.06790531347172604,2005|2006-2010,M2,2005,E0_R1,tiling
France,2008,0,True,0.07129011418741911,2005|2006-2010,M2,2005,E0_R1,tiling
France,2009,0,True,0.08383743125007982,2005|2006-2010,M2,2005,E0_R1,tiling
France,2010,0,True,0.08596071112328725,2005|2006-2010,M2,2005,E0_R1,tiling
Germany,2006,0,True,0.0949385941922756,2005|2006-2010,M2,2005,E0_R1,tiling
Germany,2007,0,True,0.08523903639952242,2005|2006-2010,M2,2005,E0_R1,tiling
Germany,2008,0,True,0.09059101690210508,2005|2006-2010,M2,2005,E0_R1,tiling
Germany,2009,0,True,0.12130366244137071,2005|2006-2010,M2,2005,E0_R1,tiling
Germany,2010,0,True,0.1722454242462979,2005|2006-2010,M2,2005,E0_R1,tiling
Ireland,2006,0,True,0.018574367214445393,2005|2006-2010,M2,2005,E0_R1,tiling
Ireland,2007,1,True,0.018734918417304673,2005|2006-2010,M2,2005,E0_R1,tiling
Ireland,2008,1,True,0.03198110032584667,2005|2006-2010,M2,2005,E0_R1,tiling
Ireland,2009,1,True,0.0550955785644289,2005|2006-2010,M2,2005,E0_R1,tiling
Ireland,2010,0,True,0.1070857719125532,2005|2006-2010,M2,2005,E0_R1,tiling
Italy,2006,0,True,0.11348131723401422,2005|2006-2010,M2,2005,E0_R1,tiling
Italy,2007,0,True,0.1085690901643864,2005|2006-2010,M2,2005,E0_R1,tiling
Italy,2008,0,True,0.12085945083008691,2005|2006-2010,M2,2005,E0_R1,tiling
Italy,2009,0,True,0.14184071267109424,2005|2006-2010,M2,2005,E0_R1,tiling
Italy,2010,0,True,0.14748785180907295,2005|2006-2010,M2,2005,E0_R1,tiling
Japan,2006,0,True,1e-06,2005|2006-2010,M2,2005,E0_R1,tiling
Japan,2007,0,True,1e-06,2005|2006-2010,M2,2005,E0_R1,tiling
Japan,2008,0,True,1e-06,2005|2006-2010,M2,2005,E0_R1,tiling
Japan,2009,0,True,1e-06,2005|2006-2010,M2,2005,E0_R1,tiling
Japan,2010,0,True,1e-06,2005|2006-2010,M2,2005,E0_R1,tiling
Netherlands,2006,0,True,0.02271673572378355,2005|2006-2010,M2,2005,E0_R1,tiling
Netherlands,2007,0,True,0.021442884314650218,2005|2006-2010,M2,2005,E0_R1,tiling
Netherlands,2008,0,True,0.02907077391638935,2005|2006-2010,M2,2005,E0_R1,tiling
Netherlands,2009,0,True,0.030678265976835067,2005|2006-2010,M2,2005,E0_R1,tiling
Netherlands,2010,0,True,0.0327070729507427,2005|2006-2010,M2,2005,E0_R1,tiling
Norway,2006,0,True,1e-06,2005|2006-2010,M2,2005,E0_R1,tiling
Norway,2007,0,True,1e-06,2005|2006-2010,M2,2005,E0_R1,tiling
Norway,2008,0,True,1e-06,2005|2006-2010,M2,2005,E0_R1,tiling
Norway,2009,0,True,1e-06,2005|2006-2010,M2,2005,E0_R1,tiling
Norway,2010,0,True,1e-06,2005|2006-2010,M2,2005,E0_R1,tiling
Portugal,2006,0,True,0.18183492133859916,2005|2006-2010,M2,2005,E0_R1,tiling
Portugal,2007,0,True,0.1776446844564511,2005|2006-2010,M2,2005,E0_R1,tiling
Portugal,2008,1,True,0.19072303859075612,2005|2006-2010,M2,2005,E0_R1,tiling
Portugal,2009,1,True,0.2530992570810627,2005|2006-2010,M2,2005,E0_R1,tiling
Portugal,2010,1,True,0.3293225154490195,2005|2006-2010,M2,2005,E0_R1,tiling
Spain,2006,0,True,0.06642955570874227,2005|2006-2010,M2,2005,E0_R1,tiling
Spain,2007,0,True,0.06324345935228122,2005|2006-2010,M2,2005,E0_R1,tiling
Spain,2008,0,True,0.06707269742057878,2005|2006-2010,M2,2005,E0_R1,tiling
Spain,2009,0,True,0.08190717711312111,2005|2006-2010,M2,2005,E0_R1,tiling
Spain,2010,0,True,0.09102720563323902,2005|2006-2010,M2,2005,E0_R1,tiling
Sweden,2006,0,True,1e-06,2005|2006-2010,M2,2005,E0_R1,tiling
Sweden,2007,0,True,1e-06,2005|2006-2010,M2,2005,E0_R1,tiling
Sweden,2008,0,True,1e-06,2005|2006-2010,M2,2005,E0_R1,tiling
Sweden,2009,0,True,1e-06,2005|2006-2010,M2,2005,E0_R1,tiling
Sweden,2010,0,True,1e-06,2005|2006-2010,M2,2005,E0_R1,tiling
Switzerland,2006,0,True,1e-06,2005|2006-2010,M2,2005,E0_R1,tiling
Switzerland,2007,0,True,1e-06,2005|2006-2010,M2,2005,E0_R1,tiling
Switzerland,2008,0,True,1e-06,2005|2006-2010,M2,2005,E0_R1,tiling
Switzerland,2009,0,True,1e-06,2005|2006-2010,M2,2005,E0_R1,tiling
Switzerland,2010,0,True,1e-06,2005|2006-2010,M2,2005,E0_R1,tiling
UK,2006,0,True,0.044717249917322954,2005|2006-2010,M2,2005,E0_R1,tiling
UK,2007,0,True,0.04514398513464791,2005|2006-2010,M2,2005,E0_R1,tiling
UK,2008,0,True,0.048491441388372504,2005|2006-2010,M2,2005,E0_R1,tiling
UK,2009,0,True,0.055048624743318564,2005|2006-2010,M2,2005,E0_R1,tiling
UK,2010,0,True,0.060879675241150025,2005|2006-2010,M2,2005,E0_R1,tiling
USA,2006,0,True,0.03938180272203414,2005|2006-2010,M2,2005,E0_R1,tiling
USA,2007,0,True,0.03993355266439198,2005|2006-2010,M2,2005,E0_R1,tiling
USA,2008,0,True,0.044931617197138396,2005|2006-2010,M2,2005,E0_R1,tiling
USA,2009,0,True,0.06273125474635648,2005|2006-2010,M2,2005,E0_R1,tiling
USA,2010,0,True,0.0766179822000244,2005|2006-2010,M2,2005,E0_R1,tiling
Australia,2011,0,True,0.002255208979292787,2010|2011-2015,M1,2010,E0_R1,tiling
Australia,2012,0,True,0.0027487862975334463,2010|2011-2015,M1,2010,E0_R1,tiling
Australia,2013,0,True,0.003093220184293936,2010|2011-2015,M1,2010,E0_R1,tiling
Australia,2014,0,True,0.0033024048300671284,2010|2011-2015,M1,2010,E0_R1,tiling
Australia,2015,0,True,0.0035780465896120485,2010|2011-2015,M1,2010,E0_R1,tiling
Belgium,2011,0,True,0.02333111311562108,2010|2011-2015,M1,2010,E0_R1,tiling
Belgium,2012,0,True,0.02811535398481374,2010|2011-2015,M1,2010,E0_R1,tiling
Belgium,2013,0,True,0.021894674382144427,2010|2011-2015,M1,2010,E0_R1,tiling
Belgium,2014,0,True,0.022190733592757684,2010|2011-2015,M1,2010,E0_R1,tiling
Belgium,2015,0,True,0.02145229406846169,2010|2011-2015,M1,2010,E0_R1,tiling
Canada,2011,0,True,0.000620924141268734,2010|2011-2015,M1,2010,E0_R1,tiling
Canada,2012,0,True,0.0008179966465809999,2010|2011-2015,M1,2010,E0_R1,tiling
Canada,2013,0,True,0.0007515486338121718,2010|2011-2015,M1,2010,E0_R1,tiling
Canada,2014,0,True,0.0007657754576629305,2010|2011-2015,M1,2010,E0_R1,tiling
Canada,2015,0,True,0.0009370211536724238,2010|2011-2015,M1,2010,E0_R1,tiling
Denmark,2011,0,True,0.00018565720726803405,2010|2011-2015,M1,2010,E0_R1,tiling
Denmark,2012,0,True,0.00018643398370425654,2010|2011-2015,M1,2010,E0_R1,tiling
Denmark,2013,0,True,0.00010673255684470181,2010|2011-2015,M1,2010,E0_R1,tiling
Denmark,2014,0,True,7.764237473335044e-05,2010|2011-2015,M1,2010,E0_R1,tiling
Denmark,2015,0,True,9.748486779038563e-05,2010|2011-2015,M1,2010,E0_R1,tiling
Finland,2011,0,True,0.0011068611765946053,2010|2011-2015,M1,2010,E0_R1,tiling
Finland,2012,0,True,0.0015068556832147006,2010|2011-2015,M1,2010,E0_R1,tiling
Finland,2013,0,True,0.001888567406182018,2010|2011-2015,M1,2010,E0_R1,tiling
Finland,2014,0,True,0.002163484153656944,2010|2011-2015,M1,2010,E0_R1,tiling
Finland,2015,0,True,0.0021600519189533865,2010|2011-2015,M1,2010,E0_R1,tiling
France,2011,0,True,0.10591523667898435,2010|2011-2015,M1,2010,E0_R1,tiling
France,2012,0,True,0.12740867938203387,2010|2011-2015,M1,2010,E0_R1,tiling
France,2013,0,True,0.09977350108461812,2010|2011-2015,M1,2010,E0_R1,tiling
France,2014,0,True,0.10991638971507942,2010|2011-2015,M1,2010,E0_R1,tiling
France,2015,0,True,0.13250915536312294,2010|2011-2015,M1,2010,E0_R1,tiling
Germany,2011,0,True,0.027172299559213794,2010|2011-2015,M1,2010,E0_R1,tiling
Germany,2012,0,True,0.014893799150868766,2010|2011-2015,M1,2010,E0_R1,tiling
Germany,2013,0,True,0.011805578241965027,2010|2011-2015,M1,2010,E0_R1,tiling
Germany,2014,0,True,0.011487099309280874,2010|2011-2015,M1,2010,E0_R1,tiling
Germany,2015,0,True,0.009259491819022731,2010|2011-2015,M1,2010,E0_R1,tiling
Italy,2011,0,True,0.1666315451633422,2010|2011-2015,M1,2010,E0_R1,tiling
Italy,2012,0,True,0.1646130650328539,2010|2011-2015,M1,2010,E0_R1,tiling
Italy,2013,0,True,0.14225187785715482,2010|2011-2015,M1,2010,E0_R1,tiling
Italy,2014,0,True,0.12999813851858033,2010|2011-2015,M1,2010,E0_R1,tiling
Italy,2015,0,True,0.12013058563983478,2010|2011-2015,M1,2010,E0_R1,tiling
Japan,2011,0,True,0.014297450912240408,2010|2011-2015,M1,2010,E0_R1,tiling
Japan,2012,0,True,0.004560844792682098,2010|2011-2015,M1,2010,E0_R1,tiling
Japan,2013,0,True,0.0065297800075212265,2010|2011-2015,M1,2010,E0_R1,tiling
Japan,2014,0,True,0.00328088077790772,2010|2011-2015,M1,2010,E0_R1,tiling
Japan,2015,0,True,0.0018644747631834763,2010|2011-2015,M1,2010,E0_R1,tiling
Netherlands,2011,0,True,0.024517679431857432,2010|2011-2015,M1,2010,E0_R1,tiling
Netherlands,2012,0,True,0.034341738733999976,2010|2011-2015,M1,2010,E0_R1,tiling
Netherlands,2013,0,True,0.020358298652080165,2010|2011-2015,M1,2010,E0_R1,tiling
Netherlands,2014,0,True,0.015708548045952102,2010|2011-2015,M1,2010,E0_R1,tiling
Netherlands,2015,0,True,0.023761440063370668,2010|2011-2015,M1,2010,E0_R1,tiling
Norway,2011,0,True,4.206124490718687e-05,2010|2011-2015,M1,2010,E0_R1,tiling
Norway,2012,0,True,4.924958777915274e-05,2010|2011-2015,M1,2010,E0_R1,tiling
Norway,2013,0,True,6.725754222324927e-05,2010|2011-2015,M1,2010,E0_R1,tiling
Norway,2014,0,True,8.458564334515097e-05,2010|2011-2015,M1,2010,E0_R1,tiling
Norway,2015,0,True,0.00015968718324487773,2010|2011-2015,M1,2010,E0_R1,tiling
Portugal,2011,0,True,0.3556835288493858,2010|2011-2015,M1,2010,E0_R1,tiling
Spain,2011,0,True,0.09579448375841018,2010|2011-2015,M1,2010,E0_R1,tiling
Spain,2012,0,True,0.16545162678558953,2010|2011-2015,M1,2010,E0_R1,tiling
Spain,2013,0,True,0.09710257924099999,2010|2011-2015,M1,2010,E0_R1,tiling
Spain,2014,0,True,0.0692332299891865,2010|2011-2015,M1,2010,E0_R1,tiling
Spain,2015,0,True,0.06540475737274723,2010|2011-2015,M1,2010,E0_R1,tiling
Sweden,2011,0,True,0.0001008093004361129,2010|2011-2015,M1,2010,E0_R1,tiling
Sweden,2012,0,True,0.00011681939254589194,2010|2011-2015,M1,2010,E0_R1,tiling
Sweden,2013,0,True,0.00012023651213738782,2010|2011-2015,M1,2010,E0_R1,tiling
Sweden,2014,0,True,0.00016096430772873706,2010|2011-2015,M1,2010,E0_R1,tiling
Sweden,2015,0,True,0.0001539519357147924,2010|2011-2015,M1,2010,E0_R1,tiling
Switzerland,2011,0,True,0.00025784904610482985,2010|2011-2015,M1,2010,E0_R1,tiling
Switzerland,2012,0,True,0.0002886947324071025,2010|2011-2015,M1,2010,E0_R1,tiling
Switzerland,2013,0,True,0.00032298397732075844,2010|2011-2015,M1,2010,E0_R1,tiling
Switzerland,2014,0,True,0.00031089371954637514,2010|2011-2015,M1,2010,E0_R1,tiling
Switzerland,2015,0,True,0.0002902563244543867,2010|2011-2015,M1,2010,E0_R1,tiling
UK,2011,0,True,0.0361023324692032,2010|2011-2015,M1,2010,E0_R1,tiling
UK,2012,0,True,0.04731708344476867,2010|2011-2015,M1,2010,E0_R1,tiling
UK,2013,0,True,0.04232872211744069,2010|2011-2015,M1,2010,E0_R1,tiling
UK,2014,0,True,0.04535318367730584,2010|2011-2015,M1,2010,E0_R1,tiling
UK,2015,0,True,0.05035350976155183,2010|2011-2015,M1,2010,E0_R1,tiling
Australia,2011,0,True,1e-06,2010|2011-2015,M2,2010,E0_R1,tiling
Australia,2012,0,True,1e-06,2010|2011-2015,M2,2010,E0_R1,tiling
Australia,2013,0,True,1e-06,2010|2011-2015,M2,2010,E0_R1,tiling
Australia,2014,0,True,1e-06,2010|2011-2015,M2,2010,E0_R1,tiling
Australia,2015,0,True,1e-06,2010|2011-2015,M2,2010,E0_R1,tiling
Belgium,2011,0,True,0.057525570651112384,2010|2011-2015,M2,2010,E0_R1,tiling
Belgium,2012,0,True,0.05870676457342186,2010|2011-2015,M2,2010,E0_R1,tiling
Belgium,2013,0,True,0.059352175780031505,2010|2011-2015,M2,2010,E0_R1,tiling
Belgium,2014,0,True,0.06075764472573532,2010|2011-2015,M2,2010,E0_R1,tiling
Belgium,2015,0,True,0.059074760916941534,2010|2011-2015,M2,2010,E0_R1,tiling
Canada,2011,0,True,1e-06,2010|2011-2015,M2,2010,E0_R1,tiling
Canada,2012,0,True,1e-06,2010|2011-2015,M2,2010,E0_R1,tiling
Canada,2013,0,True,1e-06,2010|2011-2015,M2,2010,E0_R1,tiling
Canada,2014,0,True,1e-06,2010|2011-2015,M2,2010,E0_R1,tiling
Canada,2015,0,True,1e-06,2010|2011-2015,M2,2010,E0_R1,tiling
Denmark,2011,0,True,1e-06,2010|2011-2015,M2,2010,E0_R1,tiling
Denmark,2012,0,True,1e-06,2010|2011-2015,M2,2010,E0_R1,tiling
Denmark,2013,0,True,1e-06,2010|2011-2015,M2,2010,E0_R1,tiling
Denmark,2014,0,True,1e-06,2010|2011-2015,M2,2010,E0_R1,tiling
Denmark,2015,0,True,1e-06,2010|2011-2015,M2,2010,E0_R1,tiling
Finland,2011,0,True,1e-06,2010|2011-2015,M2,2010,E0_R1,tiling
Finland,2012,0,True,1e-06,2010|2011-2015,M2,2010,E0_R1,tiling
Finland,2013,0,True,1e-06,2010|2011-2015,M2,2010,E0_R1,tiling
Finland,2014,0,True,1e-06,2010|2011-2015,M2,2010,E0_R1,tiling
Finland,2015,0,True,1e-06,2010|2011-2015,M2,2010,E0_R1,tiling
France,2011,0,True,0.08488214810656931,2010|2011-2015,M2,2010,E0_R1,tiling
France,2012,0,True,0.08747096145596557,2010|2011-2015,M2,2010,E0_R1,tiling
France,2013,0,True,0.09016951050691678,2010|2011-2015,M2,2010,E0_R1,tiling
France,2014,0,True,0.09161674529357547,2010|2011-2015,M2,2010,E0_R1,tiling
France,2015,0,True,0.09230166384296055,2010|2011-2015,M2,2010,E0_R1,tiling
Germany,2011,0,True,0.11627253121876308,2010|2011-2015,M2,2010,E0_R1,tiling
Germany,2012,0,True,0.12156987014004574,2010|2011-2015,M2,2010,E0_R1,tiling
Germany,2013,0,True,0.11211751022623843,2010|2011-2015,M2,2010,E0_R1,tiling
Germany,2014,0,True,0.101126384918727,2010|2011-2015,M2,2010,E0_R1,tiling
Germany,2015,0,True,0.0898087166725829,2010|2011-2015,M2,2010,E0_R1,tiling
Italy,2011,0,True,0.13787731131249953,2010|2011-2015,M2,2010,E0_R1,tiling
Italy,2012,0,True,0.1520551376965958,2010|2011-2015,M2,2010,E0_R1,tiling
Italy,2013,0,True,0.1654488635770519,2010|2011-2015,M2,2010,E0_R1,tiling
Italy,2014,0,True,0.17232480887770799,2010|2011-2015,M2,2010,E0_R1,tiling
Italy,2015,0,True,0.17211846825972701,2010|2011-2015,M2,2010,E0_R1,tiling
Japan,2011,0,True,1e-06,2010|2011-2015,M2,2010,E0_R1,tiling
Japan,2012,0,True,1e-06,2010|2011-2015,M2,2010,E0_R1,tiling
Japan,2013,0,True,1e-06,2010|2011-2015,M2,2010,E0_R1,tiling
Japan,2014,0,True,1e-06,2010|2011-2015,M2,2010,E0_R1,tiling
Japan,2015,0,True,1e-06,2010|2011-2015,M2,2010,E0_R1,tiling
Netherlands,2011,0,True,0.035898478293413076,2010|2011-2015,M2,2010,E0_R1,tiling
Netherlands,2012,0,True,0.03995104529903585,2010|2011-2015,M2,2010,E0_R1,tiling
Netherlands,2013,0,True,0.041334127287980034,2010|2011-2015,M2,2010,E0_R1,tiling
Netherlands,2014,0,True,0.041520849035688444,2010|2011-2015,M2,2010,E0_R1,tiling
Netherlands,2015,0,True,0.03848470996619114,2010|2011-2015,M2,2010,E0_R1,tiling
Norway,2011,0,True,1e-06,2010|2011-2015,M2,2010,E0_R1,tiling
Norway,2012,0,True,1e-06,2010|2011-2015,M2,2010,E0_R1,tiling
Norway,2013,0,True,1e-06,2010|2011-2015,M2,2010,E0_R1,tiling
Norway,2014,0,True,1e-06,2010|2011-2015,M2,2010,E0_R1,tiling
Norway,2015,0,True,1e-06,2010|2011-2015,M2,2010,E0_R1,tiling
Portugal,2011,0,True,0.36978323096077376,2010|2011-2015,M2,2010,E0_R1,tiling
Spain,2011,0,True,0.09994359994158804,2010|2011-2015,M2,2010,E0_R1,tiling
Spain,2012,0,True,0.12502778803476947,2010|2011-2015,M2,2010,E0_R1,tiling
Spain,2013,0,True,0.14179689751041552,2010|2011-2015,M2,2010,E0_R1,tiling
Spain,2014,0,True,0.15121903423473607,2010|2011-2015,M2,2010,E0_R1,tiling
Spain,2015,0,True,0.1484906373230116,2010|2011-2015,M2,2010,E0_R1,tiling
Sweden,2011,0,True,1e-06,2010|2011-2015,M2,2010,E0_R1,tiling
Sweden,2012,0,True,1e-06,2010|2011-2015,M2,2010,E0_R1,tiling
Sweden,2013,0,True,1e-06,2010|2011-2015,M2,2010,E0_R1,tiling
Sweden,2014,0,True,1e-06,2010|2011-2015,M2,2010,E0_R1,tiling
Sweden,2015,0,True,1e-06,2010|2011-2015,M2,2010,E0_R1,tiling
Switzerland,2011,0,True,1e-06,2010|2011-2015,M2,2010,E0_R1,tiling
Switzerland,2012,0,True,1e-06,2010|2011-2015,M2,2010,E0_R1,tiling
Switzerland,2013,0,True,1e-06,2010|2011-2015,M2,2010,E0_R1,tiling
Switzerland,2014,0,True,1e-06,2010|2011-2015,M2,2010,E0_R1,tiling
Switzerland,2015,0,True,1e-06,2010|2011-2015,M2,2010,E0_R1,tiling
UK,2011,0,True,0.0636067193702747,2010|2011-2015,M2,2010,E0_R1,tiling
UK,2012,0,True,0.06536353090055896,2010|2011-2015,M2,2010,E0_R1,tiling
UK,2013,0,True,0.06592137498809246,2010|2011-2015,M2,2010,E0_R1,tiling
UK,2014,0,True,0.06700177147271034,2010|2011-2015,M2,2010,E0_R1,tiling
UK,2015,0,True,0.06737932607752363,2010|2011-2015,M2,2010,E0_R1,tiling
USA,2011,0,True,0.07474878151543318,2010|2011-2015,M2,2010,E0_R1,tiling
USA,2012,0,True,0.08157190526868324,2010|2011-2015,M2,2010,E0_R1,tiling
USA,2013,0,True,0.08276287510209367,2010|2011-2015,M2,2010,E0_R1,tiling
USA,2014,0,True,0.08607561527558397,2010|2011-2015,M2,2010,E0_R1,tiling
USA,2015,0,True,0.08174108271836006,2010|2011-2015,M2,2010,E0_R1,tiling
Australia,2016,0,True,0.0037487448448166997,2015|2016-2020,M1,2015,E0_R1,tiling
Australia,2017,0,True,0.0031811335148596146,2015|2016-2020,M1,2015,E0_R1,tiling
Australia,2018,0,False,0.0029205637754084342,2015|2016-2020,M1,2015,E0_R1,tiling
Australia,2019,0,False,0.004693994246529074,2015|2016-2020,M1,2015,E0_R1,tiling
Belgium,2016,0,True,0.032723328729788566,2015|2016-2020,M1,2015,E0_R1,tiling
Belgium,2017,0,True,0.021446296873518244,2015|2016-2020,M1,2015,E0_R1,tiling
Belgium,2018,0,False,0.01767006024464358,2015|2016-2020,M1,2015,E0_R1,tiling
Belgium,2019,0,False,0.024283093912650728,2015|2016-2020,M1,2015,E0_R1,tiling
Belgium,2020,0,False,0.08556006290239974,2015|2016-2020,M1,2015,E0_R1,tiling
Canada,2016,0,True,0.0010075619130218065,2015|2016-2020,M1,2015,E0_R1,tiling
Canada,2017,0,True,0.0008065047788006812,2015|2016-2020,M1,2015,E0_R1,tiling
Canada,2018,0,False,0.0008939678942146879,2015|2016-2020,M1,2015,E0_R1,tiling
Canada,2019,0,False,0.0009589408709428983,2015|2016-2020,M1,2015,E0_R1,tiling
Canada,2020,0,False,0.004928761384946816,2015|2016-2020,M1,2015,E0_R1,tiling
Denmark,2016,0,True,0.00011065355191597852,2015|2016-2020,M1,2015,E0_R1,tiling
Denmark,2017,0,True,7.626911533487241e-05,2015|2016-2020,M1,2015,E0_R1,tiling
Denmark,2018,0,False,8.526106119211425e-05,2015|2016-2020,M1,2015,E0_R1,tiling
Denmark,2019,0,False,5.010005727260273e-05,2015|2016-2020,M1,2015,E0_R1,tiling
Denmark,2020,0,False,0.00012138029776368337,2015|2016-2020,M1,2015,E0_R1,tiling
Finland,2016,0,True,0.0017760196504429929,2015|2016-2020,M1,2015,E0_R1,tiling
Finland,2017,0,True,0.0012515935789129918,2015|2016-2020,M1,2015,E0_R1,tiling
Finland,2018,0,False,0.001077296555461214,2015|2016-2020,M1,2015,E0_R1,tiling
Finland,2019,0,False,0.001007314220771425,2015|2016-2020,M1,2015,E0_R1,tiling
Finland,2020,0,False,0.0030240905893678133,2015|2016-2020,M1,2015,E0_R1,tiling
France,2016,0,True,0.18566501592477738,2015|2016-2020,M1,2015,E0_R1,tiling
France,2017,0,True,0.1601446341306741,2015|2016-2020,M1,2015,E0_R1,tiling
France,2018,0,False,0.1571512777219401,2015|2016-2020,M1,2015,E0_R1,tiling
France,2019,0,False,0.1934270848522155,2015|2016-2020,M1,2015,E0_R1,tiling
France,2020,0,False,0.3700615150937764,2015|2016-2020,M1,2015,E0_R1,tiling
Germany,2016,0,True,0.010184309809223503,2015|2016-2020,M1,2015,E0_R1,tiling
Germany,2017,0,True,0.006340096232380291,2015|2016-2020,M1,2015,E0_R1,tiling
Germany,2018,0,False,0.0062082283403357115,2015|2016-2020,M1,2015,E0_R1,tiling
Germany,2019,0,False,0.006714802343432733,2015|2016-2020,M1,2015,E0_R1,tiling
Germany,2020,0,False,0.03765877695041942,2015|2016-2020,M1,2015,E0_R1,tiling
Ireland,2016,0,True,0.08514543248160938,2015|2016-2020,M1,2015,E0_R1,tiling
Ireland,2017,0,True,0.0812204276353212,2015|2016-2020,M1,2015,E0_R1,tiling
Ireland,2018,0,False,0.05498106811100147,2015|2016-2020,M1,2015,E0_R1,tiling
Ireland,2019,0,False,0.1178264032338357,2015|2016-2020,M1,2015,E0_R1,tiling
Ireland,2020,0,False,0.23115401977851904,2015|2016-2020,M1,2015,E0_R1,tiling
Italy,2016,0,True,0.08411388738733554,2015|2016-2020,M1,2015,E0_R1,tiling
Italy,2017,0,True,0.06263865311323705,2015|2016-2020,M1,2015,E0_R1,tiling
Italy,2018,0,False,0.054503686954521215,2015|2016-2020,M1,2015,E0_R1,tiling
Italy,2019,0,False,0.05328269397046207,2015|2016-2020,M1,2015,E0_R1,tiling
Italy,2020,0,False,0.19112620225936255,2015|2016-2020,M1,2015,E0_R1,tiling
Japan,2016,0,True,0.0008669730699546856,2015|2016-2020,M1,2015,E0_R1,tiling
Japan,2017,0,True,0.0006621390295359924,2015|2016-2020,M1,2015,E0_R1,tiling
Japan,2018,0,False,0.0007279687303487885,2015|2016-2020,M1,2015,E0_R1,tiling
Japan,2019,0,False,0.0008239970411583194,2015|2016-2020,M1,2015,E0_R1,tiling
Netherlands,2016,0,True,0.027202052933966745,2015|2016-2020,M1,2015,E0_R1,tiling
Netherlands,2017,0,True,0.015874138242841253,2015|2016-2020,M1,2015,E0_R1,tiling
Netherlands,2018,0,False,0.013757684433528934,2015|2016-2020,M1,2015,E0_R1,tiling
Netherlands,2019,0,False,0.014443577967210387,2015|2016-2020,M1,2015,E0_R1,tiling
Netherlands,2020,0,False,0.0522935508197588,2015|2016-2020,M1,2015,E0_R1,tiling
Norway,2016,0,True,0.00020579105478271784,2015|2016-2020,M1,2015,E0_R1,tiling
Norway,2017,0,True,0.00017609666553967013,2015|2016-2020,M1,2015,E0_R1,tiling
Norway,2018,0,False,0.00013994732786292438,2015|2016-2020,M1,2015,E0_R1,tiling
Norway,2019,0,False,0.00020833884685031657,2015|2016-2020,M1,2015,E0_R1,tiling
Norway,2020,0,False,0.0005438112450731094,2015|2016-2020,M1,2015,E0_R1,tiling
Portugal,2017,0,True,0.23138760523048657,2015|2016-2020,M1,2015,E0_R1,tiling
Portugal,2018,0,False,0.22954139570870416,2015|2016-2020,M1,2015,E0_R1,tiling
Portugal,2019,0,False,0.2485655347013803,2015|2016-2020,M1,2015,E0_R1,tiling
Portugal,2020,0,False,0.6225719984164125,2015|2016-2020,M1,2015,E0_R1,tiling
Spain,2016,0,True,0.06938621242567498,2015|2016-2020,M1,2015,E0_R1,tiling
Spain,2017,0,True,0.06898521141088579,2015|2016-2020,M1,2015,E0_R1,tiling
Spain,2018,0,False,0.06410778746965477,2015|2016-2020,M1,2015,E0_R1,tiling
Spain,2019,0,False,0.06491489673638853,2015|2016-2020,M1,2015,E0_R1,tiling
Spain,2020,0,False,0.20788573576530328,2015|2016-2020,M1,2015,E0_R1,tiling
Sweden,2016,0,True,0.00012522008008363793,2015|2016-2020,M1,2015,E0_R1,tiling
Sweden,2017,0,True,0.00010491729734431589,2015|2016-2020,M1,2015,E0_R1,tiling
Sweden,2018,0,False,0.00010432397074278741,2015|2016-2020,M1,2015,E0_R1,tiling
Sweden,2019,0,False,8.436138251435092e-05,2015|2016-2020,M1,2015,E0_R1,tiling
Sweden,2020,0,False,0.00016546034572167184,2015|2016-2020,M1,2015,E0_R1,tiling
Switzerland,2016,0,True,0.00042816937566036414,2015|2016-2020,M1,2015,E0_R1,tiling
Switzerland,2017,0,True,0.0003290050226533541,2015|2016-2020,M1,2015,E0_R1,tiling
Switzerland,2018,0,False,0.0003579861845129592,2015|2016-2020,M1,2015,E0_R1,tiling
Switzerland,2019,0,False,0.00039036014628660113,2015|2016-2020,M1,2015,E0_R1,tiling
Switzerland,2020,0,False,0.0021573252483935938,2015|2016-2020,M1,2015,E0_R1,tiling
UK,2016,0,True,0.0583521714585568,2015|2016-2020,M1,2015,E0_R1,tiling
UK,2017,0,True,0.06424262721408429,2015|2016-2020,M1,2015,E0_R1,tiling
UK,2018,0,False,0.06740228641131514,2015|2016-2020,M1,2015,E0_R1,tiling
UK,2019,0,False,0.0542783262813064,2015|2016-2020,M1,2015,E0_R1,tiling
UK,2020,0,False,0.07143707862300835,2015|2016-2020,M1,2015,E0_R1,tiling
Australia,2016,0,True,1e-06,2015|2016-2020,M2,2015,E0_R1,tiling
Australia,2017,0,True,1e-06,2015|2016-2020,M2,2015,E0_R1,tiling
Australia,2018,0,False,1e-06,2015|2016-2020,M2,2015,E0_R1,tiling
Australia,2019,0,False,1e-06,2015|2016-2020,M2,2015,E0_R1,tiling
Belgium,2016,0,True,0.05537133532150777,2015|2016-2020,M2,2015,E0_R1,tiling
Belgium,2017,0,True,0.052786092703723156,2015|2016-2020,M2,2015,E0_R1,tiling
Belgium,2018,0,False,0.051044683448865605,2015|2016-2020,M2,2015,E0_R1,tiling
Belgium,2019,0,False,0.0492787309614924,2015|2016-2020,M2,2015,E0_R1,tiling
Belgium,2020,0,False,0.06266093939477232,2015|2016-2020,M2,2015,E0_R1,tiling
Canada,2016,0,True,1e-06,2015|2016-2020,M2,2015,E0_R1,tiling
Canada,2017,0,True,1e-06,2015|2016-2020,M2,2015,E0_R1,tiling
Canada,2018,0,False,1e-06,2015|2016-2020,M2,2015,E0_R1,tiling
Canada,2019,0,False,1e-06,2015|2016-2020,M2,2015,E0_R1,tiling
Canada,2020,0,False,1e-06,2015|2016-2020,M2,2015,E0_R1,tiling
Denmark,2016,0,True,1e-06,2015|2016-2020,M2,2015,E0_R1,tiling
Denmark,2017,0,True,1e-06,2015|2016-2020,M2,2015,E0_R1,tiling
Denmark,2018,0,False,1e-06,2015|2016-2020,M2,2015,E0_R1,tiling
Denmark,2019,0,False,1e-06,2015|2016-2020,M2,2015,E0_R1,tiling
Denmark,2020,0,False,1e-06,2015|2016-2020,M2,2015,E0_R1,tiling
Finland,2016,0,True,1e-06,2015|2016-2020,M2,2015,E0_R1,tiling
Finland,2017,0,True,1e-06,2015|2016-2020,M2,2015,E0_R1,tiling
Finland,2018,0,False,1e-06,2015|2016-2020,M2,2015,E0_R1,tiling
Finland,2019,0,False,1e-06,2015|2016-2020,M2,2015,E0_R1,tiling
Finland,2020,0,False,1e-06,2015|2016-2020,M2,2015,E0_R1,tiling
France,2016,0,True,0.09027027198964063,2015|2016-2020,M2,2015,E0_R1,tiling
France,2017,0,True,0.09044741725088352,2015|2016-2020,M2,2015,E0_R1,tiling
France,2018,0,False,0.09009343930927284,2015|2016-2020,M2,2015,E0_R1,tiling
France,2019,0,False,0.0897690351903217,2015|2016-2020,M2,2015,E0_R1,tiling
France,2020,0,False,0.10906914391327827,2015|2016-2020,M2,2015,E0_R1,tiling
Germany,2016,0,True,0.06435224266539469,2015|2016-2020,M2,2015,E0_R1,tiling
Germany,2017,0,True,0.05553504762650927,2015|2016-2020,M2,2015,E0_R1,tiling
Germany,2018,0,False,0.049807168042356756,2015|2016-2020,M2,2015,E0_R1,tiling
Germany,2019,0,False,0.0461711845896709,2015|2016-2020,M2,2015,E0_R1,tiling
Germany,2020,0,False,0.06323240478753682,2015|2016-2020,M2,2015,E0_R1,tiling
Ireland,2016,0,True,0.13889217512737784,2015|2016-2020,M2,2015,E0_R1,tiling
Ireland,2017,0,True,0.11938480401110793,2015|2016-2020,M2,2015,E0_R1,tiling
Ireland,2018,0,False,0.10694202853742854,2015|2016-2020,M2,2015,E0_R1,tiling
Ireland,2019,0,False,0.09275706345366463,2015|2016-2020,M2,2015,E0_R1,tiling
Ireland,2020,0,False,0.0955316130449174,2015|2016-2020,M2,2015,E0_R1,tiling
Italy,2016,0,True,0.16067472201323904,2015|2016-2020,M2,2015,E0_R1,tiling
Italy,2017,0,True,0.15919389837159456,2015|2016-2020,M2,2015,E0_R1,tiling
Italy,2018,0,False,0.15979720821144858,2015|2016-2020,M2,2015,E0_R1,tiling
Italy,2019,0,False,0.1601692195685168,2015|2016-2020,M2,2015,E0_R1,tiling
Italy,2020,0,False,0.21482136202104943,2015|2016-2020,M2,2015,E0_R1,tiling
Japan,2016,0,True,1e-06,2015|2016-2020,M2,2015,E0_R1,tiling
Japan,2017,0,True,1e-06,2015|2016-2020,M2,2015,E0_R1,tiling
Japan,2018,0,False,1e-06,2015|2016-2020,M2,2015,E0_R1,tiling
Japan,2019,0,False,1e-06,2015|2016-2020,M2,2015,E0_R1,tiling
Netherlands,2016,0,True,0.034541603969855034,2015|2016-2020,M2,2015,E0_R1,tiling
Netherlands,2017,0,True,0.030583223842391215,2015|2016-2020,M2,2015,E0_R1,tiling
Netherlands,2018,0,False,0.027377249350624633,2015|2016-2020,M2,2015,E0_R1,tiling
Netherlands,2019,0,False,0.02488114217875318,2015|2016-2020,M2,2015,E0_R1,tiling
Netherlands,2020,0,False,0.028698723153226916,2015|2016-2020,M2,2015,E0_R1,tiling
Norway,2016,0,True,1e-06,2015|2016-2020,M2,2015,E0_R1,tiling
Norway,2017,0,True,1e-06,2015|2016-2020,M2,2015,E0_R1,tiling
Norway,2018,0,False,1e-06,2015|2016-2020,M2,2015,E0_R1,tiling
Norway,2019,0,False,1e-06,2015|2016-2020,M2,2015,E0_R1,tiling
Norway,2020,0,False,1e-06,2015|2016-2020,M2,2015,E0_R1,tiling
Portugal,2017,0,True,0.46090932089055636,2015|2016-2020,M2,2015,E0_R1,tiling
Portugal,2018,0,False,0.4317140881661992,2015|2016-2020,M2,2015,E0_R1,tiling
Portugal,2019,0,False,0.4016959295647764,2015|2016-2020,M2,2015,E0_R1,tiling
Portugal,2020,0,False,0.518128066329117,2015|2016-2020,M2,2015,E0_R1,tiling
Spain,2016,0,True,0.1421336757035019,2015|2016-2020,M2,2015,E0_R1,tiling
Spain,2017,0,True,0.14095442790168441,2015|2016-2020,M2,2015,E0_R1,tiling
Spain,2018,0,False,0.1389574200312257,2015|2016-2020,M2,2015,E0_R1,tiling
Spain,2019,0,False,0.13523420928113822,2015|2016-2020,M2,2015,E0_R1,tiling
Spain,2020,0,False,0.1874234517576016,2015|2016-2020,M2,2015,E0_R1,tiling
Sweden,2016,0,True,1e-06,2015|2016-2020,M2,2015,E0_R1,tiling
Sweden,2017,0,True,1e-06,2015|2016-2020,M2,2015,E0_R1,tiling
Sweden,2018,0,False,1e-06,2015|2016-2020,M2,2015,E0_R1,tiling
Sweden,2019,0,False,1e-06,2015|2016-2020,M2,2015,E0_R1,tiling
Sweden,2020,0,False,1e-06,2015|2016-2020,M2,2015,E0_R1,tiling
Switzerland,2016,0,True,1e-06,2015|2016-2020,M2,2015,E0_R1,tiling
Switzerland,2017,0,True,1e-06,2015|2016-2020,M2,2015,E0_R1,tiling
Switzerland,2018,0,False,1e-06,2015|2016-2020,M2,2015,E0_R1,tiling
Switzerland,2019,0,False,1e-06,2015|2016-2020,M2,2015,E0_R1,tiling
Switzerland,2020,0,False,1e-06,2015|2016-2020,M2,2015,E0_R1,tiling
UK,2016,0,True,0.06465684907016049,2015|2016-2020,M2,2015,E0_R1,tiling
UK,2017,0,True,0.06439397433638125,2015|2016-2020,M2,2015,E0_R1,tiling
UK,2018,0,False,0.06408788404168929,2015|2016-2020,M2,2015,E0_R1,tiling
UK,2019,0,False,0.06378709844991508,2015|2016-2020,M2,2015,E0_R1,tiling
UK,2020,0,False,0.07553228669331748,2015|2016-2020,M2,2015,E0_R1,tiling
USA,2016,0,True,0.07808797426865467,2015|2016-2020,M2,2015,E0_R1,tiling
USA,2017,0,True,0.07716738535472013,2015|2016-2020,M2,2015,E0_R1,tiling
USA,2018,0,False,0.07839706450893885,2015|2016-2020,M2,2015,E0_R1,tiling
USA,2019,0,False,0.08059220887294376,2015|2016-2020,M2,2015,E0_R1,tiling
USA,2020,0,False,0.12154331004357036,2015|2016-2020,M2,2015,E0_R1,tiling
